# t  Norma  <x>  <p>  <H>  DeltaX*DeltaP
0.000000000000000 1.000000000000000 0.500000000000001 0.000000000000000 699.987388902597331 3.499936943958499
0.000100000000000 1.000000000000000 0.500000000000000 -0.000000000000003 699.987388902596194 3.499936943961793
0.000200000000000 1.000000000000001 0.500000000000001 -0.000000000000007 699.987388902596763 3.499936943970581
0.000300000000000 1.000000000000002 0.500000000000001 -0.000000000000011 699.987388902596649 3.499936943984195
0.000400000000000 1.000000000000002 0.500000000000001 -0.000000000000015 699.987388902596422 3.499936944002489
0.000500000000000 1.000000000000002 0.500000000000001 -0.000000000000021 699.987388902596649 3.499936944025029
0.000600000000000 1.000000000000002 0.500000000000001 -0.000000000000025 699.987388902597104 3.499936944051543
0.000700000000000 1.000000000000002 0.500000000000001 -0.000000000000028 699.987388902597218 3.499936944081640
0.000800000000000 1.000000000000003 0.500000000000001 -0.000000000000034 699.987388902596877 3.499936944114726
0.000900000000000 1.000000000000004 0.500000000000001 -0.000000000000038 699.987388902598013 3.499936944150364
0.001000000000000 1.000000000000003 0.500000000000002 -0.000000000000041 699.987388902598241 3.499936944187898
0.001100000000000 1.000000000000004 0.500000000000002 -0.000000000000045 699.987388902597900 3.499936944226750
0.001200000000000 1.000000000000004 0.500000000000002 -0.000000000000048 699.987388902598127 3.499936944266169
0.001300000000000 1.000000000000004 0.500000000000002 -0.000000000000050 699.987388902598241 3.499936944305366
0.001400000000000 1.000000000000003 0.500000000000002 -0.000000000000053 699.987388902597786 3.499936944343600
0.001500000000000 1.000000000000005 0.500000000000002 -0.000000000000056 699.987388902598241 3.499936944380097
0.001600000000000 1.000000000000006 0.500000000000002 -0.000000000000058 699.987388902599150 3.499936944413878
0.001700000000000 1.000000000000006 0.500000000000002 -0.000000000000063 699.987388902599605 3.499936944444164
0.001800000000000 1.000000000000006 0.500000000000003 -0.000000000000064 699.987388902599378 3.499936944470011
0.001900000000000 1.000000000000005 0.500000000000002 -0.000000000000064 699.987388902599378 3.499936944490622
0.002000000000000 1.000000000000006 0.500000000000002 -0.000000000000067 699.987388902599150 3.499936944504959
0.002100000000000 1.000000000000006 0.500000000000002 -0.000000000000070 699.987388902600742 3.499936944512228
0.002200000000000 1.000000000000006 0.500000000000002 -0.000000000000071 699.987388902599719 3.499936944511498
0.002300000000000 1.000000000000007 0.500000000000003 -0.000000000000071 699.987388902599264 3.499936944501906
0.002400000000000 1.000000000000006 0.500000000000003 -0.000000000000072 699.987388902601197 3.499936944482652
0.002500000000000 1.000000000000007 0.500000000000003 -0.000000000000076 699.987388902601424 3.499936944452871
0.002600000000000 1.000000000000007 0.500000000000004 -0.000000000000077 699.987388902602447 3.499936944411821
0.002700000000000 1.000000000000008 0.500000000000003 -0.000000000000081 699.987388902600287 3.499936944358845
0.002800000000000 1.000000000000007 0.500000000000004 -0.000000000000081 699.987388902601879 3.499936944293231
0.002900000000000 1.000000000000008 0.500000000000004 -0.000000000000083 699.987388902601197 3.499936944214375
0.003000000000000 1.000000000000010 0.500000000000003 -0.000000000000084 699.987388902601651 3.499936944121789
0.003100000000000 1.000000000000008 0.500000000000004 -0.000000000000084 699.987388902602106 3.499936944014911
0.003200000000000 1.000000000000010 0.500000000000004 -0.000000000000088 699.987388902600856 3.499936943893410
0.003300000000000 1.000000000000010 0.500000000000004 -0.000000000000090 699.987388902602561 3.499936943756995
0.003400000000000 1.000000000000010 0.500000000000003 -0.000000000000090 699.987388902601879 3.499936943605377
0.003500000000000 1.000000000000009 0.500000000000003 -0.000000000000090 699.987388902602561 3.499936943438386
0.003600000000000 1.000000000000011 0.500000000000004 -0.000000000000091 699.987388902603698 3.499936943255967
0.003700000000000 1.000000000000010 0.500000000000004 -0.000000000000093 699.987388902603698 3.499936943058260
0.003800000000000 1.000000000000010 0.500000000000005 -0.000000000000093 699.987388902603016 3.499936942845204
0.003900000000000 1.000000000000010 0.500000000000004 -0.000000000000095 699.987388902603243 3.499936942617212
0.004000000000000 1.000000000000010 0.500000000000005 -0.000000000000095 699.987388902604380 3.499936942374427
0.004100000000000 1.000000000000011 0.500000000000005 -0.000000000000096 699.987388902603470 3.499936942117378
0.004200000000000 1.000000000000012 0.500000000000006 -0.000000000000097 699.987388902604152 3.499936941846417
0.004300000000000 1.000000000000013 0.500000000000004 -0.000000000000099 699.987388902604152 3.499936941562367
0.004400000000000 1.000000000000012 0.500000000000005 -0.000000000000099 699.987388902604607 3.499936941265647
0.004500000000000 1.000000000000012 0.500000000000005 -0.000000000000099 699.987388902605176 3.499936940957098
0.004600000000000 1.000000000000014 0.500000000000005 -0.000000000000098 699.987388902604948 3.499936940637637
0.004700000000000 1.000000000000013 0.500000000000005 -0.000000000000099 699.987388902605176 3.499936940308148
0.004800000000000 1.000000000000014 0.500000000000005 -0.000000000000099 699.987388902604152 3.499936939969652
0.004900000000000 1.000000000000014 0.500000000000005 -0.000000000000099 699.987388902604948 3.499936939623132
0.005000000000000 1.000000000000014 0.500000000000006 -0.000000000000100 699.987388902605858 3.499936939269832
0.005100000000000 1.000000000000015 0.500000000000006 -0.000000000000099 699.987388902605289 3.499936938910879
0.005200000000000 1.000000000000015 0.500000000000006 -0.000000000000099 699.987388902606881 3.499936938547613
0.005300000000000 1.000000000000014 0.500000000000006 -0.000000000000098 699.987388902605289 3.499936938181261
0.005400000000000 1.000000000000015 0.500000000000006 -0.000000000000099 699.987388902606654 3.499936937813275
0.005500000000000 1.000000000000017 0.500000000000006 -0.000000000000099 699.987388902605517 3.499936937444867
0.005600000000000 1.000000000000016 0.500000000000006 -0.000000000000101 699.987388902606995 3.499936937077501
0.005700000000000 1.000000000000016 0.500000000000006 -0.000000000000102 699.987388902606426 3.499936936712679
0.005800000000000 1.000000000000017 0.500000000000007 -0.000000000000102 699.987388902608245 3.499936936351790
0.005900000000000 1.000000000000017 0.500000000000006 -0.000000000000101 699.987388902607563 3.499936935996475
0.006000000000000 1.000000000000017 0.500000000000006 -0.000000000000100 699.987388902606767 3.499936935648005
0.006100000000000 1.000000000000017 0.500000000000006 -0.000000000000098 699.987388902608018 3.499936935307597
0.006200000000000 1.000000000000017 0.500000000000006 -0.000000000000097 699.987388902607790 3.499936934976354
0.006300000000000 1.000000000000018 0.500000000000007 -0.000000000000095 699.987388902607790 3.499936934655766
0.006400000000000 1.000000000000018 0.500000000000006 -0.000000000000094 699.987388902607449 3.499936934348016
0.006500000000000 1.000000000000018 0.500000000000007 -0.000000000000094 699.987388902608018 3.499936934055070
0.006600000000000 1.000000000000020 0.500000000000007 -0.000000000000092 699.987388902608700 3.499936933777797
0.006700000000000 1.000000000000018 0.500000000000007 -0.000000000000092 699.987388902608018 3.499936933515761
0.006800000000000 1.000000000000020 0.500000000000007 -0.000000000000091 699.987388902608927 3.499936933268710
0.006900000000000 1.000000000000019 0.500000000000007 -0.000000000000091 699.987388902608927 3.499936933038092
0.007000000000000 1.000000000000019 0.500000000000007 -0.000000000000090 699.987388902608700 3.499936932827000
0.007100000000000 1.000000000000021 0.500000000000007 -0.000000000000092 699.987388902609155 3.499936932637485
0.007200000000000 1.000000000000019 0.500000000000007 -0.000000000000092 699.987388902608927 3.499936932469907
0.007300000000000 1.000000000000019 0.500000000000007 -0.000000000000090 699.987388902609496 3.499936932324397
0.007400000000000 1.000000000000020 0.500000000000007 -0.000000000000090 699.987388902609609 3.499936932201991
0.007500000000000 1.000000000000021 0.500000000000008 -0.000000000000088 699.987388902609950 3.499936932103215
0.007600000000000 1.000000000000021 0.500000000000008 -0.000000000000087 699.987388902610746 3.499936932027291
0.007700000000000 1.000000000000021 0.500000000000008 -0.000000000000085 699.987388902609723 3.499936931973585
0.007800000000000 1.000000000000022 0.500000000000008 -0.000000000000081 699.987388902610064 3.499936931942954
0.007900000000000 1.000000000000020 0.500000000000008 -0.000000000000079 699.987388902611315 3.499936931936352
0.008000000000000 1.000000000000021 0.500000000000008 -0.000000000000078 699.987388902611428 3.499936931953261
0.008100000000000 1.000000000000022 0.500000000000007 -0.000000000000075 699.987388902611087 3.499936931993616
0.008200000000000 1.000000000000022 0.500000000000008 -0.000000000000073 699.987388902611315 3.499936932058211
0.008300000000000 1.000000000000022 0.500000000000008 -0.000000000000072 699.987388902611883 3.499936932147429
0.008400000000000 1.000000000000023 0.500000000000008 -0.000000000000070 699.987388902611428 3.499936932260400
0.008500000000000 1.000000000000022 0.500000000000009 -0.000000000000067 699.987388902612338 3.499936932396512
0.008600000000000 1.000000000000022 0.500000000000009 -0.000000000000065 699.987388902610974 3.499936932555821
0.008700000000000 1.000000000000023 0.500000000000008 -0.000000000000064 699.987388902612565 3.499936932737154
0.008800000000000 1.000000000000025 0.500000000000009 -0.000000000000060 699.987388902612338 3.499936932938829
0.008900000000000 1.000000000000025 0.500000000000009 -0.000000000000057 699.987388902612338 3.499936933160339
0.009000000000000 1.000000000000025 0.500000000000009 -0.000000000000057 699.987388902612679 3.499936933400690
0.009100000000000 1.000000000000022 0.500000000000008 -0.000000000000055 699.987388902611997 3.499936933658014
0.009200000000000 1.000000000000025 0.500000000000009 -0.000000000000051 699.987388902612111 3.499936933931080
0.009300000000000 1.000000000000026 0.500000000000008 -0.000000000000047 699.987388902613930 3.499936934219323
0.009400000000000 1.000000000000026 0.500000000000009 -0.000000000000044 699.987388902613361 3.499936934521266
0.009500000000000 1.000000000000025 0.500000000000009 -0.000000000000043 699.987388902612793 3.499936934835260
0.009600000000000 1.000000000000024 0.500000000000009 -0.000000000000037 699.987388902613020 3.499936935160635
0.009700000000000 1.000000000000025 0.500000000000009 -0.000000000000032 699.987388902613475 3.499936935496380
0.009800000000000 1.000000000000026 0.500000000000009 -0.000000000000028 699.987388902613247 3.499936935840616
0.009900000000000 1.000000000000025 0.500000000000009 -0.000000000000024 699.987388902613588 3.499936936192428
0.010000000000000 1.000000000000026 0.500000000000009 -0.000000000000020 699.987388902614157 3.499936936550743
0.010100000000000 1.000000000000026 0.500000000000009 -0.000000000000018 699.987388902613702 3.499936936913827
0.010200000000000 1.000000000000025 0.500000000000010 -0.000000000000015 699.987388902613247 3.499936937280200
0.010300000000000 1.000000000000026 0.500000000000008 -0.000000000000009 699.987388902613930 3.499936937648956
0.010400000000000 1.000000000000026 0.500000000000010 -0.000000000000005 699.987388902614498 3.499936938018186
0.010500000000000 1.000000000000026 0.500000000000009 0.000000000000002 699.987388902614498 3.499936938386461
0.010600000000000 1.000000000000027 0.500000000000009 0.000000000000006 699.987388902614384 3.499936938752646
0.010700000000000 1.000000000000027 0.500000000000009 0.000000000000011 699.987388902613702 3.499936939115127
0.010800000000000 1.000000000000028 0.500000000000010 0.000000000000013 699.987388902615294 3.499936939472329
0.010900000000000 1.000000000000027 0.500000000000010 0.000000000000015 699.987388902614612 3.499936939823316
0.011000000000000 1.000000000000029 0.500000000000010 0.000000000000020 699.987388902614839 3.499936940166721
0.011100000000000 1.000000000000029 0.500000000000010 0.000000000000024 699.987388902614612 3.499936940501196
0.011200000000000 1.000000000000028 0.500000000000010 0.000000000000027 699.987388902615976 3.499936940825874
0.011300000000000 1.000000000000028 0.500000000000010 0.000000000000033 699.987388902614839 3.499936941139795
0.011400000000000 1.000000000000030 0.500000000000010 0.000000000000037 699.987388902615407 3.499936941441874
0.011500000000000 1.000000000000030 0.500000000000011 0.000000000000042 699.987388902615749 3.499936941731450
0.011600000000000 1.000000000000028 0.500000000000010 0.000000000000046 699.987388902616658 3.499936942008045
0.011700000000000 1.000000000000030 0.500000000000011 0.000000000000048 699.987388902616658 3.499936942270623
0.011800000000000 1.000000000000030 0.500000000000011 0.000000000000052 699.987388902617568 3.499936942519043
0.011900000000000 1.000000000000030 0.500000000000011 0.000000000000057 699.987388902618022 3.499936942752925
0.012000000000000 1.000000000000031 0.500000000000011 0.000000000000061 699.987388902616885 3.499936942971694
0.012100000000000 1.000000000000032 0.500000000000011 0.000000000000065 699.987388902616544 3.499936943175354
0.012200000000000 1.000000000000031 0.500000000000012 0.000000000000070 699.987388902617113 3.499936943363711
0.012300000000000 1.000000000000031 0.500000000000011 0.000000000000075 699.987388902617113 3.499936943536710
0.012400000000000 1.000000000000030 0.500000000000012 0.000000000000077 699.987388902617681 3.499936943694297
0.012500000000000 1.000000000000031 0.500000000000012 0.000000000000081 699.987388902617340 3.499936943836873
0.012600000000000 1.000000000000032 0.500000000000012 0.000000000000086 699.987388902617568 3.499936943964510
0.012700000000000 1.000000000000032 0.500000000000012 0.000000000000091 699.987388902618022 3.499936944077520
0.012800000000000 1.000000000000032 0.500000000000012 0.000000000000095 699.987388902617795 3.499936944176135
0.012900000000000 1.000000000000034 0.500000000000013 0.000000000000101 699.987388902618250 3.499936944260642
0.013000000000000 1.000000000000032 0.500000000000012 0.000000000000104 699.987388902618136 3.499936944331651
0.013100000000000 1.000000000000034 0.500000000000012 0.000000000000109 699.987388902619386 3.499936944389955
0.013200000000000 1.000000000000033 0.500000000000012 0.000000000000112 699.987388902618591 3.499936944436119
0.013300000000000 1.000000000000034 0.500000000000013 0.000000000000117 699.987388902619500 3.499936944470794
0.013400000000000 1.000000000000035 0.500000000000013 0.000000000000121 699.987388902619955 3.499936944494578
0.013500000000000 1.000000000000036 0.500000000000014 0.000000000000125 699.987388902618932 3.499936944508150
0.013600000000000 1.000000000000034 0.500000000000014 0.000000000000129 699.987388902619841 3.499936944512623
0.013700000000000 1.000000000000034 0.500000000000014 0.000000000000135 699.987388902621205 3.499936944508820
0.013800000000000 1.000000000000035 0.500000000000014 0.000000000000138 699.987388902619159 3.499936944497484
0.013900000000000 1.000000000000036 0.500000000000013 0.000000000000142 699.987388902620069 3.499936944479581
0.014000000000000 1.000000000000036 0.500000000000014 0.000000000000147 699.987388902621433 3.499936944455960
0.014100000000000 1.000000000000038 0.500000000000014 0.000000000000152 699.987388902620523 3.499936944427515
0.014200000000000 1.000000000000035 0.500000000000014 0.000000000000156 699.987388902620410 3.499936944395066
0.014300000000000 1.000000000000037 0.500000000000014 0.000000000000163 699.987388902621433 3.499936944359621
0.014400000000000 1.000000000000037 0.500000000000014 0.000000000000168 699.987388902620864 3.499936944322197
0.014500000000000 1.000000000000036 0.500000000000014 0.000000000000171 699.987388902620523 3.499936944283631
0.014600000000000 1.000000000000035 0.500000000000015 0.000000000000173 699.987388902621092 3.499936944244669
0.014700000000000 1.000000000000038 0.500000000000015 0.000000000000179 699.987388902622001 3.499936944206083
0.014800000000000 1.000000000000037 0.500000000000015 0.000000000000181 699.987388902621888 3.499936944168581
0.014900000000000 1.000000000000039 0.500000000000015 0.000000000000185 699.987388902622229 3.499936944132911
0.015000000000000 1.000000000000039 0.500000000000015 0.000000000000189 699.987388902622456 3.499936944099431
0.015100000000000 1.000000000000039 0.500000000000015 0.000000000000194 699.987388902621660 3.499936944068761
0.015200000000000 1.000000000000039 0.500000000000015 0.000000000000198 699.987388902623252 3.499936944041506
0.015300000000000 1.000000000000040 0.500000000000016 0.000000000000200 699.987388902622797 3.499936944018126
0.015400000000000 1.000000000000039 0.500000000000016 0.000000000000205 699.987388902623138 3.499936943999014
0.015500000000000 1.000000000000040 0.500000000000016 0.000000000000210 699.987388902622115 3.499936943984507
0.015600000000000 1.000000000000039 0.500000000000016 0.000000000000213 699.987388902622570 3.499936943975003
0.015700000000000 1.000000000000040 0.500000000000016 0.000000000000217 699.987388902623024 3.499936943970720
0.015800000000000 1.000000000000039 0.500000000000016 0.000000000000221 699.987388902622911 3.499936943971380
0.015900000000000 1.000000000000040 0.500000000000015 0.000000000000224 699.987388902624048 3.499936943977107
0.016000000000000 1.000000000000040 0.500000000000017 0.000000000000229 699.987388902623138 3.499936943987705
0.016100000000000 1.000000000000041 0.500000000000016 0.000000000000232 699.987388902623252 3.499936944003177
0.016200000000000 1.000000000000040 0.500000000000016 0.000000000000238 699.987388902623479 3.499936944022913
0.016300000000000 1.000000000000041 0.500000000000017 0.000000000000239 699.987388902624502 3.499936944046723
0.016400000000000 1.000000000000041 0.500000000000017 0.000000000000243 699.987388902624161 3.499936944074294
0.016500000000000 1.000000000000042 0.500000000000017 0.000000000000249 699.987388902624161 3.499936944105092
0.016600000000000 1.000000000000041 0.500000000000017 0.000000000000251 699.987388902624161 3.499936944138737
0.016700000000000 1.000000000000042 0.500000000000017 0.000000000000257 699.987388902625298 3.499936944174623
0.016800000000000 1.000000000000042 0.500000000000018 0.000000000000259 699.987388902624389 3.499936944212271
0.016900000000000 1.000000000000044 0.500000000000018 0.000000000000264 699.987388902626208 3.499936944250914
0.017000000000000 1.000000000000043 0.500000000000019 0.000000000000266 699.987388902625412 3.499936944289748
0.017100000000000 1.000000000000044 0.500000000000018 0.000000000000268 699.987388902626321 3.499936944328224
0.017200000000000 1.000000000000043 0.500000000000018 0.000000000000271 699.987388902624843 3.499936944365356
0.017300000000000 1.000000000000043 0.500000000000018 0.000000000000274 699.987388902626208 3.499936944400199
0.017400000000000 1.000000000000044 0.500000000000019 0.000000000000279 699.987388902626549 3.499936944431936
0.017500000000000 1.000000000000044 0.500000000000018 0.000000000000283 699.987388902626208 3.499936944459701
0.017600000000000 1.000000000000045 0.500000000000018 0.000000000000286 699.987388902626208 3.499936944482550
0.017700000000000 1.000000000000046 0.500000000000019 0.000000000000291 699.987388902626776 3.499936944499495
0.017800000000000 1.000000000000045 0.500000000000019 0.000000000000293 699.987388902627117 3.499936944509732
0.017900000000000 1.000000000000046 0.500000000000019 0.000000000000297 699.987388902626662 3.499936944512454
0.018000000000000 1.000000000000046 0.500000000000019 0.000000000000299 699.987388902628140 3.499936944506800
0.018100000000000 1.000000000000045 0.500000000000019 0.000000000000303 699.987388902627117 3.499936944491896
0.018200000000000 1.000000000000046 0.500000000000020 0.000000000000306 699.987388902627799 3.499936944466928
0.018300000000000 1.000000000000045 0.500000000000020 0.000000000000309 699.987388902627345 3.499936944431129
0.018400000000000 1.000000000000045 0.500000000000020 0.000000000000311 699.987388902627799 3.499936944383839
0.018500000000000 1.000000000000045 0.500000000000020 0.000000000000313 699.987388902628027 3.499936944324261
0.018600000000000 1.000000000000045 0.500000000000021 0.000000000000315 699.987388902628481 3.499936944251744
0.018700000000000 1.000000000000048 0.500000000000021 0.000000000000320 699.987388902628140 3.499936944165756
0.018800000000000 1.000000000000048 0.500000000000021 0.000000000000320 699.987388902628709 3.499936944065750
0.018900000000000 1.000000000000048 0.500000000000022 0.000000000000320 699.987388902629164 3.499936943951172
0.019000000000000 1.000000000000048 0.500000000000021 0.000000000000320 699.987388902628481 3.499936943821716
0.019100000000000 1.000000000000045 0.500000000000021 0.000000000000320 699.987388902628709 3.499936943677008
0.019200000000000 1.000000000000048 0.500000000000021 0.000000000000320 699.987388902629277 3.499936943516872
0.019300000000000 1.000000000000047 0.500000000000022 0.000000000000323 699.987388902629391 3.499936943341578
0.019400000000000 1.000000000000048 0.500000000000021 0.000000000000325 699.987388902629959 3.499936943151238
0.019500000000000 1.000000000000049 0.500000000000021 0.000000000000326 699.987388902630187 3.499936942945508
0.019600000000000 1.000000000000049 0.500000000000023 0.000000000000327 699.987388902630414 3.499936942724349
0.019700000000000 1.000000000000051 0.500000000000022 0.000000000000327 699.987388902630414 3.499936942488149
0.019800000000000 1.000000000000050 0.500000000000023 0.000000000000327 699.987388902631210 3.499936942237340
0.019900000000000 1.000000000000050 0.500000000000023 0.000000000000327 699.987388902630869 3.499936941973098
0.020000000000000 1.000000000000049 0.500000000000023 0.000000000000327 699.987388902630300 3.499936941696150
0.020100000000000 1.000000000000051 0.500000000000023 0.000000000000329 699.987388902631892 3.499936941406508
0.020200000000000 1.000000000000052 0.500000000000023 0.000000000000328 699.987388902631210 3.499936941104128
0.020300000000000 1.000000000000051 0.500000000000024 0.000000000000328 699.987388902630983 3.499936940789930
0.020400000000000 1.000000000000052 0.500000000000024 0.000000000000327 699.987388902632006 3.499936940465237
0.020500000000000 1.000000000000051 0.500000000000024 0.000000000000327 699.987388902631210 3.499936940130820
0.020600000000000 1.000000000000053 0.500000000000024 0.000000000000327 699.987388902632119 3.499936939787805
0.020700000000000 1.000000000000051 0.500000000000024 0.000000000000329 699.987388902632688 3.499936939437353
0.020800000000000 1.000000000000052 0.500000000000024 0.000000000000326 699.987388902632119 3.499936939080732
0.020900000000000 1.000000000000053 0.500000000000025 0.000000000000327 699.987388902632006 3.499936938719631
0.021000000000000 1.000000000000053 0.500000000000025 0.000000000000326 699.987388902632119 3.499936938354812
0.021100000000000 1.000000000000052 0.500000000000025 0.000000000000325 699.987388902632802 3.499936937986563
0.021200000000000 1.000000000000054 0.500000000000025 0.000000000000325 699.987388902632802 3.499936937616475
0.021300000000000 1.000000000000054 0.500000000000025 0.000000000000325 699.987388902633484 3.499936937246393
0.021400000000000 1.000000000000054 0.500000000000025 0.000000000000326 699.987388902634279 3.499936936877847
0.021500000000000 1.000000000000054 0.500000000000025 0.000000000000325 699.987388902633029 3.499936936512104
0.021600000000000 1.000000000000054 0.500000000000026 0.000000000000324 699.987388902633029 3.499936936150994
0.021700000000000 1.000000000000056 0.500000000000026 0.000000000000324 699.987388902634393 3.499936935796693
0.021800000000000 1.000000000000055 0.500000000000026 0.000000000000323 699.987388902633484 3.499936935450690
0.021900000000000 1.000000000000056 0.500000000000026 0.000000000000321 699.987388902634621 3.499936935114402
0.022000000000000 1.000000000000054 0.500000000000026 0.000000000000322 699.987388902635303 3.499936934788453
0.022100000000000 1.000000000000054 0.500000000000026 0.000000000000319 699.987388902633597 3.499936934474251
0.022200000000000 1.000000000000056 0.500000000000028 0.000000000000317 699.987388902635757 3.499936934173625
0.022300000000000 1.000000000000056 0.500000000000027 0.000000000000318 699.987388902635757 3.499936933886941
0.022400000000000 1.000000000000057 0.500000000000027 0.000000000000316 699.987388902636212 3.499936933615047
0.022500000000000 1.000000000000059 0.500000000000028 0.000000000000315 699.987388902635303 3.499936933360034
0.022600000000000 1.000000000000059 0.500000000000028 0.000000000000316 699.987388902635530 3.499936933123315
0.022700000000000 1.000000000000057 0.500000000000027 0.000000000000314 699.987388902635303 3.499936932905752
0.022800000000000 1.000000000000057 0.500000000000028 0.000000000000313 699.987388902636212 3.499936932708228
0.022900000000000 1.000000000000060 0.500000000000028 0.000000000000312 699.987388902636212 3.499936932531980
0.023000000000000 1.000000000000059 0.500000000000028 0.000000000000310 699.987388902635757 3.499936932377827
0.023100000000000 1.000000000000058 0.500000000000028 0.000000000000308 699.987388902635985 3.499936932246002
0.023200000000000 1.000000000000059 0.500000000000029 0.000000000000304 699.987388902636781 3.499936932136413
0.023300000000000 1.000000000000060 0.500000000000029 0.000000000000300 699.987388902636440 3.499936932049613
0.023400000000000 1.000000000000060 0.500000000000029 0.000000000000297 699.987388902636781 3.499936931986256
0.023500000000000 1.000000000000060 0.500000000000030 0.000000000000294 699.987388902637008 3.499936931945959
0.023600000000000 1.000000000000061 0.500000000000030 0.000000000000290 699.987388902636781 3.499936931928351
0.023700000000000 1.000000000000061 0.500000000000030 0.000000000000290 699.987388902638259 3.499936931934803
0.023800000000000 1.000000000000060 0.500000000000029 0.000000000000289 699.987388902637463 3.499936931965452
0.023900000000000 1.000000000000060 0.500000000000030 0.000000000000286 699.987388902637008 3.499936932019565
0.024000000000000 1.000000000000060 0.500000000000030 0.000000000000282 699.987388902638145 3.499936932097780
0.024100000000000 1.000000000000062 0.500000000000030 0.000000000000280 699.987388902639054 3.499936932200005
0.024200000000000 1.000000000000061 0.500000000000031 0.000000000000277 699.987388902639168 3.499936932325777
0.024300000000000 1.000000000000063 0.500000000000030 0.000000000000275 699.987388902637576 3.499936932474434
0.024400000000000 1.000000000000062 0.500000000000031 0.000000000000270 699.987388902639054 3.499936932645011
0.024500000000000 1.000000000000062 0.500000000000031 0.000000000000268 699.987388902639850 3.499936932837055
0.024600000000000 1.000000000000063 0.500000000000031 0.000000000000264 699.987388902639736 3.499936933049438
0.024700000000000 1.000000000000063 0.500000000000031 0.000000000000260 699.987388902639395 3.499936933280684
0.024800000000000 1.000000000000062 0.500000000000031 0.000000000000255 699.987388902639395 3.499936933529885
0.024900000000000 1.000000000000064 0.500000000000032 0.000000000000251 699.987388902640078 3.499936933796526
0.025000000000000 1.000000000000064 0.500000000000032 0.000000000000247 699.987388902640305 3.499936934078808
0.025100000000000 1.000000000000063 0.500000000000031 0.000000000000243 699.987388902639850 3.499936934375184
0.025200000000000 1.000000000000064 0.500000000000032 0.000000000000239 699.987388902639623 3.499936934685277
0.025300000000000 1.000000000000063 0.500000000000032 0.000000000000237 699.987388902641328 3.499936935007970
0.025400000000000 1.000000000000065 0.500000000000032 0.000000000000236 699.987388902640987 3.499936935341762
0.025500000000000 1.000000000000065 0.500000000000032 0.000000000000232 699.987388902642010 3.499936935685708
0.025600000000000 1.000000000000064 0.500000000000033 0.000000000000226 699.987388902642010 3.499936936038105
0.025700000000000 1.000000000000066 0.500000000000032 0.000000000000222 699.987388902640760 3.499936936396820
0.025800000000000 1.000000000000065 0.500000000000033 0.000000000000218 699.987388902642465 3.499936936760239
0.025900000000000 1.000000000000065 0.500000000000032 0.000000000000216 699.987388902641669 3.499936937127526
0.026000000000000 1.000000000000064 0.500000000000033 0.000000000000213 699.987388902641669 3.499936937497699
0.026100000000000 1.000000000000066 0.500000000000033 0.000000000000209 699.987388902641442 3.499936937869080
0.026200000000000 1.000000000000067 0.500000000000033 0.000000000000205 699.987388902641442 3.499936938239378
0.026300000000000 1.000000000000066 0.500000000000034 0.000000000000201 699.987388902642124 3.499936938606462
0.026400000000000 1.000000000000068 0.500000000000033 0.000000000000197 699.987388902643033 3.499936938968883
0.026500000000000 1.000000000000067 0.500000000000033 0.000000000000194 699.987388902642124 3.499936939325821
0.026600000000000 1.000000000000067 0.500000000000033 0.000000000000191 699.987388902642579 3.499936939677181
0.026700000000000 1.000000000000069 0.500000000000034 0.000000000000188 699.987388902643261 3.499936940022243
0.026800000000000 1.000000000000067 0.500000000000034 0.000000000000185 699.987388902643033 3.499936940358972
0.026900000000000 1.000000000000068 0.500000000000034 0.000000000000183 699.987388902643943 3.499936940686167
0.027000000000000 1.000000000000069 0.500000000000034 0.000000000000176 699.987388902643829 3.499936941003235
0.027100000000000 1.000000000000068 0.500000000000034 0.000000000000173 699.987388902643261 3.499936941309122
0.027200000000000 1.000000000000069 0.500000000000034 0.000000000000167 699.987388902644625 3.499936941603185
0.027300000000000 1.000000000000070 0.500000000000035 0.000000000000161 699.987388902644057 3.499936941884584
0.027400000000000 1.000000000000067 0.500000000000036 0.000000000000158 699.987388902644398 3.499936942152797
0.027500000000000 1.000000000000070 0.500000000000035 0.000000000000156 699.987388902644966 3.499936942407590
0.027600000000000 1.000000000000069 0.500000000000035 0.000000000000152 699.987388902644284 3.499936942648413
0.027700000000000 1.000000000000070 0.500000000000035 0.000000000000147 699.987388902644625 3.499936942874760
0.027800000000000 1.000000000000071 0.500000000000036 0.000000000000144 699.987388902644852 3.499936943085778
0.027900000000000 1.000000000000071 0.500000000000037 0.000000000000139 699.987388902645762 3.499936943281201
0.028000000000000 1.000000000000072 0.500000000000036 0.000000000000134 699.987388902645989 3.499936943461295
0.028100000000000 1.000000000000073 0.500000000000036 0.000000000000131 699.987388902645193 3.499936943625958
0.028200000000000 1.000000000000073 0.500000000000037 0.000000000000126 699.987388902645762 3.499936943774979
0.028300000000000 1.000000000000073 0.500000000000036 0.000000000000122 699.987388902645648 3.499936943908900
0.028400000000000 1.000000000000073 0.500000000000036 0.000000000000116 699.987388902646899 3.499936944028125
0.028500000000000 1.000000000000073 0.500000000000037 0.000000000000112 699.987388902646444 3.499936944132889
0.028600000000000 1.000000000000072 0.500000000000036 0.000000000000107 699.987388902645762 3.499936944223667
0.028700000000000 1.000000000000073 0.500000000000036 0.000000000000103 699.987388902646671 3.499936944300806
0.028800000000000 1.000000000000074 0.500000000000037 0.000000000000100 699.987388902647126 3.499936944364788
0.028900000000000 1.000000000000074 0.500000000000037 0.000000000000096 699.987388902647467 3.499936944416274
0.029000000000000 1.000000000000072 0.500000000000037 0.000000000000093 699.987388902647467 3.499936944455975
0.029100000000000 1.000000000000072 0.500000000000037 0.000000000000087 699.987388902646444 3.499936944484488
0.029200000000000 1.000000000000075 0.500000000000036 0.000000000000083 699.987388902647353 3.499936944502687
0.029300000000000 1.000000000000074 0.500000000000037 0.000000000000078 699.987388902646671 3.499936944511310
0.029400000000000 1.000000000000074 0.500000000000037 0.000000000000074 699.987388902648490 3.499936944511220
0.029500000000000 1.000000000000074 0.500000000000038 0.000000000000070 699.987388902648718 3.499936944503175
0.029600000000000 1.000000000000077 0.500000000000038 0.000000000000066 699.987388902647353 3.499936944488188
0.029700000000000 1.000000000000075 0.500000000000038 0.000000000000059 699.987388902648945 3.499936944467011
0.029800000000000 1.000000000000076 0.500000000000038 0.000000000000052 699.987388902647808 3.499936944440527
0.029900000000000 1.000000000000077 0.500000000000038 0.000000000000047 699.987388902649400 3.499936944409797
0.030000000000000 1.000000000000076 0.500000000000038 0.000000000000044 699.987388902648036 3.499936944375638
0.030100000000000 1.000000000000077 0.500000000000039 0.000000000000039 699.987388902648490 3.499936944339027
0.030200000000000 1.000000000000078 0.500000000000038 0.000000000000034 699.987388902648945 3.499936944300940
0.030300000000000 1.000000000000076 0.500000000000038 0.000000000000027 699.987388902650082 3.499936944262091
0.030400000000000 1.000000000000077 0.500000000000039 0.000000000000022 699.987388902650082 3.499936944223362
0.030500000000000 1.000000000000076 0.500000000000039 0.000000000000018 699.987388902649400 3.499936944185402
0.030600000000000 1.000000000000079 0.500000000000039 0.000000000000014 699.987388902649627 3.499936944148873
0.030700000000000 1.000000000000078 0.500000000000039 0.000000000000009 699.987388902651560 3.499936944114386
0.030800000000000 1.000000000000078 0.500000000000040 0.000000000000005 699.987388902650537 3.499936944082605
0.030900000000000 1.000000000000079 0.500000000000040 0.000000000000001 699.987388902649400 3.499936944053955
0.031000000000000 1.000000000000079 0.500000000000040 0.000000000000001 699.987388902651219 3.499936944028902
0.031100000000000 1.000000000000080 0.500000000000040 -0.000000000000004 699.987388902650764 3.499936944008016
0.031200000000000 1.000000000000081 0.500000000000040 -0.000000000000009 699.987388902652356 3.499936943991607
0.031300000000000 1.000000000000081 0.500000000000041 -0.000000000000010 699.987388902651901 3.499936943979764
0.031400000000000 1.000000000000081 0.500000000000040 -0.000000000000011 699.987388902651446 3.499936943972939
0.031500000000000 1.000000000000080 0.500000000000040 -0.000000000000015 699.987388902652356 3.499936943971102
0.031600000000000 1.000000000000081 0.500000000000040 -0.000000000000018 699.987388902653038 3.499936943974209
0.031700000000000 1.000000000000080 0.500000000000041 -0.000000000000022 699.987388902652356 3.499936943982159
0.031800000000000 1.000000000000081 0.500000000000040 -0.000000000000024 699.987388902652697 3.499936943995010
0.031900000000000 1.000000000000082 0.500000000000041 -0.000000000000027 699.987388902653265 3.499936944012481
0.032000000000000 1.000000000000081 0.500000000000041 -0.000000000000032 699.987388902653720 3.499936944034175
0.032100000000000 1.000000000000082 0.500000000000041 -0.000000000000037 699.987388902653038 3.499936944059724
0.032200000000000 1.000000000000082 0.500000000000041 -0.000000000000041 699.987388902653720 3.499936944088779
0.032300000000000 1.000000000000083 0.500000000000041 -0.000000000000045 699.987388902653038 3.499936944120944
0.032400000000000 1.000000000000084 0.500000000000041 -0.000000000000047 699.987388902654175 3.499936944155894
0.032500000000000 1.000000000000083 0.500000000000042 -0.000000000000051 699.987388902653720 3.499936944193042
0.032600000000000 1.000000000000083 0.500000000000042 -0.000000000000054 699.987388902653947 3.499936944231615
0.032700000000000 1.000000000000083 0.500000000000041 -0.000000000000055 699.987388902653606 3.499936944270797
0.032800000000000 1.000000000000084 0.500000000000041 -0.000000000000057 699.987388902653151 3.499936944309581
0.032900000000000 1.000000000000084 0.500000000000041 -0.000000000000060 699.987388902653720 3.499936944347418
0.033000000000000 1.000000000000085 0.500000000000042 -0.000000000000062 699.987388902654970 3.499936944383553
0.033100000000000 1.000000000000084 0.500000000000041 -0.000000000000064 699.987388902654857 3.499936944417136
0.033200000000000 1.000000000000085 0.500000000000042 -0.000000000000067 699.987388902655084 3.499936944447029
0.033300000000000 1.000000000000085 0.500000000000042 -0.000000000000067 699.987388902654288 3.499936944472356
0.033400000000000 1.000000000000085 0.500000000000043 -0.000000000000070 699.987388902656448 3.499936944492139
0.033500000000000 1.000000000000086 0.500000000000042 -0.000000000000074 699.987388902655198 3.499936944505595
0.033600000000000 1.000000000000085 0.500000000000042 -0.000000000000074 699.987388902656448 3.499936944511882
0.033700000000000 1.000000000000087 0.500000000000043 -0.000000000000078 699.987388902656335 3.499936944510047
0.033800000000000 1.000000000000087 0.500000000000043 -0.000000000000082 699.987388902656448 3.499936944499386
0.033900000000000 1.000000000000087 0.500000000000043 -0.000000000000085 699.987388902656221 3.499936944479029
0.034000000000000 1.000000000000087 0.500000000000042 -0.000000000000088 699.987388902657472 3.499936944448133
0.034100000000000 1.000000000000086 0.500000000000043 -0.000000000000090 699.987388902657358 3.499936944405794
0.034200000000000 1.000000000000088 0.500000000000044 -0.000000000000092 699.987388902656903 3.499936944351437
0.034300000000000 1.000000000000089 0.500000000000043 -0.000000000000096 699.987388902656448 3.499936944284596
0.034400000000000 1.000000000000089 0.500000000000043 -0.000000000000097 699.987388902657585 3.499936944204505
0.034500000000000 1.000000000000088 0.500000000000044 -0.000000000000097 699.987388902657472 3.499936944110551
0.034600000000000 1.000000000000088 0.500000000000044 -0.000000000000100 699.987388902657131 3.499936944002321
0.034700000000000 1.000000000000091 0.500000000000044 -0.000000000000101 699.987388902657813 3.499936943879609
0.034800000000000 1.000000000000089 0.500000000000044 -0.000000000000103 699.987388902658267 3.499936943741823
0.034900000000000 1.000000000000090 0.500000000000044 -0.000000000000104 699.987388902658722 3.499936943588593
0.035000000000000 1.000000000000091 0.500000000000044 -0.000000000000104 699.987388902659632 3.499936943420138
0.035100000000000 1.000000000000090 0.500000000000044 -0.000000000000106 699.987388902659177 3.499936943236326
0.035200000000000 1.000000000000091 0.500000000000044 -0.000000000000108 699.987388902659291 3.499936943037383
0.035300000000000 1.000000000000091 0.500000000000044 -0.000000000000108 699.987388902659177 3.499936942823560
0.035400000000000 1.000000000000092 0.500000000000044 -0.000000000000110 699.987388902659291 3.499936942594676
0.035500000000000 1.000000000000091 0.500000000000044 -0.000000000000110 699.987388902659632 3.499936942351058
0.035600000000000 1.000000000000093 0.500000000000045 -0.000000000000111 699.987388902659859 3.499936942093135
0.035700000000000 1.000000000000094 0.500000000000044 -0.000000000000112 699.987388902659859 3.499936941821194
0.035800000000000 1.000000000000093 0.500000000000046 -0.000000000000114 699.987388902660427 3.499936941535264
0.035900000000000 1.000000000000092 0.500000000000045 -0.000000000000117 699.987388902660427 3.499936941236272
0.036000000000000 1.000000000000094 0.500000000000045 -0.000000000000118 699.987388902659859 3.499936940925370
0.036100000000000 1.000000000000093 0.500000000000045 -0.000000000000118 699.987388902660996 3.499936940603513
0.036200000000000 1.000000000000095 0.500000000000045 -0.000000000000115 699.987388902662360 3.499936940271585
0.036300000000000 1.000000000000094 0.500000000000045 -0.000000000000117 699.987388902661451 3.499936939930757
0.036400000000000 1.000000000000093 0.500000000000045 -0.000000000000116 699.987388902661905 3.499936939582469
0.036500000000000 1.000000000000095 0.500000000000046 -0.000000000000116 699.987388902661451 3.499936939227882
0.036600000000000 1.000000000000095 0.500000000000045 -0.000000000000116 699.987388902661451 3.499936938867928
0.036700000000000 1.000000000000095 0.500000000000045 -0.000000000000118 699.987388902662246 3.499936938503702
0.036800000000000 1.000000000000095 0.500000000000046 -0.000000000000118 699.987388902663270 3.499936938136693
0.036900000000000 1.000000000000097 0.500000000000046 -0.000000000000118 699.987388902663042 3.499936937768292
0.037000000000000 1.000000000000096 0.500000000000046 -0.000000000000118 699.987388902663497 3.499936937399662
0.037100000000000 1.000000000000096 0.500000000000046 -0.000000000000118 699.987388902662929 3.499936937032525
0.037200000000000 1.000000000000096 0.500000000000046 -0.000000000000117 699.987388902662587 3.499936936668069
0.037300000000000 1.000000000000096 0.500000000000046 -0.000000000000117 699.987388902664179 3.499936936308196
0.037400000000000 1.000000000000097 0.500000000000047 -0.000000000000117 699.987388902663497 3.499936935954341
0.037500000000000 1.000000000000096 0.500000000000047 -0.000000000000118 699.987388902663724 3.499936935607143
0.037600000000000 1.000000000000098 0.500000000000046 -0.000000000000117 699.987388902663952 3.499936935268367
0.037700000000000 1.000000000000099 0.500000000000047 -0.000000000000116 699.987388902664406 3.499936934939626
0.037800000000000 1.000000000000098 0.500000000000047 -0.000000000000115 699.987388902664406 3.499936934621305
0.037900000000000 1.000000000000096 0.500000000000047 -0.000000000000116 699.987388902663042 3.499936934314232
0.038000000000000 1.000000000000099 0.500000000000047 -0.000000000000113 699.987388902664179 3.499936934020306
0.038100000000000 1.000000000000099 0.500000000000047 -0.000000000000114 699.987388902664065 3.499936933741091
0.038200000000000 1.000000000000097 0.500000000000047 -0.000000000000112 699.987388902664406 3.499936933477704
0.038300000000000 1.000000000000099 0.500000000000047 -0.000000000000112 699.987388902664634 3.499936933231735
0.038400000000000 1.000000000000099 0.500000000000047 -0.000000000000113 699.987388902664861 3.499936933004619
0.038500000000000 1.000000000000099 0.500000000000047 -0.000000000000113 699.987388902664634 3.499936932797242
0.038600000000000 1.000000000000100 0.500000000000047 -0.000000000000114 699.987388902665316 3.499936932609946
0.038700000000000 1.000000000000101 0.500000000000047 -0.000000000000111 699.987388902664520 3.499936932444099
0.038800000000000 1.000000000000101 0.500000000000047 -0.000000000000109 699.987388902665543 3.499936932301147
0.038900000000000 1.000000000000101 0.500000000000048 -0.000000000000105 699.987388902665543 3.499936932181873
0.039000000000000 1.000000000000101 0.500000000000047 -0.000000000000104 699.987388902665202 3.499936932085872
0.039100000000000 1.000000000000100 0.500000000000047 -0.000000000000102 699.987388902666225 3.499936932012110
0.039200000000000 1.000000000000102 0.500000000000047 -0.000000000000099 699.987388902665998 3.499936931960606
0.039300000000000 1.000000000000101 0.500000000000047 -0.000000000000097 699.987388902666225 3.499936931932236
0.039400000000000 1.000000000000100 0.500000000000047 -0.000000000000094 699.987388902666339 3.499936931928248
0.039500000000000 1.000000000000100 0.500000000000048 -0.000000000000091 699.987388902666453 3.499936931949164
0.039600000000000 1.000000000000102 0.500000000000047 -0.000000000000088 699.987388902665884 3.499936931994761
0.039700000000000 1.000000000000101 0.500000000000048 -0.000000000000085 699.987388902666680 3.499936932064275
0.039800000000000 1.000000000000102 0.500000000000048 -0.000000000000082 699.987388902667021 3.499936932156273
0.039900000000000 1.000000000000102 0.500000000000048 -0.000000000000078 699.987388902667135 3.499936932270657
0.040000000000000 1.000000000000103 0.500000000000048 -0.000000000000073 699.987388902667249 3.499936932408802
0.040100000000000 1.000000000000103 0.500000000000049 -0.000000000000071 699.987388902668044 3.499936932569391
0.040200000000000 1.000000000000103 0.500000000000049 -0.000000000000070 699.987388902668158 3.499936932751186
0.040300000000000 1.000000000000105 0.500000000000048 -0.000000000000065 699.987388902668272 3.499936932954105
0.040400000000000 1.000000000000103 0.500000000000049 -0.000000000000062 699.987388902668044 3.499936933177147
0.040500000000000 1.000000000000103 0.500000000000049 -0.000000000000059 699.987388902669295 3.499936933419101
0.040600000000000 1.000000000000104 0.500000000000048 -0.000000000000056 699.987388902669181 3.499936933678183
0.040700000000000 1.000000000000106 0.500000000000049 -0.000000000000052 699.987388902669409 3.499936933952978
0.040800000000000 1.000000000000105 0.500000000000048 -0.000000000000049 699.987388902668727 3.499936934242537
0.040900000000000 1.000000000000104 0.500000000000049 -0.000000000000046 699.987388902669068 3.499936934546427
0.041000000000000 1.000000000000105 0.500000000000049 -0.000000000000043 699.987388902669181 3.499936934863860
0.041100000000000 1.000000000000107 0.500000000000049 -0.000000000000042 699.987388902668272 3.499936935193555
0.041200000000000 1.000000000000106 0.500000000000049 -0.000000000000037 699.987388902670546 3.499936935533649
0.041300000000000 1.000000000000107 0.500000000000049 -0.000000000000032 699.987388902669295 3.499936935882683
0.041400000000000 1.000000000000106 0.500000000000049 -0.000000000000028 699.987388902670432 3.499936936239249
0.041500000000000 1.000000000000106 0.500000000000048 -0.000000000000024 699.987388902670318 3.499936936601445
0.041600000000000 1.000000000000107 0.500000000000050 -0.000000000000022 699.987388902670546 3.499936936967027
0.041700000000000 1.000000000000106 0.500000000000049 -0.000000000000017 699.987388902670091 3.499936937334600
0.041800000000000 1.000000000000107 0.500000000000049 -0.000000000000013 699.987388902669863 3.499936937703207
0.041900000000000 1.000000000000107 0.500000000000050 -0.000000000000006 699.987388902670318 3.499936938072005
0.042000000000000 1.000000000000107 0.500000000000050 -0.000000000000002 699.987388902670318 3.499936938439147
0.042100000000000 1.000000000000107 0.500000000000049 0.000000000000002 699.987388902670659 3.499936938803095
0.042200000000000 1.000000000000107 0.500000000000049 0.000000000000010 699.987388902669863 3.499936939162890
0.042300000000000 1.000000000000108 0.500000000000050 0.000000000000014 699.987388902670432 3.499936939517537
0.042400000000000 1.000000000000108 0.500000000000050 0.000000000000019 699.987388902670318 3.499936939865309
0.042500000000000 1.000000000000107 0.500000000000049 0.000000000000024 699.987388902671455 3.499936940204957
0.042600000000000 1.000000000000108 0.500000000000050 0.000000000000029 699.987388902671682 3.499936940535995
0.042700000000000 1.000000000000109 0.500000000000050 0.000000000000034 699.987388902671682 3.499936940857369
0.042800000000000 1.000000000000109 0.500000000000050 0.000000000000037 699.987388902671000 3.499936941168390
0.042900000000000 1.000000000000107 0.500000000000051 0.000000000000041 699.987388902672137 3.499936941468411
0.043000000000000 1.000000000000108 0.500000000000050 0.000000000000046 699.987388902671682 3.499936941756397
0.043100000000000 1.000000000000109 0.500000000000050 0.000000000000050 699.987388902672137 3.499936942031680
0.043200000000000 1.000000000000109 0.500000000000050 0.000000000000053 699.987388902672024 3.499936942293703
0.043300000000000 1.000000000000110 0.500000000000051 0.000000000000058 699.987388902671910 3.499936942541512
0.043400000000000 1.000000000000111 0.500000000000051 0.000000000000063 699.987388902672819 3.499936942774415
0.043500000000000 1.000000000000111 0.500000000000051 0.000000000000069 699.987388902672592 3.499936942992171
0.043600000000000 1.000000000000110 0.500000000000051 0.000000000000074 699.987388902673501 3.499936943194697
0.043700000000000 1.000000000000110 0.500000000000051 0.000000000000078 699.987388902674638 3.499936943381763
0.043800000000000 1.000000000000113 0.500000000000052 0.000000000000085 699.987388902674184 3.499936943553192
0.043900000000000 1.000000000000112 0.500000000000052 0.000000000000092 699.987388902674297 3.499936943709350
0.044000000000000 1.000000000000112 0.500000000000052 0.000000000000096 699.987388902673956 3.499936943850429
0.044100000000000 1.000000000000112 0.500000000000052 0.000000000000100 699.987388902674411 3.499936943976623
0.044200000000000 1.000000000000112 0.500000000000053 0.000000000000105 699.987388902675093 3.499936944088021
0.044300000000000 1.000000000000112 0.500000000000052 0.000000000000110 699.987388902674411 3.499936944185196
0.044400000000000 1.000000000000111 0.500000000000052 0.000000000000115 699.987388902674638 3.499936944268534
0.044500000000000 1.000000000000114 0.500000000000053 0.000000000000120 699.987388902675775 3.499936944338370
0.044600000000000 1.000000000000113 0.500000000000052 0.000000000000124 699.987388902674866 3.499936944395320
0.044700000000000 1.000000000000112 0.500000000000053 0.000000000000130 699.987388902674866 3.499936944439991
0.044800000000000 1.000000000000115 0.500000000000053 0.000000000000133 699.987388902675093 3.499936944473236
0.044900000000000 1.000000000000115 0.500000000000053 0.000000000000137 699.987388902675320 3.499936944495791
0.045000000000000 1.000000000000114 0.500000000000053 0.000000000000142 699.987388902676116 3.499936944508382
0.045100000000000 1.000000000000114 0.500000000000053 0.000000000000147 699.987388902675775 3.499936944511898
0.045200000000000 1.000000000000114 0.500000000000053 0.000000000000151 699.987388902676571 3.499936944507148
0.045300000000000 1.000000000000115 0.500000000000053 0.000000000000158 699.987388902676457 3.499936944495043
0.045400000000000 1.000000000000116 0.500000000000053 0.000000000000163 699.987388902677026 3.499936944476507
0.045500000000000 1.000000000000114 0.500000000000054 0.000000000000168 699.987388902676571 3.499936944452325
0.045600000000000 1.000000000000116 0.500000000000054 0.000000000000175 699.987388902676344 3.499936944423427
0.045700000000000 1.000000000000116 0.500000000000055 0.000000000000181 699.987388902676571 3.499936944390675
0.045800000000000 1.000000000000115 0.500000000000054 0.000000000000186 699.987388902676457 3.499936944355191
0.045900000000000 1.000000000000119 0.500000000000055 0.000000000000189 699.987388902676230 3.499936944317831
0.046000000000000 1.000000000000116 0.500000000000054 0.000000000000195 699.987388902677594 3.499936944279399
0.046100000000000 1.000000000000115 0.500000000000055 0.000000000000198 699.987388902678049 3.499936944240543
0.046200000000000 1.000000000000118 0.500000000000055 0.000000000000204 699.987388902677708 3.499936944201921
0.046300000000000 1.000000000000117 0.500000000000054 0.000000000000210 699.987388902677594 3.499936944164312
0.046400000000000 1.000000000000119 0.500000000000055 0.000000000000215 699.987388902677822 3.499936944128323
0.046500000000000 1.000000000000118 0.500000000000055 0.000000000000221 699.987388902678504 3.499936944094696
0.046600000000000 1.000000000000118 0.500000000000055 0.000000000000226 699.987388902678504 3.499936944064155
0.046700000000000 1.000000000000118 0.500000000000056 0.000000000000231 699.987388902678390 3.499936944037056
0.046800000000000 1.000000000000119 0.500000000000056 0.000000000000236 699.987388902679413 3.499936944013931
0.046900000000000 1.000000000000119 0.500000000000055 0.000000000000239 699.987388902678731 3.499936943995289
0.047000000000000 1.000000000000119 0.500000000000056 0.000000000000245 699.987388902678504 3.499936943981386
0.047100000000000 1.000000000000120 0.500000000000056 0.000000000000249 699.987388902678958 3.499936943972294
0.047200000000000 1.000000000000120 0.500000000000057 0.000000000000255 699.987388902678731 3.499936943968157
0.047300000000000 1.000000000000120 0.500000000000056 0.000000000000259 699.987388902680550 3.499936943969279
0.047400000000000 1.000000000000121 0.500000000000057 0.000000000000264 699.987388902680209 3.499936943975652
0.047500000000000 1.000000000000121 0.500000000000057 0.000000000000269 699.987388902680095 3.499936943987136
0.047600000000000 1.000000000000120 0.500000000000057 0.000000000000276 699.987388902680550 3.499936944003343
0.047700000000000 1.000000000000122 0.500000000000057 0.000000000000278 699.987388902680664 3.499936944023880
0.047800000000000 1.000000000000123 0.500000000000057 0.000000000000283 699.987388902681460 3.499936944048472
0.047900000000000 1.000000000000121 0.500000000000058 0.000000000000285 699.987388902680550 3.499936944076716
0.048000000000000 1.000000000000121 0.500000000000058 0.000000000000291 699.987388902681232 3.499936944108077
0.048100000000000 1.000000000000123 0.500000000000057 0.000000000000292 699.987388902680323 3.499936944142110
0.048200000000000 1.000000000000124 0.500000000000058 0.000000000000295 699.987388902681801 3.499936944178315
0.048300000000000 1.000000000000124 0.500000000000058 0.000000000000300 699.987388902681460 3.499936944216198
0.048400000000000 1.000000000000122 0.500000000000058 0.000000000000303 699.987388902681914 3.499936944254997
0.048500000000000 1.000000000000123 0.500000000000058 0.000000000000305 699.987388902681914 3.499936944293992
0.048600000000000 1.000000000000124 0.500000000000059 0.000000000000307 699.987388902682596 3.499936944332289
0.048700000000000 1.000000000000124 0.500000000000059 0.000000000000310 699.987388902682824 3.499936944369009
0.048800000000000 1.000000000000126 0.500000000000059 0.000000000000314 699.987388902683733 3.499936944403408
0.048900000000000 1.000000000000125 0.500000000000059 0.000000000000318 699.987388902681460 3.499936944434615
0.049000000000000 1.000000000000125 0.500000000000059 0.000000000000321 699.987388902683961 3.499936944461707
0.049100000000000 1.000000000000125 0.500000000000060 0.000000000000323 699.987388902684188 3.499936944483796
0.049200000000000 1.000000000000127 0.500000000000060 0.000000000000326 699.987388902683165 3.499936944500090
0.049300000000000 1.000000000000126 0.500000000000059 0.000000000000328 699.987388902683733 3.499936944509661
0.049400000000000 1.000000000000127 0.500000000000061 0.000000000000331 699.987388902683506 3.499936944511514
0.049500000000000 1.000000000000126 0.500000000000060 0.000000000000334 699.987388902684188 3.499936944504961
0.049600000000000 1.000000000000128 0.500000000000061 0.000000000000337 699.987388902684643 3.499936944488924
0.049700000000000 1.000000000000127 0.500000000000061 0.000000000000339 699.987388902684870 3.499936944462687
0.049800000000000 1.000000000000127 0.500000000000061 0.000000000000342 699.987388902684188 3.499936944425506
0.049900000000000 1.000000000000127 0.500000000000060 0.000000000000345 699.987388902684302 3.499936944376728
0.050000000000000 1.000000000000128 0.500000000000061 0.000000000000346 699.987388902684870 3.499936944315454
0.050100000000000 1.000000000000128 0.500000000000061 0.000000000000350 699.987388902684870 3.499936944241158
0.050200000000000 1.000000000000127 0.500000000000061 0.000000000000349 699.987388902685097 3.499936944153248
0.050300000000000 1.000000000000129 0.500000000000062 0.000000000000352 699.987388902686007 3.499936944051167
0.050400000000000 1.000000000000130 0.500000000000062 0.000000000000353 699.987388902686234 3.499936943934681
0.050500000000000 1.000000000000129 0.500000000000062 0.000000000000354 699.987388902686462 3.499936943803343
0.050600000000000 1.000000000000128 0.500000000000063 0.000000000000353 699.987388902686462 3.499936943656925
0.050700000000000 1.000000000000131 0.500000000000062 0.000000000000353 699.987388902686689 3.499936943495509
0.050800000000000 1.000000000000129 0.500000000000063 0.000000000000353 699.987388902686234 3.499936943318853
0.050900000000000 1.000000000000130 0.500000000000063 0.000000000000355 699.987388902685780 3.499936943126988
0.051000000000000 1.000000000000130 0.500000000000063 0.000000000000354 699.987388902685780 3.499936942919983
0.051100000000000 1.000000000000130 0.500000000000063 0.000000000000355 699.987388902686689 3.499936942697974
0.051200000000000 1.000000000000130 0.500000000000063 0.000000000000356 699.987388902688053 3.499936942461149
0.051300000000000 1.000000000000131 0.500000000000063 0.000000000000356 699.987388902687371 3.499936942209483
0.051400000000000 1.000000000000132 0.500000000000064 0.000000000000357 699.987388902687485 3.499936941942954
0.051500000000000 1.000000000000131 0.500000000000063 0.000000000000357 699.987388902688394 3.499936941662280
0.051600000000000 1.000000000000131 0.500000000000064 0.000000000000359 699.987388902688281 3.499936941368829
0.051700000000000 1.000000000000132 0.500000000000064 0.000000000000358 699.987388902688167 3.499936941063490
0.051800000000000 1.000000000000131 0.500000000000064 0.000000000000358 699.987388902687599 3.499936940746874
0.051900000000000 1.000000000000131 0.500000000000065 0.000000000000358 699.987388902688622 3.499936940420169
0.052000000000000 1.000000000000133 0.500000000000065 0.000000000000357 699.987388902688053 3.499936940084229
0.052100000000000 1.000000000000134 0.500000000000065 0.000000000000357 699.987388902688281 3.499936939739519
0.052200000000000 1.000000000000133 0.500000000000065 0.000000000000357 699.987388902688735 3.499936939388009
0.052300000000000 1.000000000000133 0.500000000000065 0.000000000000355 699.987388902688622 3.499936939031464
0.052400000000000 1.000000000000134 0.500000000000065 0.000000000000356 699.987388902688849 3.499936938670769
0.052500000000000 1.000000000000134 0.500000000000064 0.000000000000355 699.987388902689418 3.499936938306390
0.052600000000000 1.000000000000134 0.500000000000065 0.000000000000356 699.987388902690100 3.499936937938791
0.052700000000000 1.000000000000135 0.500000000000065 0.000000000000357 699.987388902689645 3.499936937569778
0.052800000000000 1.000000000000135 0.500000000000066 0.000000000000355 699.987388902690782 3.499936937201390
0.052900000000000 1.000000000000134 0.500000000000066 0.000000000000354 699.987388902690327 3.499936936835393
0.053000000000000 1.000000000000135 0.500000000000066 0.000000000000355 699.987388902690441 3.499936936473240
0.053100000000000 1.000000000000135 0.500000000000066 0.000000000000353 699.987388902690554 3.499936936115990
0.053200000000000 1.000000000000137 0.500000000000067 0.000000000000352 699.987388902690782 3.499936935764914
0.053300000000000 1.000000000000136 0.500000000000067 0.000000000000350 699.987388902691009 3.499936935421561
0.053400000000000 1.000000000000136 0.500000000000067 0.000000000000348 699.987388902691464 3.499936935086773
0.053500000000000 1.000000000000137 0.500000000000067 0.000000000000346 699.987388902691464 3.499936934761698
0.053600000000000 1.000000000000137 0.500000000000068 0.000000000000347 699.987388902693169 3.499936934447610
0.053700000000000 1.000000000000137 0.500000000000067 0.000000000000344 699.987388902691237 3.499936934146340
0.053800000000000 1.000000000000137 0.500000000000068 0.000000000000346 699.987388902692715 3.499936933859485
0.053900000000000 1.000000000000139 0.500000000000068 0.000000000000345 699.987388902692715 3.499936933589044
0.054000000000000 1.000000000000138 0.500000000000068 0.000000000000344 699.987388902692373 3.499936933335653
0.054100000000000 1.000000000000138 0.500000000000068 0.000000000000341 699.987388902692601 3.499936933099962
0.054200000000000 1.000000000000141 0.500000000000069 0.000000000000335 699.987388902692146 3.499936932882844
0.054300000000000 1.000000000000138 0.500000000000069 0.000000000000335 699.987388902692828 3.499936932685844
0.054400000000000 1.000000000000141 0.500000000000069 0.000000000000332 699.987388902692601 3.499936932510319
0.054500000000000 1.000000000000139 0.500000000000069 0.000000000000331 699.987388902693397 3.499936932356279
0.054600000000000 1.000000000000141 0.500000000000070 0.000000000000328 699.987388902692715 3.499936932224124
0.054700000000000 1.000000000000140 0.500000000000069 0.000000000000323 699.987388902693510 3.499936932115523
0.054800000000000 1.000000000000139 0.500000000000069 0.000000000000319 699.987388902693965 3.499936932030942
0.054900000000000 1.000000000000140 0.500000000000070 0.000000000000317 699.987388902694420 3.499936931969500
0.055000000000000 1.000000000000140 0.500000000000069 0.000000000000315 699.987388902693738 3.499936931931093
0.055100000000000 1.000000000000141 0.500000000000070 0.000000000000312 699.987388902694533 3.499936931916706
0.055200000000000 1.000000000000140 0.500000000000070 0.000000000000309 699.987388902693965 3.499936931926189
0.055300000000000 1.000000000000142 0.500000000000070 0.000000000000306 699.987388902694192 3.499936931959864
0.055400000000000 1.000000000000142 0.500000000000070 0.000000000000304 699.987388902694875 3.499936932018256
0.055500000000000 1.000000000000141 0.500000000000071 0.000000000000301 699.987388902695784 3.499936932101061
0.055600000000000 1.000000000000140 0.500000000000071 0.000000000000299 699.987388902695216 3.499936932208138
0.055700000000000 1.000000000000141 0.500000000000070 0.000000000000294 699.987388902694647 3.499936932339493
0.055800000000000 1.000000000000143 0.500000000000071 0.000000000000291 699.987388902695443 3.499936932493542
0.055900000000000 1.000000000000142 0.500000000000071 0.000000000000287 699.987388902696239 3.499936932669186
0.056000000000000 1.000000000000142 0.500000000000071 0.000000000000285 699.987388902695784 3.499936932865233
0.056100000000000 1.000000000000143 0.500000000000072 0.000000000000282 699.987388902696580 3.499936933080540
0.056200000000000 1.000000000000143 0.500000000000072 0.000000000000277 699.987388902696011 3.499936933314633
0.056300000000000 1.000000000000143 0.500000000000071 0.000000000000274 699.987388902696011 3.499936933566012
0.056400000000000 1.000000000000143 0.500000000000072 0.000000000000271 699.987388902696466 3.499936933833591
0.056500000000000 1.000000000000144 0.500000000000072 0.000000000000267 699.987388902695784 3.499936934116850
0.056600000000000 1.000000000000144 0.500000000000072 0.000000000000262 699.987388902696921 3.499936934414894
0.056700000000000 1.000000000000146 0.500000000000072 0.000000000000258 699.987388902697148 3.499936934726565
0.056800000000000 1.000000000000144 0.500000000000072 0.000000000000256 699.987388902697717 3.499936935049687
0.056900000000000 1.000000000000147 0.500000000000074 0.000000000000253 699.987388902695784 3.499936935383004
0.057000000000000 1.000000000000147 0.500000000000073 0.000000000000250 699.987388902696921 3.499936935726002
0.057100000000000 1.000000000000146 0.500000000000074 0.000000000000247 699.987388902697376 3.499936936076967
0.057200000000000 1.000000000000146 0.500000000000073 0.000000000000240 699.987388902697944 3.499936936434122
0.057300000000000 1.000000000000146 0.500000000000073 0.000000000000237 699.987388902697830 3.499936936796441
0.057400000000000 1.000000000000147 0.500000000000073 0.000000000000233 699.987388902697717 3.499936937162786
0.057500000000000 1.000000000000146 0.500000000000074 0.000000000000230 699.987388902698740 3.499936937531438
0.057600000000000 1.000000000000147 0.500000000000074 0.000000000000225 699.987388902698854 3.499936937900787
0.057700000000000 1.000000000000147 0.500000000000074 0.000000000000221 699.987388902699195 3.499936938269644
0.057800000000000 1.000000000000148 0.500000000000074 0.000000000000215 699.987388902699649 3.499936938636992
0.057900000000000 1.000000000000148 0.500000000000074 0.000000000000211 699.987388902698513 3.499936939000903
0.058000000000000 1.000000000000148 0.500000000000075 0.000000000000208 699.987388902699877 3.499936939359478
0.058100000000000 1.000000000000149 0.500000000000075 0.000000000000203 699.987388902699877 3.499936939711635
0.058200000000000 1.000000000000149 0.500000000000075 0.000000000000200 699.987388902699649 3.499936940056058
0.058300000000000 1.000000000000149 0.500000000000075 0.000000000000196 699.987388902700104 3.499936940392206
0.058400000000000 1.000000000000149 0.500000000000075 0.000000000000194 699.987388902700332 3.499936940719711
0.058500000000000 1.000000000000149 0.500000000000075 0.000000000000189 699.987388902699649 3.499936941037347
0.058600000000000 1.000000000000150 0.500000000000075 0.000000000000185 699.987388902701014 3.499936941343451
0.058700000000000 1.000000000000150 0.500000000000075 0.000000000000179 699.987388902700786 3.499936941637286
0.058800000000000 1.000000000000150 0.500000000000077 0.000000000000176 699.987388902701014 3.499936941917961
0.058900000000000 1.000000000000151 0.500000000000075 0.000000000000172 699.987388902701014 3.499936942185018
0.059000000000000 1.000000000000152 0.500000000000076 0.000000000000166 699.987388902701468 3.499936942438145
0.059100000000000 1.000000000000152 0.500000000000076 0.000000000000159 699.987388902701127 3.499936942677136
0.059200000000000 1.000000000000152 0.500000000000076 0.000000000000154 699.987388902701809 3.499936942900962
0.059300000000000 1.000000000000152 0.500000000000076 0.000000000000149 699.987388902701696 3.499936943109188
0.059400000000000 1.000000000000153 0.500000000000076 0.000000000000142 699.987388902702378 3.499936943301945
0.059500000000000 1.000000000000154 0.500000000000077 0.000000000000137 699.987388902702605 3.499936943479357
0.059600000000000 1.000000000000153 0.500000000000077 0.000000000000133 699.987388902702605 3.499936943641862
0.059700000000000 1.000000000000154 0.500000000000077 0.000000000000130 699.987388902702833 3.499936943789303
0.059800000000000 1.000000000000154 0.500000000000077 0.000000000000126 699.987388902702833 3.499936943921822
0.059900000000000 1.000000000000154 0.500000000000078 0.000000000000123 699.987388902703287 3.499936944039798
0.060000000000000 1.000000000000154 0.500000000000078 0.000000000000117 699.987388902704879 3.499936944143452
0.060100000000000 1.000000000000155 0.500000000000077 0.000000000000113 699.987388902704424 3.499936944232926
0.060200000000000 1.000000000000155 0.500000000000077 0.000000000000111 699.987388902703970 3.499936944308633
0.060300000000000 1.000000000000156 0.500000000000079 0.000000000000104 699.987388902703970 3.499936944371124
0.060400000000000 1.000000000000155 0.500000000000078 0.000000000000098 699.987388902704311 3.499936944421195
0.060500000000000 1.000000000000156 0.500000000000078 0.000000000000094 699.987388902705902 3.499936944459439
0.060600000000000 1.000000000000155 0.500000000000079 0.000000000000090 699.987388902704652 3.499936944486652
0.060700000000000 1.000000000000156 0.500000000000079 0.000000000000085 699.987388902704879 3.499936944503593
0.060800000000000 1.000000000000157 0.500000000000079 0.000000000000080 699.987388902705334 3.499936944511017
0.060900000000000 1.000000000000157 0.500000000000079 0.000000000000076 699.987388902704879 3.499936944509848
0.061000000000000 1.000000000000156 0.500000000000080 0.000000000000070 699.987388902703970 3.499936944500885
0.061100000000000 1.000000000000158 0.500000000000079 0.000000000000066 699.987388902705447 3.499936944485140
0.061200000000000 1.000000000000157 0.500000000000079 0.000000000000061 699.987388902705788 3.499936944463394
0.061300000000000 1.000000000000156 0.500000000000079 0.000000000000056 699.987388902705334 3.499936944436659
0.061400000000000 1.000000000000157 0.500000000000079 0.000000000000049 699.987388902706471 3.499936944405742
0.061500000000000 1.000000000000157 0.500000000000079 0.000000000000044 699.987388902706698 3.499936944371471
0.061600000000000 1.000000000000158 0.500000000000080 0.000000000000039 699.987388902705334 3.499936944334706
0.061700000000000 1.000000000000159 0.500000000000080 0.000000000000033 699.987388902707153 3.499936944296451
0.061800000000000 1.000000000000159 0.500000000000080 0.000000000000028 699.987388902706698 3.499936944257543
0.061900000000000 1.000000000000160 0.500000000000079 0.000000000000025 699.987388902707835 3.499936944218682
0.062000000000000 1.000000000000160 0.500000000000081 0.000000000000022 699.987388902707380 3.499936944180432
0.062100000000000 1.000000000000159 0.500000000000080 0.000000000000017 699.987388902707153 3.499936944143824
0.062200000000000 1.000000000000159 0.500000000000080 0.000000000000016 699.987388902707607 3.499936944109461
0.062300000000000 1.000000000000160 0.500000000000080 0.000000000000011 699.987388902707607 3.499936944077634
0.062400000000000 1.000000000000160 0.500000000000081 0.000000000000009 699.987388902707949 3.499936944049002
0.062500000000000 1.000000000000159 0.500000000000080 0.000000000000005 699.987388902707721 3.499936944024228
0.062600000000000 1.000000000000161 0.500000000000081 0.000000000000000 699.987388902708290 3.499936944003623
0.062700000000000 1.000000000000161 0.500000000000080 -0.000000000000003 699.987388902708631 3.499936943987668
0.062800000000000 1.000000000000160 0.500000000000081 -0.000000000000007 699.987388902708517 3.499936943976626
0.062900000000000 1.000000000000161 0.500000000000082 -0.000000000000010 699.987388902709313 3.499936943970642
0.063000000000000 1.000000000000163 0.500000000000081 -0.000000000000013 699.987388902708062 3.499936943969806
0.063100000000000 1.000000000000161 0.500000000000081 -0.000000000000016 699.987388902709199 3.499936943974070
0.063200000000000 1.000000000000163 0.500000000000081 -0.000000000000019 699.987388902708744 3.499936943983162
0.063300000000000 1.000000000000162 0.500000000000081 -0.000000000000023 699.987388902708972 3.499936943996856
0.063400000000000 1.000000000000163 0.500000000000081 -0.000000000000029 699.987388902709654 3.499936944014990
0.063500000000000 1.000000000000163 0.500000000000082 -0.000000000000032 699.987388902709426 3.499936944037244
0.063600000000000 1.000000000000164 0.500000000000082 -0.000000000000038 699.987388902709881 3.499936944063479
0.063700000000000 1.000000000000164 0.500000000000082 -0.000000000000043 699.987388902711018 3.499936944093264
0.063800000000000 1.000000000000165 0.500000000000082 -0.000000000000048 699.987388902709768 3.499936944125933
0.063900000000000 1.000000000000163 0.500000000000082 -0.000000000000052 699.987388902710563 3.499936944161230
0.064000000000000 1.000000000000164 0.500000000000082 -0.000000000000055 699.987388902710336 3.499936944198418
0.064100000000000 1.000000000000165 0.500000000000082 -0.000000000000059 699.987388902710336 3.499936944236858
0.064200000000000 1.000000000000166 0.500000000000082 -0.000000000000062 699.987388902710563 3.499936944275713
0.064300000000000 1.000000000000164 0.500000000000082 -0.000000000000066 699.987388902710791 3.499936944314403
0.064400000000000 1.000000000000165 0.500000000000082 -0.000000000000068 699.987388902711359 3.499936944351980
0.064500000000000 1.000000000000166 0.500000000000082 -0.000000000000073 699.987388902711132 3.499936944387523
0.064600000000000 1.000000000000166 0.500000000000082 -0.000000000000079 699.987388902711700 3.499936944420206
0.064700000000000 1.000000000000165 0.500000000000082 -0.000000000000084 699.987388902712382 3.499936944449261
0.064800000000000 1.000000000000166 0.500000000000083 -0.000000000000087 699.987388902712155 3.499936944473862
0.064900000000000 1.000000000000167 0.500000000000082 -0.000000000000091 699.987388902712269 3.499936944493066
0.065000000000000 1.000000000000166 0.500000000000083 -0.000000000000094 699.987388902712155 3.499936944505834
0.065100000000000 1.000000000000167 0.500000000000083 -0.000000000000098 699.987388902712837 3.499936944511297
0.065200000000000 1.000000000000168 0.500000000000083 -0.000000000000099 699.987388902712837 3.499936944508729
0.065300000000000 1.000000000000168 0.500000000000083 -0.000000000000101 699.987388902712382 3.499936944497171
0.065400000000000 1.000000000000168 0.500000000000083 -0.000000000000102 699.987388902712837 3.499936944475868
0.065500000000000 1.000000000000166 0.500000000000083 -0.000000000000100 699.987388902712382 3.499936944443910
0.065600000000000 1.000000000000169 0.500000000000083 -0.000000000000103 699.987388902713292 3.499936944400437
0.065700000000000 1.000000000000168 0.500000000000083 -0.000000000000103 699.987388902713519 3.499936944344879
0.065800000000000 1.000000000000169 0.500000000000083 -0.000000000000105 699.987388902714201 3.499936944276589
0.065900000000000 1.000000000000169 0.500000000000084 -0.000000000000108 699.987388902714656 3.499936944194822
0.066000000000000 1.000000000000169 0.500000000000084 -0.000000000000110 699.987388902715225 3.499936944099031
0.066100000000000 1.000000000000169 0.500000000000084 -0.000000000000114 699.987388902714201 3.499936943988760
0.066200000000000 1.000000000000170 0.500000000000084 -0.000000000000115 699.987388902715111 3.499936943863604
0.066300000000000 1.000000000000171 0.500000000000084 -0.000000000000116 699.987388902715338 3.499936943723414
0.066400000000000 1.000000000000170 0.500000000000085 -0.000000000000117 699.987388902715338 3.499936943568114
0.066500000000000 1.000000000000173 0.500000000000085 -0.000000000000117 699.987388902715338 3.499936943397400
0.066600000000000 1.000000000000170 0.500000000000084 -0.000000000000116 699.987388902715338 3.499936943211626
0.066700000000000 1.000000000000172 0.500000000000085 -0.000000000000117 699.987388902716248 3.499936943010844
0.066800000000000 1.000000000000172 0.500000000000085 -0.000000000000118 699.987388902716134 3.499936942795053
0.066900000000000 1.000000000000171 0.500000000000085 -0.000000000000119 699.987388902716475 3.499936942563983
0.067000000000000 1.000000000000173 0.500000000000085 -0.000000000000119 699.987388902716702 3.499936942317882
0.067100000000000 1.000000000000173 0.500000000000085 -0.000000000000117 699.987388902716930 3.499936942057507
0.067200000000000 1.000000000000173 0.500000000000085 -0.000000000000117 699.987388902717385 3.499936941783381
0.067300000000000 1.000000000000173 0.500000000000085 -0.000000000000118 699.987388902716475 3.499936941496369
0.067400000000000 1.000000000000173 0.500000000000085 -0.000000000000118 699.987388902717271 3.499936941197225
0.067500000000000 1.000000000000172 0.500000000000085 -0.000000000000119 699.987388902716134 3.499936940886839
0.067600000000000 1.000000000000174 0.500000000000085 -0.000000000000119 699.987388902716589 3.499936940566151
0.067700000000000 1.000000000000175 0.500000000000085 -0.000000000000118 699.987388902717385 3.499936940235627
0.067800000000000 1.000000000000174 0.500000000000085 -0.000000000000120 699.987388902716702 3.499936939896525
0.067900000000000 1.000000000000175 0.500000000000085 -0.000000000000120 699.987388902717612 3.499936939549447
0.068000000000000 1.000000000000175 0.500000000000086 -0.000000000000123 699.987388902717498 3.499936939194990
0.068100000000000 1.000000000000176 0.500000000000086 -0.000000000000125 699.987388902718749 3.499936938834981
0.068200000000000 1.000000000000175 0.500000000000086 -0.000000000000125 699.987388902718521 3.499936938470906
0.068300000000000 1.000000000000175 0.500000000000086 -0.000000000000124 699.987388902718521 3.499936938103761
0.068400000000000 1.000000000000177 0.500000000000085 -0.000000000000126 699.987388902718294 3.499936937734567
0.068500000000000 1.000000000000177 0.500000000000085 -0.000000000000127 699.987388902719090 3.499936937364609
0.068600000000000 1.000000000000177 0.500000000000085 -0.000000000000126 699.987388902718976 3.499936936995777
0.068700000000000 1.000000000000177 0.500000000000086 -0.000000000000126 699.987388902718749 3.499936936629596
0.068800000000000 1.000000000000177 0.500000000000086 -0.000000000000125 699.987388902719431 3.499936936267241
0.068900000000000 1.000000000000177 0.500000000000086 -0.000000000000124 699.987388902719204 3.499936935910144
0.069000000000000 1.000000000000177 0.500000000000086 -0.000000000000121 699.987388902720795 3.499936935560665
0.069100000000000 1.000000000000177 0.500000000000087 -0.000000000000121 699.987388902720454 3.499936935220568
0.069200000000000 1.000000000000178 0.500000000000087 -0.000000000000119 699.987388902720568 3.499936934890852
0.069300000000000 1.000000000000178 0.500000000000087 -0.000000000000119 699.987388902720909 3.499936934572597
0.069400000000000 1.000000000000180 0.500000000000087 -0.000000000000118 699.987388902721932 3.499936934267362
0.069500000000000 1.000000000000179 0.500000000000087 -0.000000000000119 699.987388902720909 3.499936933976254
0.069600000000000 1.000000000000179 0.500000000000087 -0.000000000000116 699.987388902722387 3.499936933700152
0.069700000000000 1.000000000000179 0.500000000000087 -0.000000000000114 699.987388902721250 3.499936933440212
0.069800000000000 1.000000000000180 0.500000000000087 -0.000000000000112 699.987388902721932 3.499936933197365
0.069900000000000 1.000000000000180 0.500000000000087 -0.000000000000110 699.987388902721477 3.499936932973380
0.070000000000000 1.000000000000181 0.500000000000087 -0.000000000000108 699.987388902721932 3.499936932769687
0.070100000000000 1.000000000000181 0.500000000000088 -0.000000000000106 699.987388902721477 3.499936932586629
0.070200000000000 1.000000000000181 0.500000000000088 -0.000000000000105 699.987388902721818 3.499936932424615
0.070300000000000 1.000000000000182 0.500000000000088 -0.000000000000101 699.987388902722842 3.499936932284398
0.070400000000000 1.000000000000183 0.500000000000088 -0.000000000000100 699.987388902723524 3.499936932166290
0.070500000000000 1.000000000000181 0.500000000000088 -0.000000000000098 699.987388902723069 3.499936932070332
0.070600000000000 1.000000000000183 0.500000000000088 -0.000000000000093 699.987388902722842 3.499936931997565
0.070700000000000 1.000000000000183 0.500000000000088 -0.000000000000091 699.987388902723069 3.499936931948594
0.070800000000000 1.000000000000183 0.500000000000089 -0.000000000000088 699.987388902723524 3.499936931922983
0.070900000000000 1.000000000000183 0.500000000000088 -0.000000000000087 699.987388902723524 3.499936931921493
0.071000000000000 1.000000000000185 0.500000000000088 -0.000000000000084 699.987388902723524 3.499936931944696
0.071100000000000 1.000000000000183 0.500000000000089 -0.000000000000081 699.987388902723865 3.499936931992271
0.071200000000000 1.000000000000184 0.500000000000089 -0.000000000000080 699.987388902724547 3.499936932064948
0.071300000000000 1.000000000000184 0.500000000000089 -0.000000000000077 699.987388902724319 3.499936932162850
0.071400000000000 1.000000000000185 0.500000000000089 -0.000000000000073 699.987388902724774 3.499936932284343
0.071500000000000 1.000000000000185 0.500000000000089 -0.000000000000068 699.987388902725229 3.499936932427103
0.071600000000000 1.000000000000186 0.500000000000089 -0.000000000000067 699.987388902725002 3.499936932590508
0.071700000000000 1.000000000000185 0.500000000000089 -0.000000000000065 699.987388902725115 3.499936932775043
0.071800000000000 1.000000000000186 0.500000000000089 -0.000000000000061 699.987388902724661 3.499936932980575
0.071900000000000 1.000000000000185 0.500000000000090 -0.000000000000058 699.987388902725115 3.499936933205910
0.072000000000000 1.000000000000186 0.500000000000090 -0.000000000000055 699.987388902726138 3.499936933449530
0.072100000000000 1.000000000000188 0.500000000000089 -0.000000000000052 699.987388902725570 3.499936933710546
0.072200000000000 1.000000000000189 0.500000000000090 -0.000000000000049 699.987388902726934 3.499936933986909
0.072300000000000 1.000000000000186 0.500000000000089 -0.000000000000046 699.987388902726593 3.499936934277751
0.072400000000000 1.000000000000189 0.500000000000090 -0.000000000000042 699.987388902726480 3.499936934582885
0.072500000000000 1.000000000000188 0.500000000000090 -0.000000000000038 699.987388902727616 3.499936934901145
0.072600000000000 1.000000000000190 0.500000000000091 -0.000000000000033 699.987388902727389 3.499936935230920
0.072700000000000 1.000000000000189 0.500000000000091 -0.000000000000031 699.987388902727730 3.499936935570704
0.072800000000000 1.000000000000187 0.500000000000091 -0.000000000000028 699.987388902727616 3.499936935918869
0.072900000000000 1.000000000000190 0.500000000000090 -0.000000000000023 699.987388902727844 3.499936936274583
0.073000000000000 1.000000000000189 0.500000000000091 -0.000000000000020 699.987388902728298 3.499936936636103
0.073100000000000 1.000000000000189 0.500000000000091 -0.000000000000014 699.987388902727844 3.499936937001425
0.073200000000000 1.000000000000190 0.500000000000090 -0.000000000000009 699.987388902728412 3.499936937369438
0.073300000000000 1.000000000000189 0.500000000000091 -0.000000000000006 699.987388902728298 3.499936937739030
0.073400000000000 1.000000000000191 0.500000000000091 -0.000000000000001 699.987388902728526 3.499936938108912
0.073500000000000 1.000000000000190 0.500000000000091 0.000000000000002 699.987388902729094 3.499936938477173
0.073600000000000 1.000000000000191 0.500000000000092 0.000000000000006 699.987388902729663 3.499936938841692
0.073700000000000 1.000000000000191 0.500000000000091 0.000000000000013 699.987388902729094 3.499936939201203
0.073800000000000 1.000000000000192 0.500000000000092 0.000000000000019 699.987388902729094 3.499936939554702
0.073900000000000 1.000000000000191 0.500000000000092 0.000000000000023 699.987388902729094 3.499936939901710
0.074000000000000 1.000000000000192 0.500000000000091 0.000000000000029 699.987388902729663 3.499936940240979
0.074100000000000 1.000000000000192 0.500000000000092 0.000000000000035 699.987388902730345 3.499936940571546
0.074200000000000 1.000000000000191 0.500000000000091 0.000000000000039 699.987388902730572 3.499936940892833
0.074300000000000 1.000000000000191 0.500000000000091 0.000000000000044 699.987388902729322 3.499936941203774
0.074400000000000 1.000000000000192 0.500000000000091 0.000000000000050 699.987388902730459 3.499936941503276
0.074500000000000 1.000000000000192 0.500000000000092 0.000000000000056 699.987388902730800 3.499936941790347
0.074600000000000 1.000000000000191 0.500000000000092 0.000000000000060 699.987388902731027 3.499936942063842
0.074700000000000 1.000000000000194 0.500000000000092 0.000000000000067 699.987388902730572 3.499936942323355
0.074800000000000 1.000000000000193 0.500000000000093 0.000000000000073 699.987388902730913 3.499936942568549
0.074900000000000 1.000000000000194 0.500000000000093 0.000000000000079 699.987388902731709 3.499936942798947
0.075000000000000 1.000000000000194 0.500000000000093 0.000000000000085 699.987388902732391 3.499936943014473
0.075100000000000 1.000000000000195 0.500000000000093 0.000000000000090 699.987388902731254 3.499936943214927
0.075200000000000 1.000000000000194 0.500000000000093 0.000000000000093 699.987388902731254 3.499936943400080
0.075300000000000 1.000000000000194 0.500000000000093 0.000000000000097 699.987388902732164 3.499936943569868
0.075400000000000 1.000000000000194 0.500000000000093 0.000000000000103 699.987388902732391 3.499936943724611
0.075500000000000 1.000000000000194 0.500000000000093 0.000000000000106 699.987388902732846 3.499936943864185
0.075600000000000 1.000000000000195 0.500000000000093 0.000000000000112 699.987388902732391 3.499936943988603
0.075700000000000 1.000000000000195 0.500000000000093 0.000000000000117 699.987388902731936 3.499936944098454
0.075800000000000 1.000000000000195 0.500000000000093 0.000000000000121 699.987388902732619 3.499936944194196
0.075900000000000 1.000000000000197 0.500000000000094 0.000000000000127 699.987388902732164 3.499936944275989
0.076000000000000 1.000000000000195 0.500000000000094 0.000000000000132 699.987388902732619 3.499936944344391
0.076100000000000 1.000000000000197 0.500000000000093 0.000000000000136 699.987388902733073 3.499936944400056
0.076200000000000 1.000000000000197 0.500000000000094 0.000000000000142 699.987388902733755 3.499936944443577
0.076300000000000 1.000000000000197 0.500000000000094 0.000000000000150 699.987388902733528 3.499936944475655
0.076400000000000 1.000000000000197 0.500000000000095 0.000000000000155 699.987388902733528 3.499936944496998
0.076500000000000 1.000000000000196 0.500000000000094 0.000000000000159 699.987388902733755 3.499936944508506
0.076600000000000 1.000000000000197 0.500000000000095 0.000000000000162 699.987388902733983 3.499936944511018
0.076700000000000 1.000000000000199 0.500000000000095 0.000000000000165 699.987388902734438 3.499936944505310
0.076800000000000 1.000000000000199 0.500000000000095 0.000000000000169 699.987388902734438 3.499936944492275
0.076900000000000 1.000000000000199 0.500000000000095 0.000000000000174 699.987388902734438 3.499936944472858
0.077000000000000 1.000000000000199 0.500000000000095 0.000000000000179 699.987388902734438 3.499936944447846
0.077100000000000 1.000000000000199 0.500000000000095 0.000000000000184 699.987388902735233 3.499936944418246
0.077200000000000 1.000000000000199 0.500000000000095 0.000000000000189 699.987388902734438 3.499936944384978
0.077300000000000 1.000000000000199 0.500000000000095 0.000000000000193 699.987388902736484 3.499936944349035
0.077400000000000 1.000000000000200 0.500000000000096 0.000000000000202 699.987388902736029 3.499936944311094
0.077500000000000 1.000000000000202 0.500000000000095 0.000000000000206 699.987388902735802 3.499936944272303
0.077600000000000 1.000000000000202 0.500000000000096 0.000000000000211 699.987388902736257 3.499936944233296
0.077700000000000 1.000000000000201 0.500000000000096 0.000000000000216 699.987388902735347 3.499936944194951
0.077800000000000 1.000000000000201 0.500000000000097 0.000000000000219 699.987388902735802 3.499936944157930
0.077900000000000 1.000000000000202 0.500000000000096 0.000000000000224 699.987388902736711 3.499936944122786
0.078000000000000 1.000000000000202 0.500000000000097 0.000000000000228 699.987388902736484 3.499936944089833
0.078100000000000 1.000000000000202 0.500000000000097 0.000000000000232 699.987388902737166 3.499936944059972
0.078200000000000 1.000000000000202 0.500000000000097 0.000000000000237 699.987388902736711 3.499936944033809
0.078300000000000 1.000000000000202 0.500000000000098 0.000000000000241 699.987388902736939 3.499936944011878
0.078400000000000 1.000000000000202 0.500000000000097 0.000000000000244 699.987388902737848 3.499936943994482
0.078500000000000 1.000000000000203 0.500000000000098 0.000000000000251 699.987388902737393 3.499936943981524
0.078600000000000 1.000000000000201 0.500000000000097 0.000000000000255 699.987388902736257 3.499936943973191
0.078700000000000 1.000000000000203 0.500000000000098 0.000000000000258 699.987388902737621 3.499936943969659
0.078800000000000 1.000000000000201 0.500000000000098 0.000000000000264 699.987388902737621 3.499936943971005
0.078900000000000 1.000000000000203 0.500000000000098 0.000000000000267 699.987388902737848 3.499936943977272
0.079000000000000 1.000000000000204 0.500000000000098 0.000000000000270 699.987388902737166 3.499936943988232
0.079100000000000 1.000000000000202 0.500000000000098 0.000000000000275 699.987388902737848 3.499936944003949
0.079200000000000 1.000000000000204 0.500000000000099 0.000000000000280 699.987388902738530 3.499936944024002
0.079300000000000 1.000000000000204 0.500000000000099 0.000000000000284 699.987388902738758 3.499936944048240
0.079400000000000 1.000000000000205 0.500000000000098 0.000000000000286 699.987388902738758 3.499936944076231
0.079500000000000 1.000000000000205 0.500000000000099 0.000000000000289 699.987388902738758 3.499936944107690
0.079600000000000 1.000000000000204 0.500000000000099 0.000000000000292 699.987388902737848 3.499936944142067
0.079700000000000 1.000000000000205 0.500000000000099 0.000000000000295 699.987388902739212 3.499936944178611
0.079800000000000 1.000000000000205 0.500000000000099 0.000000000000298 699.987388902738985 3.499936944216915
0.079900000000000 1.000000000000206 0.500000000000099 0.000000000000300 699.987388902739895 3.499936944256306
0.080000000000000 1.000000000000206 0.500000000000099 0.000000000000306 699.987388902739326 3.499936944295641
0.080100000000000 1.000000000000206 0.500000000000099 0.000000000000310 699.987388902740236 3.499936944334113
0.080200000000000 1.000000000000206 0.500000000000099 0.000000000000312 699.987388902739440 3.499936944370969
0.080300000000000 1.000000000000207 0.500000000000099 0.000000000000315 699.987388902740349 3.499936944405471
0.080400000000000 1.000000000000206 0.500000000000100 0.000000000000320 699.987388902739099 3.499936944436508
0.080500000000000 1.000000000000207 0.500000000000101 0.000000000000323 699.987388902740349 3.499936944463339
0.080600000000000 1.000000000000208 0.500000000000100 0.000000000000326 699.987388902740918 3.499936944485087
0.080700000000000 1.000000000000207 0.500000000000100 0.000000000000328 699.987388902740577 3.499936944500768
0.080800000000000 1.000000000000208 0.500000000000101 0.000000000000329 699.987388902740349 3.499936944509537
0.080900000000000 1.000000000000208 0.500000000000101 0.000000000000331 699.987388902741714 3.499936944510495
0.081000000000000 1.000000000000207 0.500000000000101 0.000000000000335 699.987388902740804 3.499936944502880
0.081100000000000 1.000000000000209 0.500000000000101 0.000000000000339 699.987388902741031 3.499936944485802
0.081200000000000 1.000000000000209 0.500000000000101 0.000000000000340 699.987388902741486 3.499936944458439
0.081300000000000 1.000000000000209 0.500000000000101 0.000000000000343 699.987388902742168 3.499936944420057
0.081400000000000 1.000000000000209 0.500000000000102 0.000000000000344 699.987388902741145 3.499936944369703
0.081500000000000 1.000000000000209 0.500000000000102 0.000000000000344 699.987388902741486 3.499936944306797
0.081600000000000 1.000000000000210 0.500000000000102 0.000000000000344 699.987388902741259 3.499936944230680
0.081700000000000 1.000000000000210 0.500000000000103 0.000000000000343 699.987388902742737 3.499936944140809
0.081800000000000 1.000000000000210 0.500000000000102 0.000000000000345 699.987388902743078 3.499936944036778
0.081900000000000 1.000000000000211 0.500000000000102 0.000000000000350 699.987388902743078 3.499936943918293
0.082000000000000 1.000000000000210 0.500000000000103 0.000000000000351 699.987388902742850 3.499936943785004
0.082100000000000 1.000000000000210 0.500000000000103 0.000000000000352 699.987388902742396 3.499936943636777
0.082200000000000 1.000000000000210 0.500000000000103 0.000000000000354 699.987388902743419 3.499936943473352
0.082300000000000 1.000000000000212 0.500000000000103 0.000000000000354 699.987388902744328 3.499936943294538
0.082400000000000 1.000000000000212 0.500000000000103 0.000000000000356 699.987388902743760 3.499936943100350
0.082500000000000 1.000000000000213 0.500000000000104 0.000000000000358 699.987388902743760 3.499936942890887
0.082600000000000 1.000000000000212 0.500000000000104 0.000000000000358 699.987388902744442 3.499936942666385
0.082700000000000 1.000000000000212 0.500000000000104 0.000000000000359 699.987388902744442 3.499936942426936
0.082800000000000 1.000000000000212 0.500000000000104 0.000000000000362 699.987388902743760 3.499936942172936
0.082900000000000 1.000000000000212 0.500000000000104 0.000000000000360 699.987388902743760 3.499936941905138
0.083000000000000 1.000000000000213 0.500000000000105 0.000000000000361 699.987388902745010 3.499936941623919
0.083100000000000 1.000000000000213 0.500000000000104 0.000000000000361 699.987388902743987 3.499936941329745
0.083200000000000 1.000000000000214 0.500000000000105 0.000000000000363 699.987388902744556 3.499936941023157
0.083300000000000 1.000000000000215 0.500000000000104 0.000000000000363 699.987388902744669 3.499936940705365
0.083400000000000 1.000000000000213 0.500000000000105 0.000000000000363 699.987388902744669 3.499936940377899
0.083500000000000 1.000000000000213 0.500000000000105 0.000000000000364 699.987388902745465 3.499936940041525
0.083600000000000 1.000000000000214 0.500000000000105 0.000000000000365 699.987388902745010 3.499936939696932
0.083700000000000 1.000000000000214 0.500000000000105 0.000000000000366 699.987388902746375 3.499936939345370
0.083800000000000 1.000000000000214 0.500000000000106 0.000000000000365 699.987388902745806 3.499936938987957
0.083900000000000 1.000000000000215 0.500000000000106 0.000000000000364 699.987388902745806 3.499936938625511
0.084000000000000 1.000000000000216 0.500000000000106 0.000000000000364 699.987388902745465 3.499936938259349
0.084100000000000 1.000000000000216 0.500000000000106 0.000000000000364 699.987388902746147 3.499936937891165
0.084200000000000 1.000000000000216 0.500000000000106 0.000000000000364 699.987388902746147 3.499936937522546
0.084300000000000 1.000000000000217 0.500000000000107 0.000000000000365 699.987388902746829 3.499936937153882
0.084400000000000 1.000000000000217 0.500000000000107 0.000000000000365 699.987388902747398 3.499936936786554
0.084500000000000 1.000000000000218 0.500000000000107 0.000000000000366 699.987388902746261 3.499936936422806
0.084600000000000 1.000000000000216 0.500000000000107 0.000000000000364 699.987388902747853 3.499936936064789
0.084700000000000 1.000000000000216 0.500000000000107 0.000000000000362 699.987388902746943 3.499936935714298
0.084800000000000 1.000000000000218 0.500000000000107 0.000000000000362 699.987388902747171 3.499936935372426
0.084900000000000 1.000000000000217 0.500000000000108 0.000000000000361 699.987388902748080 3.499936935039331
0.085000000000000 1.000000000000218 0.500000000000108 0.000000000000361 699.987388902746829 3.499936934715187
0.085100000000000 1.000000000000219 0.500000000000108 0.000000000000356 699.987388902747171 3.499936934402360
0.085200000000000 1.000000000000217 0.500000000000108 0.000000000000354 699.987388902747853 3.499936934103015
0.085300000000000 1.000000000000218 0.500000000000108 0.000000000000353 699.987388902748989 3.499936933818220
0.085400000000000 1.000000000000218 0.500000000000108 0.000000000000351 699.987388902748194 3.499936933549521
0.085500000000000 1.000000000000217 0.500000000000108 0.000000000000350 699.987388902748762 3.499936933298231
0.085600000000000 1.000000000000219 0.500000000000109 0.000000000000348 699.987388902748080 3.499936933065074
0.085700000000000 1.000000000000220 0.500000000000109 0.000000000000345 699.987388902749331 3.499936932851275
0.085800000000000 1.000000000000218 0.500000000000109 0.000000000000341 699.987388902748989 3.499936932657961
0.085900000000000 1.000000000000220 0.500000000000109 0.000000000000340 699.987388902749672 3.499936932485276
0.086000000000000 1.000000000000220 0.500000000000109 0.000000000000337 699.987388902749899 3.499936932334084
0.086100000000000 1.000000000000219 0.500000000000109 0.000000000000336 699.987388902748648 3.499936932205590
0.086200000000000 1.000000000000219 0.500000000000109 0.000000000000331 699.987388902748876 3.499936932099968
0.086300000000000 1.000000000000220 0.500000000000109 0.000000000000329 699.987388902749672 3.499936932017842
0.086400000000000 1.000000000000220 0.500000000000110 0.000000000000326 699.987388902750354 3.499936931959586
0.086500000000000 1.000000000000220 0.500000000000110 0.000000000000325 699.987388902749785 3.499936931924978
0.086600000000000 1.000000000000221 0.500000000000110 0.000000000000320 699.987388902750354 3.499936931913917
0.086700000000000 1.000000000000221 0.500000000000110 0.000000000000317 699.987388902750467 3.499936931927289
0.086800000000000 1.000000000000222 0.500000000000110 0.000000000000314 699.987388902749331 3.499936931965654
0.086900000000000 1.000000000000222 0.500000000000111 0.000000000000312 699.987388902751491 3.499936932028812
0.087000000000000 1.000000000000222 0.500000000000111 0.000000000000310 699.987388902750922 3.499936932115590
0.087100000000000 1.000000000000223 0.500000000000111 0.000000000000306 699.987388902750581 3.499936932225003
0.087200000000000 1.000000000000223 0.500000000000111 0.000000000000303 699.987388902750354 3.499936932357343
0.087300000000000 1.000000000000222 0.500000000000111 0.000000000000300 699.987388902751263 3.499936932511983
0.087400000000000 1.000000000000223 0.500000000000111 0.000000000000297 699.987388902750808 3.499936932687325
0.087500000000000 1.000000000000222 0.500000000000112 0.000000000000293 699.987388902752173 3.499936932882690
0.087600000000000 1.000000000000224 0.500000000000112 0.000000000000290 699.987388902751491 3.499936933098162
0.087700000000000 1.000000000000224 0.500000000000112 0.000000000000285 699.987388902752286 3.499936933333830
0.087800000000000 1.000000000000224 0.500000000000112 0.000000000000282 699.987388902752400 3.499936933587978
0.087900000000000 1.000000000000224 0.500000000000112 0.000000000000278 699.987388902752400 3.499936933859164
0.088000000000000 1.000000000000224 0.500000000000112 0.000000000000273 699.987388902752627 3.499936934146456
0.088100000000000 1.000000000000224 0.500000000000112 0.000000000000270 699.987388902752855 3.499936934448264
0.088200000000000 1.000000000000225 0.500000000000112 0.000000000000266 699.987388902752855 3.499936934763099
0.088300000000000 1.000000000000225 0.500000000000113 0.000000000000261 699.987388902752855 3.499936935089887
0.088400000000000 1.000000000000225 0.500000000000112 0.000000000000257 699.987388902752173 3.499936935427195
0.088500000000000 1.000000000000225 0.500000000000113 0.000000000000253 699.987388902753082 3.499936935773700
0.088600000000000 1.000000000000225 0.500000000000113 0.000000000000249 699.987388902753764 3.499936936128041
0.088700000000000 1.000000000000226 0.500000000000113 0.000000000000244 699.987388902754219 3.499936936488827
0.088800000000000 1.000000000000226 0.500000000000113 0.000000000000241 699.987388902754674 3.499936936854365
0.088900000000000 1.000000000000226 0.500000000000114 0.000000000000237 699.987388902754446 3.499936937222071
0.089000000000000 1.000000000000225 0.500000000000113 0.000000000000233 699.987388902754446 3.499936937590835
0.089100000000000 1.000000000000227 0.500000000000114 0.000000000000226 699.987388902754674 3.499936937959327
0.089200000000000 1.000000000000227 0.500000000000114 0.000000000000220 699.987388902754674 3.499936938325727
0.089300000000000 1.000000000000226 0.500000000000114 0.000000000000217 699.987388902753537 3.499936938689203
0.089400000000000 1.000000000000226 0.500000000000115 0.000000000000213 699.987388902754219 3.499936939048697
0.089500000000000 1.000000000000228 0.500000000000114 0.000000000000208 699.987388902755583 3.499936939403401
0.089600000000000 1.000000000000228 0.500000000000114 0.000000000000204 699.987388902755583 3.499936939752408
0.089700000000000 1.000000000000229 0.500000000000115 0.000000000000198 699.987388902754446 3.499936940094743
0.089800000000000 1.000000000000228 0.500000000000115 0.000000000000193 699.987388902755811 3.499936940429160
0.089900000000000 1.000000000000229 0.500000000000115 0.000000000000189 699.987388902755697 3.499936940754145
0.090000000000000 1.000000000000229 0.500000000000115 0.000000000000183 699.987388902755924 3.499936941069064
0.090100000000000 1.000000000000228 0.500000000000115 0.000000000000179 699.987388902756834 3.499936941373425
0.090200000000000 1.000000000000229 0.500000000000116 0.000000000000174 699.987388902757061 3.499936941666089
0.090300000000000 1.000000000000229 0.500000000000116 0.000000000000169 699.987388902757175 3.499936941945961
0.090400000000000 1.000000000000231 0.500000000000115 0.000000000000165 699.987388902756493 3.499936942212309
0.090500000000000 1.000000000000230 0.500000000000116 0.000000000000161 699.987388902756948 3.499936942464538
0.090600000000000 1.000000000000230 0.500000000000117 0.000000000000155 699.987388902757630 3.499936942701933
0.090700000000000 1.000000000000231 0.500000000000116 0.000000000000148 699.987388902757516 3.499936942924516
0.090800000000000 1.000000000000232 0.500000000000116 0.000000000000142 699.987388902757402 3.499936943131968
0.090900000000000 1.000000000000233 0.500000000000117 0.000000000000136 699.987388902757857 3.499936943324092
0.091000000000000 1.000000000000232 0.500000000000117 0.000000000000132 699.987388902757857 3.499936943500842
0.091100000000000 1.000000000000232 0.500000000000117 0.000000000000127 699.987388902758084 3.499936943661894
0.091200000000000 1.000000000000232 0.500000000000118 0.000000000000121 699.987388902759221 3.499936943807404
0.091300000000000 1.000000000000233 0.500000000000117 0.000000000000116 699.987388902759562 3.499936943938175
0.091400000000000 1.000000000000232 0.500000000000117 0.000000000000111 699.987388902757516 3.499936944054406
0.091500000000000 1.000000000000232 0.500000000000117 0.000000000000104 699.987388902758880 3.499936944156137
0.091600000000000 1.000000000000235 0.500000000000117 0.000000000000099 699.987388902758426 3.499936944243671
0.091700000000000 1.000000000000234 0.500000000000117 0.000000000000093 699.987388902760358 3.499936944317419
0.091800000000000 1.000000000000234 0.500000000000118 0.000000000000089 699.987388902758767 3.499936944378077
0.091900000000000 1.000000000000234 0.500000000000118 0.000000000000084 699.987388902760131 3.499936944426269
0.092000000000000 1.000000000000235 0.500000000000119 0.000000000000076 699.987388902760131 3.499936944462903
0.092100000000000 1.000000000000234 0.500000000000119 0.000000000000072 699.987388902760358 3.499936944488628
0.092200000000000 1.000000000000235 0.500000000000119 0.000000000000067 699.987388902759903 3.499936944504278
0.092300000000000 1.000000000000237 0.500000000000119 0.000000000000061 699.987388902759903 3.499936944510629
0.092400000000000 1.000000000000236 0.500000000000119 0.000000000000055 699.987388902759903 3.499936944508457
0.092500000000000 1.000000000000236 0.500000000000118 0.000000000000051 699.987388902760813 3.499936944498728
0.092600000000000 1.000000000000237 0.500000000000119 0.000000000000046 699.987388902761268 3.499936944482185
0.092700000000000 1.000000000000236 0.500000000000119 0.000000000000043 699.987388902761154 3.499936944459874
0.092800000000000 1.000000000000238 0.500000000000119 0.000000000000039 699.987388902761154 3.499936944432561
0.092900000000000 1.000000000000235 0.500000000000120 0.000000000000031 699.987388902761040 3.499936944401246
0.093000000000000 1.000000000000238 0.500000000000120 0.000000000000028 699.987388902762177 3.499936944366775
0.093100000000000 1.000000000000237 0.500000000000120 0.000000000000023 699.987388902761609 3.499936944330002
0.093200000000000 1.000000000000238 0.500000000000120 0.000000000000018 699.987388902762746 3.499936944291841
0.093300000000000 1.000000000000239 0.500000000000119 0.000000000000011 699.987388902762405 3.499936944253166
0.093400000000000 1.000000000000239 0.500000000000121 0.000000000000007 699.987388902761722 3.499936944214547
0.093500000000000 1.000000000000238 0.500000000000120 0.000000000000002 699.987388902762291 3.499936944176865
0.093600000000000 1.000000000000239 0.500000000000120 -0.000000000000004 699.987388902761381 3.499936944140563
0.093700000000000 1.000000000000240 0.500000000000120 -0.000000000000008 699.987388902763882 3.499936944106500
0.093800000000000 1.000000000000238 0.500000000000120 -0.000000000000014 699.987388902763200 3.499936944075285
0.093900000000000 1.000000000000238 0.500000000000120 -0.000000000000019 699.987388902762632 3.499936944047263
0.094000000000000 1.000000000000240 0.500000000000121 -0.000000000000023 699.987388902763428 3.499936944023075
0.094100000000000 1.000000000000240 0.500000000000120 -0.000000000000031 699.987388902763655 3.499936944003181
0.094200000000000 1.000000000000240 0.500000000000120 -0.000000000000037 699.987388902763087 3.499936943987948
0.094300000000000 1.000000000000240 0.500000000000121 -0.000000000000042 699.987388902764451 3.499936943977519
0.094400000000000 1.000000000000240 0.500000000000121 -0.000000000000045 699.987388902764678 3.499936943971818
0.094500000000000 1.000000000000239 0.500000000000121 -0.000000000000051 699.987388902764451 3.499936943970941
0.094600000000000 1.000000000000241 0.500000000000122 -0.000000000000056 699.987388902764678 3.499936943974988
0.094700000000000 1.000000000000242 0.500000000000121 -0.000000000000060 699.987388902764906 3.499936943984088
0.094800000000000 1.000000000000242 0.500000000000121 -0.000000000000063 699.987388902764906 3.499936943997921
0.094900000000000 1.000000000000241 0.500000000000121 -0.000000000000066 699.987388902764678 3.499936944016293
0.095000000000000 1.000000000000242 0.500000000000121 -0.000000000000071 699.987388902764906 3.499936944039181
0.095100000000000 1.000000000000242 0.500000000000121 -0.000000000000076 699.987388902765247 3.499936944066124
0.095200000000000 1.000000000000243 0.500000000000122 -0.000000000000081 699.987388902765815 3.499936944096405
0.095300000000000 1.000000000000243 0.500000000000121 -0.000000000000086 699.987388902765474 3.499936944129747
0.095400000000000 1.000000000000242 0.500000000000122 -0.000000000000091 699.987388902766384 3.499936944165337
0.095500000000000 1.000000000000244 0.500000000000122 -0.000000000000096 699.987388902766270 3.499936944202688
0.095600000000000 1.000000000000244 0.500000000000122 -0.000000000000099 699.987388902766270 3.499936944241119
0.095700000000000 1.000000000000245 0.500000000000123 -0.000000000000104 699.987388902767179 3.499936944279885
0.095800000000000 1.000000000000245 0.500000000000122 -0.000000000000106 699.987388902766725 3.499936944318391
0.095900000000000 1.000000000000244 0.500000000000122 -0.000000000000107 699.987388902766952 3.499936944355732
0.096000000000000 1.000000000000246 0.500000000000123 -0.000000000000113 699.987388902768316 3.499936944390995
0.096100000000000 1.000000000000244 0.500000000000123 -0.000000000000116 699.987388902767748 3.499936944423437
0.096200000000000 1.000000000000246 0.500000000000123 -0.000000000000118 699.987388902766838 3.499936944452101
0.096300000000000 1.000000000000246 0.500000000000122 -0.000000000000122 699.987388902768316 3.499936944475989
0.096400000000000 1.000000000000245 0.500000000000123 -0.000000000000124 699.987388902768316 3.499936944494276
0.096500000000000 1.000000000000246 0.500000000000122 -0.000000000000127 699.987388902767520 3.499936944506164
0.096600000000000 1.000000000000247 0.500000000000123 -0.000000000000130 699.987388902767520 3.499936944510750
0.096700000000000 1.000000000000247 0.500000000000122 -0.000000000000131 699.987388902768544 3.499936944507063
0.096800000000000 1.000000000000247 0.500000000000123 -0.000000000000134 699.987388902768885 3.499936944494249
0.096900000000000 1.000000000000248 0.500000000000123 -0.000000000000136 699.987388902768544 3.499936944471520
0.097000000000000 1.000000000000248 0.500000000000122 -0.000000000000141 699.987388902767975 3.499936944438085
0.097100000000000 1.000000000000248 0.500000000000123 -0.000000000000142 699.987388902769226 3.499936944393091
0.097200000000000 1.000000000000248 0.500000000000123 -0.000000000000146 699.987388902768885 3.499936944335910
0.097300000000000 1.000000000000247 0.500000000000123 -0.000000000000147 699.987388902769453 3.499936944265813
0.097400000000000 1.000000000000248 0.500000000000123 -0.000000000000148 699.987388902769908 3.499936944182438
0.097500000000000 1.000000000000250 0.500000000000124 -0.000000000000149 699.987388902769680 3.499936944085241
0.097600000000000 1.000000000000249 0.500000000000124 -0.000000000000150 699.987388902770135 3.499936943973964
0.097700000000000 1.000000000000249 0.500000000000123 -0.000000000000153 699.987388902770363 3.499936943848277
0.097800000000000 1.000000000000251 0.500000000000124 -0.000000000000152 699.987388902770931 3.499936943707440
0.097900000000000 1.000000000000249 0.500000000000124 -0.000000000000154 699.987388902770363 3.499936943551224
0.098000000000000 1.000000000000250 0.500000000000124 -0.000000000000154 699.987388902771045 3.499936943379863
0.098100000000000 1.000000000000251 0.500000000000124 -0.000000000000155 699.987388902770817 3.499936943193536
0.098200000000000 1.000000000000250 0.500000000000124 -0.000000000000154 699.987388902770817 3.499936942992071
0.098300000000000 1.000000000000250 0.500000000000124 -0.000000000000159 699.987388902771272 3.499936942775090
0.098400000000000 1.000000000000251 0.500000000000124 -0.000000000000160 699.987388902771272 3.499936942542567
0.098500000000000 1.000000000000251 0.500000000000124 -0.000000000000160 699.987388902772182 3.499936942295003
0.098600000000000 1.000000000000253 0.500000000000124 -0.000000000000159 699.987388902771727 3.499936942032759
0.098700000000000 1.000000000000252 0.500000000000125 -0.000000000000158 699.987388902771045 3.499936941756070
0.098800000000000 1.000000000000254 0.500000000000124 -0.000000000000159 699.987388902772977 3.499936941466249
0.098900000000000 1.000000000000253 0.500000000000125 -0.000000000000158 699.987388902773660 3.499936941164067
0.099000000000000 1.000000000000253 0.500000000000125 -0.000000000000157 699.987388902772182 3.499936940850687
0.099100000000000 1.000000000000253 0.500000000000125 -0.000000000000158 699.987388902773091 3.499936940527342
0.099200000000000 1.000000000000254 0.500000000000124 -0.000000000000158 699.987388902772523 3.499936940194691
0.099300000000000 1.000000000000254 0.500000000000125 -0.000000000000158 699.987388902773091 3.499936939853492
0.099400000000000 1.000000000000256 0.500000000000125 -0.000000000000157 699.987388902774001 3.499936939504797
0.099500000000000 1.000000000000254 0.500000000000125 -0.000000000000157 699.987388902773432 3.499936939149523
0.099600000000000 1.000000000000254 0.500000000000125 -0.000000000000155 699.987388902772523 3.499936938789172
0.099700000000000 1.000000000000254 0.500000000000125 -0.000000000000156 699.987388902773318 3.499936938425172
0.099800000000000 1.000000000000255 0.500000000000126 -0.000000000000155 699.987388902773773 3.499936938058396
0.099900000000000 1.000000000000256 0.500000000000125 -0.000000000000153 699.987388902774455 3.499936937690117
0.100000000000000 1.000000000000255 0.500000000000125 -0.000000000000153 699.987388902774455 3.499936937321543
0.100100000000000 1.000000000000257 0.500000000000125 -0.000000000000152 699.987388902774683 3.499936936954636
0.100200000000000 1.000000000000256 0.500000000000125 -0.000000000000152 699.987388902774455 3.499936936590676
0.100300000000000 1.000000000000256 0.500000000000126 -0.000000000000152 699.987388902774910 3.499936936230861
0.100400000000000 1.000000000000256 0.500000000000126 -0.000000000000151 699.987388902775024 3.499936935877251
0.100500000000000 1.000000000000258 0.500000000000126 -0.000000000000151 699.987388902776388 3.499936935530484
0.100600000000000 1.000000000000256 0.500000000000126 -0.000000000000151 699.987388902775592 3.499936935191995
0.100700000000000 1.000000000000256 0.500000000000126 -0.000000000000150 699.987388902775592 3.499936934863705
0.100800000000000 1.000000000000259 0.500000000000126 -0.000000000000150 699.987388902776388 3.499936934546010
0.100900000000000 1.000000000000257 0.500000000000126 -0.000000000000149 699.987388902775933 3.499936934239582
0.101000000000000 1.000000000000257 0.500000000000126 -0.000000000000148 699.987388902776274 3.499936933946354
0.101100000000000 1.000000000000257 0.500000000000126 -0.000000000000146 699.987388902775820 3.499936933668884
0.101200000000000 1.000000000000258 0.500000000000126 -0.000000000000145 699.987388902776047 3.499936933408553
0.101300000000000 1.000000000000260 0.500000000000126 -0.000000000000142 699.987388902777184 3.499936933165705
0.101400000000000 1.000000000000259 0.500000000000126 -0.000000000000139 699.987388902777070 3.499936932941974
0.101500000000000 1.000000000000259 0.500000000000126 -0.000000000000135 699.987388902777411 3.499936932738509
0.101600000000000 1.000000000000259 0.500000000000127 -0.000000000000133 699.987388902777184 3.499936932555849
0.101700000000000 1.000000000000259 0.500000000000127 -0.000000000000129 699.987388902776729 3.499936932394470
0.101800000000000 1.000000000000260 0.500000000000127 -0.000000000000129 699.987388902778207 3.499936932254426
0.101900000000000 1.000000000000260 0.500000000000127 -0.000000000000126 699.987388902778321 3.499936932137043
0.102000000000000 1.000000000000261 0.500000000000127 -0.000000000000120 699.987388902778093 3.499936932043439
0.102100000000000 1.000000000000261 0.500000000000126 -0.000000000000119 699.987388902778775 3.499936931974093
0.102200000000000 1.000000000000260 0.500000000000127 -0.000000000000114 699.987388902779003 3.499936931929073
0.102300000000000 1.000000000000260 0.500000000000128 -0.000000000000110 699.987388902779117 3.499936931908834
0.102400000000000 1.000000000000260 0.500000000000128 -0.000000000000107 699.987388902778775 3.499936931913624
0.102500000000000 1.000000000000261 0.500000000000127 -0.000000000000103 699.987388902777639 3.499936931942969
0.102600000000000 1.000000000000262 0.500000000000127 -0.000000000000099 699.987388902778775 3.499936931995941
0.102700000000000 1.000000000000262 0.500000000000127 -0.000000000000094 699.987388902779230 3.499936932071940
0.102800000000000 1.000000000000262 0.500000000000127 -0.000000000000093 699.987388902779003 3.499936932171163
0.102900000000000 1.000000000000264 0.500000000000127 -0.000000000000090 699.987388902780140 3.499936932293606
0.103000000000000 1.000000000000264 0.500000000000127 -0.000000000000084 699.987388902778548 3.499936932439024
0.103100000000000 1.000000000000263 0.500000000000128 -0.000000000000079 699.987388902779230 3.499936932606851
0.103200000000000 1.000000000000263 0.500000000000128 -0.000000000000075 699.987388902778775 3.499936932796015
0.103300000000000 1.000000000000263 0.500000000000128 -0.000000000000069 699.987388902781049 3.499936933004760
0.103400000000000 1.000000000000263 0.500000000000128 -0.000000000000066 699.987388902780140 3.499936933231741
0.103500000000000 1.000000000000263 0.500000000000128 -0.000000000000061 699.987388902780822 3.499936933477482
0.103600000000000 1.000000000000263 0.500000000000128 -0.000000000000056 699.987388902781163 3.499936933741035
0.103700000000000 1.000000000000265 0.500000000000128 -0.000000000000050 699.987388902780367 3.499936934020175
0.103800000000000 1.000000000000265 0.500000000000128 -0.000000000000046 699.987388902780822 3.499936934314082
0.103900000000000 1.000000000000266 0.500000000000128 -0.000000000000042 699.987388902781390 3.499936934621613
0.104000000000000 1.000000000000265 0.500000000000129 -0.000000000000038 699.987388902781504 3.499936934940863
0.104100000000000 1.000000000000268 0.500000000000128 -0.000000000000034 699.987388902781504 3.499936935271168
0.104200000000000 1.000000000000266 0.500000000000128 -0.000000000000028 699.987388902782186 3.499936935612002
0.104300000000000 1.000000000000266 0.500000000000129 -0.000000000000023 699.987388902781959 3.499936935961631
0.104400000000000 1.000000000000268 0.500000000000129 -0.000000000000016 699.987388902782186 3.499936936318270
0.104500000000000 1.000000000000268 0.500000000000129 -0.000000000000012 699.987388902783096 3.499936936679405
0.104600000000000 1.000000000000267 0.500000000000129 -0.000000000000008 699.987388902783550 3.499936937043452
0.104700000000000 1.000000000000268 0.500000000000130 -0.000000000000002 699.987388902782300 3.499936937410058
0.104800000000000 1.000000000000268 0.500000000000130 0.000000000000002 699.987388902783096 3.499936937778294
0.104900000000000 1.000000000000270 0.500000000000130 0.000000000000009 699.987388902783778 3.499936938146767
0.105000000000000 1.000000000000269 0.500000000000130 0.000000000000014 699.987388902784232 3.499936938513630
0.105100000000000 1.000000000000269 0.500000000000130 0.000000000000018 699.987388902783778 3.499936938877195
0.105200000000000 1.000000000000270 0.500000000000131 0.000000000000025 699.987388902784460 3.499936939236678
0.105300000000000 1.000000000000268 0.500000000000131 0.000000000000031 699.987388902783778 3.499936939590900
0.105400000000000 1.000000000000270 0.500000000000131 0.000000000000036 699.987388902784801 3.499936939938191
0.105500000000000 1.000000000000271 0.500000000000131 0.000000000000043 699.987388902784460 3.499936940277468
0.105600000000000 1.000000000000270 0.500000000000131 0.000000000000049 699.987388902784346 3.499936940608116
0.105700000000000 1.000000000000272 0.500000000000131 0.000000000000053 699.987388902784119 3.499936940929314
0.105800000000000 1.000000000000270 0.500000000000131 0.000000000000057 699.987388902785597 3.499936941240001
0.105900000000000 1.000000000000271 0.500000000000131 0.000000000000063 699.987388902785597 3.499936941538760
0.106000000000000 1.000000000000271 0.500000000000131 0.000000000000070 699.987388902785597 3.499936941824540
0.106100000000000 1.000000000000272 0.500000000000131 0.000000000000075 699.987388902785597 3.499936942096793
0.106200000000000 1.000000000000272 0.500000000000132 0.000000000000080 699.987388902785369 3.499936942354652
0.106300000000000 1.000000000000272 0.500000000000132 0.000000000000087 699.987388902786051 3.499936942597792
0.106400000000000 1.000000000000272 0.500000000000131 0.000000000000092 699.987388902785824 3.499936942826348
0.106500000000000 1.000000000000273 0.500000000000132 0.000000000000098 699.987388902786051 3.499936943039935
0.106600000000000 1.000000000000273 0.500000000000131 0.000000000000102 699.987388902786279 3.499936943238320
0.106700000000000 1.000000000000274 0.500000000000132 0.000000000000107 699.987388902786279 3.499936943421462
0.106800000000000 1.000000000000274 0.500000000000132 0.000000000000111 699.987388902786620 3.499936943589578
0.106900000000000 1.000000000000274 0.500000000000132 0.000000000000119 699.987388902786961 3.499936943742611
0.107000000000000 1.000000000000274 0.500000000000133 0.000000000000125 699.987388902786847 3.499936943880414
0.107100000000000 1.000000000000275 0.500000000000133 0.000000000000132 699.987388902787188 3.499936944003472
0.107200000000000 1.000000000000275 0.500000000000133 0.000000000000137 699.987388902787416 3.499936944111775
0.107300000000000 1.000000000000276 0.500000000000133 0.000000000000144 699.987388902788098 3.499936944205757
0.107400000000000 1.000000000000277 0.500000000000133 0.000000000000151 699.987388902788553 3.499936944285884
0.107500000000000 1.000000000000276 0.500000000000133 0.000000000000155 699.987388902787870 3.499936944352441
0.107600000000000 1.000000000000278 0.500000000000133 0.000000000000160 699.987388902788666 3.499936944406193
0.107700000000000 1.000000000000276 0.500000000000134 0.000000000000164 699.987388902789235 3.499936944447883
0.107800000000000 1.000000000000277 0.500000000000134 0.000000000000169 699.987388902789462 3.499936944478329
0.107900000000000 1.000000000000277 0.500000000000134 0.000000000000175 699.987388902790144 3.499936944498283
0.108000000000000 1.000000000000277 0.500000000000134 0.000000000000181 699.987388902790144 3.499936944508586
0.108100000000000 1.000000000000277 0.500000000000134 0.000000000000186 699.987388902789803 3.499936944510039
0.108200000000000 1.000000000000278 0.500000000000135 0.000000000000192 699.987388902789689 3.499936944503486
0.108300000000000 1.000000000000280 0.500000000000135 0.000000000000194 699.987388902790826 3.499936944489781
0.108400000000000 1.000000000000279 0.500000000000135 0.000000000000195 699.987388902790372 3.499936944469871
0.108500000000000 1.000000000000280 0.500000000000135 0.000000000000201 699.987388902790030 3.499936944444638
0.108600000000000 1.000000000000279 0.500000000000135 0.000000000000207 699.987388902790144 3.499936944415023
0.108700000000000 1.000000000000279 0.500000000000136 0.000000000000213 699.987388902791736 3.499936944381782
0.108800000000000 1.000000000000281 0.500000000000135 0.000000000000217 699.987388902791395 3.499936944345857
0.108900000000000 1.000000000000280 0.500000000000135 0.000000000000220 699.987388902791281 3.499936944308121
0.109000000000000 1.000000000000281 0.500000000000136 0.000000000000228 699.987388902791963 3.499936944269284
0.109100000000000 1.000000000000280 0.500000000000136 0.000000000000236 699.987388902792190 3.499936944230075
0.109200000000000 1.000000000000280 0.500000000000136 0.000000000000240 699.987388902792873 3.499936944191288
0.109300000000000 1.000000000000281 0.500000000000136 0.000000000000246 699.987388902792645 3.499936944153870
0.109400000000000 1.000000000000282 0.500000000000137 0.000000000000249 699.987388902792645 3.499936944118545
0.109500000000000 1.000000000000281 0.500000000000137 0.000000000000254 699.987388902793555 3.499936944085878
0.109600000000000 1.000000000000282 0.500000000000138 0.000000000000257 699.987388902793214 3.499936944056430
0.109700000000000 1.000000000000284 0.500000000000138 0.000000000000266 699.987388902793555 3.499936944030569
0.109800000000000 1.000000000000283 0.500000000000137 0.000000000000273 699.987388902792986 3.499936944008667
0.109900000000000 1.000000000000282 0.500000000000138 0.000000000000280 699.987388902794123 3.499936943991121
0.110000000000000 1.000000000000284 0.500000000000138 0.000000000000283 699.987388902794692 3.499936943978449
0.110100000000000 1.000000000000285 0.500000000000138 0.000000000000288 699.987388902794009 3.499936943970670
0.110200000000000 1.000000000000284 0.500000000000138 0.000000000000291 699.987388902794578 3.499936943967934
0.110300000000000 1.000000000000283 0.500000000000138 0.000000000000294 699.987388902794009 3.499936943970188
0.110400000000000 1.000000000000284 0.500000000000139 0.000000000000299 699.987388902794009 3.499936943977275
0.110500000000000 1.000000000000283 0.500000000000138 0.000000000000302 699.987388902794464 3.499936943989333
0.110600000000000 1.000000000000284 0.500000000000139 0.000000000000306 699.987388902794919 3.499936944006179
0.110700000000000 1.000000000000284 0.500000000000139 0.000000000000310 699.987388902794464 3.499936944027531
0.110800000000000 1.000000000000284 0.500000000000138 0.000000000000316 699.987388902796511 3.499936944052905
0.110900000000000 1.000000000000284 0.500000000000139 0.000000000000320 699.987388902794805 3.499936944081830
0.111000000000000 1.000000000000286 0.500000000000139 0.000000000000325 699.987388902794692 3.499936944113686
0.111100000000000 1.000000000000287 0.500000000000140 0.000000000000329 699.987388902795374 3.499936944148102
0.111200000000000 1.000000000000287 0.500000000000140 0.000000000000333 699.987388902795260 3.499936944184709
0.111300000000000 1.000000000000287 0.500000000000140 0.000000000000337 699.987388902796170 3.499936944222892
0.111400000000000 1.000000000000288 0.500000000000140 0.000000000000341 699.987388902796283 3.499936944261845
0.111500000000000 1.000000000000288 0.500000000000140 0.000000000000345 699.987388902796738 3.499936944300686
0.111600000000000 1.000000000000288 0.500000000000140 0.000000000000350 699.987388902797761 3.499936944338643
0.111700000000000 1.000000000000288 0.500000000000141 0.000000000000353 699.987388902796965 3.499936944374872
0.111800000000000 1.000000000000287 0.500000000000140 0.000000000000355 699.987388902796283 3.499936944408728
0.111900000000000 1.000000000000288 0.500000000000141 0.000000000000358 699.987388902797420 3.499936944439080
0.112000000000000 1.000000000000289 0.500000000000141 0.000000000000360 699.987388902797193 3.499936944465215
0.112100000000000 1.000000000000289 0.500000000000141 0.000000000000362 699.987388902797306 3.499936944486267
0.112200000000000 1.000000000000289 0.500000000000141 0.000000000000363 699.987388902797875 3.499936944501290
0.112300000000000 1.000000000000289 0.500000000000141 0.000000000000367 699.987388902798557 3.499936944509312
0.112400000000000 1.000000000000291 0.500000000000143 0.000000000000369 699.987388902797989 3.499936944509356
0.112500000000000 1.000000000000290 0.500000000000142 0.000000000000371 699.987388902798330 3.499936944500780
0.112600000000000 1.000000000000290 0.500000000000142 0.000000000000373 699.987388902798557 3.499936944482574
0.112700000000000 1.000000000000290 0.500000000000143 0.000000000000375 699.987388902798102 3.499936944453939
0.112800000000000 1.000000000000290 0.500000000000142 0.000000000000375 699.987388902798330 3.499936944414153
0.112900000000000 1.000000000000292 0.500000000000142 0.000000000000378 699.987388902799012 3.499936944362330
0.113000000000000 1.000000000000290 0.500000000000143 0.000000000000378 699.987388902798557 3.499936944297899
0.113100000000000 1.000000000000292 0.500000000000143 0.000000000000377 699.987388902798557 3.499936944220208
0.113200000000000 1.000000000000290 0.500000000000143 0.000000000000380 699.987388902798557 3.499936944128765
0.113300000000000 1.000000000000293 0.500000000000143 0.000000000000383 699.987388902799239 3.499936944023311
0.113400000000000 1.000000000000290 0.500000000000143 0.000000000000382 699.987388902800490 3.499936943903252
0.113500000000000 1.000000000000294 0.500000000000143 0.000000000000383 699.987388902799580 3.499936943768460
0.113600000000000 1.000000000000292 0.500000000000143 0.000000000000385 699.987388902799808 3.499936943618760
0.113700000000000 1.000000000000292 0.500000000000144 0.000000000000385 699.987388902800376 3.499936943453790
0.113800000000000 1.000000000000292 0.500000000000144 0.000000000000384 699.987388902800603 3.499936943273319
0.113900000000000 1.000000000000292 0.500000000000144 0.000000000000387 699.987388902800603 3.499936943077586
0.114000000000000 1.000000000000293 0.500000000000145 0.000000000000386 699.987388902801627 3.499936942866654
0.114100000000000 1.000000000000295 0.500000000000145 0.000000000000387 699.987388902801740 3.499936942640704
0.114200000000000 1.000000000000294 0.500000000000145 0.000000000000386 699.987388902800944 3.499936942399751
0.114300000000000 1.000000000000295 0.500000000000145 0.000000000000385 699.987388902801740 3.499936942144223
0.114400000000000 1.000000000000293 0.500000000000145 0.000000000000385 699.987388902801854 3.499936941874702
0.114500000000000 1.000000000000295 0.500000000000146 0.000000000000384 699.987388902801740 3.499936941592213
0.114600000000000 1.000000000000295 0.500000000000146 0.000000000000384 699.987388902801854 3.499936941297282
0.114700000000000 1.000000000000296 0.500000000000146 0.000000000000381 699.987388902802195 3.499936940990814
0.114800000000000 1.000000000000296 0.500000000000147 0.000000000000380 699.987388902802195 3.499936940673895
0.114900000000000 1.000000000000296 0.500000000000146 0.000000000000380 699.987388902802081 3.499936940347282
0.115000000000000 1.000000000000296 0.500000000000147 0.000000000000378 699.987388902802877 3.499936940011711
0.115100000000000 1.000000000000297 0.500000000000147 0.000000000000374 699.987388902802650 3.499936939668044
0.115200000000000 1.000000000000298 0.500000000000147 0.000000000000373 699.987388902803104 3.499936939316643
0.115300000000000 1.000000000000297 0.500000000000148 0.000000000000369 699.987388902804014 3.499936938958314
0.115400000000000 1.000000000000299 0.500000000000147 0.000000000000368 699.987388902804014 3.499936938594810
0.115500000000000 1.000000000000297 0.500000000000148 0.000000000000367 699.987388902803332 3.499936938227532
0.115600000000000 1.000000000000298 0.500000000000148 0.000000000000364 699.987388902803559 3.499936937857347
0.115700000000000 1.000000000000298 0.500000000000148 0.000000000000363 699.987388902804128 3.499936937486105
0.115800000000000 1.000000000000297 0.500000000000147 0.000000000000363 699.987388902804355 3.499936937116316
0.115900000000000 1.000000000000297 0.500000000000147 0.000000000000360 699.987388902803445 3.499936936749549
0.116000000000000 1.000000000000298 0.500000000000148 0.000000000000358 699.987388902805378 3.499936936386414
0.116100000000000 1.000000000000299 0.500000000000148 0.000000000000355 699.987388902804696 3.499936936027830
0.116200000000000 1.000000000000298 0.500000000000148 0.000000000000353 699.987388902804241 3.499936935675260
0.116300000000000 1.000000000000299 0.500000000000148 0.000000000000351 699.987388902804923 3.499936935330997
0.116400000000000 1.000000000000301 0.500000000000149 0.000000000000349 699.987388902805151 3.499936934996699
0.116500000000000 1.000000000000301 0.500000000000149 0.000000000000348 699.987388902805606 3.499936934673915
0.116600000000000 1.000000000000300 0.500000000000150 0.000000000000345 699.987388902805378 3.499936934363817
0.116700000000000 1.000000000000301 0.500000000000149 0.000000000000344 699.987388902805264 3.499936934067297
0.116800000000000 1.000000000000300 0.500000000000150 0.000000000000340 699.987388902805378 3.499936933785393
0.116900000000000 1.000000000000302 0.500000000000150 0.000000000000336 699.987388902806970 3.499936933519301
0.117000000000000 1.000000000000300 0.500000000000149 0.000000000000331 699.987388902806288 3.499936933270658
0.117100000000000 1.000000000000302 0.500000000000150 0.000000000000327 699.987388902806174 3.499936933040773
0.117200000000000 1.000000000000302 0.500000000000151 0.000000000000326 699.987388902806288 3.499936932829780
0.117300000000000 1.000000000000301 0.500000000000151 0.000000000000322 699.987388902806742 3.499936932637715
0.117400000000000 1.000000000000302 0.500000000000151 0.000000000000318 699.987388902806856 3.499936932465950
0.117500000000000 1.000000000000303 0.500000000000151 0.000000000000314 699.987388902806970 3.499936932315842
0.117600000000000 1.000000000000302 0.500000000000151 0.000000000000309 699.987388902806970 3.499936932188343
0.117700000000000 1.000000000000302 0.500000000000152 0.000000000000305 699.987388902807766 3.499936932084707
0.117800000000000 1.000000000000303 0.500000000000152 0.000000000000302 699.987388902806742 3.499936932005563
0.117900000000000 1.000000000000302 0.500000000000152 0.000000000000297 699.987388902806515 3.499936931949949
0.118000000000000 1.000000000000304 0.500000000000152 0.000000000000294 699.987388902808448 3.499936931917682
0.118100000000000 1.000000000000304 0.500000000000153 0.000000000000291 699.987388902808107 3.499936931909933
0.118200000000000 1.000000000000305 0.500000000000152 0.000000000000287 699.987388902808107 3.499936931926790
0.118300000000000 1.000000000000305 0.500000000000152 0.000000000000285 699.987388902808107 3.499936931968040
0.118400000000000 1.000000000000305 0.500000000000152 0.000000000000282 699.987388902808789 3.499936932033630
0.118500000000000 1.000000000000304 0.500000000000153 0.000000000000276 699.987388902809357 3.499936932123032
0.118600000000000 1.000000000000305 0.500000000000153 0.000000000000268 699.987388902808561 3.499936932236568
0.118700000000000 1.000000000000307 0.500000000000153 0.000000000000264 699.987388902809585 3.499936932373545
0.118800000000000 1.000000000000305 0.500000000000153 0.000000000000258 699.987388902809926 3.499936932531799
0.118900000000000 1.000000000000305 0.500000000000153 0.000000000000253 699.987388902809357 3.499936932710168
0.119000000000000 1.000000000000306 0.500000000000154 0.000000000000249 699.987388902809698 3.499936932908473
0.119100000000000 1.000000000000308 0.500000000000154 0.000000000000247 699.987388902811631 3.499936933126793
0.119200000000000 1.000000000000306 0.500000000000154 0.000000000000244 699.987388902810153 3.499936933364345
0.119300000000000 1.000000000000307 0.500000000000154 0.000000000000239 699.987388902810153 3.499936933619302
0.119400000000000 1.000000000000307 0.500000000000154 0.000000000000233 699.987388902811631 3.499936933890662
0.119500000000000 1.000000000000307 0.500000000000154 0.000000000000228 699.987388902811290 3.499936934177741
0.119600000000000 1.000000000000308 0.500000000000155 0.000000000000223 699.987388902811290 3.499936934478506
0.119700000000000 1.000000000000308 0.500000000000155 0.000000000000219 699.987388902811745 3.499936934791735
0.119800000000000 1.000000000000309 0.500000000000155 0.000000000000215 699.987388902810835 3.499936935116748
0.119900000000000 1.000000000000309 0.500000000000155 0.000000000000211 699.987388902810835 3.499936935452102
0.120000000000000 1.000000000000309 0.500000000000155 0.000000000000204 699.987388902812427 3.499936935796606
0.120100000000000 1.000000000000308 0.500000000000155 0.000000000000199 699.987388902812313 3.499936936149184
0.120200000000000 1.000000000000309 0.500000000000156 0.000000000000193 699.987388902812199 3.499936936508457
0.120300000000000 1.000000000000308 0.500000000000156 0.000000000000187 699.987388902812654 3.499936936872711
0.120400000000000 1.000000000000310 0.500000000000156 0.000000000000181 699.987388902811517 3.499936937240220
0.120500000000000 1.000000000000310 0.500000000000156 0.000000000000176 699.987388902812199 3.499936937609411
0.120600000000000 1.000000000000310 0.500000000000156 0.000000000000170 699.987388902813336 3.499936937978996
0.120700000000000 1.000000000000309 0.500000000000155 0.000000000000164 699.987388902812199 3.499936938347533
0.120800000000000 1.000000000000310 0.500000000000156 0.000000000000161 699.987388902812199 3.499936938714009
0.120900000000000 1.000000000000311 0.500000000000156 0.000000000000155 699.987388902813336 3.499936939076738
0.121000000000000 1.000000000000312 0.500000000000157 0.000000000000151 699.987388902813564 3.499936939433830
0.121100000000000 1.000000000000311 0.500000000000157 0.000000000000145 699.987388902814359 3.499936939784945
0.121200000000000 1.000000000000312 0.500000000000157 0.000000000000142 699.987388902814473 3.499936940128958
0.121300000000000 1.000000000000313 0.500000000000157 0.000000000000137 699.987388902814018 3.499936940464412
0.121400000000000 1.000000000000313 0.500000000000157 0.000000000000131 699.987388902814018 3.499936940790188
0.121500000000000 1.000000000000313 0.500000000000157 0.000000000000124 699.987388902813905 3.499936941105392
0.121600000000000 1.000000000000312 0.500000000000157 0.000000000000120 699.987388902814928 3.499936941409299
0.121700000000000 1.000000000000314 0.500000000000157 0.000000000000114 699.987388902813791 3.499936941700890
0.121800000000000 1.000000000000314 0.500000000000158 0.000000000000108 699.987388902814928 3.499936941978970
0.121900000000000 1.000000000000314 0.500000000000158 0.000000000000103 699.987388902813564 3.499936942243033
0.122000000000000 1.000000000000313 0.500000000000158 0.000000000000097 699.987388902814473 3.499936942492835
0.122100000000000 1.000000000000313 0.500000000000158 0.000000000000092 699.987388902815837 3.499936942727805
0.122200000000000 1.000000000000314 0.500000000000158 0.000000000000085 699.987388902815610 3.499936942947740
0.122300000000000 1.000000000000315 0.500000000000158 0.000000000000082 699.987388902815610 3.499936943152585
0.122400000000000 1.000000000000314 0.500000000000158 0.000000000000078 699.987388902815837 3.499936943342387
0.122500000000000 1.000000000000316 0.500000000000158 0.000000000000072 699.987388902816065 3.499936943517212
0.122600000000000 1.000000000000318 0.500000000000159 0.000000000000065 699.987388902815837 3.499936943677161
0.122700000000000 1.000000000000317 0.500000000000158 0.000000000000058 699.987388902816974 3.499936943822012
0.122800000000000 1.000000000000315 0.500000000000158 0.000000000000053 699.987388902816974 3.499936943951426
0.122900000000000 1.000000000000317 0.500000000000159 0.000000000000048 699.987388902816861 3.499936944065788
0.123000000000000 1.000000000000317 0.500000000000159 0.000000000000042 699.987388902817429 3.499936944165662
0.123100000000000 1.000000000000317 0.500000000000159 0.000000000000036 699.987388902817315 3.499936944251525
0.123200000000000 1.000000000000317 0.500000000000160 0.000000000000031 699.987388902817429 3.499936944323781
0.123300000000000 1.000000000000318 0.500000000000160 0.000000000000027 699.987388902818111 3.499936944383188
0.123400000000000 1.000000000000318 0.500000000000159 0.000000000000018 699.987388902817997 3.499936944430281
0.123500000000000 1.000000000000319 0.500000000000159 0.000000000000015 699.987388902818907 3.499936944465766
0.123600000000000 1.000000000000318 0.500000000000161 0.000000000000012 699.987388902817656 3.499936944490201
0.123700000000000 1.000000000000320 0.500000000000160 0.000000000000008 699.987388902817315 3.499936944504775
0.123800000000000 1.000000000000319 0.500000000000160 0.000000000000002 699.987388902818793 3.499936944510090
0.123900000000000 1.000000000000319 0.500000000000161 -0.000000000000004 699.987388902819475 3.499936944506817
0.124000000000000 1.000000000000319 0.500000000000160 -0.000000000000010 699.987388902819703 3.499936944496155
0.124100000000000 1.000000000000320 0.500000000000160 -0.000000000000013 699.987388902818793 3.499936944478748
0.124200000000000 1.000000000000320 0.500000000000161 -0.000000000000018 699.987388902819703 3.499936944455607
0.124300000000000 1.000000000000320 0.500000000000160 -0.000000000000024 699.987388902820157 3.499936944427606
0.124400000000000 1.000000000000320 0.500000000000161 -0.000000000000029 699.987388902819703 3.499936944395626
0.124500000000000 1.000000000000321 0.500000000000160 -0.000000000000035 699.987388902819475 3.499936944360554
0.124600000000000 1.000000000000320 0.500000000000161 -0.000000000000039 699.987388902820385 3.499936944323247
0.124700000000000 1.000000000000321 0.500000000000161 -0.000000000000044 699.987388902820840 3.499936944284730
0.124800000000000 1.000000000000322 0.500000000000161 -0.000000000000051 699.987388902820044 3.499936944245772
0.124900000000000 1.000000000000322 0.500000000000161 -0.000000000000056 699.987388902820840 3.499936944207154
0.125000000000000 1.000000000000321 0.500000000000161 -0.000000000000060 699.987388902820499 3.499936944169656
0.125100000000000 1.000000000000320 0.500000000000161 -0.000000000000065 699.987388902820840 3.499936944134026
0.125200000000000 1.000000000000322 0.500000000000161 -0.000000000000070 699.987388902820612 3.499936944100631
0.125300000000000 1.000000000000322 0.500000000000161 -0.000000000000073 699.987388902821181 3.499936944070055
0.125400000000000 1.000000000000322 0.500000000000162 -0.000000000000076 699.987388902821408 3.499936944042608
0.125500000000000 1.000000000000323 0.500000000000162 -0.000000000000080 699.987388902822431 3.499936944018970
0.125600000000000 1.000000000000323 0.500000000000161 -0.000000000000083 699.987388902821522 3.499936943999729
0.125700000000000 1.000000000000324 0.500000000000162 -0.000000000000085 699.987388902820840 3.499936943984979
0.125800000000000 1.000000000000325 0.500000000000162 -0.000000000000087 699.987388902820840 3.499936943974864
0.125900000000000 1.000000000000322 0.500000000000162 -0.000000000000089 699.987388902821976 3.499936943969480
0.126000000000000 1.000000000000324 0.500000000000162 -0.000000000000093 699.987388902822886 3.499936943969067
0.126100000000000 1.000000000000323 0.500000000000162 -0.000000000000093 699.987388902822431 3.499936943973544
0.126200000000000 1.000000000000324 0.500000000000162 -0.000000000000095 699.987388902822545 3.499936943982902
0.126300000000000 1.000000000000324 0.500000000000162 -0.000000000000100 699.987388902822886 3.499936943996993
0.126400000000000 1.000000000000324 0.500000000000161 -0.000000000000103 699.987388902823795 3.499936944015812
0.126500000000000 1.000000000000325 0.500000000000163 -0.000000000000108 699.987388902823000 3.499936944038970
0.126600000000000 1.000000000000326 0.500000000000162 -0.000000000000110 699.987388902823568 3.499936944066229
0.126700000000000 1.000000000000325 0.500000000000163 -0.000000000000112 699.987388902824023 3.499936944096963
0.126800000000000 1.000000000000325 0.500000000000162 -0.000000000000115 699.987388902824250 3.499936944130591
0.126900000000000 1.000000000000325 0.500000000000163 -0.000000000000115 699.987388902824023 3.499936944166651
0.127000000000000 1.000000000000326 0.500000000000163 -0.000000000000118 699.987388902823909 3.499936944204368
0.127100000000000 1.000000000000327 0.500000000000163 -0.000000000000118 699.987388902823909 3.499936944243211
0.127200000000000 1.000000000000328 0.500000000000163 -0.000000000000119 699.987388902823795 3.499936944282393
0.127300000000000 1.000000000000328 0.500000000000163 -0.000000000000123 699.987388902824591 3.499936944321130
0.127400000000000 1.000000000000328 0.500000000000163 -0.000000000000124 699.987388902825387 3.499936944358572
0.127500000000000 1.000000000000329 0.500000000000163 -0.000000000000125 699.987388902825842 3.499936944393732
0.127600000000000 1.000000000000329 0.500000000000163 -0.000000000000125 699.987388902826410 3.499936944425964
0.127700000000000 1.000000000000329 0.500000000000163 -0.000000000000129 699.987388902825614 3.499936944454189
0.127800000000000 1.000000000000328 0.500000000000164 -0.000000000000132 699.987388902827206 3.499936944477574
0.127900000000000 1.000000000000330 0.500000000000164 -0.000000000000134 699.987388902826979 3.499936944495264
0.128000000000000 1.000000000000330 0.500000000000164 -0.000000000000136 699.987388902825842 3.499936944506379
0.128100000000000 1.000000000000330 0.500000000000164 -0.000000000000136 699.987388902826069 3.499936944509976
0.128200000000000 1.000000000000331 0.500000000000163 -0.000000000000135 699.987388902827888 3.499936944505295
0.128300000000000 1.000000000000330 0.500000000000164 -0.000000000000136 699.987388902826751 3.499936944491388
0.128400000000000 1.000000000000331 0.500000000000164 -0.000000000000136 699.987388902826979 3.499936944467481
0.128500000000000 1.000000000000331 0.500000000000164 -0.000000000000139 699.987388902827888 3.499936944432809
0.128600000000000 1.000000000000331 0.500000000000164 -0.000000000000138 699.987388902828570 3.499936944386506
0.128700000000000 1.000000000000332 0.500000000000164 -0.000000000000137 699.987388902827888 3.499936944328003
0.128800000000000 1.000000000000332 0.500000000000165 -0.000000000000137 699.987388902828116 3.499936944256527
0.128900000000000 1.000000000000332 0.500000000000165 -0.000000000000137 699.987388902827661 3.499936944171625
0.129000000000000 1.000000000000334 0.500000000000165 -0.000000000000136 699.987388902827774 3.499936944072447
0.129100000000000 1.000000000000332 0.500000000000165 -0.000000000000137 699.987388902828116 3.499936943958907
0.129200000000000 1.000000000000333 0.500000000000165 -0.000000000000141 699.987388902828911 3.499936943830869
0.129300000000000 1.000000000000334 0.500000000000165 -0.000000000000141 699.987388902828457 3.499936943688072
0.129400000000000 1.000000000000334 0.500000000000165 -0.000000000000140 699.987388902829025 3.499936943530349
0.129500000000000 1.000000000000334 0.500000000000165 -0.000000000000141 699.987388902828343 3.499936943357177
0.129600000000000 1.000000000000334 0.500000000000166 -0.000000000000141 699.987388902828684 3.499936943168311
0.129700000000000 1.000000000000334 0.500000000000165 -0.000000000000141 699.987388902829935 3.499936942963906
0.129800000000000 1.000000000000335 0.500000000000165 -0.000000000000143 699.987388902828343 3.499936942744110
0.129900000000000 1.000000000000336 0.500000000000165 -0.000000000000143 699.987388902830389 3.499936942509660
0.130000000000000 1.000000000000336 0.500000000000165 -0.000000000000142 699.987388902830389 3.499936942260642
0.130100000000000 1.000000000000334 0.500000000000166 -0.000000000000143 699.987388902830958 3.499936941997567
0.130200000000000 1.000000000000336 0.500000000000165 -0.000000000000142 699.987388902829025 3.499936941721130
0.130300000000000 1.000000000000336 0.500000000000166 -0.000000000000141 699.987388902830503 3.499936941431972
0.130400000000000 1.000000000000336 0.500000000000166 -0.000000000000140 699.987388902830162 3.499936941130788
0.130500000000000 1.000000000000337 0.500000000000166 -0.000000000000139 699.987388902830162 3.499936940818693
0.130600000000000 1.000000000000337 0.500000000000166 -0.000000000000137 699.987388902831299 3.499936940496413
0.130700000000000 1.000000000000337 0.500000000000166 -0.000000000000133 699.987388902831754 3.499936940163927
0.130800000000000 1.000000000000337 0.500000000000166 -0.000000000000131 699.987388902831071 3.499936939821621
0.130900000000000 1.000000000000338 0.500000000000167 -0.000000000000131 699.987388902831071 3.499936939471002
0.131000000000000 1.000000000000338 0.500000000000166 -0.000000000000129 699.987388902831185 3.499936939113610
0.131100000000000 1.000000000000338 0.500000000000166 -0.000000000000128 699.987388902832663 3.499936938750880
0.131200000000000 1.000000000000338 0.500000000000166 -0.000000000000126 699.987388902833345 3.499936938383829
0.131300000000000 1.000000000000338 0.500000000000166 -0.000000000000123 699.987388902831981 3.499936938013982
0.131400000000000 1.000000000000338 0.500000000000166 -0.000000000000121 699.987388902832663 3.499936937643222
0.131500000000000 1.000000000000338 0.500000000000166 -0.000000000000119 699.987388902832549 3.499936937272618
0.131600000000000 1.000000000000338 0.500000000000166 -0.000000000000117 699.987388902832890 3.499936936903443
0.131700000000000 1.000000000000339 0.500000000000167 -0.000000000000112 699.987388902832663 3.499936936537379
0.131800000000000 1.000000000000340 0.500000000000167 -0.000000000000110 699.987388902833459 3.499936936175796
0.131900000000000 1.000000000000341 0.500000000000166 -0.000000000000107 699.987388902834709 3.499936935820426
0.132000000000000 1.000000000000340 0.500000000000167 -0.000000000000103 699.987388902833118 3.499936935473287
0.132100000000000 1.000000000000340 0.500000000000168 -0.000000000000101 699.987388902833686 3.499936935136188
0.132200000000000 1.000000000000340 0.500000000000167 -0.000000000000099 699.987388902834255 3.499936934809624
0.132300000000000 1.000000000000341 0.500000000000168 -0.000000000000099 699.987388902834027 3.499936934494110
0.132400000000000 1.000000000000342 0.500000000000167 -0.000000000000097 699.987388902834823 3.499936934191096
0.132500000000000 1.000000000000341 0.500000000000168 -0.000000000000092 699.987388902834937 3.499936933902205
0.132600000000000 1.000000000000343 0.500000000000168 -0.000000000000091 699.987388902834255 3.499936933629079
0.132700000000000 1.000000000000343 0.500000000000168 -0.000000000000087 699.987388902835164 3.499936933372022
0.132800000000000 1.000000000000343 0.500000000000167 -0.000000000000085 699.987388902835846 3.499936933132450
0.132900000000000 1.000000000000342 0.500000000000168 -0.000000000000081 699.987388902835846 3.499936932912174
0.133000000000000 1.000000000000343 0.500000000000168 -0.000000000000078 699.987388902835846 3.499936932712264
0.133100000000000 1.000000000000342 0.500000000000168 -0.000000000000075 699.987388902836074 3.499936932532864
0.133200000000000 1.000000000000343 0.500000000000168 -0.000000000000070 699.987388902835733 3.499936932374319
0.133300000000000 1.000000000000345 0.500000000000168 -0.000000000000069 699.987388902835846 3.499936932237994
0.133400000000000 1.000000000000343 0.500000000000168 -0.000000000000066 699.987388902836187 3.499936932124592
0.133500000000000 1.000000000000345 0.500000000000169 -0.000000000000062 699.987388902835846 3.499936932034621
0.133600000000000 1.000000000000344 0.500000000000169 -0.000000000000058 699.987388902836528 3.499936931968815
0.133700000000000 1.000000000000343 0.500000000000168 -0.000000000000054 699.987388902836187 3.499936931927351
0.133800000000000 1.000000000000345 0.500000000000168 -0.000000000000051 699.987388902837210 3.499936931909942
0.133900000000000 1.000000000000344 0.500000000000169 -0.000000000000047 699.987388902836869 3.499936931916510
0.134000000000000 1.000000000000345 0.500000000000169 -0.000000000000042 699.987388902836642 3.499936931946921
0.134100000000000 1.000000000000346 0.500000000000169 -0.000000000000036 699.987388902837893 3.499936932000912
0.134200000000000 1.000000000000346 0.500000000000169 -0.000000000000030 699.987388902837779 3.499936932078924
0.134300000000000 1.000000000000346 0.500000000000169 -0.000000000000026 699.987388902838575 3.499936932180006
0.134400000000000 1.000000000000347 0.500000000000169 -0.000000000000023 699.987388902838120 3.499936932303409
0.134500000000000 1.000000000000347 0.500000000000169 -0.000000000000018 699.987388902838461 3.499936932449528
0.134600000000000 1.000000000000345 0.500000000000169 -0.000000000000015 699.987388902838802 3.499936932617995
0.134700000000000 1.000000000000347 0.500000000000169 -0.000000000000009 699.987388902838575 3.499936932807579
0.134800000000000 1.000000000000346 0.500000000000170 -0.000000000000004 699.987388902839029 3.499936933017445
0.134900000000000 1.000000000000348 0.500000000000170 0.000000000000000 699.987388902838120 3.499936933247050
0.135000000000000 1.000000000000347 0.500000000000171 0.000000000000007 699.987388902839029 3.499936933495153
0.135100000000000 1.000000000000349 0.500000000000170 0.000000000000012 699.987388902839029 3.499936933761123
0.135200000000000 1.000000000000349 0.500000000000170 0.000000000000017 699.987388902839143 3.499936934043277
0.135300000000000 1.000000000000349 0.500000000000170 0.000000000000023 699.987388902839712 3.499936934340207
0.135400000000000 1.000000000000348 0.500000000000170 0.000000000000026 699.987388902839939 3.499936934651497
0.135500000000000 1.000000000000349 0.500000000000170 0.000000000000031 699.987388902840621 3.499936934975386
0.135600000000000 1.000000000000349 0.500000000000170 0.000000000000036 699.987388902840166 3.499936935309540
0.135700000000000 1.000000000000349 0.500000000000171 0.000000000000040 699.987388902840166 3.499936935652090
0.135800000000000 1.000000000000350 0.500000000000171 0.000000000000047 699.987388902840848 3.499936936002223
0.135900000000000 1.000000000000350 0.500000000000171 0.000000000000050 699.987388902840621 3.499936936359766
0.136000000000000 1.000000000000349 0.500000000000171 0.000000000000055 699.987388902841076 3.499936936723109
0.136100000000000 1.000000000000352 0.500000000000171 0.000000000000057 699.987388902841190 3.499936937090288
0.136200000000000 1.000000000000350 0.500000000000172 0.000000000000061 699.987388902841303 3.499936937459146
0.136300000000000 1.000000000000350 0.500000000000172 0.000000000000065 699.987388902841872 3.499936937827469
0.136400000000000 1.000000000000352 0.500000000000172 0.000000000000069 699.987388902840621 3.499936938194435
0.136500000000000 1.000000000000353 0.500000000000172 0.000000000000073 699.987388902841758 3.499936938559573
0.136600000000000 1.000000000000351 0.500000000000172 0.000000000000079 699.987388902841417 3.499936938921314
0.136700000000000 1.000000000000353 0.500000000000172 0.000000000000083 699.987388902841644 3.499936939278696
0.136800000000000 1.000000000000353 0.500000000000172 0.000000000000090 699.987388902842667 3.499936939631153
0.136900000000000 1.000000000000353 0.500000000000172 0.000000000000095 699.987388902843236 3.499936939976880
0.137000000000000 1.000000000000354 0.500000000000172 0.000000000000099 699.987388902842895 3.499936940314817
0.137100000000000 1.000000000000355 0.500000000000173 0.000000000000104 699.987388902842895 3.499936940644380
0.137200000000000 1.000000000000354 0.500000000000174 0.000000000000109 699.987388902843350 3.499936940964458
0.137300000000000 1.000000000000354 0.500000000000173 0.000000000000113 699.987388902844032 3.499936941273722
0.137400000000000 1.000000000000354 0.500000000000173 0.000000000000118 699.987388902843804 3.499936941570821
0.137500000000000 1.000000000000357 0.500000000000173 0.000000000000123 699.987388902843463 3.499936941854997
0.137600000000000 1.000000000000356 0.500000000000173 0.000000000000125 699.987388902843804 3.499936942125299
0.137700000000000 1.000000000000356 0.500000000000173 0.000000000000130 699.987388902844486 3.499936942381489
0.137800000000000 1.000000000000357 0.500000000000173 0.000000000000136 699.987388902843350 3.499936942623566
0.137900000000000 1.000000000000354 0.500000000000174 0.000000000000143 699.987388902844600 3.499936942850929
0.138000000000000 1.000000000000355 0.500000000000173 0.000000000000149 699.987388902844032 3.499936943063320
0.138100000000000 1.000000000000357 0.500000000000174 0.000000000000151 699.987388902843804 3.499936943260720
0.138200000000000 1.000000000000356 0.500000000000174 0.000000000000156 699.987388902845055 3.499936943442910
0.138300000000000 1.000000000000356 0.500000000000174 0.000000000000162 699.987388902845169 3.499936943609669
0.138400000000000 1.000000000000356 0.500000000000174 0.000000000000167 699.987388902844259 3.499936943760680
0.138500000000000 1.000000000000357 0.500000000000174 0.000000000000172 699.987388902845396 3.499936943896286
0.138600000000000 1.000000000000356 0.500000000000174 0.000000000000176 699.987388902845282 3.499936944016955
0.138700000000000 1.000000000000356 0.500000000000174 0.000000000000180 699.987388902844827 3.499936944122976
0.138800000000000 1.000000000000356 0.500000000000174 0.000000000000182 699.987388902845623 3.499936944214878
0.138900000000000 1.000000000000358 0.500000000000175 0.000000000000186 699.987388902846078 3.499936944293050
0.139000000000000 1.000000000000358 0.500000000000174 0.000000000000188 699.987388902845510 3.499936944358035
0.139100000000000 1.000000000000357 0.500000000000176 0.000000000000192 699.987388902846988 3.499936944410330
0.139200000000000 1.000000000000357 0.500000000000175 0.000000000000198 699.987388902846305 3.499936944450817
0.139300000000000 1.000000000000358 0.500000000000176 0.000000000000202 699.987388902846533 3.499936944480141
0.139400000000000 1.000000000000359 0.500000000000175 0.000000000000205 699.987388902847101 3.499936944499081
0.139500000000000 1.000000000000358 0.500000000000176 0.000000000000211 699.987388902847442 3.499936944508411
0.139600000000000 1.000000000000361 0.500000000000176 0.000000000000219 699.987388902848124 3.499936944508959
0.139700000000000 1.000000000000358 0.500000000000176 0.000000000000222 699.987388902847442 3.499936944501544
0.139800000000000 1.000000000000359 0.500000000000175 0.000000000000227 699.987388902846533 3.499936944487030
0.139900000000000 1.000000000000359 0.500000000000176 0.000000000000233 699.987388902847442 3.499936944466329
0.140000000000000 1.000000000000359 0.500000000000177 0.000000000000236 699.987388902846988 3.499936944440407
0.140100000000000 1.000000000000359 0.500000000000176 0.000000000000238 699.987388902848579 3.499936944410178
0.140200000000000 1.000000000000361 0.500000000000177 0.000000000000244 699.987388902847670 3.499936944376431
0.140300000000000 1.000000000000361 0.500000000000176 0.000000000000251 699.987388902847670 3.499936944340252
0.140400000000000 1.000000000000361 0.500000000000177 0.000000000000255 699.987388902848465 3.499936944302314
0.140500000000000 1.000000000000362 0.500000000000177 0.000000000000259 699.987388902848238 3.499936944263530
0.140600000000000 1.000000000000361 0.500000000000177 0.000000000000262 699.987388902848807 3.499936944224699
0.140700000000000 1.000000000000362 0.500000000000177 0.000000000000266 699.987388902848579 3.499936944186593
0.140800000000000 1.000000000000362 0.500000000000177 0.000000000000269 699.987388902848579 3.499936944149902
0.140900000000000 1.000000000000362 0.500000000000179 0.000000000000275 699.987388902848807 3.499936944115105
0.141000000000000 1.000000000000363 0.500000000000178 0.000000000000279 699.987388902850171 3.499936944082914
0.141100000000000 1.000000000000363 0.500000000000178 0.000000000000283 699.987388902850171 3.499936944053921
0.141200000000000 1.000000000000364 0.500000000000178 0.000000000000289 699.987388902850512 3.499936944028459
0.141300000000000 1.000000000000364 0.500000000000179 0.000000000000293 699.987388902849716 3.499936944006833
0.141400000000000 1.000000000000364 0.500000000000178 0.000000000000295 699.987388902850057 3.499936943989555
0.141500000000000 1.000000000000364 0.500000000000178 0.000000000000301 699.987388902849716 3.499936943976804
0.141600000000000 1.000000000000365 0.500000000000179 0.000000000000303 699.987388902850626 3.499936943968896
0.141700000000000 1.000000000000364 0.500000000000179 0.000000000000306 699.987388902850626 3.499936943966027
0.141800000000000 1.000000000000364 0.500000000000179 0.000000000000309 699.987388902850853 3.499936943968200
0.141900000000000 1.000000000000366 0.500000000000179 0.000000000000311 699.987388902851308 3.499936943975561
0.142000000000000 1.000000000000365 0.500000000000179 0.000000000000315 699.987388902851535 3.499936943987885
0.142100000000000 1.000000000000365 0.500000000000179 0.000000000000317 699.987388902851421 3.499936944004798
0.142200000000000 1.000000000000366 0.500000000000180 0.000000000000319 699.987388902851876 3.499936944026049
0.142300000000000 1.000000000000365 0.500000000000180 0.000000000000321 699.987388902851990 3.499936944051609
0.142400000000000 1.000000000000367 0.500000000000180 0.000000000000323 699.987388902852445 3.499936944081128
0.142500000000000 1.000000000000365 0.500000000000180 0.000000000000325 699.987388902851762 3.499936944113974
0.142600000000000 1.000000000000365 0.500000000000180 0.000000000000328 699.987388902851535 3.499936944149337
0.142700000000000 1.000000000000364 0.500000000000181 0.000000000000333 699.987388902851421 3.499936944186521
0.142800000000000 1.000000000000368 0.500000000000181 0.000000000000337 699.987388902851762 3.499936944224915
0.142900000000000 1.000000000000367 0.500000000000180 0.000000000000338 699.987388902852103 3.499936944264040
0.143000000000000 1.000000000000367 0.500000000000181 0.000000000000339 699.987388902853581 3.499936944303045
0.143100000000000 1.000000000000367 0.500000000000181 0.000000000000341 699.987388902852217 3.499936944341179
0.143200000000000 1.000000000000368 0.500000000000181 0.000000000000343 699.987388902852217 3.499936944377620
0.143300000000000 1.000000000000368 0.500000000000182 0.000000000000345 699.987388902853581 3.499936944411348
0.143400000000000 1.000000000000369 0.500000000000181 0.000000000000346 699.987388902851762 3.499936944441563
0.143500000000000 1.000000000000367 0.500000000000182 0.000000000000348 699.987388902853354 3.499936944467320
0.143600000000000 1.000000000000368 0.500000000000182 0.000000000000349 699.987388902853581 3.499936944487716
0.143700000000000 1.000000000000367 0.500000000000181 0.000000000000350 699.987388902853354 3.499936944501973
0.143800000000000 1.000000000000368 0.500000000000182 0.000000000000352 699.987388902853581 3.499936944509020
0.143900000000000 1.000000000000368 0.500000000000182 0.000000000000353 699.987388902853581 3.499936944508114
0.144000000000000 1.000000000000370 0.500000000000182 0.000000000000354 699.987388902853809 3.499936944498411
0.144100000000000 1.000000000000369 0.500000000000183 0.000000000000356 699.987388902854036 3.499936944479010
0.144200000000000 1.000000000000370 0.500000000000183 0.000000000000360 699.987388902854036 3.499936944449165
0.144300000000000 1.000000000000371 0.500000000000183 0.000000000000361 699.987388902853922 3.499936944408024
0.144400000000000 1.000000000000369 0.500000000000183 0.000000000000362 699.987388902854264 3.499936944354917
0.144500000000000 1.000000000000369 0.500000000000183 0.000000000000362 699.987388902854946 3.499936944289175
0.144600000000000 1.000000000000371 0.500000000000184 0.000000000000362 699.987388902854832 3.499936944210306
0.144700000000000 1.000000000000371 0.500000000000183 0.000000000000363 699.987388902855741 3.499936944117825
0.144800000000000 1.000000000000370 0.500000000000183 0.000000000000364 699.987388902855741 3.499936944011420
0.144900000000000 1.000000000000372 0.500000000000184 0.000000000000363 699.987388902855855 3.499936943890750
0.145000000000000 1.000000000000371 0.500000000000184 0.000000000000364 699.987388902856537 3.499936943755317
0.145100000000000 1.000000000000373 0.500000000000184 0.000000000000364 699.987388902855969 3.499936943604590
0.145200000000000 1.000000000000372 0.500000000000184 0.000000000000365 699.987388902855855 3.499936943438202
0.145300000000000 1.000000000000373 0.500000000000184 0.000000000000366 699.987388902855628 3.499936943256064
0.145400000000000 1.000000000000374 0.500000000000185 0.000000000000362 699.987388902856310 3.499936943058301
0.145500000000000 1.000000000000373 0.500000000000185 0.000000000000359 699.987388902856651 3.499936942845180
0.145600000000000 1.000000000000373 0.500000000000186 0.000000000000358 699.987388902855628 3.499936942616793
0.145700000000000 1.000000000000374 0.500000000000186 0.000000000000357 699.987388902857219 3.499936942373338
0.145800000000000 1.000000000000374 0.500000000000185 0.000000000000355 699.987388902857219 3.499936942115651
0.145900000000000 1.000000000000374 0.500000000000186 0.000000000000353 699.987388902856310 3.499936941844119
0.146000000000000 1.000000000000377 0.500000000000186 0.000000000000353 699.987388902858129 3.499936941558920
0.146100000000000 1.000000000000375 0.500000000000186 0.000000000000352 699.987388902857219 3.499936941261172
0.146200000000000 1.000000000000374 0.500000000000186 0.000000000000351 699.987388902858356 3.499936940951685
0.146300000000000 1.000000000000375 0.500000000000186 0.000000000000351 699.987388902858129 3.499936940631192
0.146400000000000 1.000000000000375 0.500000000000186 0.000000000000350 699.987388902859720 3.499936940301137
0.146500000000000 1.000000000000376 0.500000000000186 0.000000000000347 699.987388902857560 3.499936939962451
0.146600000000000 1.000000000000376 0.500000000000187 0.000000000000347 699.987388902858811 3.499936939615674
0.146700000000000 1.000000000000376 0.500000000000187 0.000000000000347 699.987388902859038 3.499936939261381
0.146800000000000 1.000000000000378 0.500000000000187 0.000000000000345 699.987388902858584 3.499936938901484
0.146900000000000 1.000000000000377 0.500000000000188 0.000000000000345 699.987388902859834 3.499936938537432
0.147000000000000 1.000000000000376 0.500000000000186 0.000000000000343 699.987388902860175 3.499936938170133
0.147100000000000 1.000000000000377 0.500000000000187 0.000000000000341 699.987388902859948 3.499936937800736
0.147200000000000 1.000000000000377 0.500000000000188 0.000000000000340 699.987388902859493 3.499936937431444
0.147300000000000 1.000000000000378 0.500000000000188 0.000000000000337 699.987388902860403 3.499936937063613
0.147400000000000 1.000000000000379 0.500000000000188 0.000000000000334 699.987388902859493 3.499936936698179
0.147500000000000 1.000000000000377 0.500000000000188 0.000000000000332 699.987388902860289 3.499936936336481
0.147600000000000 1.000000000000379 0.500000000000189 0.000000000000330 699.987388902860630 3.499936935980499
0.147700000000000 1.000000000000380 0.500000000000189 0.000000000000327 699.987388902860403 3.499936935631136
0.147800000000000 1.000000000000380 0.500000000000188 0.000000000000327 699.987388902860630 3.499936935289207
0.147900000000000 1.000000000000379 0.500000000000189 0.000000000000322 699.987388902861085 3.499936934956554
0.148000000000000 1.000000000000379 0.500000000000189 0.000000000000318 699.987388902860403 3.499936934634741
0.148100000000000 1.000000000000379 0.500000000000189 0.000000000000316 699.987388902862676 3.499936934325224
0.148200000000000 1.000000000000380 0.500000000000189 0.000000000000313 699.987388902861539 3.499936934029197
0.148300000000000 1.000000000000381 0.500000000000190 0.000000000000309 699.987388902861653 3.499936933747660
0.148400000000000 1.000000000000381 0.500000000000190 0.000000000000306 699.987388902861994 3.499936933482502
0.148500000000000 1.000000000000381 0.500000000000190 0.000000000000305 699.987388902862563 3.499936933234348
0.148600000000000 1.000000000000383 0.500000000000190 0.000000000000303 699.987388902862108 3.499936933004087
0.148700000000000 1.000000000000384 0.500000000000190 0.000000000000301 699.987388902863131 3.499936932793442
0.148800000000000 1.000000000000383 0.500000000000191 0.000000000000299 699.987388902863358 3.499936932604358
0.148900000000000 1.000000000000383 0.500000000000191 0.000000000000295 699.987388902863358 3.499936932437748
0.149000000000000 1.000000000000382 0.500000000000190 0.000000000000292 699.987388902863358 3.499936932293423
0.149100000000000 1.000000000000382 0.500000000000191 0.000000000000291 699.987388902864495 3.499936932170664
0.149200000000000 1.000000000000384 0.500000000000191 0.000000000000288 699.987388902864382 3.499936932070354
0.149300000000000 1.000000000000383 0.500000000000192 0.000000000000285 699.987388902863927 3.499936931994303
0.149400000000000 1.000000000000384 0.500000000000191 0.000000000000282 699.987388902865405 3.499936931942981
0.149500000000000 1.000000000000385 0.500000000000192 0.000000000000279 699.987388902864723 3.499936931916027
0.149600000000000 1.000000000000384 0.500000000000193 0.000000000000277 699.987388902864041 3.499936931913051
0.149700000000000 1.000000000000386 0.500000000000193 0.000000000000273 699.987388902865519 3.499936931933346
0.149800000000000 1.000000000000384 0.500000000000193 0.000000000000269 699.987388902865177 3.499936931977075
0.149900000000000 1.000000000000385 0.500000000000194 0.000000000000264 699.987388902864382 3.499936932043936
0.150000000000000 1.000000000000385 0.500000000000193 0.000000000000260 699.987388902864950 3.499936932133902
0.150100000000000 1.000000000000386 0.500000000000193 0.000000000000258 699.987388902866087 3.499936932247018
0.150200000000000 1.000000000000385 0.500000000000193 0.000000000000256 699.987388902865177 3.499936932383203
0.150300000000000 1.000000000000386 0.500000000000193 0.000000000000252 699.987388902867224 3.499936932541455
0.150400000000000 1.000000000000386 0.500000000000193 0.000000000000248 699.987388902866087 3.499936932721362
0.150500000000000 1.000000000000388 0.500000000000193 0.000000000000241 699.987388902866087 3.499936932922346
0.150600000000000 1.000000000000387 0.500000000000193 0.000000000000239 699.987388902865632 3.499936933143794
0.150700000000000 1.000000000000387 0.500000000000194 0.000000000000235 699.987388902867224 3.499936933384711
0.150800000000000 1.000000000000388 0.500000000000194 0.000000000000230 699.987388902867224 3.499936933643283
0.150900000000000 1.000000000000387 0.500000000000194 0.000000000000226 699.987388902867337 3.499936933917938
0.151000000000000 1.000000000000387 0.500000000000194 0.000000000000222 699.987388902867565 3.499936934207764
0.151100000000000 1.000000000000388 0.500000000000195 0.000000000000218 699.987388902868133 3.499936934511449
0.151200000000000 1.000000000000388 0.500000000000195 0.000000000000212 699.987388902867565 3.499936934827537
0.151300000000000 1.000000000000388 0.500000000000195 0.000000000000208 699.987388902867906 3.499936935154749
0.151400000000000 1.000000000000389 0.500000000000195 0.000000000000204 699.987388902868247 3.499936935492082
0.151500000000000 1.000000000000390 0.500000000000195 0.000000000000200 699.987388902867451 3.499936935838778
0.151600000000000 1.000000000000390 0.500000000000195 0.000000000000196 699.987388902869043 3.499936936193771
0.151700000000000 1.000000000000389 0.500000000000195 0.000000000000192 699.987388902868133 3.499936936554700
0.151800000000000 1.000000000000390 0.500000000000196 0.000000000000186 699.987388902868588 3.499936936919268
0.151900000000000 1.000000000000389 0.500000000000195 0.000000000000182 699.987388902868815 3.499936937286108
0.152000000000000 1.000000000000390 0.500000000000195 0.000000000000179 699.987388902867565 3.499936937653734
0.152100000000000 1.000000000000393 0.500000000000196 0.000000000000174 699.987388902869498 3.499936938021401
0.152200000000000 1.000000000000393 0.500000000000196 0.000000000000168 699.987388902870180 3.499936938388044
0.152300000000000 1.000000000000392 0.500000000000196 0.000000000000164 699.987388902869839 3.499936938752366
0.152400000000000 1.000000000000391 0.500000000000196 0.000000000000161 699.987388902869270 3.499936939113282
0.152500000000000 1.000000000000391 0.500000000000197 0.000000000000158 699.987388902869498 3.499936939469774
0.152600000000000 1.000000000000391 0.500000000000196 0.000000000000153 699.987388902869952 3.499936939820608
0.152700000000000 1.000000000000394 0.500000000000196 0.000000000000151 699.987388902869952 3.499936940163813
0.152800000000000 1.000000000000393 0.500000000000197 0.000000000000147 699.987388902870180 3.499936940498301
0.152900000000000 1.000000000000393 0.500000000000197 0.000000000000141 699.987388902870521 3.499936940822786
0.153000000000000 1.000000000000393 0.500000000000197 0.000000000000134 699.987388902870748 3.499936941136601
0.153100000000000 1.000000000000393 0.500000000000197 0.000000000000133 699.987388902870407 3.499936941439064
0.153200000000000 1.000000000000395 0.500000000000197 0.000000000000131 699.987388902871089 3.499936941729032
0.153300000000000 1.000000000000394 0.500000000000198 0.000000000000126 699.987388902871544 3.499936942005771
0.153400000000000 1.000000000000394 0.500000000000197 0.000000000000122 699.987388902872567 3.499936942268690
0.153500000000000 1.000000000000395 0.500000000000198 0.000000000000117 699.987388902872681 3.499936942517271
0.153600000000000 1.000000000000396 0.500000000000198 0.000000000000111 699.987388902871544 3.499936942751271
0.153700000000000 1.000000000000395 0.500000000000197 0.000000000000106 699.987388902871771 3.499936942970573
0.153800000000000 1.000000000000395 0.500000000000198 0.000000000000102 699.987388902871317 3.499936943174571
0.153900000000000 1.000000000000396 0.500000000000198 0.000000000000098 699.987388902872453 3.499936943363356
0.154000000000000 1.000000000000396 0.500000000000199 0.000000000000095 699.987388902872908 3.499936943536879
0.154100000000000 1.000000000000395 0.500000000000199 0.000000000000091 699.987388902873249 3.499936943695086
0.154200000000000 1.000000000000397 0.500000000000199 0.000000000000086 699.987388902871885 3.499936943837974
0.154300000000000 1.000000000000397 0.500000000000198 0.000000000000082 699.987388902873477 3.499936943965669
0.154400000000000 1.000000000000397 0.500000000000199 0.000000000000079 699.987388902874272 3.499936944078422
0.154500000000000 1.000000000000397 0.500000000000199 0.000000000000074 699.987388902873022 3.499936944176662
0.154600000000000 1.000000000000397 0.500000000000199 0.000000000000069 699.987388902873363 3.499936944260773
0.154700000000000 1.000000000000398 0.500000000000199 0.000000000000067 699.987388902873363 3.499936944331297
0.154800000000000 1.000000000000398 0.500000000000199 0.000000000000061 699.987388902873704 3.499936944388989
0.154900000000000 1.000000000000398 0.500000000000200 0.000000000000056 699.987388902873818 3.499936944434542
0.155000000000000 1.000000000000397 0.500000000000200 0.000000000000052 699.987388902873363 3.499936944468558
0.155100000000000 1.000000000000399 0.500000000000200 0.000000000000048 699.987388902874386 3.499936944491837
0.155200000000000 1.000000000000399 0.500000000000199 0.000000000000045 699.987388902874841 3.499936944505190
0.155300000000000 1.000000000000400 0.500000000000199 0.000000000000043 699.987388902875182 3.499936944509396
0.155400000000000 1.000000000000400 0.500000000000200 0.000000000000038 699.987388902875068 3.499936944505296
0.155500000000000 1.000000000000399 0.500000000000200 0.000000000000034 699.987388902875182 3.499936944493812
0.155600000000000 1.000000000000400 0.500000000000200 0.000000000000028 699.987388902875864 3.499936944475644
0.155700000000000 1.000000000000399 0.500000000000200 0.000000000000024 699.987388902875637 3.499936944451808
0.155800000000000 1.000000000000400 0.500000000000201 0.000000000000021 699.987388902875637 3.499936944423314
0.155900000000000 1.000000000000400 0.500000000000200 0.000000000000016 699.987388902875182 3.499936944391038
0.156000000000000 1.000000000000399 0.500000000000200 0.000000000000011 699.987388902876887 3.499936944355744
0.156100000000000 1.000000000000401 0.500000000000201 0.000000000000007 699.987388902876546 3.499936944318257
0.156200000000000 1.000000000000403 0.500000000000200 0.000000000000002 699.987388902876319 3.499936944279465
0.156300000000000 1.000000000000401 0.500000000000200 -0.000000000000000 699.987388902875409 3.499936944240181
0.156400000000000 1.000000000000402 0.500000000000201 -0.000000000000004 699.987388902876546 3.499936944201159
0.156500000000000 1.000000000000402 0.500000000000201 -0.000000000000008 699.987388902876773 3.499936944163153
0.156600000000000 1.000000000000402 0.500000000000201 -0.000000000000010 699.987388902877683 3.499936944126917
0.156700000000000 1.000000000000402 0.500000000000201 -0.000000000000013 699.987388902876546 3.499936944093115
0.156800000000000 1.000000000000404 0.500000000000201 -0.000000000000016 699.987388902877683 3.499936944062218
0.156900000000000 1.000000000000402 0.500000000000201 -0.000000000000019 699.987388902877456 3.499936944034738
0.157000000000000 1.000000000000405 0.500000000000201 -0.000000000000021 699.987388902877910 3.499936944011240
0.157100000000000 1.000000000000403 0.500000000000202 -0.000000000000025 699.987388902877683 3.499936943992088
0.157200000000000 1.000000000000404 0.500000000000202 -0.000000000000027 699.987388902878138 3.499936943977646
0.157300000000000 1.000000000000403 0.500000000000202 -0.000000000000029 699.987388902878365 3.499936943968017
0.157400000000000 1.000000000000405 0.500000000000202 -0.000000000000031 699.987388902878479 3.499936943963432
0.157500000000000 1.000000000000404 0.500000000000202 -0.000000000000034 699.987388902878820 3.499936943964029
0.157600000000000 1.000000000000405 0.500000000000202 -0.000000000000038 699.987388902878592 3.499936943969741
0.157700000000000 1.000000000000405 0.500000000000202 -0.000000000000037 699.987388902878592 3.499936943980539
0.157800000000000 1.000000000000404 0.500000000000202 -0.000000000000039 699.987388902879729 3.499936943996079
0.157900000000000 1.000000000000407 0.500000000000203 -0.000000000000043 699.987388902878706 3.499936944016215
0.158000000000000 1.000000000000405 0.500000000000202 -0.000000000000046 699.987388902879275 3.499936944040710
0.158100000000000 1.000000000000405 0.500000000000202 -0.000000000000049 699.987388902878820 3.499936944068893
0.158200000000000 1.000000000000406 0.500000000000203 -0.000000000000049 699.987388902878934 3.499936944100229
0.158300000000000 1.000000000000408 0.500000000000203 -0.000000000000053 699.987388902880866 3.499936944134101
0.158400000000000 1.000000000000407 0.500000000000202 -0.000000000000056 699.987388902880184 3.499936944170114
0.158500000000000 1.000000000000409 0.500000000000203 -0.000000000000060 699.987388902880753 3.499936944207767
0.158600000000000 1.000000000000408 0.500000000000203 -0.000000000000063 699.987388902880411 3.499936944246492
0.158700000000000 1.000000000000408 0.500000000000203 -0.000000000000067 699.987388902881321 3.499936944285475
0.158800000000000 1.000000000000407 0.500000000000203 -0.000000000000070 699.987388902880639 3.499936944324098
0.158900000000000 1.000000000000408 0.500000000000203 -0.000000000000074 699.987388902882458 3.499936944361310
0.159000000000000 1.000000000000407 0.500000000000204 -0.000000000000074 699.987388902880639 3.499936944396278
0.159100000000000 1.000000000000407 0.500000000000203 -0.000000000000076 699.987388902881889 3.499936944428230
0.159200000000000 1.000000000000409 0.500000000000203 -0.000000000000080 699.987388902881776 3.499936944456037
0.159300000000000 1.000000000000410 0.500000000000203 -0.000000000000082 699.987388902880866 3.499936944478921
0.159400000000000 1.000000000000411 0.500000000000204 -0.000000000000084 699.987388902881776 3.499936944495974
0.159500000000000 1.000000000000410 0.500000000000204 -0.000000000000085 699.987388902882117 3.499936944506397
0.159600000000000 1.000000000000408 0.500000000000203 -0.000000000000083 699.987388902881548 3.499936944509180
0.159700000000000 1.000000000000410 0.500000000000204 -0.000000000000083 699.987388902882230 3.499936944503439
0.159800000000000 1.000000000000409 0.500000000000204 -0.000000000000083 699.987388902882458 3.499936944488339
0.159900000000000 1.000000000000410 0.500000000000204 -0.000000000000086 699.987388902883367 3.499936944463089
0.160000000000000 1.000000000000410 0.500000000000204 -0.000000000000089 699.987388902882344 3.499936944426821
0.160100000000000 1.000000000000411 0.500000000000205 -0.000000000000089 699.987388902882685 3.499936944378865
0.160200000000000 1.000000000000410 0.500000000000205 -0.000000000000091 699.987388902883140 3.499936944318655
0.160300000000000 1.000000000000410 0.500000000000204 -0.000000000000091 699.987388902884049 3.499936944245524
0.160400000000000 1.000000000000412 0.500000000000204 -0.000000000000092 699.987388902882685 3.499936944158923
0.160500000000000 1.000000000000411 0.500000000000205 -0.000000000000094 699.987388902883367 3.499936944058361
0.160600000000000 1.000000000000412 0.500000000000204 -0.000000000000096 699.987388902883140 3.499936943943453
0.160700000000000 1.000000000000411 0.500000000000205 -0.000000000000100 699.987388902883481 3.499936943813785
0.160800000000000 1.000000000000413 0.500000000000204 -0.000000000000100 699.987388902884277 3.499936943669182
0.160900000000000 1.000000000000411 0.500000000000206 -0.000000000000099 699.987388902884732 3.499936943509141
0.161000000000000 1.000000000000412 0.500000000000205 -0.000000000000099 699.987388902884277 3.499936943333717
0.161100000000000 1.000000000000415 0.500000000000206 -0.000000000000099 699.987388902884277 3.499936943142791
0.161200000000000 1.000000000000414 0.500000000000206 -0.000000000000101 699.987388902884959 3.499936942936431
0.161300000000000 1.000000000000414 0.500000000000205 -0.000000000000100 699.987388902885414 3.499936942714631
0.161400000000000 1.000000000000413 0.500000000000205 -0.000000000000102 699.987388902885300 3.499936942477507
0.161500000000000 1.000000000000415 0.500000000000206 -0.000000000000104 699.987388902884959 3.499936942225888
0.161600000000000 1.000000000000414 0.500000000000206 -0.000000000000104 699.987388902886778 3.499936941960569
0.161700000000000 1.000000000000415 0.500000000000205 -0.000000000000102 699.987388902886323 3.499936941682245
0.161800000000000 1.000000000000417 0.500000000000207 -0.000000000000103 699.987388902886778 3.499936941391190
0.161900000000000 1.000000000000415 0.500000000000206 -0.000000000000102 699.987388902887005 3.499936941087878
0.162000000000000 1.000000000000416 0.500000000000207 -0.000000000000104 699.987388902886551 3.499936940773036
0.162100000000000 1.000000000000416 0.500000000000206 -0.000000000000103 699.987388902887687 3.499936940447673
0.162200000000000 1.000000000000415 0.500000000000206 -0.000000000000102 699.987388902886210 3.499936940112796
0.162300000000000 1.000000000000417 0.500000000000207 -0.000000000000102 699.987388902887233 3.499936939770063
0.162400000000000 1.000000000000416 0.500000000000207 -0.000000000000101 699.987388902887233 3.499936939420075
0.162500000000000 1.000000000000419 0.500000000000206 -0.000000000000101 699.987388902887915 3.499936939062958
0.162600000000000 1.000000000000417 0.500000000000207 -0.000000000000100 699.987388902887574 3.499936938699600
0.162700000000000 1.000000000000418 0.500000000000206 -0.000000000000100 699.987388902887687 3.499936938332175
0.162800000000000 1.000000000000418 0.500000000000207 -0.000000000000100 699.987388902888370 3.499936937962750
0.162900000000000 1.000000000000417 0.500000000000207 -0.000000000000101 699.987388902887233 3.499936937592468
0.163000000000000 1.000000000000418 0.500000000000206 -0.000000000000100 699.987388902888938 3.499936937222440
0.163100000000000 1.000000000000419 0.500000000000207 -0.000000000000097 699.987388902888938 3.499936936854442
0.163200000000000 1.000000000000419 0.500000000000207 -0.000000000000095 699.987388902888370 3.499936936490406
0.163300000000000 1.000000000000419 0.500000000000207 -0.000000000000094 699.987388902890416 3.499936936130967
0.163400000000000 1.000000000000419 0.500000000000207 -0.000000000000093 699.987388902888142 3.499936935777199
0.163500000000000 1.000000000000418 0.500000000000208 -0.000000000000090 699.987388902889506 3.499936935431482
0.163600000000000 1.000000000000420 0.500000000000208 -0.000000000000088 699.987388902889961 3.499936935095189
0.163700000000000 1.000000000000421 0.500000000000208 -0.000000000000086 699.987388902890643 3.499936934768754
0.163800000000000 1.000000000000421 0.500000000000207 -0.000000000000084 699.987388902890530 3.499936934453830
0.163900000000000 1.000000000000420 0.500000000000207 -0.000000000000082 699.987388902889734 3.499936934152178
0.164000000000000 1.000000000000421 0.500000000000208 -0.000000000000082 699.987388902890075 3.499936933865019
0.164100000000000 1.000000000000422 0.500000000000208 -0.000000000000079 699.987388902891212 3.499936933593508
0.164200000000000 1.000000000000421 0.500000000000208 -0.000000000000076 699.987388902889961 3.499936933338603
0.164300000000000 1.000000000000421 0.500000000000208 -0.000000000000073 699.987388902890643 3.499936933101742
0.164400000000000 1.000000000000422 0.500000000000208 -0.000000000000072 699.987388902890416 3.499936932884144
0.164500000000000 1.000000000000422 0.500000000000208 -0.000000000000071 699.987388902891553 3.499936932686670
0.164600000000000 1.000000000000421 0.500000000000208 -0.000000000000068 699.987388902890757 3.499936932510149
0.164700000000000 1.000000000000421 0.500000000000207 -0.000000000000064 699.987388902890302 3.499936932354788
0.164800000000000 1.000000000000422 0.500000000000208 -0.000000000000062 699.987388902891098 3.499936932220808
0.164900000000000 1.000000000000422 0.500000000000208 -0.000000000000059 699.987388902891780 3.499936932110742
0.165000000000000 1.000000000000423 0.500000000000209 -0.000000000000057 699.987388902891325 3.499936932025289
0.165100000000000 1.000000000000423 0.500000000000208 -0.000000000000055 699.987388902891325 3.499936931963727
0.165200000000000 1.000000000000425 0.500000000000209 -0.000000000000051 699.987388902892121 3.499936931926326
0.165300000000000 1.000000000000424 0.500000000000208 -0.000000000000048 699.987388902891553 3.499936931913115
0.165400000000000 1.000000000000424 0.500000000000209 -0.000000000000044 699.987388902891666 3.499936931923076
0.165500000000000 1.000000000000425 0.500000000000209 -0.000000000000040 699.987388902893372 3.499936931956708
0.165600000000000 1.000000000000425 0.500000000000209 -0.000000000000038 699.987388902892008 3.499936932013808
0.165700000000000 1.000000000000425 0.500000000000209 -0.000000000000036 699.987388902893258 3.499936932093657
0.165800000000000 1.000000000000425 0.500000000000209 -0.000000000000034 699.987388902893144 3.499936932197190
0.165900000000000 1.000000000000425 0.500000000000210 -0.000000000000028 699.987388902894281 3.499936932324932
0.166000000000000 1.000000000000426 0.500000000000210 -0.000000000000024 699.987388902893827 3.499936932476089
0.166100000000000 1.000000000000425 0.500000000000210 -0.000000000000020 699.987388902894281 3.499936932648998
0.166200000000000 1.000000000000426 0.500000000000210 -0.000000000000017 699.987388902894281 3.499936932842622
0.166300000000000 1.000000000000427 0.500000000000209 -0.000000000000016 699.987388902893372 3.499936933055655
0.166400000000000 1.000000000000427 0.500000000000210 -0.000000000000013 699.987388902894054 3.499936933286675
0.166500000000000 1.000000000000427 0.500000000000210 -0.000000000000008 699.987388902894281 3.499936933535664
0.166600000000000 1.000000000000427 0.500000000000209 -0.000000000000004 699.987388902895077 3.499936933800996
0.166700000000000 1.000000000000428 0.500000000000211 0.000000000000001 699.987388902895418 3.499936934081314
0.166800000000000 1.000000000000428 0.500000000000210 0.000000000000003 699.987388902894736 3.499936934376502
0.166900000000000 1.000000000000429 0.500000000000211 0.000000000000005 699.987388902895873 3.499936934685168
0.167000000000000 1.000000000000427 0.500000000000211 0.000000000000010 699.987388902894963 3.499936935006231
0.167100000000000 1.000000000000427 0.500000000000211 0.000000000000014 699.987388902895646 3.499936935338580
0.167200000000000 1.000000000000429 0.500000000000211 0.000000000000016 699.987388902895646 3.499936935680557
0.167300000000000 1.000000000000429 0.500000000000211 0.000000000000019 699.987388902896328 3.499936936030910
0.167400000000000 1.000000000000430 0.500000000000212 0.000000000000023 699.987388902896782 3.499936936388185
0.167500000000000 1.000000000000430 0.500000000000211 0.000000000000025 699.987388902896328 3.499936936751059
0.167600000000000 1.000000000000429 0.500000000000212 0.000000000000028 699.987388902897123 3.499936937117807
0.167700000000000 1.000000000000431 0.500000000000212 0.000000000000032 699.987388902897010 3.499936937487328
0.167800000000000 1.000000000000429 0.500000000000211 0.000000000000034 699.987388902896328 3.499936937858176
0.167900000000000 1.000000000000432 0.500000000000212 0.000000000000037 699.987388902896782 3.499936938228512
0.168000000000000 1.000000000000430 0.500000000000211 0.000000000000039 699.987388902897692 3.499936938596662
0.168100000000000 1.000000000000432 0.500000000000212 0.000000000000042 699.987388902897010 3.499936938961061
0.168200000000000 1.000000000000432 0.500000000000212 0.000000000000047 699.987388902898488 3.499936939320849
0.168300000000000 1.000000000000431 0.500000000000212 0.000000000000053 699.987388902897465 3.499936939675112
0.168400000000000 1.000000000000431 0.500000000000212 0.000000000000055 699.987388902897237 3.499936940022721
0.168500000000000 1.000000000000432 0.500000000000213 0.000000000000057 699.987388902898601 3.499936940361815
0.168600000000000 1.000000000000433 0.500000000000212 0.000000000000058 699.987388902898147 3.499936940690873
0.168700000000000 1.000000000000434 0.500000000000213 0.000000000000063 699.987388902898601 3.499936941008639
0.168800000000000 1.000000000000432 0.500000000000213 0.000000000000067 699.987388902898601 3.499936941314605
0.168900000000000 1.000000000000432 0.500000000000213 0.000000000000069 699.987388902897806 3.499936941608440
0.169000000000000 1.000000000000433 0.500000000000213 0.000000000000074 699.987388902899966 3.499936941889741
0.169100000000000 1.000000000000433 0.500000000000213 0.000000000000077 699.987388902898942 3.499936942157813
0.169200000000000 1.000000000000433 0.500000000000213 0.000000000000081 699.987388902898488 3.499936942411787
0.169300000000000 1.000000000000435 0.500000000000213 0.000000000000086 699.987388902899511 3.499936942651186
0.169400000000000 1.000000000000434 0.500000000000212 0.000000000000088 699.987388902900193 3.499936942875944
0.169500000000000 1.000000000000434 0.500000000000213 0.000000000000091 699.987388902900079 3.499936943085963
0.169600000000000 1.000000000000435 0.500000000000214 0.000000000000094 699.987388902900307 3.499936943281061
0.169700000000000 1.000000000000436 0.500000000000214 0.000000000000101 699.987388902900079 3.499936943460945
0.169800000000000 1.000000000000435 0.500000000000213 0.000000000000105 699.987388902900420 3.499936943625656
0.169900000000000 1.000000000000435 0.500000000000213 0.000000000000108 699.987388902899283 3.499936943775166
0.170000000000000 1.000000000000436 0.500000000000214 0.000000000000113 699.987388902900989 3.499936943909505
0.170100000000000 1.000000000000435 0.500000000000214 0.000000000000115 699.987388902901102 3.499936944028765
0.170200000000000 1.000000000000436 0.500000000000214 0.000000000000120 699.987388902900648 3.499936944133326
0.170300000000000 1.000000000000437 0.500000000000214 0.000000000000126 699.987388902901102 3.499936944223686
0.170400000000000 1.000000000000436 0.500000000000214 0.000000000000132 699.987388902901444 3.499936944300393
0.170500000000000 1.000000000000437 0.500000000000215 0.000000000000136 699.987388902900534 3.499936944363848
0.170600000000000 1.000000000000438 0.500000000000215 0.000000000000140 699.987388902901102 3.499936944414825
0.170700000000000 1.000000000000438 0.500000000000215 0.000000000000142 699.987388902902239 3.499936944454034
0.170800000000000 1.000000000000438 0.500000000000215 0.000000000000148 699.987388902902467 3.499936944482147
0.170900000000000 1.000000000000438 0.500000000000216 0.000000000000151 699.987388902902467 3.499936944499937
0.171000000000000 1.000000000000439 0.500000000000215 0.000000000000155 699.987388902901785 3.499936944508215
0.171100000000000 1.000000000000439 0.500000000000216 0.000000000000158 699.987388902902921 3.499936944507732
0.171200000000000 1.000000000000439 0.500000000000216 0.000000000000163 699.987388902904286 3.499936944499399
0.171300000000000 1.000000000000439 0.500000000000216 0.000000000000163 699.987388902903149 3.499936944484080
0.171400000000000 1.000000000000441 0.500000000000217 0.000000000000164 699.987388902903149 3.499936944462671
0.171500000000000 1.000000000000440 0.500000000000216 0.000000000000166 699.987388902903376 3.499936944436166
0.171600000000000 1.000000000000440 0.500000000000216 0.000000000000168 699.987388902903604 3.499936944405361
0.171700000000000 1.000000000000440 0.500000000000216 0.000000000000173 699.987388902905309 3.499936944371269
0.171800000000000 1.000000000000442 0.500000000000216 0.000000000000177 699.987388902904058 3.499936944334592
0.171900000000000 1.000000000000441 0.500000000000217 0.000000000000181 699.987388902903831 3.499936944296202
0.172000000000000 1.000000000000441 0.500000000000217 0.000000000000184 699.987388902904399 3.499936944257099
0.172100000000000 1.000000000000441 0.500000000000216 0.000000000000187 699.987388902903831 3.499936944218045
0.172200000000000 1.000000000000441 0.500000000000217 0.000000000000192 699.987388902903149 3.499936944179674
0.172300000000000 1.000000000000442 0.500000000000217 0.000000000000196 699.987388902904627 3.499936944142967
0.172400000000000 1.000000000000442 0.500000000000218 0.000000000000199 699.987388902904854 3.499936944108532
0.172500000000000 1.000000000000443 0.500000000000218 0.000000000000203 699.987388902904513 3.499936944076866
0.172600000000000 1.000000000000443 0.500000000000217 0.000000000000207 699.987388902905877 3.499936944048255
0.172700000000000 1.000000000000443 0.500000000000218 0.000000000000210 699.987388902904513 3.499936944023052
0.172800000000000 1.000000000000443 0.500000000000218 0.000000000000212 699.987388902904740 3.499936944001928
0.172900000000000 1.000000000000443 0.500000000000218 0.000000000000218 699.987388902906332 3.499936943985249
0.173000000000000 1.000000000000443 0.500000000000218 0.000000000000217 699.987388902906105 3.499936943973313
0.173100000000000 1.000000000000444 0.500000000000218 0.000000000000219 699.987388902907014 3.499936943966476
0.173200000000000 1.000000000000443 0.500000000000218 0.000000000000220 699.987388902906332 3.499936943964754
0.173300000000000 1.000000000000445 0.500000000000219 0.000000000000225 699.987388902906446 3.499936943968139
0.173400000000000 1.000000000000444 0.500000000000219 0.000000000000227 699.987388902906332 3.499936943976701
0.173500000000000 1.000000000000445 0.500000000000219 0.000000000000231 699.987388902907014 3.499936943990106
0.173600000000000 1.000000000000443 0.500000000000219 0.000000000000235 699.987388902907696 3.499936944007976
0.173700000000000 1.000000000000445 0.500000000000219 0.000000000000240 699.987388902906559 3.499936944030151
0.173800000000000 1.000000000000446 0.500000000000219 0.000000000000244 699.987388902908037 3.499936944056229
0.173900000000000 1.000000000000446 0.500000000000219 0.000000000000247 699.987388902906787 3.499936944085827
0.174000000000000 1.000000000000447 0.500000000000220 0.000000000000246 699.987388902907696 3.499936944118359
0.174100000000000 1.000000000000447 0.500000000000220 0.000000000000250 699.987388902907924 3.499936944153656
0.174200000000000 1.000000000000447 0.500000000000220 0.000000000000253 699.987388902908378 3.499936944190936
0.174300000000000 1.000000000000447 0.500000000000220 0.000000000000255 699.987388902908151 3.499936944229484
0.174400000000000 1.000000000000446 0.500000000000220 0.000000000000258 699.987388902909061 3.499936944268593
0.174500000000000 1.000000000000447 0.500000000000220 0.000000000000260 699.987388902909515 3.499936944307452
0.174600000000000 1.000000000000447 0.500000000000221 0.000000000000262 699.987388902907696 3.499936944345212
0.174700000000000 1.000000000000447 0.500000000000220 0.000000000000264 699.987388902908151 3.499936944381232
0.174800000000000 1.000000000000447 0.500000000000221 0.000000000000265 699.987388902908833 3.499936944414544
0.174900000000000 1.000000000000449 0.500000000000221 0.000000000000268 699.987388902909856 3.499936944444255
0.175000000000000 1.000000000000448 0.500000000000221 0.000000000000269 699.987388902908833 3.499936944469336
0.175100000000000 1.000000000000449 0.500000000000221 0.000000000000271 699.987388902908378 3.499936944489024
0.175200000000000 1.000000000000450 0.500000000000222 0.000000000000274 699.987388902910311 3.499936944502403
0.175300000000000 1.000000000000448 0.500000000000222 0.000000000000276 699.987388902909970 3.499936944508581
0.175400000000000 1.000000000000449 0.500000000000223 0.000000000000279 699.987388902910652 3.499936944506735
0.175500000000000 1.000000000000449 0.500000000000222 0.000000000000282 699.987388902910652 3.499936944495954
0.175600000000000 1.000000000000450 0.500000000000223 0.000000000000283 699.987388902910425 3.499936944475395
0.175700000000000 1.000000000000450 0.500000000000222 0.000000000000284 699.987388902911334 3.499936944444292
0.175800000000000 1.000000000000451 0.500000000000223 0.000000000000286 699.987388902910197 3.499936944401837
0.175900000000000 1.000000000000452 0.500000000000222 0.000000000000287 699.987388902911334 3.499936944347453
0.176000000000000 1.000000000000451 0.500000000000223 0.000000000000289 699.987388902910880 3.499936944280272
0.176100000000000 1.000000000000452 0.500000000000223 0.000000000000291 699.987388902911903 3.499936944199697
0.176200000000000 1.000000000000451 0.500000000000224 0.000000000000292 699.987388902911107 3.499936944105339
0.176300000000000 1.000000000000452 0.500000000000223 0.000000000000296 699.987388902911903 3.499936943996908
0.176400000000000 1.000000000000454 0.500000000000224 0.000000000000296 699.987388902912016 3.499936943873596
0.176500000000000 1.000000000000452 0.500000000000224 0.000000000000298 699.987388902912244 3.499936943735310
0.176600000000000 1.000000000000454 0.500000000000224 0.000000000000297 699.987388902912926 3.499936943582044
0.176700000000000 1.000000000000453 0.500000000000225 0.000000000000300 699.987388902912926 3.499936943413315
0.176800000000000 1.000000000000453 0.500000000000225 0.000000000000300 699.987388902913835 3.499936943229276
0.176900000000000 1.000000000000455 0.500000000000225 0.000000000000301 699.987388902913835 3.499936943029820
0.177000000000000 1.000000000000454 0.500000000000225 0.000000000000300 699.987388902912471 3.499936942815165
0.177100000000000 1.000000000000453 0.500000000000225 0.000000000000302 699.987388902914290 3.499936942585824
0.177200000000000 1.000000000000454 0.500000000000224 0.000000000000302 699.987388902913381 3.499936942342033
0.177300000000000 1.000000000000455 0.500000000000225 0.000000000000303 699.987388902913722 3.499936942083982
0.177400000000000 1.000000000000456 0.500000000000225 0.000000000000304 699.987388902913949 3.499936941812599
0.177500000000000 1.000000000000455 0.500000000000226 0.000000000000307 699.987388902914063 3.499936941528334
0.177600000000000 1.000000000000455 0.500000000000225 0.000000000000306 699.987388902914518 3.499936941231516
0.177700000000000 1.000000000000455 0.500000000000226 0.000000000000306 699.987388902914745 3.499936940922434
0.177800000000000 1.000000000000454 0.500000000000226 0.000000000000304 699.987388902915541 3.499936940602792
0.177900000000000 1.000000000000455 0.500000000000227 0.000000000000303 699.987388902914745 3.499936940273173
0.178000000000000 1.000000000000456 0.500000000000226 0.000000000000304 699.987388902915200 3.499936939934011
0.178100000000000 1.000000000000456 0.500000000000226 0.000000000000304 699.987388902915654 3.499936939585667
0.178200000000000 1.000000000000457 0.500000000000227 0.000000000000305 699.987388902916337 3.499936939229255
0.178300000000000 1.000000000000459 0.500000000000227 0.000000000000307 699.987388902915882 3.499936938866998
0.178400000000000 1.000000000000457 0.500000000000228 0.000000000000306 699.987388902916109 3.499936938500392
0.178500000000000 1.000000000000459 0.500000000000227 0.000000000000306 699.987388902915427 3.499936938130293
0.178600000000000 1.000000000000459 0.500000000000227 0.000000000000305 699.987388902917132 3.499936937758755
0.178700000000000 1.000000000000459 0.500000000000227 0.000000000000304 699.987388902915541 3.499936937387777
0.178800000000000 1.000000000000460 0.500000000000228 0.000000000000304 699.987388902915654 3.499936937018728
0.178900000000000 1.000000000000460 0.500000000000228 0.000000000000302 699.987388902916223 3.499936936652561
0.179000000000000 1.000000000000460 0.500000000000228 0.000000000000303 699.987388902917246 3.499936936290406
0.179100000000000 1.000000000000459 0.500000000000229 0.000000000000300 699.987388902915882 3.499936935933641
0.179200000000000 1.000000000000459 0.500000000000229 0.000000000000300 699.987388902917132 3.499936935583860
0.179300000000000 1.000000000000460 0.500000000000229 0.000000000000300 699.987388902918269 3.499936935243122
0.179400000000000 1.000000000000460 0.500000000000230 0.000000000000299 699.987388902918269 3.499936934913182
0.179500000000000 1.000000000000461 0.500000000000229 0.000000000000298 699.987388902917814 3.499936934595032
0.179600000000000 1.000000000000462 0.500000000000230 0.000000000000297 699.987388902918042 3.499936934289135
0.179700000000000 1.000000000000462 0.500000000000230 0.000000000000294 699.987388902919065 3.499936933996923
0.179800000000000 1.000000000000461 0.500000000000230 0.000000000000290 699.987388902918838 3.499936933719715
0.179900000000000 1.000000000000462 0.500000000000230 0.000000000000290 699.987388902918838 3.499936933457966
0.180000000000000 1.000000000000463 0.500000000000230 0.000000000000289 699.987388902918838 3.499936933212676
0.180100000000000 1.000000000000462 0.500000000000230 0.000000000000286 699.987388902918724 3.499936932985419
0.180200000000000 1.000000000000463 0.500000000000230 0.000000000000284 699.987388902919861 3.499936932777755
0.180300000000000 1.000000000000463 0.500000000000231 0.000000000000284 699.987388902919292 3.499936932590675
0.180400000000000 1.000000000000463 0.500000000000231 0.000000000000281 699.987388902920316 3.499936932425293
0.180500000000000 1.000000000000463 0.500000000000231 0.000000000000279 699.987388902921111 3.499936932282636
0.180600000000000 1.000000000000463 0.500000000000232 0.000000000000278 699.987388902919974 3.499936932163040
0.180700000000000 1.000000000000465 0.500000000000232 0.000000000000275 699.987388902919747 3.499936932066350
0.180800000000000 1.000000000000463 0.500000000000231 0.000000000000275 699.987388902920657 3.499936931992703
0.180900000000000 1.000000000000465 0.500000000000231 0.000000000000273 699.987388902920657 3.499936931942049
0.181000000000000 1.000000000000465 0.500000000000232 0.000000000000271 699.987388902919406 3.499936931914057
0.181100000000000 1.000000000000465 0.500000000000232 0.000000000000268 699.987388902920429 3.499936931910021
0.181200000000000 1.000000000000466 0.500000000000231 0.000000000000265 699.987388902920088 3.499936931930774
0.181300000000000 1.000000000000465 0.500000000000232 0.000000000000261 699.987388902920657 3.499936931976064
0.181400000000000 1.000000000000466 0.500000000000232 0.000000000000260 699.987388902921566 3.499936932044848
0.181500000000000 1.000000000000467 0.500000000000232 0.000000000000256 699.987388902920884 3.499936932136510
0.181600000000000 1.000000000000466 0.500000000000232 0.000000000000253 699.987388902922248 3.499936932251508
0.181700000000000 1.000000000000467 0.500000000000232 0.000000000000250 699.987388902922135 3.499936932389869
0.181800000000000 1.000000000000467 0.500000000000233 0.000000000000248 699.987388902922021 3.499936932551364
0.181900000000000 1.000000000000467 0.500000000000233 0.000000000000247 699.987388902923158 3.499936932735321
0.182000000000000 1.000000000000467 0.500000000000233 0.000000000000245 699.987388902923044 3.499936932939540
0.182100000000000 1.000000000000466 0.500000000000233 0.000000000000243 699.987388902922703 3.499936933162325
0.182200000000000 1.000000000000468 0.500000000000233 0.000000000000241 699.987388902923271 3.499936933403229
0.182300000000000 1.000000000000469 0.500000000000233 0.000000000000236 699.987388902923158 3.499936933661612
0.182400000000000 1.000000000000467 0.500000000000234 0.000000000000235 699.987388902924181 3.499936933936791
0.182500000000000 1.000000000000469 0.500000000000233 0.000000000000230 699.987388902923158 3.499936934227502
0.182600000000000 1.000000000000468 0.500000000000234 0.000000000000225 699.987388902923385 3.499936934532427
0.182700000000000 1.000000000000469 0.500000000000234 0.000000000000222 699.987388902924749 3.499936934850377
0.182800000000000 1.000000000000469 0.500000000000234 0.000000000000218 699.987388902923840 3.499936935179750
0.182900000000000 1.000000000000468 0.500000000000235 0.000000000000215 699.987388902924749 3.499936935519552
0.183000000000000 1.000000000000469 0.500000000000234 0.000000000000212 699.987388902924067 3.499936935868326
0.183100000000000 1.000000000000469 0.500000000000235 0.000000000000207 699.987388902923840 3.499936936223953
0.183200000000000 1.000000000000471 0.500000000000235 0.000000000000203 699.987388902925204 3.499936936585339
0.183300000000000 1.000000000000469 0.500000000000234 0.000000000000200 699.987388902924295 3.499936936951307
0.183400000000000 1.000000000000471 0.500000000000235 0.000000000000198 699.987388902924749 3.499936937320007
0.183500000000000 1.000000000000471 0.500000000000235 0.000000000000194 699.987388902925204 3.499936937689886
0.183600000000000 1.000000000000471 0.500000000000235 0.000000000000190 699.987388902924749 3.499936938059354
0.183700000000000 1.000000000000471 0.500000000000235 0.000000000000186 699.987388902925659 3.499936938427325
0.183800000000000 1.000000000000472 0.500000000000235 0.000000000000180 699.987388902924977 3.499936938792581
0.183900000000000 1.000000000000472 0.500000000000236 0.000000000000176 699.987388902925659 3.499936939153788
0.184000000000000 1.000000000000471 0.500000000000235 0.000000000000175 699.987388902925659 3.499936939509913
0.184100000000000 1.000000000000472 0.500000000000236 0.000000000000175 699.987388902925886 3.499936939859566
0.184200000000000 1.000000000000473 0.500000000000236 0.000000000000173 699.987388902926114 3.499936940201474
0.184300000000000 1.000000000000473 0.500000000000236 0.000000000000172 699.987388902926796 3.499936940534724
0.184400000000000 1.000000000000471 0.500000000000236 0.000000000000166 699.987388902926000 3.499936940857785
0.184500000000000 1.000000000000475 0.500000000000236 0.000000000000164 699.987388902927250 3.499936941170097
0.184600000000000 1.000000000000473 0.500000000000237 0.000000000000159 699.987388902926568 3.499936941471294
0.184700000000000 1.000000000000473 0.500000000000237 0.000000000000157 699.987388902926796 3.499936941760022
0.184800000000000 1.000000000000475 0.500000000000237 0.000000000000154 699.987388902927250 3.499936942035110
0.184900000000000 1.000000000000475 0.500000000000237 0.000000000000151 699.987388902928615 3.499936942296332
0.185000000000000 1.000000000000475 0.500000000000238 0.000000000000145 699.987388902927478 3.499936942543524
0.185100000000000 1.000000000000474 0.500000000000237 0.000000000000142 699.987388902927705 3.499936942776237
0.185200000000000 1.000000000000476 0.500000000000238 0.000000000000138 699.987388902928046 3.499936942993740
0.185300000000000 1.000000000000475 0.500000000000238 0.000000000000134 699.987388902928274 3.499936943196085
0.185400000000000 1.000000000000476 0.500000000000238 0.000000000000132 699.987388902928160 3.499936943383339
0.185500000000000 1.000000000000477 0.500000000000238 0.000000000000129 699.987388902927478 3.499936943555336
0.185600000000000 1.000000000000478 0.500000000000238 0.000000000000125 699.987388902928615 3.499936943711874
0.185700000000000 1.000000000000475 0.500000000000238 0.000000000000120 699.987388902929752 3.499936943852715
0.185800000000000 1.000000000000476 0.500000000000237 0.000000000000118 699.987388902929865 3.499936943978137
0.185900000000000 1.000000000000477 0.500000000000238 0.000000000000113 699.987388902929638 3.499936944088827
0.186000000000000 1.000000000000477 0.500000000000239 0.000000000000109 699.987388902929297 3.499936944185158
0.186100000000000 1.000000000000477 0.500000000000239 0.000000000000102 699.987388902929524 3.499936944267663
0.186200000000000 1.000000000000479 0.500000000000239 0.000000000000099 699.987388902929752 3.499936944336977
0.186300000000000 1.000000000000478 0.500000000000239 0.000000000000096 699.987388902929979 3.499936944393578
0.186400000000000 1.000000000000479 0.500000000000238 0.000000000000094 699.987388902931229 3.499936944438054
0.186500000000000 1.000000000000479 0.500000000000239 0.000000000000090 699.987388902930888 3.499936944471027
0.186600000000000 1.000000000000479 0.500000000000240 0.000000000000085 699.987388902931798 3.499936944493234
0.186700000000000 1.000000000000479 0.500000000000239 0.000000000000081 699.987388902931116 3.499936944505476
0.186800000000000 1.000000000000478 0.500000000000240 0.000000000000075 699.987388902931116 3.499936944508562
0.186900000000000 1.000000000000480 0.500000000000240 0.000000000000073 699.987388902932025 3.499936944503413
0.187000000000000 1.000000000000479 0.500000000000240 0.000000000000070 699.987388902931798 3.499936944490776
0.187100000000000 1.000000000000481 0.500000000000240 0.000000000000066 699.987388902932139 3.499936944471676
0.187200000000000 1.000000000000481 0.500000000000240 0.000000000000065 699.987388902932366 3.499936944447018
0.187300000000000 1.000000000000481 0.500000000000240 0.000000000000060 699.987388902932707 3.499936944417573
0.187400000000000 1.000000000000480 0.500000000000241 0.000000000000057 699.987388902931571 3.499936944384332
0.187500000000000 1.000000000000481 0.500000000000240 0.000000000000056 699.987388902932025 3.499936944348407
0.187600000000000 1.000000000000482 0.500000000000240 0.000000000000053 699.987388902933617 3.499936944310673
0.187700000000000 1.000000000000483 0.500000000000240 0.000000000000051 699.987388902932366 3.499936944272032
0.187800000000000 1.000000000000484 0.500000000000241 0.000000000000051 699.987388902933048 3.499936944233160
0.187900000000000 1.000000000000482 0.500000000000241 0.000000000000047 699.987388902932480 3.499936944194697
0.188000000000000 1.000000000000483 0.500000000000241 0.000000000000044 699.987388902934185 3.499936944157289
0.188100000000000 1.000000000000484 0.500000000000241 0.000000000000039 699.987388902933390 3.499936944121618
0.188200000000000 1.000000000000483 0.500000000000242 0.000000000000035 699.987388902933162 3.499936944088311
0.188300000000000 1.000000000000483 0.500000000000241 0.000000000000032 699.987388902933617 3.499936944058224
0.188400000000000 1.000000000000483 0.500000000000242 0.000000000000030 699.987388902933844 3.499936944031380
0.188500000000000 1.000000000000485 0.500000000000242 0.000000000000027 699.987388902934981 3.499936944008205
0.188600000000000 1.000000000000485 0.500000000000242 0.000000000000027 699.987388902934526 3.499936943989315
0.188700000000000 1.000000000000485 0.500000000000243 0.000000000000022 699.987388902934299 3.499936943975013
0.188800000000000 1.000000000000485 0.500000000000242 0.000000000000019 699.987388902934526 3.499936943965724
0.188900000000000 1.000000000000484 0.500000000000242 0.000000000000015 699.987388902934981 3.499936943961687
0.189000000000000 1.000000000000485 0.500000000000242 0.000000000000013 699.987388902934185 3.499936943962806
0.189100000000000 1.000000000000486 0.500000000000242 0.000000000000010 699.987388902936118 3.499936943968975
0.189200000000000 1.000000000000486 0.500000000000242 0.000000000000007 699.987388902936573 3.499936943980182
0.189300000000000 1.000000000000486 0.500000000000242 0.000000000000005 699.987388902935550 3.499936943996077
0.189400000000000 1.000000000000486 0.500000000000243 0.000000000000004 699.987388902935436 3.499936944016493
0.189500000000000 1.000000000000488 0.500000000000242 -0.000000000000000 699.987388902935663 3.499936944041091
0.189600000000000 1.000000000000487 0.500000000000243 -0.000000000000003 699.987388902936800 3.499936944069333
0.189700000000000 1.000000000000488 0.500000000000243 -0.000000000000006 699.987388902936800 3.499936944101028
0.189800000000000 1.000000000000487 0.500000000000242 -0.000000000000008 699.987388902937937 3.499936944135647
0.189900000000000 1.000000000000490 0.500000000000243 -0.000000000000011 699.987388902937482 3.499936944172438
0.190000000000000 1.000000000000488 0.500000000000244 -0.000000000000013 699.987388902937028 3.499936944210727
0.190100000000000 1.000000000000487 0.500000000000243 -0.000000000000015 699.987388902937028 3.499936944250045
0.190200000000000 1.000000000000488 0.500000000000244 -0.000000000000017 699.987388902938164 3.499936944289329
0.190300000000000 1.000000000000489 0.500000000000244 -0.000000000000017 699.987388902937028 3.499936944328021
0.190400000000000 1.000000000000488 0.500000000000243 -0.000000000000019 699.987388902937710 3.499936944365252
0.190500000000000 1.000000000000490 0.500000000000244 -0.000000000000020 699.987388902938392 3.499936944399952
0.190600000000000 1.000000000000490 0.500000000000244 -0.000000000000023 699.987388902937255 3.499936944431400
0.190700000000000 1.000000000000489 0.500000000000244 -0.000000000000024 699.987388902938847 3.499936944458647
0.190800000000000 1.000000000000491 0.500000000000243 -0.000000000000024 699.987388902938164 3.499936944480822
0.190900000000000 1.000000000000490 0.500000000000244 -0.000000000000026 699.987388902938164 3.499936944497038
0.191000000000000 1.000000000000490 0.500000000000245 -0.000000000000029 699.987388902937937 3.499936944506441
0.191100000000000 1.000000000000491 0.500000000000244 -0.000000000000030 699.987388902939301 3.499936944508212
0.191200000000000 1.000000000000491 0.500000000000245 -0.000000000000031 699.987388902938392 3.499936944501412
0.191300000000000 1.000000000000491 0.500000000000245 -0.000000000000032 699.987388902938733 3.499936944485322
0.191400000000000 1.000000000000492 0.500000000000245 -0.000000000000034 699.987388902939983 3.499936944459004
0.191500000000000 1.000000000000493 0.500000000000245 -0.000000000000035 699.987388902939301 3.499936944421743
0.191600000000000 1.000000000000492 0.500000000000245 -0.000000000000038 699.987388902939870 3.499936944372731
0.191700000000000 1.000000000000492 0.500000000000245 -0.000000000000039 699.987388902940211 3.499936944311410
0.191800000000000 1.000000000000492 0.500000000000245 -0.000000000000040 699.987388902939529 3.499936944237093
0.191900000000000 1.000000000000493 0.500000000000245 -0.000000000000040 699.987388902940211 3.499936944149153
0.192000000000000 1.000000000000495 0.500000000000245 -0.000000000000042 699.987388902941120 3.499936944047086
0.192100000000000 1.000000000000492 0.500000000000245 -0.000000000000043 699.987388902939983 3.499936943930634
0.192200000000000 1.000000000000494 0.500000000000245 -0.000000000000043 699.987388902941120 3.499936943799562
0.192300000000000 1.000000000000493 0.500000000000245 -0.000000000000043 699.987388902939983 3.499936943653518
0.192400000000000 1.000000000000494 0.500000000000246 -0.000000000000042 699.987388902941348 3.499936943491879
0.192500000000000 1.000000000000494 0.500000000000245 -0.000000000000044 699.987388902942371 3.499936943314407
0.192600000000000 1.000000000000495 0.500000000000246 -0.000000000000043 699.987388902940893 3.499936943121339
0.192700000000000 1.000000000000495 0.500000000000246 -0.000000000000043 699.987388902943167 3.499936942912877
0.192800000000000 1.000000000000496 0.500000000000245 -0.000000000000045 699.987388902943053 3.499936942689048
0.192900000000000 1.000000000000496 0.500000000000246 -0.000000000000047 699.987388902942939 3.499936942450173
0.193000000000000 1.000000000000496 0.500000000000246 -0.000000000000049 699.987388902941348 3.499936942197202
0.193100000000000 1.000000000000495 0.500000000000247 -0.000000000000051 699.987388902943053 3.499936941930328
0.193200000000000 1.000000000000496 0.500000000000246 -0.000000000000052 699.987388902942939 3.499936941650085
0.193300000000000 1.000000000000495 0.500000000000247 -0.000000000000050 699.987388902942712 3.499936941356989
0.193400000000000 1.000000000000496 0.500000000000247 -0.000000000000048 699.987388902943621 3.499936941051713
0.193500000000000 1.000000000000497 0.500000000000247 -0.000000000000048 699.987388902942939 3.499936940734790
0.193600000000000 1.000000000000497 0.500000000000246 -0.000000000000048 699.987388902943167 3.499936940406995
0.193700000000000 1.000000000000497 0.500000000000246 -0.000000000000049 699.987388902943394 3.499936940069499
0.193800000000000 1.000000000000497 0.500000000000247 -0.000000000000049 699.987388902943167 3.499936939723590
0.193900000000000 1.000000000000498 0.500000000000247 -0.000000000000051 699.987388902944303 3.499936939370544
0.194000000000000 1.000000000000497 0.500000000000246 -0.000000000000050 699.987388902943280 3.499936939012189
0.194100000000000 1.000000000000498 0.500000000000247 -0.000000000000050 699.987388902944986 3.499936938649628
0.194200000000000 1.000000000000498 0.500000000000247 -0.000000000000052 699.987388902944076 3.499936938283839
0.194300000000000 1.000000000000498 0.500000000000247 -0.000000000000053 699.987388902944758 3.499936937915450
0.194400000000000 1.000000000000498 0.500000000000248 -0.000000000000052 699.987388902944190 3.499936937545419
0.194500000000000 1.000000000000500 0.500000000000247 -0.000000000000050 699.987388902944303 3.499936937175999
0.194600000000000 1.000000000000499 0.500000000000247 -0.000000000000052 699.987388902945895 3.499936936809469
0.194700000000000 1.000000000000499 0.500000000000248 -0.000000000000052 699.987388902945213 3.499936936446891
0.194800000000000 1.000000000000501 0.500000000000247 -0.000000000000053 699.987388902945327 3.499936936089228
0.194900000000000 1.000000000000499 0.500000000000248 -0.000000000000054 699.987388902945668 3.499936935737378
0.195000000000000 1.000000000000501 0.500000000000248 -0.000000000000055 699.987388902946350 3.499936935392926
0.195100000000000 1.000000000000500 0.500000000000248 -0.000000000000052 699.987388902947032 3.499936935057081
0.195200000000000 1.000000000000501 0.500000000000248 -0.000000000000051 699.987388902946350 3.499936934731868
0.195300000000000 1.000000000000500 0.500000000000248 -0.000000000000050 699.987388902946009 3.499936934419036
0.195400000000000 1.000000000000500 0.500000000000248 -0.000000000000051 699.987388902947032 3.499936934119033
0.195500000000000 1.000000000000502 0.500000000000248 -0.000000000000050 699.987388902946122 3.499936933832439
0.195600000000000 1.000000000000502 0.500000000000249 -0.000000000000049 699.987388902946350 3.499936933561395
0.195700000000000 1.000000000000503 0.500000000000249 -0.000000000000046 699.987388902947259 3.499936933307460
0.195800000000000 1.000000000000502 0.500000000000249 -0.000000000000044 699.987388902946805 3.499936933071636
0.195900000000000 1.000000000000504 0.500000000000249 -0.000000000000042 699.987388902947487 3.499936932855365
0.196000000000000 1.000000000000503 0.500000000000249 -0.000000000000039 699.987388902947259 3.499936932659957
0.196100000000000 1.000000000000504 0.500000000000249 -0.000000000000039 699.987388902948169 3.499936932486349
0.196200000000000 1.000000000000503 0.500000000000249 -0.000000000000038 699.987388902946918 3.499936932334979
0.196300000000000 1.000000000000503 0.500000000000250 -0.000000000000038 699.987388902949078 3.499936932206364
0.196400000000000 1.000000000000505 0.500000000000249 -0.000000000000037 699.987388902948396 3.499936932100505
0.196500000000000 1.000000000000504 0.500000000000249 -0.000000000000037 699.987388902947828 3.499936932017006
0.196600000000000 1.000000000000504 0.500000000000250 -0.000000000000036 699.987388902949306 3.499936931956276
0.196700000000000 1.000000000000504 0.500000000000250 -0.000000000000034 699.987388902948851 3.499936931918905
0.196800000000000 1.000000000000504 0.500000000000250 -0.000000000000034 699.987388902949988 3.499936931905236
0.196900000000000 1.000000000000505 0.500000000000249 -0.000000000000032 699.987388902949647 3.499936931915233
0.197000000000000 1.000000000000505 0.500000000000250 -0.000000000000029 699.987388902949760 3.499936931948716
0.197100000000000 1.000000000000506 0.500000000000250 -0.000000000000028 699.987388902950443 3.499936932005738
0.197200000000000 1.000000000000506 0.500000000000250 -0.000000000000026 699.987388902950670 3.499936932087202
0.197300000000000 1.000000000000508 0.500000000000251 -0.000000000000027 699.987388902950443 3.499936932192366
0.197400000000000 1.000000000000508 0.500000000000251 -0.000000000000026 699.987388902951125 3.499936932321088
0.197500000000000 1.000000000000509 0.500000000000251 -0.000000000000024 699.987388902950784 3.499936932473370
0.197600000000000 1.000000000000508 0.500000000000251 -0.000000000000019 699.987388902950215 3.499936932647797
0.197700000000000 1.000000000000508 0.500000000000251 -0.000000000000018 699.987388902951807 3.499936932842990
0.197800000000000 1.000000000000510 0.500000000000251 -0.000000000000015 699.987388902951807 3.499936933058380
0.197900000000000 1.000000000000509 0.500000000000251 -0.000000000000013 699.987388902952034 3.499936933293215
0.198000000000000 1.000000000000508 0.500000000000251 -0.000000000000008 699.987388902951238 3.499936933546187
0.198100000000000 1.000000000000508 0.500000000000252 -0.000000000000006 699.987388902951352 3.499936933816188
0.198200000000000 1.000000000000510 0.500000000000252 -0.000000000000007 699.987388902951466 3.499936934102259
0.198300000000000 1.000000000000509 0.500000000000252 -0.000000000000005 699.987388902952489 3.499936934402714
0.198400000000000 1.000000000000510 0.500000000000252 -0.000000000000001 699.987388902952148 3.499936934716626
0.198500000000000 1.000000000000511 0.500000000000252 0.000000000000001 699.987388902953171 3.499936935042817
0.198600000000000 1.000000000000511 0.500000000000252 0.000000000000004 699.987388902953398 3.499936935378789
0.198700000000000 1.000000000000510 0.500000000000252 0.000000000000006 699.987388902953171 3.499936935722985
0.198800000000000 1.000000000000510 0.500000000000252 0.000000000000010 699.987388902953057 3.499936936075219
0.198900000000000 1.000000000000511 0.500000000000252 0.000000000000012 699.987388902952944 3.499936936434668
0.199000000000000 1.000000000000512 0.500000000000252 0.000000000000015 699.987388902953626 3.499936936799103
0.199100000000000 1.000000000000512 0.500000000000252 0.000000000000016 699.987388902954422 3.499936937166172
0.199200000000000 1.000000000000512 0.500000000000253 0.000000000000019 699.987388902954535 3.499936937534381
0.199300000000000 1.000000000000514 0.500000000000253 0.000000000000020 699.987388902953853 3.499936937903017
0.199400000000000 1.000000000000513 0.500000000000252 0.000000000000022 699.987388902952944 3.499936938270781
0.199500000000000 1.000000000000512 0.500000000000253 0.000000000000024 699.987388902953626 3.499936938636041
0.199600000000000 1.000000000000513 0.500000000000253 0.000000000000026 699.987388902954308 3.499936938997767
0.199700000000000 1.000000000000513 0.500000000000253 0.000000000000031 699.987388902955672 3.499936939355385
0.199800000000000 1.000000000000512 0.500000000000253 0.000000000000032 699.987388902954308 3.499936939707588
0.199900000000000 1.000000000000514 0.500000000000253 0.000000000000036 699.987388902954763 3.499936940053034
0.200000000000000 1.000000000000514 0.500000000000254 0.000000000000041 699.987388902956013 3.499936940390301
0.200100000000000 1.000000000000514 0.500000000000254 0.000000000000045 699.987388902955445 3.499936940718390
0.200200000000000 1.000000000000514 0.500000000000254 0.000000000000048 699.987388902955900 3.499936941036022
0.200300000000000 1.000000000000514 0.500000000000254 0.000000000000052 699.987388902955900 3.499936941342201
0.200400000000000 1.000000000000516 0.500000000000254 0.000000000000055 699.987388902955672 3.499936941635780
0.200500000000000 1.000000000000514 0.500000000000254 0.000000000000058 699.987388902956582 3.499936941916318
0.200600000000000 1.000000000000514 0.500000000000254 0.000000000000064 699.987388902957264 3.499936942183723
0.200700000000000 1.000000000000517 0.500000000000254 0.000000000000066 699.987388902955786 3.499936942437508
0.200800000000000 1.000000000000516 0.500000000000255 0.000000000000070 699.987388902957264 3.499936942677068
0.200900000000000 1.000000000000516 0.500000000000254 0.000000000000073 699.987388902956923 3.499936942901933
0.201000000000000 1.000000000000516 0.500000000000254 0.000000000000075 699.987388902955672 3.499936943111335
0.201100000000000 1.000000000000516 0.500000000000255 0.000000000000080 699.987388902956468 3.499936943304730
0.201200000000000 1.000000000000517 0.500000000000255 0.000000000000083 699.987388902957036 3.499936943482364
0.201300000000000 1.000000000000516 0.500000000000254 0.000000000000086 699.987388902957036 3.499936943644983
0.201400000000000 1.000000000000518 0.500000000000255 0.000000000000087 699.987388902957491 3.499936943792245
0.201500000000000 1.000000000000517 0.500000000000255 0.000000000000091 699.987388902958173 3.499936943924322
0.201600000000000 1.000000000000517 0.500000000000255 0.000000000000095 699.987388902957832 3.499936944041484
0.201700000000000 1.000000000000518 0.500000000000255 0.000000000000098 699.987388902957832 3.499936944144070
0.201800000000000 1.000000000000519 0.500000000000255 0.000000000000103 699.987388902957036 3.499936944232618
0.201900000000000 1.000000000000519 0.500000000000256 0.000000000000107 699.987388902958401 3.499936944307636
0.202000000000000 1.000000000000519 0.500000000000255 0.000000000000109 699.987388902958401 3.499936944369677
0.202100000000000 1.000000000000518 0.500000000000255 0.000000000000111 699.987388902957491 3.499936944419355
0.202200000000000 1.000000000000518 0.500000000000256 0.000000000000117 699.987388902957946 3.499936944457256
0.202300000000000 1.000000000000519 0.500000000000255 0.000000000000122 699.987388902957946 3.499936944484132
0.202400000000000 1.000000000000520 0.500000000000255 0.000000000000128 699.987388902958855 3.499936944500762
0.202500000000000 1.000000000000519 0.500000000000256 0.000000000000132 699.987388902959310 3.499936944507874
0.202600000000000 1.000000000000519 0.500000000000256 0.000000000000135 699.987388902958401 3.499936944506421
0.202700000000000 1.000000000000519 0.500000000000256 0.000000000000137 699.987388902959083 3.499936944497186
0.202800000000000 1.000000000000521 0.500000000000256 0.000000000000142 699.987388902959765 3.499936944481115
0.202900000000000 1.000000000000520 0.500000000000257 0.000000000000147 699.987388902959992 3.499936944458955
0.203000000000000 1.000000000000519 0.500000000000257 0.000000000000152 699.987388902959992 3.499936944431637
0.203100000000000 1.000000000000520 0.500000000000257 0.000000000000155 699.987388902960561 3.499936944400300
0.203200000000000 1.000000000000521 0.500000000000257 0.000000000000160 699.987388902960447 3.499936944365677
0.203300000000000 1.000000000000521 0.500000000000257 0.000000000000164 699.987388902960333 3.499936944328650
0.203400000000000 1.000000000000521 0.500000000000257 0.000000000000167 699.987388902961584 3.499936944290150
0.203500000000000 1.000000000000523 0.500000000000257 0.000000000000172 699.987388902961129 3.499936944250922
0.203600000000000 1.000000000000521 0.500000000000257 0.000000000000176 699.987388902961811 3.499936944211692
0.203700000000000 1.000000000000522 0.500000000000257 0.000000000000179 699.987388902962266 3.499936944173258
0.203800000000000 1.000000000000523 0.500000000000258 0.000000000000181 699.987388902962152 3.499936944136255
0.203900000000000 1.000000000000523 0.500000000000257 0.000000000000185 699.987388902962039 3.499936944101455
0.204000000000000 1.000000000000524 0.500000000000258 0.000000000000188 699.987388902961925 3.499936944069248
0.204100000000000 1.000000000000524 0.500000000000259 0.000000000000191 699.987388902962266 3.499936944040329
0.204200000000000 1.000000000000525 0.500000000000259 0.000000000000191 699.987388902962948 3.499936944015279
0.204300000000000 1.000000000000524 0.500000000000259 0.000000000000196 699.987388902962266 3.499936943994515
0.204400000000000 1.000000000000526 0.500000000000259 0.000000000000199 699.987388902963175 3.499936943978363
0.204500000000000 1.000000000000525 0.500000000000259 0.000000000000203 699.987388902963858 3.499936943967378
0.204600000000000 1.000000000000526 0.500000000000260 0.000000000000207 699.987388902963744 3.499936943961539
0.204700000000000 1.000000000000526 0.500000000000259 0.000000000000210 699.987388902963175 3.499936943960844
0.204800000000000 1.000000000000524 0.500000000000260 0.000000000000215 699.987388902963630 3.499936943965259
0.204900000000000 1.000000000000526 0.500000000000260 0.000000000000217 699.987388902963630 3.499936943974785
0.205000000000000 1.000000000000527 0.500000000000261 0.000000000000219 699.987388902964085 3.499936943988899
0.205100000000000 1.000000000000528 0.500000000000261 0.000000000000221 699.987388902964426 3.499936944007420
0.205200000000000 1.000000000000527 0.500000000000260 0.000000000000224 699.987388902964312 3.499936944030172
0.205300000000000 1.000000000000528 0.500000000000260 0.000000000000227 699.987388902965449 3.499936944056896
0.205400000000000 1.000000000000528 0.500000000000261 0.000000000000230 699.987388902965108 3.499936944087052
0.205500000000000 1.000000000000529 0.500000000000261 0.000000000000233 699.987388902966359 3.499936944120242
0.205600000000000 1.000000000000529 0.500000000000262 0.000000000000237 699.987388902966813 3.499936944155661
0.205700000000000 1.000000000000529 0.500000000000262 0.000000000000240 699.987388902966131 3.499936944192901
0.205800000000000 1.000000000000529 0.500000000000261 0.000000000000241 699.987388902966586 3.499936944231446
0.205900000000000 1.000000000000528 0.500000000000262 0.000000000000243 699.987388902966245 3.499936944270586
0.206000000000000 1.000000000000530 0.500000000000262 0.000000000000246 699.987388902966927 3.499936944309442
0.206100000000000 1.000000000000531 0.500000000000262 0.000000000000246 699.987388902967041 3.499936944347294
0.206200000000000 1.000000000000531 0.500000000000262 0.000000000000247 699.987388902967268 3.499936944383241
0.206300000000000 1.000000000000532 0.500000000000262 0.000000000000250 699.987388902967723 3.499936944416388
0.206400000000000 1.000000000000530 0.500000000000262 0.000000000000251 699.987388902967723 3.499936944445816
0.206500000000000 1.000000000000532 0.500000000000263 0.000000000000255 699.987388902967723 3.499936944470512
0.206600000000000 1.000000000000532 0.500000000000262 0.000000000000260 699.987388902967041 3.499936944489737
0.206700000000000 1.000000000000532 0.500000000000263 0.000000000000261 699.987388902967723 3.499936944502554
0.206800000000000 1.000000000000531 0.500000000000263 0.000000000000263 699.987388902967950 3.499936944508018
0.206900000000000 1.000000000000532 0.500000000000263 0.000000000000267 699.987388902967041 3.499936944505400
0.207000000000000 1.000000000000532 0.500000000000264 0.000000000000271 699.987388902968405 3.499936944493768
0.207100000000000 1.000000000000532 0.500000000000264 0.000000000000273 699.987388902969315 3.499936944472211
0.207200000000000 1.000000000000534 0.500000000000264 0.000000000000273 699.987388902969201 3.499936944439892
0.207300000000000 1.000000000000534 0.500000000000264 0.000000000000275 699.987388902967723 3.499936944396131
0.207400000000000 1.000000000000533 0.500000000000264 0.000000000000276 699.987388902967950 3.499936944340298
0.207500000000000 1.000000000000533 0.500000000000264 0.000000000000279 699.987388902969428 3.499936944271919
0.207600000000000 1.000000000000534 0.500000000000263 0.000000000000279 699.987388902969087 3.499936944190359
0.207700000000000 1.000000000000533 0.500000000000264 0.000000000000281 699.987388902969542 3.499936944094814
0.207800000000000 1.000000000000536 0.500000000000265 0.000000000000282 699.987388902969656 3.499936943984696
0.207900000000000 1.000000000000534 0.500000000000265 0.000000000000284 699.987388902970565 3.499936943859705
0.208000000000000 1.000000000000536 0.500000000000265 0.000000000000286 699.987388902970679 3.499936943719565
0.208100000000000 1.000000000000535 0.500000000000265 0.000000000000286 699.987388902969315 3.499936943564173
0.208200000000000 1.000000000000535 0.500000000000265 0.000000000000287 699.987388902971361 3.499936943393337
0.208300000000000 1.000000000000536 0.500000000000265 0.000000000000288 699.987388902970451 3.499936943206816
0.208400000000000 1.000000000000537 0.500000000000266 0.000000000000289 699.987388902970338 3.499936943004479
0.208500000000000 1.000000000000535 0.500000000000266 0.000000000000290 699.987388902971134 3.499936942786964
0.208600000000000 1.000000000000537 0.500000000000267 0.000000000000291 699.987388902970906 3.499936942554448
0.208700000000000 1.000000000000537 0.500000000000267 0.000000000000291 699.987388902971816 3.499936942307139
0.208800000000000 1.000000000000538 0.500000000000266 0.000000000000291 699.987388902972043 3.499936942045601
0.208900000000000 1.000000000000537 0.500000000000266 0.000000000000293 699.987388902972270 3.499936941770330
0.209000000000000 1.000000000000537 0.500000000000267 0.000000000000294 699.987388902971247 3.499936941481894
0.209100000000000 1.000000000000538 0.500000000000266 0.000000000000293 699.987388902972270 3.499936941180986
0.209200000000000 1.000000000000540 0.500000000000267 0.000000000000293 699.987388902973407 3.499936940868376
0.209300000000000 1.000000000000538 0.500000000000268 0.000000000000293 699.987388902972270 3.499936940544924
0.209400000000000 1.000000000000539 0.500000000000268 0.000000000000295 699.987388902972498 3.499936940211825
0.209500000000000 1.000000000000539 0.500000000000267 0.000000000000297 699.987388902972725 3.499936939869999
0.209600000000000 1.000000000000539 0.500000000000268 0.000000000000298 699.987388902972043 3.499936939520910
0.209700000000000 1.000000000000539 0.500000000000268 0.000000000000299 699.987388902973066 3.499936939165914
0.209800000000000 1.000000000000540 0.500000000000268 0.000000000000299 699.987388902972725 3.499936938805443
0.209900000000000 1.000000000000540 0.500000000000268 0.000000000000301 699.987388902973407 3.499936938440573
0.210000000000000 1.000000000000540 0.500000000000268 0.000000000000300 699.987388902974430 3.499936938072987
0.210100000000000 1.000000000000542 0.500000000000268 0.000000000000299 699.987388902973635 3.499936937704090
0.210200000000000 1.000000000000541 0.500000000000268 0.000000000000300 699.987388902973862 3.499936937334941
0.210300000000000 1.000000000000541 0.500000000000269 0.000000000000301 699.987388902974658 3.499936936967155
0.210400000000000 1.000000000000542 0.500000000000269 0.000000000000301 699.987388902974999 3.499936936602490
0.210500000000000 1.000000000000542 0.500000000000269 0.000000000000300 699.987388902973862 3.499936936241770
0.210600000000000 1.000000000000542 0.500000000000269 0.000000000000300 699.987388902973862 3.499936935886264
0.210700000000000 1.000000000000543 0.500000000000269 0.000000000000300 699.987388902974885 3.499936935538209
0.210800000000000 1.000000000000542 0.500000000000269 0.000000000000302 699.987388902975226 3.499936935198399
0.210900000000000 1.000000000000540 0.500000000000269 0.000000000000302 699.987388902974999 3.499936934868272
0.211000000000000 1.000000000000543 0.500000000000270 0.000000000000303 699.987388902975908 3.499936934549336
0.211100000000000 1.000000000000543 0.500000000000270 0.000000000000302 699.987388902974999 3.499936934242627
0.211200000000000 1.000000000000543 0.500000000000270 0.000000000000300 699.987388902975681 3.499936933949598
0.211300000000000 1.000000000000544 0.500000000000270 0.000000000000297 699.987388902976363 3.499936933671751
0.211400000000000 1.000000000000544 0.500000000000270 0.000000000000297 699.987388902975226 3.499936933410226
0.211500000000000 1.000000000000545 0.500000000000271 0.000000000000297 699.987388902976136 3.499936933166277
0.211600000000000 1.000000000000544 0.500000000000271 0.000000000000297 699.987388902976363 3.499936932941688
0.211700000000000 1.000000000000544 0.500000000000271 0.000000000000295 699.987388902976363 3.499936932737673
0.211800000000000 1.000000000000545 0.500000000000271 0.000000000000295 699.987388902976591 3.499936932555318
0.211900000000000 1.000000000000545 0.500000000000271 0.000000000000295 699.987388902977159 3.499936932394944
0.212000000000000 1.000000000000546 0.500000000000271 0.000000000000294 699.987388902976022 3.499936932256175
0.212100000000000 1.000000000000545 0.500000000000271 0.000000000000293 699.987388902977045 3.499936932138752
0.212200000000000 1.000000000000545 0.500000000000271 0.000000000000293 699.987388902977045 3.499936932044056
0.212300000000000 1.000000000000546 0.500000000000272 0.000000000000292 699.987388902978296 3.499936931973485
0.212400000000000 1.000000000000545 0.500000000000272 0.000000000000291 699.987388902977727 3.499936931926733
0.212500000000000 1.000000000000547 0.500000000000272 0.000000000000290 699.987388902977955 3.499936931903292
0.212600000000000 1.000000000000545 0.500000000000272 0.000000000000288 699.987388902978864 3.499936931903836
0.212700000000000 1.000000000000547 0.500000000000273 0.000000000000287 699.987388902979092 3.499936931928990
0.212800000000000 1.000000000000547 0.500000000000273 0.000000000000288 699.987388902977955 3.499936931978709
0.212900000000000 1.000000000000547 0.500000000000272 0.000000000000287 699.987388902978864 3.499936932052117
0.213000000000000 1.000000000000547 0.500000000000273 0.000000000000286 699.987388902978978 3.499936932149186
0.213100000000000 1.000000000000549 0.500000000000273 0.000000000000286 699.987388902979660 3.499936932270165
0.213200000000000 1.000000000000548 0.500000000000273 0.000000000000284 699.987388902979319 3.499936932414074
0.213300000000000 1.000000000000548 0.500000000000274 0.000000000000285 699.987388902979546 3.499936932580321
0.213400000000000 1.000000000000550 0.500000000000274 0.000000000000284 699.987388902979319 3.499936932767977
0.213500000000000 1.000000000000550 0.500000000000273 0.000000000000279 699.987388902979774 3.499936932975914
0.213600000000000 1.000000000000551 0.500000000000274 0.000000000000277 699.987388902980001 3.499936933203360
0.213700000000000 1.000000000000549 0.500000000000274 0.000000000000275 699.987388902980229 3.499936933449094
0.213800000000000 1.000000000000550 0.500000000000274 0.000000000000271 699.987388902979546 3.499936933710021
0.213900000000000 1.000000000000550 0.500000000000274 0.000000000000269 699.987388902981138 3.499936933984685
0.214000000000000 1.000000000000551 0.500000000000274 0.000000000000266 699.987388902981138 3.499936934274033
0.214100000000000 1.000000000000550 0.500000000000274 0.000000000000265 699.987388902981138 3.499936934578045
0.214200000000000 1.000000000000551 0.500000000000275 0.000000000000262 699.987388902980229 3.499936934895692
0.214300000000000 1.000000000000552 0.500000000000275 0.000000000000260 699.987388902981138 3.499936935225716
0.214400000000000 1.000000000000551 0.500000000000275 0.000000000000259 699.987388902981820 3.499936935566090
0.214500000000000 1.000000000000552 0.500000000000275 0.000000000000255 699.987388902982389 3.499936935914885
0.214600000000000 1.000000000000554 0.500000000000276 0.000000000000253 699.987388902982275 3.499936936270351
0.214700000000000 1.000000000000553 0.500000000000276 0.000000000000251 699.987388902983184 3.499936936631729
0.214800000000000 1.000000000000552 0.500000000000276 0.000000000000250 699.987388902983071 3.499936936997645
0.214900000000000 1.000000000000554 0.500000000000276 0.000000000000249 699.987388902982957 3.499936937366589
0.215000000000000 1.000000000000553 0.500000000000277 0.000000000000249 699.987388902982957 3.499936937736739
0.215100000000000 1.000000000000554 0.500000000000277 0.000000000000247 699.987388902982730 3.499936938106405
0.215200000000000 1.000000000000554 0.500000000000276 0.000000000000245 699.987388902984321 3.499936938475088
0.215300000000000 1.000000000000554 0.500000000000278 0.000000000000243 699.987388902983298 3.499936938840883
0.215400000000000 1.000000000000555 0.500000000000277 0.000000000000240 699.987388902984094 3.499936939202129
0.215500000000000 1.000000000000556 0.500000000000277 0.000000000000235 699.987388902983184 3.499936939557711
0.215600000000000 1.000000000000555 0.500000000000278 0.000000000000232 699.987388902984776 3.499936939906319
0.215700000000000 1.000000000000555 0.500000000000277 0.000000000000229 699.987388902985231 3.499936940246955
0.215800000000000 1.000000000000556 0.500000000000277 0.000000000000227 699.987388902985231 3.499936940578376
0.215900000000000 1.000000000000555 0.500000000000278 0.000000000000224 699.987388902984321 3.499936940899277
0.216000000000000 1.000000000000556 0.500000000000277 0.000000000000220 699.987388902985003 3.499936941209137
0.216100000000000 1.000000000000556 0.500000000000278 0.000000000000217 699.987388902985344 3.499936941507070
0.216200000000000 1.000000000000556 0.500000000000278 0.000000000000212 699.987388902985458 3.499936941792548
0.216300000000000 1.000000000000556 0.500000000000278 0.000000000000212 699.987388902985458 3.499936942065268
0.216400000000000 1.000000000000557 0.500000000000278 0.000000000000209 699.987388902985231 3.499936942324555
0.216500000000000 1.000000000000557 0.500000000000279 0.000000000000204 699.987388902985685 3.499936942569685
0.216600000000000 1.000000000000558 0.500000000000279 0.000000000000202 699.987388902986595 3.499936942800285
0.216700000000000 1.000000000000558 0.500000000000279 0.000000000000198 699.987388902985685 3.499936943015829
0.216800000000000 1.000000000000558 0.500000000000279 0.000000000000196 699.987388902985685 3.499936943216148
0.216900000000000 1.000000000000558 0.500000000000279 0.000000000000194 699.987388902985913 3.499936943401389
0.217000000000000 1.000000000000558 0.500000000000279 0.000000000000189 699.987388902987277 3.499936943571232
0.217100000000000 1.000000000000560 0.500000000000279 0.000000000000184 699.987388902986936 3.499936943725629
0.217200000000000 1.000000000000560 0.500000000000280 0.000000000000182 699.987388902986368 3.499936943864916
0.217300000000000 1.000000000000561 0.500000000000280 0.000000000000177 699.987388902986822 3.499936943989283
0.217400000000000 1.000000000000561 0.500000000000280 0.000000000000174 699.987388902987959 3.499936944098835
0.217500000000000 1.000000000000560 0.500000000000280 0.000000000000169 699.987388902988187 3.499936944194046
0.217600000000000 1.000000000000562 0.500000000000281 0.000000000000163 699.987388902988414 3.499936944275372
0.217700000000000 1.000000000000561 0.500000000000280 0.000000000000160 699.987388902987846 3.499936944343396
0.217800000000000 1.000000000000561 0.500000000000281 0.000000000000155 699.987388902988641 3.499936944398585
0.217900000000000 1.000000000000562 0.500000000000281 0.000000000000152 699.987388902988641 3.499936944441647
0.218000000000000 1.000000000000561 0.500000000000281 0.000000000000147 699.987388902989323 3.499936944473350
0.218100000000000 1.000000000000561 0.500000000000281 0.000000000000144 699.987388902988982 3.499936944494304
0.218200000000000 1.000000000000562 0.500000000000281 0.000000000000140 699.987388902989778 3.499936944505479
0.218300000000000 1.000000000000562 0.500000000000281 0.000000000000137 699.987388902990006 3.499936944507683
0.218400000000000 1.000000000000562 0.500000000000281 0.000000000000133 699.987388902989551 3.499936944501673
0.218500000000000 1.000000000000564 0.500000000000281 0.000000000000130 699.987388902989778 3.499936944488382
0.218600000000000 1.000000000000564 0.500000000000282 0.000000000000126 699.987388902989096 3.499936944468569
0.218700000000000 1.000000000000563 0.500000000000282 0.000000000000121 699.987388902988869 3.499936944443354
0.218800000000000 1.000000000000564 0.500000000000282 0.000000000000118 699.987388902989778 3.499936944413586
0.218900000000000 1.000000000000563 0.500000000000283 0.000000000000114 699.987388902990233 3.499936944380148
0.219000000000000 1.000000000000564 0.500000000000282 0.000000000000111 699.987388902990574 3.499936944344001
0.219100000000000 1.000000000000564 0.500000000000282 0.000000000000106 699.987388902989437 3.499936944305892
0.219200000000000 1.000000000000565 0.500000000000282 0.000000000000101 699.987388902990574 3.499936944266707
0.219300000000000 1.000000000000565 0.500000000000283 0.000000000000099 699.987388902990915 3.499936944227254
0.219400000000000 1.000000000000565 0.500000000000282 0.000000000000095 699.987388902991370 3.499936944188311
0.219500000000000 1.000000000000565 0.500000000000283 0.000000000000091 699.987388902991142 3.499936944150384
0.219600000000000 1.000000000000566 0.500000000000283 0.000000000000087 699.987388902991142 3.499936944114461
0.219700000000000 1.000000000000567 0.500000000000282 0.000000000000084 699.987388902991711 3.499936944081175
0.219800000000000 1.000000000000566 0.500000000000283 0.000000000000079 699.987388902992166 3.499936944050937
0.219900000000000 1.000000000000567 0.500000000000284 0.000000000000077 699.987388902991597 3.499936944024351
0.220000000000000 1.000000000000567 0.500000000000284 0.000000000000074 699.987388902992279 3.499936944002041
0.220100000000000 1.000000000000567 0.500000000000283 0.000000000000071 699.987388902991825 3.499936943984355
0.220200000000000 1.000000000000567 0.500000000000283 0.000000000000068 699.987388902992052 3.499936943971321
0.220300000000000 1.000000000000567 0.500000000000284 0.000000000000064 699.987388902993416 3.499936943962980
0.220400000000000 1.000000000000569 0.500000000000284 0.000000000000059 699.987388902993189 3.499936943959631
0.220500000000000 1.000000000000568 0.500000000000284 0.000000000000056 699.987388902994098 3.499936943961632
0.220600000000000 1.000000000000569 0.500000000000284 0.000000000000055 699.987388902993189 3.499936943968938
0.220700000000000 1.000000000000568 0.500000000000285 0.000000000000051 699.987388902994439 3.499936943981183
0.220800000000000 1.000000000000569 0.500000000000285 0.000000000000046 699.987388902993757 3.499936943997918
0.220900000000000 1.000000000000570 0.500000000000285 0.000000000000042 699.987388902994326 3.499936944018827
0.221000000000000 1.000000000000571 0.500000000000285 0.000000000000039 699.987388902994439 3.499936944043527
0.221100000000000 1.000000000000569 0.500000000000285 0.000000000000035 699.987388902994212 3.499936944071936
0.221200000000000 1.000000000000570 0.500000000000285 0.000000000000031 699.987388902994326 3.499936944103588
0.221300000000000 1.000000000000572 0.500000000000286 0.000000000000026 699.987388902995917 3.499936944138093
0.221400000000000 1.000000000000572 0.500000000000285 0.000000000000022 699.987388902995917 3.499936944174860
0.221500000000000 1.000000000000571 0.500000000000286 0.000000000000019 699.987388902995917 3.499936944213209
0.221600000000000 1.000000000000572 0.500000000000286 0.000000000000015 699.987388902996599 3.499936944252486
0.221700000000000 1.000000000000572 0.500000000000285 0.000000000000010 699.987388902995463 3.499936944291804
0.221800000000000 1.000000000000572 0.500000000000287 0.000000000000005 699.987388902996145 3.499936944330338
0.221900000000000 1.000000000000572 0.500000000000286 0.000000000000003 699.987388902995463 3.499936944367341
0.222000000000000 1.000000000000573 0.500000000000287 -0.000000000000001 699.987388902996372 3.499936944401775
0.222100000000000 1.000000000000572 0.500000000000287 -0.000000000000004 699.987388902997736 3.499936944432863
0.222200000000000 1.000000000000573 0.500000000000287 -0.000000000000008 699.987388902997168 3.499936944459784
0.222300000000000 1.000000000000574 0.500000000000286 -0.000000000000013 699.987388902997623 3.499936944481570
0.222400000000000 1.000000000000574 0.500000000000287 -0.000000000000014 699.987388902997623 3.499936944497295
0.222500000000000 1.000000000000574 0.500000000000287 -0.000000000000018 699.987388902997509 3.499936944506157
0.222600000000000 1.000000000000574 0.500000000000287 -0.000000000000023 699.987388902998646 3.499936944507257
0.222700000000000 1.000000000000575 0.500000000000287 -0.000000000000026 699.987388902997850 3.499936944499653
0.222800000000000 1.000000000000575 0.500000000000287 -0.000000000000030 699.987388902997282 3.499936944482485
0.222900000000000 1.000000000000575 0.500000000000288 -0.000000000000033 699.987388902997509 3.499936944454924
0.223000000000000 1.000000000000575 0.500000000000287 -0.000000000000038 699.987388902997964 3.499936944416262
0.223100000000000 1.000000000000576 0.500000000000288 -0.000000000000040 699.987388902999101 3.499936944365772
0.223200000000000 1.000000000000576 0.500000000000288 -0.000000000000041 699.987388902998759 3.499936944302744
0.223300000000000 1.000000000000576 0.500000000000287 -0.000000000000044 699.987388902998191 3.499936944226522
0.223400000000000 1.000000000000576 0.500000000000288 -0.000000000000048 699.987388903000010 3.499936944136431
0.223500000000000 1.000000000000576 0.500000000000288 -0.000000000000049 699.987388902999783 3.499936944032182
0.223600000000000 1.000000000000578 0.500000000000289 -0.000000000000052 699.987388902998191 3.499936943913181
0.223700000000000 1.000000000000578 0.500000000000288 -0.000000000000055 699.987388902999442 3.499936943779335
0.223800000000000 1.000000000000578 0.500000000000288 -0.000000000000060 699.987388903000237 3.499936943630229
0.223900000000000 1.000000000000579 0.500000000000288 -0.000000000000060 699.987388903001147 3.499936943465861
0.224000000000000 1.000000000000577 0.500000000000289 -0.000000000000060 699.987388903000237 3.499936943286176
0.224100000000000 1.000000000000580 0.500000000000289 -0.000000000000061 699.987388902999783 3.499936943091365
0.224200000000000 1.000000000000579 0.500000000000289 -0.000000000000064 699.987388903001602 3.499936942881279
0.224300000000000 1.000000000000578 0.500000000000290 -0.000000000000067 699.987388903000010 3.499936942656241
0.224400000000000 1.000000000000578 0.500000000000289 -0.000000000000071 699.987388903001033 3.499936942416691
0.224500000000000 1.000000000000580 0.500000000000289 -0.000000000000072 699.987388903000920 3.499936942162773
0.224600000000000 1.000000000000580 0.500000000000289 -0.000000000000074 699.987388903001715 3.499936941894962
0.224700000000000 1.000000000000580 0.500000000000289 -0.000000000000075 699.987388903001374 3.499936941613898
0.224800000000000 1.000000000000581 0.500000000000289 -0.000000000000077 699.987388903001374 3.499936941319763
0.224900000000000 1.000000000000580 0.500000000000290 -0.000000000000079 699.987388903001715 3.499936941013011
0.225000000000000 1.000000000000581 0.500000000000290 -0.000000000000081 699.987388903001374 3.499936940694775
0.225100000000000 1.000000000000580 0.500000000000290 -0.000000000000083 699.987388903002511 3.499936940366222
0.225200000000000 1.000000000000582 0.500000000000289 -0.000000000000084 699.987388903002852 3.499936940028714
0.225300000000000 1.000000000000582 0.500000000000290 -0.000000000000084 699.987388903002739 3.499936939683098
0.225400000000000 1.000000000000581 0.500000000000290 -0.000000000000087 699.987388903001829 3.499936939329745
0.225500000000000 1.000000000000584 0.500000000000290 -0.000000000000087 699.987388903003193 3.499936938969821
0.225600000000000 1.000000000000582 0.500000000000290 -0.000000000000089 699.987388903003421 3.499936938605240
0.225700000000000 1.000000000000583 0.500000000000290 -0.000000000000094 699.987388903003307 3.499936938237138
0.225800000000000 1.000000000000582 0.500000000000291 -0.000000000000095 699.987388903003648 3.499936937866755
0.225900000000000 1.000000000000584 0.500000000000290 -0.000000000000095 699.987388903004216 3.499936937495994
0.226000000000000 1.000000000000583 0.500000000000291 -0.000000000000096 699.987388903003875 3.499936937126257
0.226100000000000 1.000000000000584 0.500000000000291 -0.000000000000098 699.987388903004330 3.499936936759156
0.226200000000000 1.000000000000584 0.500000000000290 -0.000000000000101 699.987388903003875 3.499936936396480
0.226300000000000 1.000000000000584 0.500000000000291 -0.000000000000102 699.987388903004785 3.499936936039426
0.226400000000000 1.000000000000584 0.500000000000291 -0.000000000000101 699.987388903005240 3.499936935689043
0.226500000000000 1.000000000000584 0.500000000000291 -0.000000000000103 699.987388903003193 3.499936935346533
0.226600000000000 1.000000000000585 0.500000000000291 -0.000000000000105 699.987388903005353 3.499936935013604
0.226700000000000 1.000000000000586 0.500000000000292 -0.000000000000106 699.987388903004899 3.499936934690834
0.226800000000000 1.000000000000585 0.500000000000291 -0.000000000000107 699.987388903004103 3.499936934379026
0.226900000000000 1.000000000000585 0.500000000000291 -0.000000000000111 699.987388903005467 3.499936934080552
0.227000000000000 1.000000000000587 0.500000000000292 -0.000000000000110 699.987388903005467 3.499936933798039
0.227100000000000 1.000000000000587 0.500000000000292 -0.000000000000112 699.987388903005922 3.499936933532213
0.227200000000000 1.000000000000586 0.500000000000291 -0.000000000000112 699.987388903006376 3.499936933282247
0.227300000000000 1.000000000000587 0.500000000000292 -0.000000000000111 699.987388903006376 3.499936933048954
0.227400000000000 1.000000000000586 0.500000000000292 -0.000000000000110 699.987388903005922 3.499936932834271
0.227500000000000 1.000000000000586 0.500000000000292 -0.000000000000109 699.987388903006604 3.499936932639800
0.227600000000000 1.000000000000587 0.500000000000292 -0.000000000000111 699.987388903006831 3.499936932467012
0.227700000000000 1.000000000000588 0.500000000000292 -0.000000000000110 699.987388903007059 3.499936932316444
0.227800000000000 1.000000000000588 0.500000000000292 -0.000000000000110 699.987388903007513 3.499936932188433
0.227900000000000 1.000000000000588 0.500000000000292 -0.000000000000108 699.987388903006718 3.499936932083191
0.228000000000000 1.000000000000589 0.500000000000293 -0.000000000000108 699.987388903007741 3.499936932001024
0.228100000000000 1.000000000000592 0.500000000000292 -0.000000000000107 699.987388903007513 3.499936931941685
0.228200000000000 1.000000000000588 0.500000000000292 -0.000000000000106 699.987388903006945 3.499936931905931
0.228300000000000 1.000000000000590 0.500000000000292 -0.000000000000105 699.987388903008423 3.499936931894343
0.228400000000000 1.000000000000589 0.500000000000292 -0.000000000000105 699.987388903008650 3.499936931906675
0.228500000000000 1.000000000000589 0.500000000000293 -0.000000000000104 699.987388903008309 3.499936931943842
0.228600000000000 1.000000000000590 0.500000000000292 -0.000000000000103 699.987388903007854 3.499936932006098
0.228700000000000 1.000000000000590 0.500000000000293 -0.000000000000100 699.987388903007968 3.499936932092980
0.228800000000000 1.000000000000591 0.500000000000293 -0.000000000000104 699.987388903008650 3.499936932204134
0.228900000000000 1.000000000000591 0.500000000000293 -0.000000000000103 699.987388903010242 3.499936932338213
0.229000000000000 1.000000000000593 0.500000000000294 -0.000000000000100 699.987388903008991 3.499936932494361
0.229100000000000 1.000000000000591 0.500000000000293 -0.000000000000099 699.987388903009560 3.499936932672436
0.229200000000000 1.000000000000591 0.500000000000293 -0.000000000000097 699.987388903009560 3.499936932870983
0.229300000000000 1.000000000000592 0.500000000000293 -0.000000000000095 699.987388903010242 3.499936933088442
0.229400000000000 1.000000000000593 0.500000000000294 -0.000000000000093 699.987388903011606 3.499936933323606
0.229500000000000 1.000000000000593 0.500000000000294 -0.000000000000092 699.987388903010469 3.499936933575940
0.229600000000000 1.000000000000593 0.500000000000294 -0.000000000000091 699.987388903011151 3.499936933845043
0.229700000000000 1.000000000000592 0.500000000000294 -0.000000000000086 699.987388903010469 3.499936934130083
0.229800000000000 1.000000000000594 0.500000000000294 -0.000000000000084 699.987388903011492 3.499936934430196
0.229900000000000 1.000000000000595 0.500000000000294 -0.000000000000083 699.987388903012061 3.499936934744035
0.230000000000000 1.000000000000595 0.500000000000294 -0.000000000000081 699.987388903012061 3.499936935070578
0.230100000000000 1.000000000000595 0.500000000000294 -0.000000000000081 699.987388903011833 3.499936935408016
0.230200000000000 1.000000000000595 0.500000000000295 -0.000000000000081 699.987388903011492 3.499936935754100
0.230300000000000 1.000000000000596 0.500000000000294 -0.000000000000080 699.987388903012516 3.499936936108439
0.230400000000000 1.000000000000596 0.500000000000295 -0.000000000000078 699.987388903011606 3.499936936469088
0.230500000000000 1.000000000000596 0.500000000000295 -0.000000000000076 699.987388903012970 3.499936936834217
0.230600000000000 1.000000000000596 0.500000000000295 -0.000000000000074 699.987388903013198 3.499936937202481
0.230700000000000 1.000000000000598 0.500000000000295 -0.000000000000074 699.987388903013311 3.499936937572818
0.230800000000000 1.000000000000598 0.500000000000295 -0.000000000000072 699.987388903012857 3.499936937943716
0.230900000000000 1.000000000000598 0.500000000000295 -0.000000000000070 699.987388903012970 3.499936938312982
0.231000000000000 1.000000000000597 0.500000000000296 -0.000000000000066 699.987388903013652 3.499936938679346
0.231100000000000 1.000000000000597 0.500000000000295 -0.000000000000064 699.987388903014562 3.499936939042229
0.231200000000000 1.000000000000598 0.500000000000295 -0.000000000000062 699.987388903014562 3.499936939399858
0.231300000000000 1.000000000000598 0.500000000000295 -0.000000000000058 699.987388903014107 3.499936939751096
0.231400000000000 1.000000000000598 0.500000000000296 -0.000000000000055 699.987388903014335 3.499936940095262
0.231500000000000 1.000000000000599 0.500000000000296 -0.000000000000049 699.987388903014562 3.499936940430578
0.231600000000000 1.000000000000598 0.500000000000297 -0.000000000000044 699.987388903014562 3.499936940755916
0.231700000000000 1.000000000000600 0.500000000000297 -0.000000000000040 699.987388903015813 3.499936941070743
0.231800000000000 1.000000000000599 0.500000000000297 -0.000000000000036 699.987388903015585 3.499936941374485
0.231900000000000 1.000000000000600 0.500000000000296 -0.000000000000031 699.987388903015471 3.499936941666570
0.232000000000000 1.000000000000598 0.500000000000297 -0.000000000000027 699.987388903015017 3.499936941946206
0.232100000000000 1.000000000000601 0.500000000000296 -0.000000000000024 699.987388903015471 3.499936942212108
0.232200000000000 1.000000000000601 0.500000000000297 -0.000000000000019 699.987388903016267 3.499936942463884
0.232300000000000 1.000000000000600 0.500000000000297 -0.000000000000015 699.987388903016381 3.499936942701217
0.232400000000000 1.000000000000602 0.500000000000296 -0.000000000000011 699.987388903015926 3.499936942923679
0.232500000000000 1.000000000000601 0.500000000000297 -0.000000000000005 699.987388903015471 3.499936943130899
0.232600000000000 1.000000000000601 0.500000000000296 -0.000000000000001 699.987388903016381 3.499936943322703
0.232700000000000 1.000000000000602 0.500000000000297 0.000000000000005 699.987388903017063 3.499936943499000
0.232800000000000 1.000000000000602 0.500000000000297 0.000000000000008 699.987388903016836 3.499936943660177
0.232900000000000 1.000000000000603 0.500000000000297 0.000000000000012 699.987388903017973 3.499936943806124
0.233000000000000 1.000000000000602 0.500000000000297 0.000000000000017 699.987388903017518 3.499936943936962
0.233100000000000 1.000000000000602 0.500000000000297 0.000000000000023 699.987388903017745 3.499936944053095
0.233200000000000 1.000000000000603 0.500000000000297 0.000000000000027 699.987388903018200 3.499936944154728
0.233300000000000 1.000000000000603 0.500000000000298 0.000000000000032 699.987388903017745 3.499936944242147
0.233400000000000 1.000000000000603 0.500000000000298 0.000000000000037 699.987388903017745 3.499936944315841
0.233500000000000 1.000000000000603 0.500000000000298 0.000000000000043 699.987388903018768 3.499936944376382
0.233600000000000 1.000000000000604 0.500000000000298 0.000000000000050 699.987388903017177 3.499936944424516
0.233700000000000 1.000000000000604 0.500000000000298 0.000000000000053 699.987388903018541 3.499936944461032
0.233800000000000 1.000000000000605 0.500000000000298 0.000000000000056 699.987388903018882 3.499936944486567
0.233900000000000 1.000000000000604 0.500000000000299 0.000000000000063 699.987388903018427 3.499936944501737
0.234000000000000 1.000000000000605 0.500000000000298 0.000000000000067 699.987388903019337 3.499936944507417
0.234100000000000 1.000000000000605 0.500000000000298 0.000000000000072 699.987388903019337 3.499936944504610
0.234200000000000 1.000000000000606 0.500000000000298 0.000000000000077 699.987388903017745 3.499936944494094
0.234300000000000 1.000000000000604 0.500000000000299 0.000000000000082 699.987388903018200 3.499936944476800
0.234400000000000 1.000000000000606 0.500000000000298 0.000000000000087 699.987388903018768 3.499936944453715
0.234500000000000 1.000000000000608 0.500000000000299 0.000000000000092 699.987388903018996 3.499936944425725
0.234600000000000 1.000000000000605 0.500000000000299 0.000000000000099 699.987388903019450 3.499936944393734
0.234700000000000 1.000000000000607 0.500000000000299 0.000000000000104 699.987388903019223 3.499936944358606
0.234800000000000 1.000000000000607 0.500000000000299 0.000000000000109 699.987388903020360 3.499936944321440
0.234900000000000 1.000000000000607 0.500000000000299 0.000000000000113 699.987388903020360 3.499936944282970
0.235000000000000 1.000000000000606 0.500000000000299 0.000000000000118 699.987388903020701 3.499936944244039
0.235100000000000 1.000000000000607 0.500000000000300 0.000000000000124 699.987388903021838 3.499936944205254
0.235200000000000 1.000000000000608 0.500000000000300 0.000000000000128 699.987388903021952 3.499936944167528
0.235300000000000 1.000000000000608 0.500000000000300 0.000000000000132 699.987388903021156 3.499936944131342
0.235400000000000 1.000000000000609 0.500000000000300 0.000000000000139 699.987388903021838 3.499936944097148
0.235500000000000 1.000000000000611 0.500000000000301 0.000000000000145 699.987388903021156 3.499936944065778
0.235600000000000 1.000000000000609 0.500000000000300 0.000000000000149 699.987388903022065 3.499936944037770
0.235700000000000 1.000000000000609 0.500000000000300 0.000000000000156 699.987388903022293 3.499936944013514
0.235800000000000 1.000000000000610 0.500000000000300 0.000000000000161 699.987388903022520 3.499936943993460
0.235900000000000 1.000000000000610 0.500000000000301 0.000000000000166 699.987388903023202 3.499936943977894
0.236000000000000 1.000000000000611 0.500000000000301 0.000000000000170 699.987388903023884 3.499936943967192
0.236100000000000 1.000000000000611 0.500000000000301 0.000000000000175 699.987388903023430 3.499936943961570
0.236200000000000 1.000000000000611 0.500000000000302 0.000000000000181 699.987388903022975 3.499936943961165
0.236300000000000 1.000000000000611 0.500000000000302 0.000000000000186 699.987388903023771 3.499936943965690
0.236400000000000 1.000000000000612 0.500000000000302 0.000000000000192 699.987388903022747 3.499936943975140
0.236500000000000 1.000000000000612 0.500000000000302 0.000000000000197 699.987388903024112 3.499936943989294
0.236600000000000 1.000000000000613 0.500000000000302 0.000000000000201 699.987388903023202 3.499936944007897
0.236700000000000 1.000000000000613 0.500000000000302 0.000000000000205 699.987388903023202 3.499936944030773
0.236800000000000 1.000000000000612 0.500000000000302 0.000000000000209 699.987388903023998 3.499936944057616
0.236900000000000 1.000000000000611 0.500000000000302 0.000000000000213 699.987388903024566 3.499936944088069
0.237000000000000 1.000000000000612 0.500000000000303 0.000000000000218 699.987388903024453 3.499936944121642
0.237100000000000 1.000000000000612 0.500000000000303 0.000000000000223 699.987388903024339 3.499936944157874
0.237200000000000 1.000000000000613 0.500000000000302 0.000000000000227 699.987388903024794 3.499936944195976
0.237300000000000 1.000000000000613 0.500000000000304 0.000000000000229 699.987388903025476 3.499936944235180
0.237400000000000 1.000000000000614 0.500000000000303 0.000000000000234 699.987388903024680 3.499936944274741
0.237500000000000 1.000000000000615 0.500000000000304 0.000000000000237 699.987388903025476 3.499936944313762
0.237600000000000 1.000000000000614 0.500000000000304 0.000000000000240 699.987388903025931 3.499936944351486
0.237700000000000 1.000000000000614 0.500000000000304 0.000000000000242 699.987388903026385 3.499936944387120
0.237800000000000 1.000000000000615 0.500000000000303 0.000000000000244 699.987388903025931 3.499936944419812
0.237900000000000 1.000000000000615 0.500000000000304 0.000000000000250 699.987388903025476 3.499936944448533
0.238000000000000 1.000000000000616 0.500000000000305 0.000000000000255 699.987388903025703 3.499936944472471
0.238100000000000 1.000000000000616 0.500000000000304 0.000000000000259 699.987388903026272 3.499936944490897
0.238200000000000 1.000000000000615 0.500000000000304 0.000000000000261 699.987388903027067 3.499936944502807
0.238300000000000 1.000000000000617 0.500000000000304 0.000000000000265 699.987388903027522 3.499936944507409
0.238400000000000 1.000000000000615 0.500000000000305 0.000000000000269 699.987388903027750 3.499936944503732
0.238500000000000 1.000000000000616 0.500000000000305 0.000000000000275 699.987388903027977 3.499936944490928
0.238600000000000 1.000000000000617 0.500000000000305 0.000000000000279 699.987388903027750 3.499936944468173
0.238700000000000 1.000000000000617 0.500000000000306 0.000000000000283 699.987388903028659 3.499936944434687
0.238800000000000 1.000000000000619 0.500000000000305 0.000000000000283 699.987388903027295 3.499936944389729
0.238900000000000 1.000000000000618 0.500000000000306 0.000000000000286 699.987388903027750 3.499936944332406
0.239000000000000 1.000000000000617 0.500000000000305 0.000000000000289 699.987388903027750 3.499936944262197
0.239100000000000 1.000000000000618 0.500000000000307 0.000000000000291 699.987388903027750 3.499936944178506
0.239200000000000 1.000000000000619 0.500000000000306 0.000000000000293 699.987388903028773 3.499936944080865
0.239300000000000 1.000000000000621 0.500000000000306 0.000000000000294 699.987388903028091 3.499936943968553
0.239400000000000 1.000000000000620 0.500000000000306 0.000000000000295 699.987388903029114 3.499936943841527
0.239500000000000 1.000000000000620 0.500000000000307 0.000000000000299 699.987388903029228 3.499936943699490
0.239600000000000 1.000000000000621 0.500000000000307 0.000000000000299 699.987388903029228 3.499936943542153
0.239700000000000 1.000000000000621 0.500000000000307 0.000000000000301 699.987388903030478 3.499936943369573
0.239800000000000 1.000000000000621 0.500000000000307 0.000000000000305 699.987388903029341 3.499936943181986
0.239900000000000 1.000000000000620 0.500000000000307 0.000000000000305 699.987388903029796 3.499936942979249
0.240000000000000 1.000000000000619 0.500000000000308 0.000000000000308 699.987388903029569 3.499936942761262
0.240100000000000 1.000000000000621 0.500000000000308 0.000000000000311 699.987388903030251 3.499936942527976
0.240200000000000 1.000000000000621 0.500000000000308 0.000000000000312 699.987388903029910 3.499936942279250
0.240300000000000 1.000000000000623 0.500000000000308 0.000000000000316 699.987388903030251 3.499936942015904
0.240400000000000 1.000000000000619 0.500000000000308 0.000000000000320 699.987388903030478 3.499936941739244
0.240500000000000 1.000000000000622 0.500000000000309 0.000000000000322 699.987388903030933 3.499936941449982
0.240600000000000 1.000000000000623 0.500000000000309 0.000000000000322 699.987388903031047 3.499936941148231
0.240700000000000 1.000000000000622 0.500000000000309 0.000000000000325 699.987388903030933 3.499936940834502
0.240800000000000 1.000000000000623 0.500000000000309 0.000000000000326 699.987388903031047 3.499936940509918
0.240900000000000 1.000000000000623 0.500000000000309 0.000000000000328 699.987388903031615 3.499936940175171
0.241000000000000 1.000000000000623 0.500000000000309 0.000000000000328 699.987388903032297 3.499936939831860
0.241100000000000 1.000000000000622 0.500000000000309 0.000000000000330 699.987388903031388 3.499936939480893
0.241200000000000 1.000000000000625 0.500000000000310 0.000000000000332 699.987388903032866 3.499936939123265
0.241300000000000 1.000000000000624 0.500000000000311 0.000000000000334 699.987388903032866 3.499936938760941
0.241400000000000 1.000000000000625 0.500000000000311 0.000000000000335 699.987388903033320 3.499936938395255
0.241500000000000 1.000000000000626 0.500000000000310 0.000000000000336 699.987388903033093 3.499936938027125
0.241600000000000 1.000000000000626 0.500000000000310 0.000000000000337 699.987388903034685 3.499936937657377
0.241700000000000 1.000000000000625 0.500000000000310 0.000000000000336 699.987388903034002 3.499936937287627
0.241800000000000 1.000000000000626 0.500000000000311 0.000000000000338 699.987388903033434 3.499936936919481
0.241900000000000 1.000000000000625 0.500000000000311 0.000000000000340 699.987388903034798 3.499936936554361
0.242000000000000 1.000000000000626 0.500000000000311 0.000000000000340 699.987388903034457 3.499936936193705
0.242100000000000 1.000000000000626 0.500000000000311 0.000000000000341 699.987388903034571 3.499936935839365
0.242200000000000 1.000000000000627 0.500000000000312 0.000000000000342 699.987388903034230 3.499936935492577
0.242300000000000 1.000000000000627 0.500000000000311 0.000000000000340 699.987388903034116 3.499936935154143
0.242400000000000 1.000000000000627 0.500000000000312 0.000000000000339 699.987388903033661 3.499936934825219
0.242500000000000 1.000000000000628 0.500000000000312 0.000000000000340 699.987388903035480 3.499936934507906
0.242600000000000 1.000000000000627 0.500000000000312 0.000000000000340 699.987388903034571 3.499936934203686
0.242700000000000 1.000000000000629 0.500000000000312 0.000000000000339 699.987388903035480 3.499936933913236
0.242800000000000 1.000000000000628 0.500000000000312 0.000000000000339 699.987388903035821 3.499936933637454
0.242900000000000 1.000000000000628 0.500000000000313 0.000000000000342 699.987388903035253 3.499936933378206
0.243000000000000 1.000000000000626 0.500000000000313 0.000000000000340 699.987388903036049 3.499936933137211
0.243100000000000 1.000000000000629 0.500000000000312 0.000000000000339 699.987388903035480 3.499936932915241
0.243200000000000 1.000000000000628 0.500000000000314 0.000000000000336 699.987388903037072 3.499936932713259
0.243300000000000 1.000000000000630 0.500000000000313 0.000000000000335 699.987388903036390 3.499936932532871
0.243400000000000 1.000000000000629 0.500000000000313 0.000000000000333 699.987388903036504 3.499936932374164
0.243500000000000 1.000000000000629 0.500000000000314 0.000000000000331 699.987388903036958 3.499936932237279
0.243600000000000 1.000000000000630 0.500000000000314 0.000000000000330 699.987388903037640 3.499936932122752
0.243700000000000 1.000000000000631 0.500000000000314 0.000000000000328 699.987388903037868 3.499936932030644
0.243800000000000 1.000000000000630 0.500000000000314 0.000000000000327 699.987388903036731 3.499936931960657
0.243900000000000 1.000000000000630 0.500000000000314 0.000000000000326 699.987388903036958 3.499936931913821
0.244000000000000 1.000000000000631 0.500000000000314 0.000000000000327 699.987388903037186 3.499936931890876
0.244100000000000 1.000000000000631 0.500000000000314 0.000000000000324 699.987388903037981 3.499936931892317
0.244200000000000 1.000000000000631 0.500000000000315 0.000000000000322 699.987388903037981 3.499936931918891
0.244300000000000 1.000000000000631 0.500000000000315 0.000000000000319 699.987388903037981 3.499936931970259
0.244400000000000 1.000000000000632 0.500000000000314 0.000000000000317 699.987388903038891 3.499936932046174
0.244500000000000 1.000000000000631 0.500000000000315 0.000000000000313 699.987388903039118 3.499936932145802
0.244600000000000 1.000000000000633 0.500000000000315 0.000000000000311 699.987388903039800 3.499936932269005
0.244700000000000 1.000000000000633 0.500000000000316 0.000000000000309 699.987388903038891 3.499936932416094
0.244800000000000 1.000000000000633 0.500000000000316 0.000000000000307 699.987388903038209 3.499936932585363
0.244900000000000 1.000000000000634 0.500000000000316 0.000000000000306 699.987388903039573 3.499936932775063
0.245000000000000 1.000000000000635 0.500000000000316 0.000000000000305 699.987388903039800 3.499936932984830
0.245100000000000 1.000000000000634 0.500000000000316 0.000000000000304 699.987388903039232 3.499936933213779
0.245200000000000 1.000000000000632 0.500000000000316 0.000000000000301 699.987388903039687 3.499936933460910
0.245300000000000 1.000000000000634 0.500000000000316 0.000000000000301 699.987388903038891 3.499936933725766
0.245400000000000 1.000000000000635 0.500000000000316 0.000000000000299 699.987388903039118 3.499936934007527
0.245500000000000 1.000000000000635 0.500000000000317 0.000000000000297 699.987388903040483 3.499936934304368
0.245600000000000 1.000000000000635 0.500000000000317 0.000000000000294 699.987388903040141 3.499936934614780
0.245700000000000 1.000000000000634 0.500000000000317 0.000000000000292 699.987388903039346 3.499936934937926
0.245800000000000 1.000000000000637 0.500000000000318 0.000000000000290 699.987388903040028 3.499936935271948
0.245900000000000 1.000000000000635 0.500000000000317 0.000000000000288 699.987388903039573 3.499936935615514
0.246000000000000 1.000000000000636 0.500000000000318 0.000000000000287 699.987388903039346 3.499936935966693
0.246100000000000 1.000000000000636 0.500000000000317 0.000000000000286 699.987388903041165 3.499936936323762
0.246200000000000 1.000000000000637 0.500000000000318 0.000000000000285 699.987388903041506 3.499936936685653
0.246300000000000 1.000000000000636 0.500000000000318 0.000000000000281 699.987388903041960 3.499936937050984
0.246400000000000 1.000000000000636 0.500000000000318 0.000000000000278 699.987388903041619 3.499936937418124
0.246500000000000 1.000000000000638 0.500000000000319 0.000000000000277 699.987388903042074 3.499936937786358
0.246600000000000 1.000000000000638 0.500000000000319 0.000000000000272 699.987388903042529 3.499936938155114
0.246700000000000 1.000000000000640 0.500000000000319 0.000000000000270 699.987388903042074 3.499936938522352
0.246800000000000 1.000000000000640 0.500000000000320 0.000000000000269 699.987388903042529 3.499936938885331
0.246900000000000 1.000000000000639 0.500000000000320 0.000000000000268 699.987388903043779 3.499936939242860
0.247000000000000 1.000000000000638 0.500000000000320 0.000000000000266 699.987388903042984 3.499936939595012
0.247100000000000 1.000000000000639 0.500000000000320 0.000000000000264 699.987388903042984 3.499936939941079
0.247200000000000 1.000000000000641 0.500000000000320 0.000000000000262 699.987388903043666 3.499936940280141
0.247300000000000 1.000000000000639 0.500000000000321 0.000000000000259 699.987388903044121 3.499936940610811
0.247400000000000 1.000000000000642 0.500000000000320 0.000000000000254 699.987388903044462 3.499936940931808
0.247500000000000 1.000000000000641 0.500000000000321 0.000000000000251 699.987388903044348 3.499936941241849
0.247600000000000 1.000000000000642 0.500000000000321 0.000000000000247 699.987388903044803 3.499936941540323
0.247700000000000 1.000000000000642 0.500000000000320 0.000000000000244 699.987388903043893 3.499936941826036
0.247800000000000 1.000000000000642 0.500000000000321 0.000000000000240 699.987388903044121 3.499936942098179
0.247900000000000 1.000000000000642 0.500000000000321 0.000000000000236 699.987388903043779 3.499936942356277
0.248000000000000 1.000000000000642 0.500000000000321 0.000000000000233 699.987388903044348 3.499936942599955
0.248100000000000 1.000000000000641 0.500000000000322 0.000000000000232 699.987388903044803 3.499936942829140
0.248200000000000 1.000000000000643 0.500000000000321 0.000000000000230 699.987388903045485 3.499936943043177
0.248300000000000 1.000000000000644 0.500000000000321 0.000000000000228 699.987388903045598 3.499936943241679
0.248400000000000 1.000000000000642 0.500000000000322 0.000000000000223 699.987388903045030 3.499936943424584
0.248500000000000 1.000000000000644 0.500000000000322 0.000000000000219 699.987388903045826 3.499936943592069
0.248600000000000 1.000000000000644 0.500000000000322 0.000000000000216 699.987388903047190 3.499936943744121
0.248700000000000 1.000000000000644 0.500000000000322 0.000000000000212 699.987388903046508 3.499936943881140
0.248800000000000 1.000000000000644 0.500000000000322 0.000000000000210 699.987388903046849 3.499936944003350
0.248900000000000 1.000000000000646 0.500000000000322 0.000000000000208 699.987388903047304 3.499936944110981
0.249000000000000 1.000000000000644 0.500000000000322 0.000000000000206 699.987388903045940 3.499936944204332
0.249100000000000 1.000000000000645 0.500000000000323 0.000000000000201 699.987388903047417 3.499936944283900
0.249200000000000 1.000000000000646 0.500000000000323 0.000000000000196 699.987388903046735 3.499936944350277
0.249300000000000 1.000000000000645 0.500000000000323 0.000000000000193 699.987388903046394 3.499936944403960
0.249400000000000 1.000000000000647 0.500000000000323 0.000000000000188 699.987388903047304 3.499936944445595
0.249500000000000 1.000000000000645 0.500000000000323 0.000000000000184 699.987388903047531 3.499936944475875
0.249600000000000 1.000000000000646 0.500000000000323 0.000000000000182 699.987388903047304 3.499936944495536
0.249700000000000 1.000000000000646 0.500000000000324 0.000000000000178 699.987388903047986 3.499936944505516
0.249800000000000 1.000000000000647 0.500000000000323 0.000000000000175 699.987388903048213 3.499936944506575
0.249900000000000 1.000000000000646 0.500000000000324 0.000000000000171 699.987388903047986 3.499936944499565
0.250000000000000 1.000000000000648 0.500000000000324 0.000000000000166 699.987388903049009 3.499936944485407
0.250100000000000 1.000000000000647 0.500000000000324 0.000000000000162 699.987388903047759 3.499936944464927
0.250200000000000 1.000000000000648 0.500000000000324 0.000000000000158 699.987388903048782 3.499936944439152
0.250300000000000 1.000000000000648 0.500000000000324 0.000000000000153 699.987388903050260 3.499936944408892
0.250400000000000 1.000000000000649 0.500000000000325 0.000000000000150 699.987388903050146 3.499936944375188
0.250500000000000 1.000000000000648 0.500000000000325 0.000000000000147 699.987388903050032 3.499936944338885
0.250600000000000 1.000000000000649 0.500000000000325 0.000000000000142 699.987388903049805 3.499936944300868
0.250700000000000 1.000000000000649 0.500000000000325 0.000000000000139 699.987388903050260 3.499936944261976
0.250800000000000 1.000000000000649 0.500000000000325 0.000000000000136 699.987388903049805 3.499936944222853
0.250900000000000 1.000000000000650 0.500000000000325 0.000000000000131 699.987388903049805 3.499936944184146
0.251000000000000 1.000000000000649 0.500000000000325 0.000000000000125 699.987388903050373 3.499936944146744
0.251100000000000 1.000000000000651 0.500000000000326 0.000000000000120 699.987388903050942 3.499936944111182
0.251200000000000 1.000000000000649 0.500000000000325 0.000000000000115 699.987388903051169 3.499936944078341
0.251300000000000 1.000000000000650 0.500000000000326 0.000000000000112 699.987388903050260 3.499936944048578
0.251400000000000 1.000000000000651 0.500000000000326 0.000000000000107 699.987388903051169 3.499936944022437
0.251500000000000 1.000000000000651 0.500000000000325 0.000000000000102 699.987388903051851 3.499936944000430
0.251600000000000 1.000000000000651 0.500000000000325 0.000000000000097 699.987388903051624 3.499936943983030
0.251700000000000 1.000000000000652 0.500000000000327 0.000000000000093 699.987388903051510 3.499936943970424
0.251800000000000 1.000000000000652 0.500000000000326 0.000000000000086 699.987388903052647 3.499936943962980
0.251900000000000 1.000000000000652 0.500000000000326 0.000000000000081 699.987388903052306 3.499936943960530
0.252000000000000 1.000000000000653 0.500000000000327 0.000000000000077 699.987388903052079 3.499936943963018
0.252100000000000 1.000000000000652 0.500000000000327 0.000000000000072 699.987388903052420 3.499936943970335
0.252200000000000 1.000000000000651 0.500000000000327 0.000000000000068 699.987388903053215 3.499936943982527
0.252300000000000 1.000000000000654 0.500000000000327 0.000000000000065 699.987388903052533 3.499936943999189
0.252400000000000 1.000000000000653 0.500000000000327 0.000000000000062 699.987388903052533 3.499936944020253
0.252500000000000 1.000000000000653 0.500000000000327 0.000000000000059 699.987388903053670 3.499936944045385
0.252600000000000 1.000000000000653 0.500000000000327 0.000000000000055 699.987388903053557 3.499936944074188
0.252700000000000 1.000000000000655 0.500000000000328 0.000000000000051 699.987388903052761 3.499936944106243
0.252800000000000 1.000000000000656 0.500000000000328 0.000000000000045 699.987388903053557 3.499936944141112
0.252900000000000 1.000000000000655 0.500000000000328 0.000000000000042 699.987388903054352 3.499936944178230
0.253000000000000 1.000000000000655 0.500000000000328 0.000000000000040 699.987388903054352 3.499936944216893
0.253100000000000 1.000000000000655 0.500000000000328 0.000000000000036 699.987388903054580 3.499936944256306
0.253200000000000 1.000000000000658 0.500000000000328 0.000000000000033 699.987388903054580 3.499936944295528
0.253300000000000 1.000000000000656 0.500000000000328 0.000000000000030 699.987388903055034 3.499936944333822
0.253400000000000 1.000000000000656 0.500000000000329 0.000000000000024 699.987388903055489 3.499936944370261
0.253500000000000 1.000000000000656 0.500000000000328 0.000000000000021 699.987388903055262 3.499936944404367
0.253600000000000 1.000000000000656 0.500000000000328 0.000000000000017 699.987388903056058 3.499936944435157
0.253700000000000 1.000000000000658 0.500000000000329 0.000000000000012 699.987388903055944 3.499936944461659
0.253800000000000 1.000000000000657 0.500000000000329 0.000000000000008 699.987388903056171 3.499936944482891
0.253900000000000 1.000000000000658 0.500000000000329 0.000000000000005 699.987388903055717 3.499936944497951
0.254000000000000 1.000000000000658 0.500000000000330 0.000000000000001 699.987388903057308 3.499936944505923
0.254100000000000 1.000000000000659 0.500000000000330 -0.000000000000003 699.987388903056626 3.499936944506070
0.254200000000000 1.000000000000660 0.500000000000330 -0.000000000000008 699.987388903056853 3.499936944497450
0.254300000000000 1.000000000000661 0.500000000000330 -0.000000000000011 699.987388903056399 3.499936944479265
0.254400000000000 1.000000000000660 0.500000000000330 -0.000000000000012 699.987388903057422 3.499936944450661
0.254500000000000 1.000000000000660 0.500000000000330 -0.000000000000016 699.987388903058104 3.499936944410788
0.254600000000000 1.000000000000660 0.500000000000331 -0.000000000000018 699.987388903057422 3.499936944358908
0.254700000000000 1.000000000000661 0.500000000000330 -0.000000000000020 699.987388903058672 3.499936944294490
0.254800000000000 1.000000000000661 0.500000000000330 -0.000000000000024 699.987388903057308 3.499936944216878
0.254900000000000 1.000000000000661 0.500000000000331 -0.000000000000027 699.987388903058672 3.499936944125608
0.255000000000000 1.000000000000660 0.500000000000331 -0.000000000000029 699.987388903058331 3.499936944020122
0.255100000000000 1.000000000000661 0.500000000000331 -0.000000000000031 699.987388903058672 3.499936943900108
0.255200000000000 1.000000000000662 0.500000000000331 -0.000000000000035 699.987388903057877 3.499936943764966
0.255300000000000 1.000000000000662 0.500000000000331 -0.000000000000038 699.987388903057990 3.499936943614642
0.255400000000000 1.000000000000661 0.500000000000331 -0.000000000000040 699.987388903058445 3.499936943448905
0.255500000000000 1.000000000000662 0.500000000000331 -0.000000000000042 699.987388903058445 3.499936943267648
0.255600000000000 1.000000000000663 0.500000000000331 -0.000000000000045 699.987388903059127 3.499936943070791
0.255700000000000 1.000000000000662 0.500000000000330 -0.000000000000049 699.987388903058672 3.499936942858603
0.255800000000000 1.000000000000662 0.500000000000331 -0.000000000000050 699.987388903060264 3.499936942631020
0.255900000000000 1.000000000000664 0.500000000000331 -0.000000000000052 699.987388903058445 3.499936942388325
0.256000000000000 1.000000000000663 0.500000000000331 -0.000000000000056 699.987388903060264 3.499936942131256
0.256100000000000 1.000000000000664 0.500000000000332 -0.000000000000060 699.987388903060037 3.499936941860476
0.256200000000000 1.000000000000665 0.500000000000331 -0.000000000000064 699.987388903060378 3.499936941575989
0.256300000000000 1.000000000000665 0.500000000000332 -0.000000000000067 699.987388903060037 3.499936941278794
0.256400000000000 1.000000000000665 0.500000000000332 -0.000000000000068 699.987388903060719 3.499936940970183
0.256500000000000 1.000000000000665 0.500000000000331 -0.000000000000071 699.987388903061174 3.499936940650723
0.256600000000000 1.000000000000665 0.500000000000331 -0.000000000000074 699.987388903061174 3.499936940321433
0.256700000000000 1.000000000000665 0.500000000000332 -0.000000000000076 699.987388903061628 3.499936939983378
0.256800000000000 1.000000000000666 0.500000000000332 -0.000000000000077 699.987388903061742 3.499936939637756
0.256900000000000 1.000000000000666 0.500000000000332 -0.000000000000080 699.987388903061515 3.499936939285885
0.257000000000000 1.000000000000666 0.500000000000332 -0.000000000000080 699.987388903062538 3.499936938928634
0.257100000000000 1.000000000000667 0.500000000000332 -0.000000000000082 699.987388903061742 3.499936938566474
0.257200000000000 1.000000000000667 0.500000000000333 -0.000000000000083 699.987388903061742 3.499936938200428
0.257300000000000 1.000000000000667 0.500000000000332 -0.000000000000084 699.987388903062993 3.499936937832150
0.257400000000000 1.000000000000668 0.500000000000332 -0.000000000000084 699.987388903062538 3.499936937462632
0.257500000000000 1.000000000000667 0.500000000000333 -0.000000000000086 699.987388903062538 3.499936937093672
0.257600000000000 1.000000000000668 0.500000000000333 -0.000000000000088 699.987388903062993 3.499936936727277
0.257700000000000 1.000000000000669 0.500000000000333 -0.000000000000089 699.987388903064129 3.499936936364668
0.257800000000000 1.000000000000669 0.500000000000333 -0.000000000000091 699.987388903063675 3.499936936006902
0.257900000000000 1.000000000000668 0.500000000000334 -0.000000000000092 699.987388903063902 3.499936935654837
0.258000000000000 1.000000000000668 0.500000000000333 -0.000000000000094 699.987388903063447 3.499936935310329
0.258100000000000 1.000000000000669 0.500000000000333 -0.000000000000096 699.987388903064129 3.499936934975583
0.258200000000000 1.000000000000669 0.500000000000333 -0.000000000000097 699.987388903063447 3.499936934651710
0.258300000000000 1.000000000000670 0.500000000000333 -0.000000000000098 699.987388903064357 3.499936934339272
0.258400000000000 1.000000000000669 0.500000000000333 -0.000000000000101 699.987388903064925 3.499936934040109
0.258500000000000 1.000000000000670 0.500000000000334 -0.000000000000102 699.987388903064584 3.499936933755973
0.258600000000000 1.000000000000669 0.500000000000334 -0.000000000000103 699.987388903064812 3.499936933488265
0.258700000000000 1.000000000000671 0.500000000000333 -0.000000000000102 699.987388903064584 3.499936933238360
0.258800000000000 1.000000000000671 0.500000000000334 -0.000000000000104 699.987388903065494 3.499936933007802
0.258900000000000 1.000000000000673 0.500000000000335 -0.000000000000104 699.987388903064357 3.499936932797294
0.259000000000000 1.000000000000671 0.500000000000334 -0.000000000000104 699.987388903065266 3.499936932607265
0.259100000000000 1.000000000000672 0.500000000000334 -0.000000000000106 699.987388903065721 3.499936932438332
0.259200000000000 1.000000000000673 0.500000000000334 -0.000000000000106 699.987388903066062 3.499936932291452
0.259300000000000 1.000000000000673 0.500000000000334 -0.000000000000107 699.987388903066403 3.499936932166648
0.259400000000000 1.000000000000671 0.500000000000335 -0.000000000000106 699.987388903066176 3.499936932064640
0.259500000000000 1.000000000000673 0.500000000000335 -0.000000000000106 699.987388903067426 3.499936931986107
0.259600000000000 1.000000000000673 0.500000000000335 -0.000000000000106 699.987388903067654 3.499936931930363
0.259700000000000 1.000000000000674 0.500000000000334 -0.000000000000106 699.987388903066972 3.499936931897528
0.259800000000000 1.000000000000673 0.500000000000334 -0.000000000000107 699.987388903067313 3.499936931888554
0.259900000000000 1.000000000000672 0.500000000000335 -0.000000000000107 699.987388903066403 3.499936931904793
0.260000000000000 1.000000000000675 0.500000000000335 -0.000000000000107 699.987388903068222 3.499936931946843
0.260100000000000 1.000000000000674 0.500000000000335 -0.000000000000106 699.987388903067995 3.499936932014305
0.260200000000000 1.000000000000675 0.500000000000335 -0.000000000000107 699.987388903067995 3.499936932105477
0.260300000000000 1.000000000000674 0.500000000000335 -0.000000000000106 699.987388903067654 3.499936932218868
0.260400000000000 1.000000000000676 0.500000000000335 -0.000000000000106 699.987388903067767 3.499936932354341
0.260500000000000 1.000000000000675 0.500000000000335 -0.000000000000103 699.987388903068904 3.499936932511915
0.260600000000000 1.000000000000675 0.500000000000335 -0.000000000000103 699.987388903068450 3.499936932691014
0.260700000000000 1.000000000000675 0.500000000000336 -0.000000000000102 699.987388903068563 3.499936932890329
0.260800000000000 1.000000000000675 0.500000000000335 -0.000000000000101 699.987388903069132 3.499936933108897
0.260900000000000 1.000000000000676 0.500000000000336 -0.000000000000096 699.987388903068450 3.499936933346881
0.261000000000000 1.000000000000676 0.500000000000336 -0.000000000000093 699.987388903068450 3.499936933603428
0.261100000000000 1.000000000000677 0.500000000000336 -0.000000000000090 699.987388903068904 3.499936933876065
0.261200000000000 1.000000000000677 0.500000000000337 -0.000000000000087 699.987388903069586 3.499936934163305
0.261300000000000 1.000000000000677 0.500000000000337 -0.000000000000086 699.987388903070496 3.499936934464225
0.261400000000000 1.000000000000678 0.500000000000336 -0.000000000000086 699.987388903069814 3.499936934778780
0.261500000000000 1.000000000000679 0.500000000000336 -0.000000000000086 699.987388903069473 3.499936935105626
0.261600000000000 1.000000000000679 0.500000000000336 -0.000000000000084 699.987388903069814 3.499936935442828
0.261700000000000 1.000000000000679 0.500000000000337 -0.000000000000081 699.987388903071633 3.499936935789585
0.261800000000000 1.000000000000679 0.500000000000337 -0.000000000000077 699.987388903071405 3.499936936144093
0.261900000000000 1.000000000000680 0.500000000000337 -0.000000000000075 699.987388903071405 3.499936936504206
0.262000000000000 1.000000000000680 0.500000000000337 -0.000000000000073 699.987388903071519 3.499936936868708
0.262100000000000 1.000000000000680 0.500000000000337 -0.000000000000071 699.987388903071292 3.499936937236570
0.262200000000000 1.000000000000681 0.500000000000337 -0.000000000000067 699.987388903073452 3.499936937605773
0.262300000000000 1.000000000000680 0.500000000000337 -0.000000000000066 699.987388903072315 3.499936937975127
0.262400000000000 1.000000000000681 0.500000000000337 -0.000000000000064 699.987388903071974 3.499936938343474
0.262500000000000 1.000000000000680 0.500000000000337 -0.000000000000061 699.987388903072429 3.499936938709200
0.262600000000000 1.000000000000682 0.500000000000338 -0.000000000000056 699.987388903072315 3.499936939071149
0.262700000000000 1.000000000000682 0.500000000000337 -0.000000000000054 699.987388903072201 3.499936939428554
0.262800000000000 1.000000000000682 0.500000000000338 -0.000000000000052 699.987388903073565 3.499936939779659
0.262900000000000 1.000000000000683 0.500000000000338 -0.000000000000051 699.987388903072429 3.499936940123383
0.263000000000000 1.000000000000683 0.500000000000338 -0.000000000000050 699.987388903072770 3.499936940458729
0.263100000000000 1.000000000000683 0.500000000000338 -0.000000000000047 699.987388903073452 3.499936940784488
0.263200000000000 1.000000000000685 0.500000000000338 -0.000000000000045 699.987388903074134 3.499936941099775
0.263300000000000 1.000000000000684 0.500000000000338 -0.000000000000043 699.987388903074134 3.499936941403575
0.263400000000000 1.000000000000683 0.500000000000339 -0.000000000000037 699.987388903074361 3.499936941694792
0.263500000000000 1.000000000000684 0.500000000000338 -0.000000000000033 699.987388903073906 3.499936941973083
0.263600000000000 1.000000000000684 0.500000000000339 -0.000000000000027 699.987388903074134 3.499936942238045
0.263700000000000 1.000000000000684 0.500000000000339 -0.000000000000021 699.987388903074248 3.499936942489059
0.263800000000000 1.000000000000685 0.500000000000338 -0.000000000000017 699.987388903074816 3.499936942725300
0.263900000000000 1.000000000000683 0.500000000000339 -0.000000000000012 699.987388903074816 3.499936942946252
0.264000000000000 1.000000000000685 0.500000000000339 -0.000000000000011 699.987388903075157 3.499936943152009
0.264100000000000 1.000000000000684 0.500000000000339 -0.000000000000006 699.987388903075043 3.499936943342367
0.264200000000000 1.000000000000686 0.500000000000340 -0.000000000000004 699.987388903075043 3.499936943517278
0.264300000000000 1.000000000000687 0.500000000000340 0.000000000000002 699.987388903075271 3.499936943677044
0.264400000000000 1.000000000000685 0.500000000000339 0.000000000000005 699.987388903075498 3.499936943821672
0.264500000000000 1.000000000000687 0.500000000000340 0.000000000000010 699.987388903075157 3.499936943951131
0.264600000000000 1.000000000000687 0.500000000000340 0.000000000000014 699.987388903075271 3.499936944065593
0.264700000000000 1.000000000000687 0.500000000000339 0.000000000000018 699.987388903076521 3.499936944165418
0.264800000000000 1.000000000000687 0.500000000000340 0.000000000000021 699.987388903076180 3.499936944251250
0.264900000000000 1.000000000000687 0.500000000000340 0.000000000000025 699.987388903075498 3.499936944323392
0.265000000000000 1.000000000000688 0.500000000000340 0.000000000000030 699.987388903076408 3.499936944382406
0.265100000000000 1.000000000000687 0.500000000000340 0.000000000000033 699.987388903077431 3.499936944428971
0.265200000000000 1.000000000000688 0.500000000000340 0.000000000000036 699.987388903077544 3.499936944463913
0.265300000000000 1.000000000000686 0.500000000000340 0.000000000000037 699.987388903076749 3.499936944487986
0.265400000000000 1.000000000000688 0.500000000000340 0.000000000000044 699.987388903077999 3.499936944502004
0.265500000000000 1.000000000000689 0.500000000000341 0.000000000000048 699.987388903077544 3.499936944506755
0.265600000000000 1.000000000000688 0.500000000000340 0.000000000000050 699.987388903077999 3.499936944503127
0.265700000000000 1.000000000000689 0.500000000000341 0.000000000000051 699.987388903077772 3.499936944491798
0.265800000000000 1.000000000000688 0.500000000000341 0.000000000000057 699.987388903078454 3.499936944473859
0.265900000000000 1.000000000000690 0.500000000000341 0.000000000000061 699.987388903078681 3.499936944450122
0.266000000000000 1.000000000000689 0.500000000000341 0.000000000000063 699.987388903077772 3.499936944421543
0.266100000000000 1.000000000000690 0.500000000000342 0.000000000000068 699.987388903078340 3.499936944388852
0.266200000000000 1.000000000000690 0.500000000000341 0.000000000000072 699.987388903079136 3.499936944353152
0.266300000000000 1.000000000000690 0.500000000000341 0.000000000000077 699.987388903078113 3.499936944315246
0.266400000000000 1.000000000000692 0.500000000000341 0.000000000000079 699.987388903079818 3.499936944276015
0.266500000000000 1.000000000000691 0.500000000000341 0.000000000000082 699.987388903079705 3.499936944236423
0.266600000000000 1.000000000000691 0.500000000000341 0.000000000000085 699.987388903078227 3.499936944197107
0.266700000000000 1.000000000000692 0.500000000000342 0.000000000000088 699.987388903079022 3.499936944158557
0.266800000000000 1.000000000000691 0.500000000000342 0.000000000000093 699.987388903079591 3.499936944121534
0.266900000000000 1.000000000000693 0.500000000000343 0.000000000000095 699.987388903079705 3.499936944087078
0.267000000000000 1.000000000000692 0.500000000000342 0.000000000000099 699.987388903079818 3.499936944055829
0.267100000000000 1.000000000000693 0.500000000000343 0.000000000000103 699.987388903079932 3.499936944028240
0.267200000000000 1.000000000000693 0.500000000000343 0.000000000000107 699.987388903080500 3.499936944004807
0.267300000000000 1.000000000000693 0.500000000000343 0.000000000000113 699.987388903080955 3.499936943985966
0.267400000000000 1.000000000000694 0.500000000000343 0.000000000000116 699.987388903082206 3.499936943971906
0.267500000000000 1.000000000000696 0.500000000000343 0.000000000000122 699.987388903081069 3.499936943962762
0.267600000000000 1.000000000000694 0.500000000000344 0.000000000000124 699.987388903080955 3.499936943958394
0.267700000000000 1.000000000000695 0.500000000000344 0.000000000000127 699.987388903081182 3.499936943958771
0.267800000000000 1.000000000000694 0.500000000000344 0.000000000000132 699.987388903082319 3.499936943963967
0.267900000000000 1.000000000000695 0.500000000000344 0.000000000000135 699.987388903081410 3.499936943974140
0.268000000000000 1.000000000000695 0.500000000000344 0.000000000000140 699.987388903082206 3.499936943989096
0.268100000000000 1.000000000000695 0.500000000000344 0.000000000000145 699.987388903083001 3.499936944008503
0.268200000000000 1.000000000000695 0.500000000000344 0.000000000000148 699.987388903081865 3.499936944031971
0.268300000000000 1.000000000000695 0.500000000000344 0.000000000000153 699.987388903082092 3.499936944059272
0.268400000000000 1.000000000000696 0.500000000000344 0.000000000000157 699.987388903081865 3.499936944090148
0.268500000000000 1.000000000000696 0.500000000000345 0.000000000000160 699.987388903081865 3.499936944123824
0.268600000000000 1.000000000000695 0.500000000000344 0.000000000000162 699.987388903082319 3.499936944159969
0.268700000000000 1.000000000000696 0.500000000000344 0.000000000000167 699.987388903083229 3.499936944197969
0.268800000000000 1.000000000000697 0.500000000000344 0.000000000000170 699.987388903082319 3.499936944237106
0.268900000000000 1.000000000000698 0.500000000000345 0.000000000000175 699.987388903083684 3.499936944276511
0.269000000000000 1.000000000000696 0.500000000000345 0.000000000000177 699.987388903084138 3.499936944315489
0.269100000000000 1.000000000000698 0.500000000000345 0.000000000000180 699.987388903084934 3.499936944353217
0.269200000000000 1.000000000000697 0.500000000000345 0.000000000000185 699.987388903084593 3.499936944388804
0.269300000000000 1.000000000000699 0.500000000000345 0.000000000000189 699.987388903083911 3.499936944421257
0.269400000000000 1.000000000000698 0.500000000000346 0.000000000000194 699.987388903084366 3.499936944449737
0.269500000000000 1.000000000000699 0.500000000000346 0.000000000000199 699.987388903083911 3.499936944473463
0.269600000000000 1.000000000000699 0.500000000000346 0.000000000000202 699.987388903085275 3.499936944491493
0.269700000000000 1.000000000000701 0.500000000000346 0.000000000000207 699.987388903084707 3.499936944502875
0.269800000000000 1.000000000000699 0.500000000000346 0.000000000000210 699.987388903085161 3.499936944506712
0.269900000000000 1.000000000000700 0.500000000000346 0.000000000000213 699.987388903085048 3.499936944502119
0.270000000000000 1.000000000000701 0.500000000000346 0.000000000000217 699.987388903084593 3.499936944488230
0.270100000000000 1.000000000000699 0.500000000000346 0.000000000000223 699.987388903085275 3.499936944464170
0.270200000000000 1.000000000000701 0.500000000000346 0.000000000000226 699.987388903085844 3.499936944429153
0.270300000000000 1.000000000000699 0.500000000000347 0.000000000000229 699.987388903085275 3.499936944382405
0.270400000000000 1.000000000000700 0.500000000000346 0.000000000000234 699.987388903085730 3.499936944323433
0.270500000000000 1.000000000000700 0.500000000000347 0.000000000000238 699.987388903086412 3.499936944251465
0.270600000000000 1.000000000000701 0.500000000000347 0.000000000000241 699.987388903086639 3.499936944165915
0.270700000000000 1.000000000000701 0.500000000000347 0.000000000000242 699.987388903085957 3.499936944066241
0.270800000000000 1.000000000000701 0.500000000000347 0.000000000000244 699.987388903087322 3.499936943952091
0.270900000000000 1.000000000000703 0.500000000000347 0.000000000000248 699.987388903086526 3.499936943823125
0.271000000000000 1.000000000000701 0.500000000000348 0.000000000000250 699.987388903086185 3.499936943679123
0.271100000000000 1.000000000000703 0.500000000000348 0.000000000000252 699.987388903086526 3.499936943520023
0.271200000000000 1.000000000000702 0.500000000000347 0.000000000000255 699.987388903087890 3.499936943345768
0.271300000000000 1.000000000000701 0.500000000000348 0.000000000000256 699.987388903086867 3.499936943155867
0.271400000000000 1.000000000000704 0.500000000000348 0.000000000000259 699.987388903087890 3.499936942950647
0.271500000000000 1.000000000000703 0.500000000000349 0.000000000000261 699.987388903088231 3.499936942730306
0.271600000000000 1.000000000000702 0.500000000000348 0.000000000000264 699.987388903087890 3.499936942495210
0.271700000000000 1.000000000000703 0.500000000000348 0.000000000000268 699.987388903087890 3.499936942245375
0.271800000000000 1.000000000000704 0.500000000000348 0.000000000000270 699.987388903088231 3.499936941981086
0.271900000000000 1.000000000000703 0.500000000000349 0.000000000000271 699.987388903088799 3.499936941702946
0.272000000000000 1.000000000000704 0.500000000000349 0.000000000000274 699.987388903088004 3.499936941412040
0.272100000000000 1.000000000000703 0.500000000000349 0.000000000000277 699.987388903088458 3.499936941109096
0.272200000000000 1.000000000000704 0.500000000000349 0.000000000000279 699.987388903087776 3.499936940794842
0.272300000000000 1.000000000000705 0.500000000000349 0.000000000000281 699.987388903088458 3.499936940470400
0.272400000000000 1.000000000000705 0.500000000000349 0.000000000000282 699.987388903088458 3.499936940136655
0.272500000000000 1.000000000000705 0.500000000000350 0.000000000000286 699.987388903088913 3.499936939793849
0.272600000000000 1.000000000000706 0.500000000000350 0.000000000000290 699.987388903089595 3.499936939442894
0.272700000000000 1.000000000000706 0.500000000000350 0.000000000000291 699.987388903089595 3.499936939085472
0.272800000000000 1.000000000000706 0.500000000000350 0.000000000000293 699.987388903088913 3.499936938723202
0.272900000000000 1.000000000000704 0.500000000000350 0.000000000000294 699.987388903090164 3.499936938357142
0.273000000000000 1.000000000000705 0.500000000000351 0.000000000000296 699.987388903090050 3.499936937988131
0.273100000000000 1.000000000000707 0.500000000000350 0.000000000000299 699.987388903090618 3.499936937617274
0.273200000000000 1.000000000000707 0.500000000000350 0.000000000000300 699.987388903090960 3.499936937245969
0.273300000000000 1.000000000000709 0.500000000000351 0.000000000000301 699.987388903090732 3.499936936876321
0.273400000000000 1.000000000000708 0.500000000000351 0.000000000000302 699.987388903089709 3.499936936510784
0.273500000000000 1.000000000000709 0.500000000000351 0.000000000000303 699.987388903089823 3.499936936150562
0.273600000000000 1.000000000000708 0.500000000000352 0.000000000000303 699.987388903091414 3.499936935796647
0.273700000000000 1.000000000000708 0.500000000000351 0.000000000000305 699.987388903091642 3.499936935450553
0.273800000000000 1.000000000000706 0.500000000000351 0.000000000000306 699.987388903091414 3.499936935112894
0.273900000000000 1.000000000000708 0.500000000000351 0.000000000000306 699.987388903091414 3.499936934785185
0.274000000000000 1.000000000000707 0.500000000000352 0.000000000000308 699.987388903092210 3.499936934468734
0.274100000000000 1.000000000000708 0.500000000000352 0.000000000000307 699.987388903091414 3.499936934164182
0.274200000000000 1.000000000000709 0.500000000000352 0.000000000000310 699.987388903092096 3.499936933873325
0.274300000000000 1.000000000000709 0.500000000000353 0.000000000000311 699.987388903093006 3.499936933598867
0.274400000000000 1.000000000000711 0.500000000000353 0.000000000000312 699.987388903093006 3.499936933342496
0.274500000000000 1.000000000000710 0.500000000000353 0.000000000000313 699.987388903092892 3.499936933104289
0.274600000000000 1.000000000000711 0.500000000000353 0.000000000000314 699.987388903093006 3.499936932884406
0.274700000000000 1.000000000000711 0.500000000000353 0.000000000000313 699.987388903092778 3.499936932683688
0.274800000000000 1.000000000000710 0.500000000000353 0.000000000000314 699.987388903092892 3.499936932503700
0.274900000000000 1.000000000000712 0.500000000000354 0.000000000000316 699.987388903093461 3.499936932344944
0.275000000000000 1.000000000000712 0.500000000000354 0.000000000000316 699.987388903093233 3.499936932207751
0.275100000000000 1.000000000000712 0.500000000000354 0.000000000000316 699.987388903094370 3.499936932093508
0.275200000000000 1.000000000000714 0.500000000000354 0.000000000000315 699.987388903094370 3.499936932002995
0.275300000000000 1.000000000000713 0.500000000000354 0.000000000000315 699.987388903094825 3.499936931936462
0.275400000000000 1.000000000000713 0.500000000000355 0.000000000000315 699.987388903095052 3.499936931894740
0.275500000000000 1.000000000000714 0.500000000000355 0.000000000000313 699.987388903095166 3.499936931877756
0.275600000000000 1.000000000000714 0.500000000000355 0.000000000000311 699.987388903095621 3.499936931885277
0.275700000000000 1.000000000000714 0.500000000000356 0.000000000000311 699.987388903094825 3.499936931917898
0.275800000000000 1.000000000000715 0.500000000000355 0.000000000000309 699.987388903095734 3.499936931975275
0.275900000000000 1.000000000000714 0.500000000000355 0.000000000000308 699.987388903096189 3.499936932056140
0.276000000000000 1.000000000000714 0.500000000000355 0.000000000000307 699.987388903096416 3.499936932160509
0.276100000000000 1.000000000000715 0.500000000000356 0.000000000000305 699.987388903095962 3.499936932288152
0.276200000000000 1.000000000000713 0.500000000000357 0.000000000000304 699.987388903096530 3.499936932437473
0.276300000000000 1.000000000000716 0.500000000000356 0.000000000000304 699.987388903096416 3.499936932607603
0.276400000000000 1.000000000000716 0.500000000000357 0.000000000000303 699.987388903096871 3.499936932798092
0.276500000000000 1.000000000000716 0.500000000000356 0.000000000000301 699.987388903096416 3.499936933008914
0.276600000000000 1.000000000000715 0.500000000000356 0.000000000000300 699.987388903096303 3.499936933238553
0.276700000000000 1.000000000000716 0.500000000000357 0.000000000000299 699.987388903096644 3.499936933485349
0.276800000000000 1.000000000000716 0.500000000000357 0.000000000000297 699.987388903096644 3.499936933748652
0.276900000000000 1.000000000000717 0.500000000000357 0.000000000000296 699.987388903096871 3.499936934028180
0.277000000000000 1.000000000000717 0.500000000000357 0.000000000000292 699.987388903097326 3.499936934323216
0.277100000000000 1.000000000000717 0.500000000000357 0.000000000000289 699.987388903097781 3.499936934632952
0.277200000000000 1.000000000000717 0.500000000000358 0.000000000000285 699.987388903098008 3.499936934955843
0.277300000000000 1.000000000000718 0.500000000000358 0.000000000000282 699.987388903097553 3.499936935290248
0.277400000000000 1.000000000000717 0.500000000000357 0.000000000000281 699.987388903097440 3.499936935633971
0.277500000000000 1.000000000000716 0.500000000000358 0.000000000000278 699.987388903097667 3.499936935985783
0.277600000000000 1.000000000000718 0.500000000000358 0.000000000000277 699.987388903098690 3.499936936344698
0.277700000000000 1.000000000000719 0.500000000000358 0.000000000000275 699.987388903098008 3.499936936708903
0.277800000000000 1.000000000000718 0.500000000000358 0.000000000000271 699.987388903098690 3.499936937076731
0.277900000000000 1.000000000000719 0.500000000000358 0.000000000000267 699.987388903099941 3.499936937446878
0.278000000000000 1.000000000000720 0.500000000000359 0.000000000000265 699.987388903099713 3.499936937817654
0.278100000000000 1.000000000000720 0.500000000000359 0.000000000000261 699.987388903099713 3.499936938187296
0.278200000000000 1.000000000000719 0.500000000000359 0.000000000000261 699.987388903098918 3.499936938554995
0.278300000000000 1.000000000000720 0.500000000000359 0.000000000000257 699.987388903098463 3.499936938919755
0.278400000000000 1.000000000000720 0.500000000000359 0.000000000000254 699.987388903100396 3.499936939279686
0.278500000000000 1.000000000000719 0.500000000000358 0.000000000000253 699.987388903099827 3.499936939633416
0.278600000000000 1.000000000000720 0.500000000000360 0.000000000000251 699.987388903099031 3.499936939979659
0.278700000000000 1.000000000000721 0.500000000000360 0.000000000000249 699.987388903100850 3.499936940317986
0.278800000000000 1.000000000000721 0.500000000000360 0.000000000000248 699.987388903101646 3.499936940647402
0.278900000000000 1.000000000000721 0.500000000000360 0.000000000000245 699.987388903100850 3.499936940966830
0.279000000000000 1.000000000000720 0.500000000000360 0.000000000000244 699.987388903101191 3.499936941275487
0.279100000000000 1.000000000000722 0.500000000000360 0.000000000000243 699.987388903100509 3.499936941572408
0.279200000000000 1.000000000000723 0.500000000000361 0.000000000000242 699.987388903101646 3.499936941856408
0.279300000000000 1.000000000000723 0.500000000000361 0.000000000000237 699.987388903101646 3.499936942126544
0.279400000000000 1.000000000000723 0.500000000000361 0.000000000000233 699.987388903101646 3.499936942382571
0.279500000000000 1.000000000000723 0.500000000000362 0.000000000000232 699.987388903103010 3.499936942624597
0.279600000000000 1.000000000000725 0.500000000000361 0.000000000000230 699.987388903102214 3.499936942852230
0.279700000000000 1.000000000000724 0.500000000000362 0.000000000000228 699.987388903102556 3.499936943064608
0.279800000000000 1.000000000000722 0.500000000000362 0.000000000000224 699.987388903102556 3.499936943261537
0.279900000000000 1.000000000000726 0.500000000000361 0.000000000000220 699.987388903103692 3.499936943443231
0.280000000000000 1.000000000000724 0.500000000000362 0.000000000000217 699.987388903102556 3.499936943609505
0.280100000000000 1.000000000000725 0.500000000000362 0.000000000000216 699.987388903103920 3.499936943760691
0.280200000000000 1.000000000000726 0.500000000000362 0.000000000000213 699.987388903103010 3.499936943896691
0.280300000000000 1.000000000000727 0.500000000000363 0.000000000000211 699.987388903103579 3.499936944017750
0.280400000000000 1.000000000000726 0.500000000000363 0.000000000000209 699.987388903102556 3.499936944124062
0.280500000000000 1.000000000000727 0.500000000000363 0.000000000000207 699.987388903104829 3.499936944216084
0.280600000000000 1.000000000000726 0.500000000000363 0.000000000000204 699.987388903104147 3.499936944294060
0.280700000000000 1.000000000000727 0.500000000000363 0.000000000000201 699.987388903105057 3.499936944358598
0.280800000000000 1.000000000000727 0.500000000000363 0.000000000000198 699.987388903104829 3.499936944410349
0.280900000000000 1.000000000000727 0.500000000000363 0.000000000000194 699.987388903104716 3.499936944450103
0.281000000000000 1.000000000000726 0.500000000000363 0.000000000000191 699.987388903104602 3.499936944478649
0.281100000000000 1.000000000000726 0.500000000000364 0.000000000000189 699.987388903104375 3.499936944496901
0.281200000000000 1.000000000000727 0.500000000000364 0.000000000000188 699.987388903105057 3.499936944505443
0.281300000000000 1.000000000000729 0.500000000000364 0.000000000000187 699.987388903105284 3.499936944505242
0.281400000000000 1.000000000000729 0.500000000000364 0.000000000000184 699.987388903105057 3.499936944497048
0.281500000000000 1.000000000000730 0.500000000000364 0.000000000000181 699.987388903106194 3.499936944481857
0.281600000000000 1.000000000000730 0.500000000000364 0.000000000000178 699.987388903104943 3.499936944460516
0.281700000000000 1.000000000000728 0.500000000000364 0.000000000000175 699.987388903105284 3.499936944434075
0.281800000000000 1.000000000000729 0.500000000000364 0.000000000000172 699.987388903105966 3.499936944403400
0.281900000000000 1.000000000000730 0.500000000000365 0.000000000000168 699.987388903105511 3.499936944369337
0.282000000000000 1.000000000000729 0.500000000000365 0.000000000000165 699.987388903105966 3.499936944332739
0.282100000000000 1.000000000000730 0.500000000000364 0.000000000000164 699.987388903106421 3.499936944294526
0.282200000000000 1.000000000000730 0.500000000000365 0.000000000000164 699.987388903107671 3.499936944255456
0.282300000000000 1.000000000000730 0.500000000000366 0.000000000000159 699.987388903107103 3.499936944216289
0.282400000000000 1.000000000000730 0.500000000000365 0.000000000000156 699.987388903107103 3.499936944177807
0.282500000000000 1.000000000000731 0.500000000000366 0.000000000000154 699.987388903107217 3.499936944140713
0.282600000000000 1.000000000000729 0.500000000000365 0.000000000000149 699.987388903107785 3.499936944105811
0.282700000000000 1.000000000000733 0.500000000000366 0.000000000000147 699.987388903107330 3.499936944073436
0.282800000000000 1.000000000000732 0.500000000000365 0.000000000000143 699.987388903107444 3.499936944044307
0.282900000000000 1.000000000000731 0.500000000000366 0.000000000000139 699.987388903108126 3.499936944018873
0.283000000000000 1.000000000000732 0.500000000000366 0.000000000000136 699.987388903109036 3.499936943997661
0.283100000000000 1.000000000000733 0.500000000000366 0.000000000000133 699.987388903108467 3.499936943980723
0.283200000000000 1.000000000000733 0.500000000000366 0.000000000000127 699.987388903108922 3.499936943968393
0.283300000000000 1.000000000000734 0.500000000000366 0.000000000000123 699.987388903108581 3.499936943960814
0.283400000000000 1.000000000000733 0.500000000000367 0.000000000000121 699.987388903110741 3.499936943958144
0.283500000000000 1.000000000000734 0.500000000000367 0.000000000000120 699.987388903109945 3.499936943960737
0.283600000000000 1.000000000000735 0.500000000000367 0.000000000000118 699.987388903110059 3.499936943968394
0.283700000000000 1.000000000000735 0.500000000000367 0.000000000000113 699.987388903110627 3.499936943980837
0.283800000000000 1.000000000000735 0.500000000000367 0.000000000000110 699.987388903111196 3.499936943997811
0.283900000000000 1.000000000000736 0.500000000000367 0.000000000000106 699.987388903110627 3.499936944019284
0.284000000000000 1.000000000000735 0.500000000000367 0.000000000000102 699.987388903110968 3.499936944044901
0.284100000000000 1.000000000000735 0.500000000000368 0.000000000000098 699.987388903111196 3.499936944074356
0.284200000000000 1.000000000000737 0.500000000000368 0.000000000000095 699.987388903111992 3.499936944107163
0.284300000000000 1.000000000000736 0.500000000000368 0.000000000000092 699.987388903111651 3.499936944142748
0.284400000000000 1.000000000000737 0.500000000000368 0.000000000000087 699.987388903110855 3.499936944180387
0.284500000000000 1.000000000000737 0.500000000000368 0.000000000000085 699.987388903111878 3.499936944219361
0.284600000000000 1.000000000000738 0.500000000000368 0.000000000000082 699.987388903111082 3.499936944258905
0.284700000000000 1.000000000000737 0.500000000000368 0.000000000000079 699.987388903111878 3.499936944298295
0.284800000000000 1.000000000000738 0.500000000000369 0.000000000000073 699.987388903113015 3.499936944336659
0.284900000000000 1.000000000000737 0.500000000000368 0.000000000000073 699.987388903112105 3.499936944373156
0.285000000000000 1.000000000000738 0.500000000000368 0.000000000000067 699.987388903112560 3.499936944406959
0.285100000000000 1.000000000000738 0.500000000000369 0.000000000000064 699.987388903111764 3.499936944437184
0.285200000000000 1.000000000000739 0.500000000000369 0.000000000000061 699.987388903112787 3.499936944463092
0.285300000000000 1.000000000000739 0.500000000000369 0.000000000000057 699.987388903112901 3.499936944483732
0.285400000000000 1.000000000000739 0.500000000000369 0.000000000000055 699.987388903112105 3.499936944498224
0.285500000000000 1.000000000000740 0.500000000000369 0.000000000000051 699.987388903113242 3.499936944505556
0.285600000000000 1.000000000000739 0.500000000000369 0.000000000000047 699.987388903112787 3.499936944504958
0.285700000000000 1.000000000000740 0.500000000000369 0.000000000000046 699.987388903112787 3.499936944495448
0.285800000000000 1.000000000000739 0.500000000000369 0.000000000000043 699.987388903113697 3.499936944476242
0.285900000000000 1.000000000000740 0.500000000000369 0.000000000000042 699.987388903113469 3.499936944446443
0.286000000000000 1.000000000000740 0.500000000000370 0.000000000000038 699.987388903113242 3.499936944405207
0.286100000000000 1.000000000000741 0.500000000000370 0.000000000000033 699.987388903113128 3.499936944351779
0.286200000000000 1.000000000000740 0.500000000000369 0.000000000000031 699.987388903114379 3.499936944285672
0.286300000000000 1.000000000000742 0.500000000000369 0.000000000000027 699.987388903114720 3.499936944206347
0.286400000000000 1.000000000000742 0.500000000000370 0.000000000000024 699.987388903113697 3.499936944113192
0.286500000000000 1.000000000000743 0.500000000000370 0.000000000000023 699.987388903114152 3.499936944005703
0.286600000000000 1.000000000000742 0.500000000000370 0.000000000000020 699.987388903115743 3.499936943883579
0.286700000000000 1.000000000000742 0.500000000000371 0.000000000000016 699.987388903115516 3.499936943746644
0.286800000000000 1.000000000000743 0.500000000000370 0.000000000000014 699.987388903116425 3.499936943594721
0.286900000000000 1.000000000000744 0.500000000000370 0.000000000000012 699.987388903115402 3.499936943427381
0.287000000000000 1.000000000000743 0.500000000000370 0.000000000000008 699.987388903115288 3.499936943244789
0.287100000000000 1.000000000000741 0.500000000000371 0.000000000000005 699.987388903115857 3.499936943047101
0.287200000000000 1.000000000000744 0.500000000000371 0.000000000000002 699.987388903116198 3.499936942834259
0.287300000000000 1.000000000000744 0.500000000000371 0.000000000000001 699.987388903116198 3.499936942606347
0.287400000000000 1.000000000000743 0.500000000000371 0.000000000000002 699.987388903115516 3.499936942363295
0.287500000000000 1.000000000000745 0.500000000000371 0.000000000000000 699.987388903117562 3.499936942105160
0.287600000000000 1.000000000000744 0.500000000000371 0.000000000000000 699.987388903115857 3.499936941832623
0.287700000000000 1.000000000000745 0.500000000000371 0.000000000000000 699.987388903116880 3.499936941546775
0.287800000000000 1.000000000000746 0.500000000000372 -0.000000000000003 699.987388903117335 3.499936941248646
0.287900000000000 1.000000000000747 0.500000000000371 -0.000000000000004 699.987388903117790 3.499936940939174
0.288000000000000 1.000000000000746 0.500000000000372 -0.000000000000005 699.987388903117221 3.499936940618620
0.288100000000000 1.000000000000745 0.500000000000371 -0.000000000000006 699.987388903117562 3.499936940287766
0.288200000000000 1.000000000000747 0.500000000000372 -0.000000000000007 699.987388903117903 3.499936939947847
0.288300000000000 1.000000000000744 0.500000000000372 -0.000000000000010 699.987388903117335 3.499936939599634
0.288400000000000 1.000000000000745 0.500000000000372 -0.000000000000012 699.987388903118699 3.499936939243491
0.288500000000000 1.000000000000747 0.500000000000372 -0.000000000000014 699.987388903118585 3.499936938880984
0.288600000000000 1.000000000000747 0.500000000000372 -0.000000000000018 699.987388903117903 3.499936938513824
0.288700000000000 1.000000000000747 0.500000000000372 -0.000000000000018 699.987388903118244 3.499936938143894
0.288800000000000 1.000000000000748 0.500000000000372 -0.000000000000020 699.987388903117676 3.499936937772432
0.288900000000000 1.000000000000745 0.500000000000372 -0.000000000000021 699.987388903118926 3.499936937400879
0.289000000000000 1.000000000000747 0.500000000000373 -0.000000000000022 699.987388903119268 3.499936937030783
0.289100000000000 1.000000000000748 0.500000000000373 -0.000000000000024 699.987388903119836 3.499936936663735
0.289200000000000 1.000000000000749 0.500000000000372 -0.000000000000023 699.987388903119381 3.499936936301070
0.289300000000000 1.000000000000748 0.500000000000372 -0.000000000000023 699.987388903119609 3.499936935943695
0.289400000000000 1.000000000000748 0.500000000000372 -0.000000000000024 699.987388903119836 3.499936935593280
0.289500000000000 1.000000000000748 0.500000000000373 -0.000000000000024 699.987388903119381 3.499936935251146
0.289600000000000 1.000000000000749 0.500000000000373 -0.000000000000026 699.987388903120177 3.499936934918418
0.289700000000000 1.000000000000749 0.500000000000373 -0.000000000000027 699.987388903119381 3.499936934596143
0.289800000000000 1.000000000000749 0.500000000000373 -0.000000000000028 699.987388903120518 3.499936934286184
0.289900000000000 1.000000000000748 0.500000000000373 -0.000000000000028 699.987388903120063 3.499936933990827
0.290000000000000 1.000000000000749 0.500000000000373 -0.000000000000029 699.987388903120745 3.499936933710868
0.290100000000000 1.000000000000750 0.500000000000373 -0.000000000000026 699.987388903121087 3.499936933446855
0.290200000000000 1.000000000000750 0.500000000000373 -0.000000000000026 699.987388903121200 3.499936933199681
0.290300000000000 1.000000000000751 0.500000000000374 -0.000000000000026 699.987388903121541 3.499936932970096
0.290400000000000 1.000000000000752 0.500000000000374 -0.000000000000027 699.987388903121087 3.499936932760203
0.290500000000000 1.000000000000752 0.500000000000374 -0.000000000000028 699.987388903121200 3.499936932571117
0.290600000000000 1.000000000000751 0.500000000000375 -0.000000000000026 699.987388903122223 3.499936932403089
0.290700000000000 1.000000000000753 0.500000000000375 -0.000000000000025 699.987388903121200 3.499936932257028
0.290800000000000 1.000000000000753 0.500000000000375 -0.000000000000025 699.987388903123247 3.499936932133494
0.290900000000000 1.000000000000753 0.500000000000374 -0.000000000000023 699.987388903123019 3.499936932032740
0.291000000000000 1.000000000000755 0.500000000000374 -0.000000000000022 699.987388903122564 3.499936931955189
0.291100000000000 1.000000000000753 0.500000000000374 -0.000000000000020 699.987388903123247 3.499936931902110
0.291200000000000 1.000000000000755 0.500000000000375 -0.000000000000017 699.987388903122564 3.499936931873584
0.291300000000000 1.000000000000754 0.500000000000375 -0.000000000000018 699.987388903123247 3.499936931869511
0.291400000000000 1.000000000000755 0.500000000000374 -0.000000000000017 699.987388903123815 3.499936931890212
0.291500000000000 1.000000000000755 0.500000000000375 -0.000000000000017 699.987388903123701 3.499936931935202
0.291600000000000 1.000000000000754 0.500000000000375 -0.000000000000014 699.987388903124383 3.499936932004654
0.291700000000000 1.000000000000756 0.500000000000375 -0.000000000000014 699.987388903124724 3.499936932098683
0.291800000000000 1.000000000000755 0.500000000000375 -0.000000000000014 699.987388903124042 3.499936932216467
0.291900000000000 1.000000000000756 0.500000000000376 -0.000000000000012 699.987388903125066 3.499936932356342
0.292000000000000 1.000000000000756 0.500000000000375 -0.000000000000011 699.987388903123588 3.499936932517713
0.292100000000000 1.000000000000756 0.500000000000376 -0.000000000000011 699.987388903124724 3.499936932700071
0.292200000000000 1.000000000000757 0.500000000000376 -0.000000000000011 699.987388903125748 3.499936932902444
0.292300000000000 1.000000000000755 0.500000000000376 -0.000000000000008 699.987388903124838 3.499936933124619
0.292400000000000 1.000000000000756 0.500000000000376 -0.000000000000005 699.987388903125293 3.499936933366735
0.292500000000000 1.000000000000757 0.500000000000376 -0.000000000000003 699.987388903125407 3.499936933627155
0.292600000000000 1.000000000000758 0.500000000000376 -0.000000000000003 699.987388903125293 3.499936933903820
0.292700000000000 1.000000000000757 0.500000000000376 -0.000000000000003 699.987388903125520 3.499936934195591
0.292800000000000 1.000000000000757 0.500000000000375 -0.000000000000003 699.987388903124383 3.499936934501385
0.292900000000000 1.000000000000757 0.500000000000376 -0.000000000000001 699.987388903125293 3.499936934820109
0.293000000000000 1.000000000000757 0.500000000000377 0.000000000000002 699.987388903126202 3.499936935150705
0.293100000000000 1.000000000000757 0.500000000000376 0.000000000000002 699.987388903126430 3.499936935491549
0.293200000000000 1.000000000000758 0.500000000000376 0.000000000000003 699.987388903126202 3.499936935840415
0.293300000000000 1.000000000000759 0.500000000000377 0.000000000000005 699.987388903126430 3.499936936195485
0.293400000000000 1.000000000000757 0.500000000000377 0.000000000000006 699.987388903126771 3.499936936556137
0.293500000000000 1.000000000000759 0.500000000000377 0.000000000000007 699.987388903126089 3.499936936921297
0.293600000000000 1.000000000000760 0.500000000000376 0.000000000000006 699.987388903126771 3.499936937288161
0.293700000000000 1.000000000000759 0.500000000000377 0.000000000000005 699.987388903126543 3.499936937655481
0.293800000000000 1.000000000000760 0.500000000000377 0.000000000000008 699.987388903127794 3.499936938023520
0.293900000000000 1.000000000000760 0.500000000000377 0.000000000000010 699.987388903127567 3.499936938391136
0.294000000000000 1.000000000000760 0.500000000000377 0.000000000000011 699.987388903128135 3.499936938756381
0.294100000000000 1.000000000000759 0.500000000000377 0.000000000000012 699.987388903127794 3.499936939117742
0.294200000000000 1.000000000000759 0.500000000000377 0.000000000000012 699.987388903128476 3.499936939473760
0.294300000000000 1.000000000000762 0.500000000000377 0.000000000000013 699.987388903128135 3.499936939823525
0.294400000000000 1.000000000000761 0.500000000000378 0.000000000000014 699.987388903127680 3.499936940166100
0.294500000000000 1.000000000000761 0.500000000000377 0.000000000000017 699.987388903127794 3.499936940500656
0.294600000000000 1.000000000000760 0.500000000000377 0.000000000000017 699.987388903128931 3.499936940826067
0.294700000000000 1.000000000000762 0.500000000000378 0.000000000000017 699.987388903128249 3.499936941141154
0.294800000000000 1.000000000000762 0.500000000000378 0.000000000000018 699.987388903128362 3.499936941444394
0.294900000000000 1.000000000000763 0.500000000000378 0.000000000000020 699.987388903128135 3.499936941735234
0.295000000000000 1.000000000000762 0.500000000000378 0.000000000000022 699.987388903130068 3.499936942012668
0.295100000000000 1.000000000000763 0.500000000000379 0.000000000000022 699.987388903129158 3.499936942275474
0.295200000000000 1.000000000000763 0.500000000000378 0.000000000000026 699.987388903130295 3.499936942523540
0.295300000000000 1.000000000000763 0.500000000000378 0.000000000000030 699.987388903129272 3.499936942756733
0.295400000000000 1.000000000000764 0.500000000000379 0.000000000000034 699.987388903129727 3.499936942975075
0.295500000000000 1.000000000000763 0.500000000000380 0.000000000000037 699.987388903130295 3.499936943178415
0.295600000000000 1.000000000000763 0.500000000000379 0.000000000000041 699.987388903129613 3.499936943366539
0.295700000000000 1.000000000000765 0.500000000000379 0.000000000000042 699.987388903130295 3.499936943539386
0.295800000000000 1.000000000000764 0.500000000000379 0.000000000000044 699.987388903130068 3.499936943696997
0.295900000000000 1.000000000000763 0.500000000000378 0.000000000000047 699.987388903130523 3.499936943839379
0.296000000000000 1.000000000000764 0.500000000000379 0.000000000000049 699.987388903130750 3.499936943966573
0.296100000000000 1.000000000000763 0.500000000000379 0.000000000000050 699.987388903130750 3.499936944078899
0.296200000000000 1.000000000000764 0.500000000000380 0.000000000000052 699.987388903131659 3.499936944176787
0.296300000000000 1.000000000000765 0.500000000000380 0.000000000000055 699.987388903131432 3.499936944260543
0.296400000000000 1.000000000000765 0.500000000000379 0.000000000000057 699.987388903130409 3.499936944330729
0.296500000000000 1.000000000000765 0.500000000000379 0.000000000000060 699.987388903132114 3.499936944388029
0.296600000000000 1.000000000000765 0.500000000000379 0.000000000000063 699.987388903131205 3.499936944433203
0.296700000000000 1.000000000000765 0.500000000000379 0.000000000000065 699.987388903131659 3.499936944466845
0.296800000000000 1.000000000000767 0.500000000000380 0.000000000000068 699.987388903132569 3.499936944489687
0.296900000000000 1.000000000000766 0.500000000000380 0.000000000000069 699.987388903131887 3.499936944502426
0.297000000000000 1.000000000000766 0.500000000000381 0.000000000000072 699.987388903131887 3.499936944506038
0.297100000000000 1.000000000000766 0.500000000000380 0.000000000000076 699.987388903131887 3.499936944501378
0.297200000000000 1.000000000000768 0.500000000000381 0.000000000000077 699.987388903132342 3.499936944489213
0.297300000000000 1.000000000000769 0.500000000000381 0.000000000000079 699.987388903133365 3.499936944470637
0.297400000000000 1.000000000000767 0.500000000000381 0.000000000000083 699.987388903133137 3.499936944446381
0.297500000000000 1.000000000000769 0.500000000000381 0.000000000000085 699.987388903133933 3.499936944417478
0.297600000000000 1.000000000000769 0.500000000000381 0.000000000000089 699.987388903133251 3.499936944384832
0.297700000000000 1.000000000000769 0.500000000000381 0.000000000000093 699.987388903133478 3.499936944349307
0.297800000000000 1.000000000000769 0.500000000000381 0.000000000000094 699.987388903134843 3.499936944311751
0.297900000000000 1.000000000000769 0.500000000000381 0.000000000000097 699.987388903133933 3.499936944272932
0.298000000000000 1.000000000000770 0.500000000000382 0.000000000000102 699.987388903133592 3.499936944233640
0.298100000000000 1.000000000000771 0.500000000000382 0.000000000000105 699.987388903133933 3.499936944194788
0.298200000000000 1.000000000000770 0.500000000000382 0.000000000000108 699.987388903135184 3.499936944156992
0.298300000000000 1.000000000000770 0.500000000000382 0.000000000000111 699.987388903134843 3.499936944120917
0.298400000000000 1.000000000000771 0.500000000000382 0.000000000000114 699.987388903134843 3.499936944087080
0.298500000000000 1.000000000000769 0.500000000000382 0.000000000000119 699.987388903134843 3.499936944056088
0.298600000000000 1.000000000000772 0.500000000000382 0.000000000000122 699.987388903135070 3.499936944028497
0.298700000000000 1.000000000000772 0.500000000000383 0.000000000000125 699.987388903135525 3.499936944004932
0.298800000000000 1.000000000000772 0.500000000000383 0.000000000000129 699.987388903135866 3.499936943985834
0.298900000000000 1.000000000000772 0.500000000000383 0.000000000000134 699.987388903136775 3.499936943971477
0.299000000000000 1.000000000000773 0.500000000000383 0.000000000000136 699.987388903136662 3.499936943961813
0.299100000000000 1.000000000000773 0.500000000000383 0.000000000000142 699.987388903136207 3.499936943957040
0.299200000000000 1.000000000000773 0.500000000000384 0.000000000000144 699.987388903136662 3.499936943957104
0.299300000000000 1.000000000000773 0.500000000000384 0.000000000000147 699.987388903136889 3.499936943962258
0.299400000000000 1.000000000000773 0.500000000000383 0.000000000000151 699.987388903136889 3.499936943972657
0.299500000000000 1.000000000000773 0.500000000000384 0.000000000000156 699.987388903137116 3.499936943987926
0.299600000000000 1.000000000000774 0.500000000000384 0.000000000000158 699.987388903138708 3.499936944007802
0.299700000000000 1.000000000000775 0.500000000000384 0.000000000000159 699.987388903137685 3.499936944031967
0.299800000000000 1.000000000000775 0.500000000000385 0.000000000000160 699.987388903138253 3.499936944060059
0.299900000000000 1.000000000000776 0.500000000000384 0.000000000000165 699.987388903138481 3.499936944091655
0.300000000000000 1.000000000000774 0.500000000000385 0.000000000000165 699.987388903138594 3.499936944126222
0.300100000000000 1.000000000000776 0.500000000000384 0.000000000000168 699.987388903138935 3.499936944162990
0.300200000000000 1.000000000000775 0.500000000000384 0.000000000000171 699.987388903138140 3.499936944201356
0.300300000000000 1.000000000000775 0.500000000000386 0.000000000000174 699.987388903138026 3.499936944240765
0.300400000000000 1.000000000000776 0.500000000000385 0.000000000000176 699.987388903138253 3.499936944280434
0.300500000000000 1.000000000000776 0.500000000000385 0.000000000000179 699.987388903138708 3.499936944319405
0.300600000000000 1.000000000000778 0.500000000000385 0.000000000000181 699.987388903139276 3.499936944356847
0.300700000000000 1.000000000000777 0.500000000000385 0.000000000000185 699.987388903139163 3.499936944391895
0.300800000000000 1.000000000000777 0.500000000000385 0.000000000000186 699.987388903139390 3.499936944423836
0.300900000000000 1.000000000000777 0.500000000000386 0.000000000000189 699.987388903138367 3.499936944451849
0.301000000000000 1.000000000000778 0.500000000000386 0.000000000000189 699.987388903139163 3.499936944475020
0.301100000000000 1.000000000000778 0.500000000000386 0.000000000000192 699.987388903139617 3.499936944492360
0.301200000000000 1.000000000000778 0.500000000000386 0.000000000000195 699.987388903139163 3.499936944502895
0.301300000000000 1.000000000000777 0.500000000000386 0.000000000000197 699.987388903140072 3.499936944505880
0.301400000000000 1.000000000000777 0.500000000000386 0.000000000000198 699.987388903140527 3.499936944500391
0.301500000000000 1.000000000000778 0.500000000000386 0.000000000000201 699.987388903140527 3.499936944485519
0.301600000000000 1.000000000000779 0.500000000000386 0.000000000000202 699.987388903140754 3.499936944460520
0.301700000000000 1.000000000000778 0.500000000000386 0.000000000000207 699.987388903140186 3.499936944424572
0.301800000000000 1.000000000000779 0.500000000000387 0.000000000000209 699.987388903140641 3.499936944376946
0.301900000000000 1.000000000000780 0.500000000000388 0.000000000000210 699.987388903141209 3.499936944316812
0.302000000000000 1.000000000000779 0.500000000000387 0.000000000000212 699.987388903140982 3.499936944243590
0.302100000000000 1.000000000000780 0.500000000000387 0.000000000000214 699.987388903140982 3.499936944156893
0.302200000000000 1.000000000000779 0.500000000000387 0.000000000000214 699.987388903142801 3.499936944056346
0.302300000000000 1.000000000000780 0.500000000000388 0.000000000000216 699.987388903141664 3.499936943941243
0.302400000000000 1.000000000000781 0.500000000000388 0.000000000000219 699.987388903142801 3.499936943811333
0.302500000000000 1.000000000000782 0.500000000000388 0.000000000000221 699.987388903143369 3.499936943666498
0.302600000000000 1.000000000000781 0.500000000000388 0.000000000000222 699.987388903142119 3.499936943506369
0.302700000000000 1.000000000000781 0.500000000000388 0.000000000000223 699.987388903142119 3.499936943330587
0.302800000000000 1.000000000000781 0.500000000000388 0.000000000000223 699.987388903143028 3.499936943139216
0.302900000000000 1.000000000000783 0.500000000000388 0.000000000000224 699.987388903143483 3.499936942932095
0.303000000000000 1.000000000000782 0.500000000000389 0.000000000000225 699.987388903143028 3.499936942709359
0.303100000000000 1.000000000000780 0.500000000000389 0.000000000000225 699.987388903143938 3.499936942471025
0.303200000000000 1.000000000000785 0.500000000000389 0.000000000000227 699.987388903143142 3.499936942217688
0.303300000000000 1.000000000000783 0.500000000000389 0.000000000000227 699.987388903142801 3.499936941950586
0.303400000000000 1.000000000000783 0.500000000000389 0.000000000000227 699.987388903143938 3.499936941670431
0.303500000000000 1.000000000000783 0.500000000000390 0.000000000000229 699.987388903143710 3.499936941377782
0.303600000000000 1.000000000000783 0.500000000000390 0.000000000000229 699.987388903145074 3.499936941073130
0.303700000000000 1.000000000000785 0.500000000000389 0.000000000000228 699.987388903143483 3.499936940757129
0.303800000000000 1.000000000000784 0.500000000000390 0.000000000000231 699.987388903144165 3.499936940430963
0.303900000000000 1.000000000000783 0.500000000000390 0.000000000000230 699.987388903144392 3.499936940095500
0.304000000000000 1.000000000000785 0.500000000000390 0.000000000000232 699.987388903145188 3.499936939751386
0.304100000000000 1.000000000000785 0.500000000000390 0.000000000000233 699.987388903145415 3.499936939399958
0.304200000000000 1.000000000000786 0.500000000000390 0.000000000000231 699.987388903144733 3.499936939042092
0.304300000000000 1.000000000000786 0.500000000000391 0.000000000000231 699.987388903146666 3.499936938678975
0.304400000000000 1.000000000000786 0.500000000000391 0.000000000000229 699.987388903146439 3.499936938311798
0.304500000000000 1.000000000000787 0.500000000000391 0.000000000000229 699.987388903145302 3.499936937942122
0.304600000000000 1.000000000000787 0.500000000000391 0.000000000000229 699.987388903145984 3.499936937571627
0.304700000000000 1.000000000000787 0.500000000000391 0.000000000000228 699.987388903145984 3.499936937201382
0.304800000000000 1.000000000000787 0.500000000000392 0.000000000000227 699.987388903146893 3.499936936832467
0.304900000000000 1.000000000000788 0.500000000000392 0.000000000000229 699.987388903146439 3.499936936466073
0.305000000000000 1.000000000000788 0.500000000000392 0.000000000000228 699.987388903147121 3.499936936104016
0.305100000000000 1.000000000000789 0.500000000000392 0.000000000000228 699.987388903146439 3.499936935748538
0.305200000000000 1.000000000000788 0.500000000000393 0.000000000000227 699.987388903147917 3.499936935400994
0.305300000000000 1.000000000000788 0.500000000000392 0.000000000000226 699.987388903147576 3.499936935062647
0.305400000000000 1.000000000000788 0.500000000000393 0.000000000000226 699.987388903148258 3.499936934734511
0.305500000000000 1.000000000000788 0.500000000000392 0.000000000000226 699.987388903146666 3.499936934417692
0.305600000000000 1.000000000000790 0.500000000000392 0.000000000000226 699.987388903147803 3.499936934113587
0.305700000000000 1.000000000000788 0.500000000000393 0.000000000000226 699.987388903147576 3.499936933824144
0.305800000000000 1.000000000000788 0.500000000000393 0.000000000000227 699.987388903148599 3.499936933551244
0.305900000000000 1.000000000000790 0.500000000000392 0.000000000000226 699.987388903148030 3.499936933296343
0.306000000000000 1.000000000000789 0.500000000000393 0.000000000000225 699.987388903149281 3.499936933060039
0.306100000000000 1.000000000000791 0.500000000000393 0.000000000000225 699.987388903148030 3.499936932842691
0.306200000000000 1.000000000000790 0.500000000000394 0.000000000000224 699.987388903148485 3.499936932645208
0.306300000000000 1.000000000000790 0.500000000000394 0.000000000000224 699.987388903149167 3.499936932468950
0.306400000000000 1.000000000000790 0.500000000000393 0.000000000000224 699.987388903148599 3.499936932314195
0.306500000000000 1.000000000000790 0.500000000000394 0.000000000000225 699.987388903149622 3.499936932181237
0.306600000000000 1.000000000000790 0.500000000000394 0.000000000000224 699.987388903149963 3.499936932070993
0.306700000000000 1.000000000000791 0.500000000000395 0.000000000000223 699.987388903149167 3.499936931984233
0.306800000000000 1.000000000000791 0.500000000000394 0.000000000000222 699.987388903149736 3.499936931922139
0.306900000000000 1.000000000000792 0.500000000000394 0.000000000000220 699.987388903151214 3.499936931884231
0.307000000000000 1.000000000000792 0.500000000000395 0.000000000000221 699.987388903150077 3.499936931869605
0.307100000000000 1.000000000000793 0.500000000000395 0.000000000000220 699.987388903150304 3.499936931878503
0.307200000000000 1.000000000000793 0.500000000000395 0.000000000000218 699.987388903149849 3.499936931912229
0.307300000000000 1.000000000000794 0.500000000000395 0.000000000000217 699.987388903151327 3.499936931970808
0.307400000000000 1.000000000000794 0.500000000000395 0.000000000000218 699.987388903151668 3.499936932054082
0.307500000000000 1.000000000000793 0.500000000000395 0.000000000000215 699.987388903151668 3.499936932160775
0.307600000000000 1.000000000000793 0.500000000000396 0.000000000000214 699.987388903150077 3.499936932289670
0.307700000000000 1.000000000000794 0.500000000000395 0.000000000000214 699.987388903151441 3.499936932440891
0.307800000000000 1.000000000000795 0.500000000000396 0.000000000000214 699.987388903151327 3.499936932613771
0.307900000000000 1.000000000000795 0.500000000000396 0.000000000000212 699.987388903151441 3.499936932807042
0.308000000000000 1.000000000000796 0.500000000000396 0.000000000000211 699.987388903152123 3.499936933020479
0.308100000000000 1.000000000000795 0.500000000000397 0.000000000000211 699.987388903152578 3.499936933253285
0.308200000000000 1.000000000000796 0.500000000000396 0.000000000000210 699.987388903152123 3.499936933505068
0.308300000000000 1.000000000000795 0.500000000000397 0.000000000000211 699.987388903153146 3.499936933774811
0.308400000000000 1.000000000000796 0.500000000000397 0.000000000000211 699.987388903152350 3.499936934060308
0.308500000000000 1.000000000000796 0.500000000000397 0.000000000000210 699.987388903153033 3.499936934359940
0.308600000000000 1.000000000000797 0.500000000000397 0.000000000000211 699.987388903153033 3.499936934672409
0.308700000000000 1.000000000000796 0.500000000000397 0.000000000000209 699.987388903153033 3.499936934996527
0.308800000000000 1.000000000000797 0.500000000000397 0.000000000000211 699.987388903153828 3.499936935330847
0.308900000000000 1.000000000000796 0.500000000000397 0.000000000000209 699.987388903153715 3.499936935674651
0.309000000000000 1.000000000000797 0.500000000000398 0.000000000000210 699.987388903153601 3.499936936026481
0.309100000000000 1.000000000000798 0.500000000000398 0.000000000000207 699.987388903153942 3.499936936384591
0.309200000000000 1.000000000000796 0.500000000000398 0.000000000000204 699.987388903155306 3.499936936747578
0.309300000000000 1.000000000000798 0.500000000000398 0.000000000000202 699.987388903153033 3.499936937114274
0.309400000000000 1.000000000000798 0.500000000000399 0.000000000000202 699.987388903154169 3.499936937483503
0.309500000000000 1.000000000000798 0.500000000000398 0.000000000000201 699.987388903154852 3.499936937853558
0.309600000000000 1.000000000000800 0.500000000000399 0.000000000000198 699.987388903155761 3.499936938222757
0.309700000000000 1.000000000000800 0.500000000000398 0.000000000000197 699.987388903155988 3.499936938590024
0.309800000000000 1.000000000000799 0.500000000000399 0.000000000000194 699.987388903155988 3.499936938953824
0.309900000000000 1.000000000000799 0.500000000000399 0.000000000000192 699.987388903155534 3.499936939313101
0.310000000000000 1.000000000000799 0.500000000000399 0.000000000000188 699.987388903155761 3.499936939667037
0.310100000000000 1.000000000000800 0.500000000000399 0.000000000000186 699.987388903155875 3.499936940014968
0.310200000000000 1.000000000000800 0.500000000000399 0.000000000000185 699.987388903156670 3.499936940355237
0.310300000000000 1.000000000000801 0.500000000000400 0.000000000000183 699.987388903155534 3.499936940685482
0.310400000000000 1.000000000000802 0.500000000000399 0.000000000000183 699.987388903156898 3.499936941005103
0.310500000000000 1.000000000000802 0.500000000000399 0.000000000000182 699.987388903155988 3.499936941313657
0.310600000000000 1.000000000000800 0.500000000000400 0.000000000000181 699.987388903157353 3.499936941609604
0.310700000000000 1.000000000000802 0.500000000000400 0.000000000000180 699.987388903156670 3.499936941891963
0.310800000000000 1.000000000000802 0.500000000000401 0.000000000000179 699.987388903157694 3.499936942160739
0.310900000000000 1.000000000000804 0.500000000000400 0.000000000000175 699.987388903157353 3.499936942415563
0.311000000000000 1.000000000000803 0.500000000000400 0.000000000000173 699.987388903156443 3.499936942655549
0.311100000000000 1.000000000000802 0.500000000000401 0.000000000000171 699.987388903157807 3.499936942880775
0.311200000000000 1.000000000000803 0.500000000000401 0.000000000000166 699.987388903157125 3.499936943091143
0.311300000000000 1.000000000000804 0.500000000000401 0.000000000000165 699.987388903158376 3.499936943286427
0.311400000000000 1.000000000000804 0.500000000000401 0.000000000000165 699.987388903158376 3.499936943466483
0.311500000000000 1.000000000000802 0.500000000000402 0.000000000000164 699.987388903157580 3.499936943630963
0.311600000000000 1.000000000000805 0.500000000000401 0.000000000000160 699.987388903158489 3.499936943779861
0.311700000000000 1.000000000000804 0.500000000000401 0.000000000000157 699.987388903158035 3.499936943913380
0.311800000000000 1.000000000000804 0.500000000000401 0.000000000000154 699.987388903158148 3.499936944032021
0.311900000000000 1.000000000000806 0.500000000000402 0.000000000000152 699.987388903159740 3.499936944135966
0.312000000000000 1.000000000000805 0.500000000000402 0.000000000000149 699.987388903159740 3.499936944225733
0.312100000000000 1.000000000000807 0.500000000000402 0.000000000000145 699.987388903160081 3.499936944301707
0.312200000000000 1.000000000000806 0.500000000000403 0.000000000000141 699.987388903160877 3.499936944364454
0.312300000000000 1.000000000000807 0.500000000000403 0.000000000000138 699.987388903160536 3.499936944414620
0.312400000000000 1.000000000000808 0.500000000000403 0.000000000000136 699.987388903160763 3.499936944453002
0.312500000000000 1.000000000000807 0.500000000000403 0.000000000000133 699.987388903160763 3.499936944480347
0.312600000000000 1.000000000000809 0.500000000000403 0.000000000000129 699.987388903160763 3.499936944497504
0.312700000000000 1.000000000000807 0.500000000000403 0.000000000000127 699.987388903161218 3.499936944505175
0.312800000000000 1.000000000000808 0.500000000000403 0.000000000000125 699.987388903161673 3.499936944504097
0.312900000000000 1.000000000000808 0.500000000000404 0.000000000000123 699.987388903161673 3.499936944495173
0.313000000000000 1.000000000000809 0.500000000000403 0.000000000000121 699.987388903162355 3.499936944479276
0.313100000000000 1.000000000000809 0.500000000000404 0.000000000000118 699.987388903161673 3.499936944457340
0.313200000000000 1.000000000000810 0.500000000000404 0.000000000000116 699.987388903162696 3.499936944430272
0.313300000000000 1.000000000000810 0.500000000000405 0.000000000000114 699.987388903161786 3.499936944398923
0.313400000000000 1.000000000000810 0.500000000000404 0.000000000000112 699.987388903163037 3.499936944364228
0.313500000000000 1.000000000000809 0.500000000000404 0.000000000000110 699.987388903161445 3.499936944326930
0.313600000000000 1.000000000000810 0.500000000000405 0.000000000000106 699.987388903161445 3.499936944287993
0.313700000000000 1.000000000000810 0.500000000000404 0.000000000000102 699.987388903161900 3.499936944248393
0.313800000000000 1.000000000000811 0.500000000000405 0.000000000000102 699.987388903163605 3.499936944208952
0.313900000000000 1.000000000000810 0.500000000000405 0.000000000000100 699.987388903162810 3.499936944170336
0.314000000000000 1.000000000000811 0.500000000000405 0.000000000000098 699.987388903163492 3.499936944133178
0.314100000000000 1.000000000000811 0.500000000000405 0.000000000000096 699.987388903163605 3.499936944098145
0.314200000000000 1.000000000000810 0.500000000000405 0.000000000000095 699.987388903164401 3.499936944066035
0.314300000000000 1.000000000000811 0.500000000000405 0.000000000000092 699.987388903164174 3.499936944037315
0.314400000000000 1.000000000000812 0.500000000000406 0.000000000000086 699.987388903164629 3.499936944012328
0.314500000000000 1.000000000000812 0.500000000000405 0.000000000000085 699.987388903164629 3.499936943991670
0.314600000000000 1.000000000000813 0.500000000000406 0.000000000000084 699.987388903164174 3.499936943975605
0.314700000000000 1.000000000000812 0.500000000000405 0.000000000000081 699.987388903164515 3.499936943964486
0.314800000000000 1.000000000000813 0.500000000000406 0.000000000000079 699.987388903163833 3.499936943958252
0.314900000000000 1.000000000000813 0.500000000000406 0.000000000000076 699.987388903164629 3.499936943956840
0.315000000000000 1.000000000000813 0.500000000000406 0.000000000000072 699.987388903164174 3.499936943960194
0.315100000000000 1.000000000000812 0.500000000000406 0.000000000000071 699.987388903165538 3.499936943968446
0.315200000000000 1.000000000000815 0.500000000000407 0.000000000000068 699.987388903164401 3.499936943981498
0.315300000000000 1.000000000000813 0.500000000000407 0.000000000000065 699.987388903165083 3.499936943999351
0.315400000000000 1.000000000000814 0.500000000000406 0.000000000000064 699.987388903166334 3.499936944021653
0.315500000000000 1.000000000000815 0.500000000000407 0.000000000000063 699.987388903165311 3.499936944047866
0.315600000000000 1.000000000000816 0.500000000000407 0.000000000000060 699.987388903165538 3.499936944077838
0.315700000000000 1.000000000000814 0.500000000000406 0.000000000000057 699.987388903166107 3.499936944110886
0.315800000000000 1.000000000000816 0.500000000000407 0.000000000000054 699.987388903166220 3.499936944146422
0.315900000000000 1.000000000000815 0.500000000000407 0.000000000000052 699.987388903165993 3.499936944183943
0.316000000000000 1.000000000000816 0.500000000000407 0.000000000000049 699.987388903166902 3.499936944222751
0.316100000000000 1.000000000000816 0.500000000000407 0.000000000000046 699.987388903166107 3.499936944262064
0.316200000000000 1.000000000000817 0.500000000000407 0.000000000000044 699.987388903168039 3.499936944301160
0.316300000000000 1.000000000000817 0.500000000000407 0.000000000000044 699.987388903167016 3.499936944339276
0.316400000000000 1.000000000000816 0.500000000000407 0.000000000000040 699.987388903166902 3.499936944375629
0.316500000000000 1.000000000000816 0.500000000000407 0.000000000000038 699.987388903166448 3.499936944409383
0.316600000000000 1.000000000000817 0.500000000000408 0.000000000000035 699.987388903167016 3.499936944439545
0.316700000000000 1.000000000000817 0.500000000000408 0.000000000000034 699.987388903167357 3.499936944465051
0.316800000000000 1.000000000000819 0.500000000000408 0.000000000000032 699.987388903167925 3.499936944485106
0.316900000000000 1.000000000000818 0.500000000000408 0.000000000000031 699.987388903167584 3.499936944498774
0.317000000000000 1.000000000000819 0.500000000000408 0.000000000000031 699.987388903168267 3.499936944505219
0.317100000000000 1.000000000000818 0.500000000000408 0.000000000000029 699.987388903168494 3.499936944503543
0.317200000000000 1.000000000000820 0.500000000000408 0.000000000000030 699.987388903168267 3.499936944492862
0.317300000000000 1.000000000000820 0.500000000000409 0.000000000000028 699.987388903169062 3.499936944472269
0.317400000000000 1.000000000000819 0.500000000000409 0.000000000000024 699.987388903169858 3.499936944441108
0.317500000000000 1.000000000000820 0.500000000000409 0.000000000000023 699.987388903169744 3.499936944398556
0.317600000000000 1.000000000000820 0.500000000000409 0.000000000000022 699.987388903169517 3.499936944343833
0.317700000000000 1.000000000000821 0.500000000000409 0.000000000000021 699.987388903170768 3.499936944276427
0.317800000000000 1.000000000000822 0.500000000000409 0.000000000000019 699.987388903170313 3.499936944195798
0.317900000000000 1.000000000000820 0.500000000000409 0.000000000000017 699.987388903170995 3.499936944101313
0.318000000000000 1.000000000000822 0.500000000000409 0.000000000000018 699.987388903170540 3.499936943992808
0.318100000000000 1.000000000000821 0.500000000000410 0.000000000000017 699.987388903170540 3.499936943869798
0.318200000000000 1.000000000000823 0.500000000000410 0.000000000000017 699.987388903171222 3.499936943731766
0.318300000000000 1.000000000000821 0.500000000000410 0.000000000000015 699.987388903171222 3.499936943577939
0.318400000000000 1.000000000000821 0.500000000000409 0.000000000000012 699.987388903171563 3.499936943408480
0.318500000000000 1.000000000000824 0.500000000000410 0.000000000000010 699.987388903170654 3.499936943223350
0.318600000000000 1.000000000000822 0.500000000000410 0.000000000000010 699.987388903171222 3.499936943022704
0.318700000000000 1.000000000000823 0.500000000000410 0.000000000000009 699.987388903171336 3.499936942806654
0.318800000000000 1.000000000000823 0.500000000000409 0.000000000000008 699.987388903171677 3.499936942575682
0.318900000000000 1.000000000000825 0.500000000000410 0.000000000000006 699.987388903171450 3.499936942329913
0.319000000000000 1.000000000000824 0.500000000000410 0.000000000000006 699.987388903171905 3.499936942069694
0.319100000000000 1.000000000000824 0.500000000000410 0.000000000000007 699.987388903172587 3.499936941795791
0.319200000000000 1.000000000000824 0.500000000000410 0.000000000000006 699.987388903173155 3.499936941509038
0.319300000000000 1.000000000000825 0.500000000000411 0.000000000000007 699.987388903173496 3.499936941210114
0.319400000000000 1.000000000000826 0.500000000000411 0.000000000000006 699.987388903172814 3.499936940899793
0.319500000000000 1.000000000000824 0.500000000000411 0.000000000000005 699.987388903173041 3.499936940578726
0.319600000000000 1.000000000000825 0.500000000000411 0.000000000000001 699.987388903172587 3.499936940248023
0.319700000000000 1.000000000000825 0.500000000000411 0.000000000000000 699.987388903173269 3.499936939908102
0.319800000000000 1.000000000000828 0.500000000000412 -0.000000000000001 699.987388903172587 3.499936939559661
0.319900000000000 1.000000000000825 0.500000000000411 -0.000000000000001 699.987388903173155 3.499936939203712
0.320000000000000 1.000000000000825 0.500000000000411 -0.000000000000001 699.987388903173951 3.499936938841207
0.320100000000000 1.000000000000827 0.500000000000411 -0.000000000000002 699.987388903174406 3.499936938473946
0.320200000000000 1.000000000000825 0.500000000000411 -0.000000000000003 699.987388903173951 3.499936938104471
0.320300000000000 1.000000000000827 0.500000000000412 -0.000000000000002 699.987388903174519 3.499936937733516
0.320400000000000 1.000000000000828 0.500000000000411 -0.000000000000003 699.987388903173610 3.499936937361560
0.320500000000000 1.000000000000826 0.500000000000411 -0.000000000000003 699.987388903174178 3.499936936990622
0.320600000000000 1.000000000000827 0.500000000000412 -0.000000000000004 699.987388903173496 3.499936936622589
0.320700000000000 1.000000000000828 0.500000000000412 -0.000000000000005 699.987388903175088 3.499936936258629
0.320800000000000 1.000000000000827 0.500000000000412 -0.000000000000003 699.987388903174292 3.499936935900740
0.320900000000000 1.000000000000828 0.500000000000412 -0.000000000000002 699.987388903174633 3.499936935549904
0.321000000000000 1.000000000000827 0.500000000000412 -0.000000000000003 699.987388903174633 3.499936935207348
0.321100000000000 1.000000000000828 0.500000000000412 0.000000000000000 699.987388903175088 3.499936934875153
0.321200000000000 1.000000000000829 0.500000000000412 0.000000000000002 699.987388903175656 3.499936934554542
0.321300000000000 1.000000000000829 0.500000000000412 0.000000000000000 699.987388903175429 3.499936934245742
0.321400000000000 1.000000000000829 0.500000000000412 0.000000000000001 699.987388903175997 3.499936933950087
0.321500000000000 1.000000000000830 0.500000000000413 -0.000000000000001 699.987388903174860 3.499936933669562
0.321600000000000 1.000000000000829 0.500000000000413 -0.000000000000000 699.987388903175315 3.499936933406032
0.321700000000000 1.000000000000830 0.500000000000413 -0.000000000000001 699.987388903175997 3.499936933160881
0.321800000000000 1.000000000000829 0.500000000000413 0.000000000000000 699.987388903176452 3.499936932934828
0.321900000000000 1.000000000000830 0.500000000000413 0.000000000000000 699.987388903176679 3.499936932728610
0.322000000000000 1.000000000000830 0.500000000000413 0.000000000000003 699.987388903177361 3.499936932542417
0.322100000000000 1.000000000000830 0.500000000000413 0.000000000000003 699.987388903177361 3.499936932377486
0.322200000000000 1.000000000000830 0.500000000000413 0.000000000000004 699.987388903177361 3.499936932234733
0.322300000000000 1.000000000000831 0.500000000000413 0.000000000000005 699.987388903177589 3.499936932114565
0.322400000000000 1.000000000000830 0.500000000000412 0.000000000000006 699.987388903177361 3.499936932018100
0.322500000000000 1.000000000000832 0.500000000000414 0.000000000000008 699.987388903177703 3.499936931945586
0.322600000000000 1.000000000000831 0.500000000000413 0.000000000000009 699.987388903177930 3.499936931897118
0.322700000000000 1.000000000000831 0.500000000000413 0.000000000000008 699.987388903178044 3.499936931873349
0.322800000000000 1.000000000000832 0.500000000000414 0.000000000000006 699.987388903177816 3.499936931874456
0.322900000000000 1.000000000000833 0.500000000000413 0.000000000000005 699.987388903177930 3.499936931900538
0.323000000000000 1.000000000000832 0.500000000000413 0.000000000000005 699.987388903178612 3.499936931950774
0.323100000000000 1.000000000000833 0.500000000000414 0.000000000000008 699.987388903178953 3.499936932023894
0.323200000000000 1.000000000000832 0.500000000000413 0.000000000000009 699.987388903177703 3.499936932119146
0.323300000000000 1.000000000000834 0.500000000000413 0.000000000000011 699.987388903179067 3.499936932236269
0.323400000000000 1.000000000000832 0.500000000000414 0.000000000000014 699.987388903179294 3.499936932375713
0.323500000000000 1.000000000000833 0.500000000000414 0.000000000000014 699.987388903178953 3.499936932537363
0.323600000000000 1.000000000000834 0.500000000000414 0.000000000000014 699.987388903180317 3.499936932720552
0.323700000000000 1.000000000000834 0.500000000000414 0.000000000000018 699.987388903179863 3.499936932924382
0.323800000000000 1.000000000000835 0.500000000000415 0.000000000000017 699.987388903180317 3.499936933147324
0.323900000000000 1.000000000000836 0.500000000000415 0.000000000000019 699.987388903180317 3.499936933388851
0.324000000000000 1.000000000000834 0.500000000000415 0.000000000000019 699.987388903179635 3.499936933648221
0.324100000000000 1.000000000000836 0.500000000000415 0.000000000000023 699.987388903180317 3.499936933924105
0.324200000000000 1.000000000000837 0.500000000000415 0.000000000000026 699.987388903180999 3.499936934215463
0.324300000000000 1.000000000000836 0.500000000000415 0.000000000000027 699.987388903180545 3.499936934520747
0.324400000000000 1.000000000000837 0.500000000000415 0.000000000000028 699.987388903180772 3.499936934839139
0.324500000000000 1.000000000000837 0.500000000000416 0.000000000000030 699.987388903181341 3.499936935169468
0.324600000000000 1.000000000000837 0.500000000000416 0.000000000000031 699.987388903180772 3.499936935510124
0.324700000000000 1.000000000000837 0.500000000000416 0.000000000000036 699.987388903181909 3.499936935860406
0.324800000000000 1.000000000000836 0.500000000000416 0.000000000000038 699.987388903182477 3.499936936218752
0.324900000000000 1.000000000000839 0.500000000000416 0.000000000000039 699.987388903181113 3.499936936582818
0.325000000000000 1.000000000000839 0.500000000000416 0.000000000000045 699.987388903181909 3.499936936950326
0.325100000000000 1.000000000000837 0.500000000000416 0.000000000000046 699.987388903181909 3.499936937319353
0.325200000000000 1.000000000000839 0.500000000000416 0.000000000000048 699.987388903181454 3.499936937689677
0.325300000000000 1.000000000000838 0.500000000000417 0.000000000000050 699.987388903182023 3.499936938060299
0.325400000000000 1.000000000000838 0.500000000000417 0.000000000000051 699.987388903183046 3.499936938429401
0.325500000000000 1.000000000000838 0.500000000000416 0.000000000000053 699.987388903182932 3.499936938795709
0.325600000000000 1.000000000000840 0.500000000000416 0.000000000000054 699.987388903183955 3.499936939158189
0.325700000000000 1.000000000000839 0.500000000000416 0.000000000000056 699.987388903183160 3.499936939515461
0.325800000000000 1.000000000000840 0.500000000000417 0.000000000000058 699.987388903182818 3.499936939865691
0.325900000000000 1.000000000000840 0.500000000000417 0.000000000000058 699.987388903183160 3.499936940207876
0.326000000000000 1.000000000000840 0.500000000000417 0.000000000000060 699.987388903183046 3.499936940541245
0.326100000000000 1.000000000000839 0.500000000000417 0.000000000000064 699.987388903184183 3.499936940864579
0.326200000000000 1.000000000000841 0.500000000000417 0.000000000000065 699.987388903184410 3.499936941176808
0.326300000000000 1.000000000000841 0.500000000000418 0.000000000000066 699.987388903184296 3.499936941477319
0.326400000000000 1.000000000000840 0.500000000000418 0.000000000000070 699.987388903184296 3.499936941765672
0.326500000000000 1.000000000000842 0.500000000000418 0.000000000000072 699.987388903184183 3.499936942040615
0.326600000000000 1.000000000000842 0.500000000000417 0.000000000000074 699.987388903184296 3.499936942301261
0.326700000000000 1.000000000000842 0.500000000000418 0.000000000000077 699.987388903183501 3.499936942547506
0.326800000000000 1.000000000000843 0.500000000000418 0.000000000000077 699.987388903184524 3.499936942779522
0.326900000000000 1.000000000000843 0.500000000000418 0.000000000000080 699.987388903185774 3.499936942997011
0.327000000000000 1.000000000000842 0.500000000000418 0.000000000000083 699.987388903185092 3.499936943199535
0.327100000000000 1.000000000000842 0.500000000000418 0.000000000000086 699.987388903185320 3.499936943386828
0.327200000000000 1.000000000000842 0.500000000000418 0.000000000000085 699.987388903185547 3.499936943558521
0.327300000000000 1.000000000000842 0.500000000000418 0.000000000000087 699.987388903185092 3.499936943714760
0.327400000000000 1.000000000000844 0.500000000000419 0.000000000000090 699.987388903185774 3.499936943855558
0.327500000000000 1.000000000000844 0.500000000000419 0.000000000000089 699.987388903186002 3.499936943981055
0.327600000000000 1.000000000000844 0.500000000000419 0.000000000000093 699.987388903185547 3.499936944091500
0.327700000000000 1.000000000000845 0.500000000000419 0.000000000000098 699.987388903185774 3.499936944187475
0.327800000000000 1.000000000000843 0.500000000000419 0.000000000000102 699.987388903186911 3.499936944269504
0.327900000000000 1.000000000000846 0.500000000000419 0.000000000000102 699.987388903187025 3.499936944338115
0.328000000000000 1.000000000000845 0.500000000000419 0.000000000000104 699.987388903186684 3.499936944393820
0.328100000000000 1.000000000000846 0.500000000000419 0.000000000000106 699.987388903186343 3.499936944437335
0.328200000000000 1.000000000000845 0.500000000000419 0.000000000000107 699.987388903186684 3.499936944469471
0.328300000000000 1.000000000000845 0.500000000000419 0.000000000000112 699.987388903186002 3.499936944490960
0.328400000000000 1.000000000000846 0.500000000000419 0.000000000000113 699.987388903186911 3.499936944502590
0.328500000000000 1.000000000000845 0.500000000000420 0.000000000000115 699.987388903186911 3.499936944505193
0.328600000000000 1.000000000000846 0.500000000000420 0.000000000000117 699.987388903186911 3.499936944499526
0.328700000000000 1.000000000000847 0.500000000000421 0.000000000000120 699.987388903187366 3.499936944486506
0.328800000000000 1.000000000000846 0.500000000000420 0.000000000000123 699.987388903188730 3.499936944467073
0.328900000000000 1.000000000000847 0.500000000000421 0.000000000000127 699.987388903188616 3.499936944442019
0.329000000000000 1.000000000000846 0.500000000000420 0.000000000000128 699.987388903188048 3.499936944412446
0.329100000000000 1.000000000000847 0.500000000000421 0.000000000000131 699.987388903188958 3.499936944379103
0.329200000000000 1.000000000000847 0.500000000000421 0.000000000000134 699.987388903188730 3.499936944342984
0.329300000000000 1.000000000000848 0.500000000000421 0.000000000000138 699.987388903188048 3.499936944304944
0.329400000000000 1.000000000000848 0.500000000000421 0.000000000000140 699.987388903188616 3.499936944265814
0.329500000000000 1.000000000000848 0.500000000000421 0.000000000000143 699.987388903189526 3.499936944226417
0.329600000000000 1.000000000000849 0.500000000000421 0.000000000000143 699.987388903190094 3.499936944187272
0.329700000000000 1.000000000000849 0.500000000000421 0.000000000000146 699.987388903189185 3.499936944149301
0.329800000000000 1.000000000000849 0.500000000000421 0.000000000000149 699.987388903188616 3.499936944113257
0.329900000000000 1.000000000000848 0.500000000000421 0.000000000000153 699.987388903189185 3.499936944079858
0.330000000000000 1.000000000000851 0.500000000000421 0.000000000000156 699.987388903189185 3.499936944049672
0.330100000000000 1.000000000000849 0.500000000000422 0.000000000000158 699.987388903189867 3.499936944023145
0.330200000000000 1.000000000000850 0.500000000000422 0.000000000000161 699.987388903190549 3.499936944000444
0.330300000000000 1.000000000000851 0.500000000000422 0.000000000000163 699.987388903191459 3.499936943981974
0.330400000000000 1.000000000000849 0.500000000000422 0.000000000000164 699.987388903190777 3.499936943968057
0.330500000000000 1.000000000000851 0.500000000000422 0.000000000000167 699.987388903191572 3.499936943958979
0.330600000000000 1.000000000000851 0.500000000000422 0.000000000000170 699.987388903191913 3.499936943954767
0.330700000000000 1.000000000000852 0.500000000000423 0.000000000000169 699.987388903191913 3.499936943955670
0.330800000000000 1.000000000000851 0.500000000000423 0.000000000000171 699.987388903190322 3.499936943961615
0.330900000000000 1.000000000000851 0.500000000000423 0.000000000000174 699.987388903190777 3.499936943972517
0.331000000000000 1.000000000000851 0.500000000000423 0.000000000000176 699.987388903191459 3.499936943988355
0.331100000000000 1.000000000000850 0.500000000000423 0.000000000000177 699.987388903192596 3.499936944008951
0.331200000000000 1.000000000000852 0.500000000000424 0.000000000000180 699.987388903192368 3.499936944033716
0.331300000000000 1.000000000000853 0.500000000000423 0.000000000000182 699.987388903193278 3.499936944062391
0.331400000000000 1.000000000000853 0.500000000000424 0.000000000000184 699.987388903193278 3.499936944094299
0.331500000000000 1.000000000000853 0.500000000000424 0.000000000000190 699.987388903192823 3.499936944128869
0.331600000000000 1.000000000000854 0.500000000000424 0.000000000000190 699.987388903193732 3.499936944165545
0.331700000000000 1.000000000000853 0.500000000000424 0.000000000000190 699.987388903193391 3.499936944204029
0.331800000000000 1.000000000000854 0.500000000000424 0.000000000000193 699.987388903194073 3.499936944243529
0.331900000000000 1.000000000000854 0.500000000000424 0.000000000000196 699.987388903194073 3.499936944283137
0.332000000000000 1.000000000000855 0.500000000000424 0.000000000000196 699.987388903193732 3.499936944322107
0.332100000000000 1.000000000000856 0.500000000000425 0.000000000000196 699.987388903192823 3.499936944359447
0.332200000000000 1.000000000000856 0.500000000000425 0.000000000000198 699.987388903194073 3.499936944394446
0.332300000000000 1.000000000000856 0.500000000000425 0.000000000000200 699.987388903193732 3.499936944426215
0.332400000000000 1.000000000000855 0.500000000000426 0.000000000000201 699.987388903195324 3.499936944453742
0.332500000000000 1.000000000000855 0.500000000000426 0.000000000000202 699.987388903194869 3.499936944476302
0.332600000000000 1.000000000000858 0.500000000000426 0.000000000000203 699.987388903194415 3.499936944492984
0.332700000000000 1.000000000000856 0.500000000000426 0.000000000000206 699.987388903195551 3.499936944502886
0.332800000000000 1.000000000000858 0.500000000000426 0.000000000000207 699.987388903195438 3.499936944505011
0.332900000000000 1.000000000000857 0.500000000000426 0.000000000000210 699.987388903195324 3.499936944498515
0.333000000000000 1.000000000000858 0.500000000000426 0.000000000000212 699.987388903196234 3.499936944482497
0.333100000000000 1.000000000000857 0.500000000000426 0.000000000000214 699.987388903196461 3.499936944456195
0.333200000000000 1.000000000000857 0.500000000000427 0.000000000000215 699.987388903195551 3.499936944418764
0.333300000000000 1.000000000000858 0.500000000000426 0.000000000000216 699.987388903197143 3.499936944369567
0.333400000000000 1.000000000000858 0.500000000000427 0.000000000000219 699.987388903196006 3.499936944307719
0.333500000000000 1.000000000000858 0.500000000000427 0.000000000000222 699.987388903195779 3.499936944232786
0.333600000000000 1.000000000000858 0.500000000000427 0.000000000000223 699.987388903197143 3.499936944144407
0.333700000000000 1.000000000000860 0.500000000000427 0.000000000000224 699.987388903196688 3.499936944042052
0.333800000000000 1.000000000000860 0.500000000000427 0.000000000000224 699.987388903196461 3.499936943925235
0.333900000000000 1.000000000000860 0.500000000000428 0.000000000000226 699.987388903197598 3.499936943793622
0.334000000000000 1.000000000000860 0.500000000000428 0.000000000000224 699.987388903197257 3.499936943647067
0.334100000000000 1.000000000000860 0.500000000000428 0.000000000000223 699.987388903198053 3.499936943485126
0.334200000000000 1.000000000000861 0.500000000000428 0.000000000000225 699.987388903197939 3.499936943307526
0.334300000000000 1.000000000000861 0.500000000000428 0.000000000000226 699.987388903198507 3.499936943114182
0.334400000000000 1.000000000000860 0.500000000000428 0.000000000000229 699.987388903198053 3.499936942905513
0.334500000000000 1.000000000000861 0.500000000000429 0.000000000000230 699.987388903198053 3.499936942681891
0.334600000000000 1.000000000000860 0.500000000000429 0.000000000000231 699.987388903198962 3.499936942443517
0.334700000000000 1.000000000000862 0.500000000000429 0.000000000000233 699.987388903197939 3.499936942190683
0.334800000000000 1.000000000000861 0.500000000000430 0.000000000000234 699.987388903199076 3.499936941923437
0.334900000000000 1.000000000000861 0.500000000000430 0.000000000000233 699.987388903198735 3.499936941642408
0.335000000000000 1.000000000000864 0.500000000000429 0.000000000000231 699.987388903199189 3.499936941348622
0.335100000000000 1.000000000000862 0.500000000000430 0.000000000000234 699.987388903199644 3.499936941042852
0.335200000000000 1.000000000000863 0.500000000000430 0.000000000000236 699.987388903199417 3.499936940725554
0.335300000000000 1.000000000000864 0.500000000000429 0.000000000000236 699.987388903199985 3.499936940397425
0.335400000000000 1.000000000000864 0.500000000000430 0.000000000000236 699.987388903199530 3.499936940059510
0.335500000000000 1.000000000000865 0.500000000000430 0.000000000000237 699.987388903199758 3.499936939712541
0.335600000000000 1.000000000000864 0.500000000000430 0.000000000000238 699.987388903199189 3.499936939357704
0.335700000000000 1.000000000000864 0.500000000000430 0.000000000000240 699.987388903200440 3.499936938996270
0.335800000000000 1.000000000000865 0.500000000000430 0.000000000000239 699.987388903200781 3.499936938630054
0.335900000000000 1.000000000000865 0.500000000000431 0.000000000000241 699.987388903200895 3.499936938260389
0.336000000000000 1.000000000000865 0.500000000000431 0.000000000000241 699.987388903200326 3.499936937888315
0.336100000000000 1.000000000000865 0.500000000000431 0.000000000000242 699.987388903201008 3.499936937515725
0.336200000000000 1.000000000000866 0.500000000000431 0.000000000000242 699.987388903201690 3.499936937144707
0.336300000000000 1.000000000000866 0.500000000000431 0.000000000000242 699.987388903201918 3.499936936776705
0.336400000000000 1.000000000000867 0.500000000000431 0.000000000000242 699.987388903201690 3.499936936413304
0.336500000000000 1.000000000000867 0.500000000000431 0.000000000000243 699.987388903201690 3.499936936055109
0.336600000000000 1.000000000000866 0.500000000000431 0.000000000000241 699.987388903201804 3.499936935702638
0.336700000000000 1.000000000000866 0.500000000000433 0.000000000000241 699.987388903202486 3.499936935357318
0.336800000000000 1.000000000000867 0.500000000000432 0.000000000000241 699.987388903202714 3.499936935020952
0.336900000000000 1.000000000000868 0.500000000000432 0.000000000000239 699.987388903201577 3.499936934695227
0.337000000000000 1.000000000000867 0.500000000000432 0.000000000000237 699.987388903202827 3.499936934381473
0.337100000000000 1.000000000000866 0.500000000000433 0.000000000000236 699.987388903202373 3.499936934080747
0.337200000000000 1.000000000000869 0.500000000000432 0.000000000000236 699.987388903203055 3.499936933794863
0.337300000000000 1.000000000000868 0.500000000000433 0.000000000000235 699.987388903203282 3.499936933524592
0.337400000000000 1.000000000000870 0.500000000000433 0.000000000000233 699.987388903203282 3.499936933270978
0.337500000000000 1.000000000000868 0.500000000000433 0.000000000000233 699.987388903203851 3.499936933035759
0.337600000000000 1.000000000000869 0.500000000000433 0.000000000000233 699.987388903203509 3.499936932819763
0.337700000000000 1.000000000000869 0.500000000000434 0.000000000000231 699.987388903203055 3.499936932623273
0.337800000000000 1.000000000000869 0.500000000000433 0.000000000000229 699.987388903203851 3.499936932447561
0.337900000000000 1.000000000000868 0.500000000000434 0.000000000000226 699.987388903204419 3.499936932293137
0.338000000000000 1.000000000000870 0.500000000000434 0.000000000000224 699.987388903204646 3.499936932161097
0.338100000000000 1.000000000000869 0.500000000000433 0.000000000000220 699.987388903204192 3.499936932052762
0.338200000000000 1.000000000000871 0.500000000000434 0.000000000000219 699.987388903204192 3.499936931969183
0.338300000000000 1.000000000000871 0.500000000000434 0.000000000000218 699.987388903205101 3.499936931910294
0.338400000000000 1.000000000000872 0.500000000000434 0.000000000000217 699.987388903205101 3.499936931875260
0.338500000000000 1.000000000000870 0.500000000000435 0.000000000000217 699.987388903205101 3.499936931863599
0.338600000000000 1.000000000000871 0.500000000000435 0.000000000000217 699.987388903205101 3.499936931875955
0.338700000000000 1.000000000000872 0.500000000000435 0.000000000000215 699.987388903205670 3.499936931912203
0.338800000000000 1.000000000000872 0.500000000000435 0.000000000000214 699.987388903207034 3.499936931971920
0.338900000000000 1.000000000000872 0.500000000000435 0.000000000000213 699.987388903205328 3.499936932055498
0.339000000000000 1.000000000000872 0.500000000000435 0.000000000000212 699.987388903206238 3.499936932162489
0.339100000000000 1.000000000000872 0.500000000000435 0.000000000000210 699.987388903206693 3.499936932293156
0.339200000000000 1.000000000000874 0.500000000000436 0.000000000000208 699.987388903206465 3.499936932446835
0.339300000000000 1.000000000000874 0.500000000000435 0.000000000000205 699.987388903207375 3.499936932622097
0.339400000000000 1.000000000000873 0.500000000000435 0.000000000000202 699.987388903206238 3.499936932817307
0.339500000000000 1.000000000000875 0.500000000000436 0.000000000000201 699.987388903207261 3.499936933032173
0.339600000000000 1.000000000000874 0.500000000000435 0.000000000000197 699.987388903206693 3.499936933266771
0.339700000000000 1.000000000000876 0.500000000000436 0.000000000000194 699.987388903207602 3.499936933519684
0.339800000000000 1.000000000000874 0.500000000000436 0.000000000000194 699.987388903207147 3.499936933790026
0.339900000000000 1.000000000000873 0.500000000000436 0.000000000000193 699.987388903207489 3.499936934076874
0.340000000000000 1.000000000000876 0.500000000000437 0.000000000000190 699.987388903208057 3.499936934378022
0.340100000000000 1.000000000000876 0.500000000000437 0.000000000000188 699.987388903208284 3.499936934691947
0.340200000000000 1.000000000000876 0.500000000000436 0.000000000000187 699.987388903208966 3.499936935017947
0.340300000000000 1.000000000000874 0.500000000000437 0.000000000000185 699.987388903208284 3.499936935355018
0.340400000000000 1.000000000000876 0.500000000000437 0.000000000000183 699.987388903207830 3.499936935701668
0.340500000000000 1.000000000000876 0.500000000000437 0.000000000000180 699.987388903208853 3.499936936055674
0.340600000000000 1.000000000000878 0.500000000000438 0.000000000000177 699.987388903208739 3.499936936415799
0.340700000000000 1.000000000000878 0.500000000000437 0.000000000000173 699.987388903209308 3.499936936781239
0.340800000000000 1.000000000000876 0.500000000000438 0.000000000000171 699.987388903208966 3.499936937149897
0.340900000000000 1.000000000000877 0.500000000000437 0.000000000000169 699.987388903210331 3.499936937519728
0.341000000000000 1.000000000000877 0.500000000000438 0.000000000000168 699.987388903209876 3.499936937889121
0.341100000000000 1.000000000000878 0.500000000000438 0.000000000000164 699.987388903208966 3.499936938257764
0.341200000000000 1.000000000000878 0.500000000000438 0.000000000000161 699.987388903209649 3.499936938625321
0.341300000000000 1.000000000000879 0.500000000000438 0.000000000000158 699.987388903209649 3.499936938989944
0.341400000000000 1.000000000000879 0.500000000000438 0.000000000000156 699.987388903209990 3.499936939349706
0.341500000000000 1.000000000000880 0.500000000000439 0.000000000000155 699.987388903210331 3.499936939703467
0.341600000000000 1.000000000000879 0.500000000000439 0.000000000000154 699.987388903211013 3.499936940050274
0.341700000000000 1.000000000000880 0.500000000000439 0.000000000000153 699.987388903211695 3.499936940388468
0.341800000000000 1.000000000000878 0.500000000000439 0.000000000000148 699.987388903211695 3.499936940717247
0.341900000000000 1.000000000000880 0.500000000000439 0.000000000000147 699.987388903211695 3.499936941035748
0.342000000000000 1.000000000000880 0.500000000000440 0.000000000000143 699.987388903211922 3.499936941342497
0.342100000000000 1.000000000000882 0.500000000000439 0.000000000000141 699.987388903211240 3.499936941636701
0.342200000000000 1.000000000000880 0.500000000000440 0.000000000000138 699.987388903211922 3.499936941917972
0.342300000000000 1.000000000000882 0.500000000000439 0.000000000000135 699.987388903211809 3.499936942185572
0.342400000000000 1.000000000000883 0.500000000000440 0.000000000000136 699.987388903212377 3.499936942439004
0.342500000000000 1.000000000000882 0.500000000000440 0.000000000000135 699.987388903213173 3.499936942678189
0.342600000000000 1.000000000000882 0.500000000000440 0.000000000000132 699.987388903212945 3.499936942902501
0.342700000000000 1.000000000000883 0.500000000000441 0.000000000000130 699.987388903213741 3.499936943111588
0.342800000000000 1.000000000000883 0.500000000000441 0.000000000000131 699.987388903212263 3.499936943305344
0.342900000000000 1.000000000000883 0.500000000000440 0.000000000000126 699.987388903213628 3.499936943483670
0.343000000000000 1.000000000000884 0.500000000000441 0.000000000000124 699.987388903213741 3.499936943646696
0.343100000000000 1.000000000000884 0.500000000000441 0.000000000000120 699.987388903213969 3.499936943794558
0.343200000000000 1.000000000000884 0.500000000000442 0.000000000000119 699.987388903213969 3.499936943926929
0.343300000000000 1.000000000000884 0.500000000000441 0.000000000000116 699.987388903214651 3.499936944044060
0.343400000000000 1.000000000000884 0.500000000000442 0.000000000000114 699.987388903213969 3.499936944146536
0.343500000000000 1.000000000000884 0.500000000000442 0.000000000000112 699.987388903214878 3.499936944234612
0.343600000000000 1.000000000000884 0.500000000000442 0.000000000000110 699.987388903214537 3.499936944309049
0.343700000000000 1.000000000000885 0.500000000000442 0.000000000000110 699.987388903215106 3.499936944370428
0.343800000000000 1.000000000000884 0.500000000000441 0.000000000000107 699.987388903214537 3.499936944419465
0.343900000000000 1.000000000000885 0.500000000000443 0.000000000000105 699.987388903215447 3.499936944456571
0.344000000000000 1.000000000000884 0.500000000000443 0.000000000000101 699.987388903215333 3.499936944482672
0.344100000000000 1.000000000000885 0.500000000000442 0.000000000000100 699.987388903215333 3.499936944498524
0.344200000000000 1.000000000000885 0.500000000000442 0.000000000000097 699.987388903216015 3.499936944504825
0.344300000000000 1.000000000000886 0.500000000000442 0.000000000000097 699.987388903216242 3.499936944502459
0.344400000000000 1.000000000000886 0.500000000000442 0.000000000000094 699.987388903215788 3.499936944492274
0.344500000000000 1.000000000000887 0.500000000000443 0.000000000000093 699.987388903216470 3.499936944475249
0.344600000000000 1.000000000000887 0.500000000000443 0.000000000000090 699.987388903216697 3.499936944452422
0.344700000000000 1.000000000000888 0.500000000000443 0.000000000000087 699.987388903216925 3.499936944424740
0.344800000000000 1.000000000000887 0.500000000000443 0.000000000000084 699.987388903216583 3.499936944392920
0.344900000000000 1.000000000000889 0.500000000000443 0.000000000000086 699.987388903216697 3.499936944357876
0.345000000000000 1.000000000000888 0.500000000000443 0.000000000000083 699.987388903216583 3.499936944320512
0.345100000000000 1.000000000000887 0.500000000000443 0.000000000000080 699.987388903216697 3.499936944281594
0.345200000000000 1.000000000000888 0.500000000000443 0.000000000000079 699.987388903217493 3.499936944242012
0.345300000000000 1.000000000000887 0.500000000000444 0.000000000000075 699.987388903218061 3.499936944202546
0.345400000000000 1.000000000000889 0.500000000000444 0.000000000000073 699.987388903218744 3.499936944163963
0.345500000000000 1.000000000000889 0.500000000000445 0.000000000000072 699.987388903217379 3.499936944126858
0.345600000000000 1.000000000000890 0.500000000000445 0.000000000000071 699.987388903219198 3.499936944092056
0.345700000000000 1.000000000000890 0.500000000000444 0.000000000000071 699.987388903218857 3.499936944059963
0.345800000000000 1.000000000000890 0.500000000000444 0.000000000000070 699.987388903219426 3.499936944030983
0.345900000000000 1.000000000000891 0.500000000000444 0.000000000000067 699.987388903219426 3.499936944005509
0.346000000000000 1.000000000000890 0.500000000000445 0.000000000000066 699.987388903218516 3.499936943984326
0.346100000000000 1.000000000000892 0.500000000000445 0.000000000000067 699.987388903219653 3.499936943967864
0.346200000000000 1.000000000000891 0.500000000000444 0.000000000000066 699.987388903218744 3.499936943956389
0.346300000000000 1.000000000000892 0.500000000000445 0.000000000000064 699.987388903220221 3.499936943949985
0.346400000000000 1.000000000000891 0.500000000000446 0.000000000000064 699.987388903218744 3.499936943948741
0.346500000000000 1.000000000000892 0.500000000000445 0.000000000000062 699.987388903219653 3.499936943952778
0.346600000000000 1.000000000000893 0.500000000000445 0.000000000000060 699.987388903220449 3.499936943961873
0.346700000000000 1.000000000000894 0.500000000000445 0.000000000000058 699.987388903219994 3.499936943976026
0.346800000000000 1.000000000000893 0.500000000000446 0.000000000000057 699.987388903219539 3.499936943995057
0.346900000000000 1.000000000000894 0.500000000000446 0.000000000000055 699.987388903221927 3.499936944018529
0.347000000000000 1.000000000000894 0.500000000000446 0.000000000000051 699.987388903220562 3.499936944045985
0.347100000000000 1.000000000000895 0.500000000000446 0.000000000000049 699.987388903221472 3.499936944077007
0.347200000000000 1.000000000000894 0.500000000000445 0.000000000000049 699.987388903222836 3.499936944111055
0.347300000000000 1.000000000000894 0.500000000000446 0.000000000000048 699.987388903221813 3.499936944147477
0.347400000000000 1.000000000000896 0.500000000000445 0.000000000000047 699.987388903221017 3.499936944185698
0.347500000000000 1.000000000000896 0.500000000000446 0.000000000000046 699.987388903221586 3.499936944224900
0.347600000000000 1.000000000000895 0.500000000000446 0.000000000000041 699.987388903221472 3.499936944264618
0.347700000000000 1.000000000000896 0.500000000000446 0.000000000000039 699.987388903221699 3.499936944304205
0.347800000000000 1.000000000000894 0.500000000000446 0.000000000000038 699.987388903221586 3.499936944342597
0.347900000000000 1.000000000000896 0.500000000000446 0.000000000000038 699.987388903222609 3.499936944378808
0.348000000000000 1.000000000000896 0.500000000000447 0.000000000000035 699.987388903223518 3.499936944412043
0.348100000000000 1.000000000000897 0.500000000000447 0.000000000000032 699.987388903221472 3.499936944441657
0.348200000000000 1.000000000000896 0.500000000000447 0.000000000000031 699.987388903222381 3.499936944466624
0.348300000000000 1.000000000000896 0.500000000000447 0.000000000000029 699.987388903222836 3.499936944486028
0.348400000000000 1.000000000000897 0.500000000000447 0.000000000000027 699.987388903223746 3.499936944499030
0.348500000000000 1.000000000000896 0.500000000000448 0.000000000000026 699.987388903223405 3.499936944504684
0.348600000000000 1.000000000000897 0.500000000000447 0.000000000000026 699.987388903224428 3.499936944502164
0.348700000000000 1.000000000000897 0.500000000000447 0.000000000000024 699.987388903223973 3.499936944490504
0.348800000000000 1.000000000000897 0.500000000000447 0.000000000000024 699.987388903223859 3.499936944468867
0.348900000000000 1.000000000000898 0.500000000000447 0.000000000000023 699.987388903224655 3.499936944436528
0.349000000000000 1.000000000000897 0.500000000000448 0.000000000000023 699.987388903223746 3.499936944392667
0.349100000000000 1.000000000000899 0.500000000000447 0.000000000000022 699.987388903224428 3.499936944336703
0.349200000000000 1.000000000000900 0.500000000000447 0.000000000000023 699.987388903224200 3.499936944267972
0.349300000000000 1.000000000000898 0.500000000000448 0.000000000000024 699.987388903224428 3.499936944185884
0.349400000000000 1.000000000000899 0.500000000000448 0.000000000000022 699.987388903225565 3.499936944089888
0.349500000000000 1.000000000000898 0.500000000000448 0.000000000000023 699.987388903224542 3.499936943979371
0.349600000000000 1.000000000000900 0.500000000000449 0.000000000000026 699.987388903225337 3.499936943854087
0.349700000000000 1.000000000000900 0.500000000000448 0.000000000000024 699.987388903225906 3.499936943713784
0.349800000000000 1.000000000000901 0.500000000000449 0.000000000000023 699.987388903225792 3.499936943558172
0.349900000000000 1.000000000000900 0.500000000000449 0.000000000000020 699.987388903226019 3.499936943387168
0.350000000000000 1.000000000000900 0.500000000000449 0.000000000000020 699.987388903226702 3.499936943200288
0.350100000000000 1.000000000000901 0.500000000000449 0.000000000000021 699.987388903226815 3.499936942997544
0.350200000000000 1.000000000000902 0.500000000000449 0.000000000000018 699.987388903226019 3.499936942779271
0.350300000000000 1.000000000000902 0.500000000000449 0.000000000000018 699.987388903225678 3.499936942545892
0.350400000000000 1.000000000000901 0.500000000000450 0.000000000000018 699.987388903226588 3.499936942297668
0.350500000000000 1.000000000000902 0.500000000000450 0.000000000000018 699.987388903228066 3.499936942035255
0.350600000000000 1.000000000000902 0.500000000000450 0.000000000000021 699.987388903227156 3.499936941759521
0.350700000000000 1.000000000000902 0.500000000000450 0.000000000000019 699.987388903227384 3.499936941470722
0.350800000000000 1.000000000000903 0.500000000000449 0.000000000000020 699.987388903226929 3.499936941169446
0.350900000000000 1.000000000000903 0.500000000000451 0.000000000000021 699.987388903228634 3.499936940856821
0.351000000000000 1.000000000000904 0.500000000000450 0.000000000000020 699.987388903227270 3.499936940533662
0.351100000000000 1.000000000000904 0.500000000000451 0.000000000000018 699.987388903228634 3.499936940200227
0.351200000000000 1.000000000000904 0.500000000000450 0.000000000000019 699.987388903229203 3.499936939857689
0.351300000000000 1.000000000000905 0.500000000000450 0.000000000000019 699.987388903228634 3.499936939506521
0.351400000000000 1.000000000000905 0.500000000000451 0.000000000000019 699.987388903228634 3.499936939147988
0.351500000000000 1.000000000000905 0.500000000000450 0.000000000000019 699.987388903229203 3.499936938783982
0.351600000000000 1.000000000000906 0.500000000000451 0.000000000000019 699.987388903228634 3.499936938416206
0.351700000000000 1.000000000000906 0.500000000000451 0.000000000000018 699.987388903230340 3.499936938046322
0.351800000000000 1.000000000000905 0.500000000000451 0.000000000000019 699.987388903229430 3.499936937675467
0.351900000000000 1.000000000000907 0.500000000000451 0.000000000000020 699.987388903228975 3.499936937304783
0.352000000000000 1.000000000000905 0.500000000000451 0.000000000000021 699.987388903230340 3.499936936936024
0.352100000000000 1.000000000000908 0.500000000000451 0.000000000000022 699.987388903231249 3.499936936569970
0.352200000000000 1.000000000000907 0.500000000000452 0.000000000000022 699.987388903230908 3.499936936207270
0.352300000000000 1.000000000000908 0.500000000000452 0.000000000000022 699.987388903230340 3.499936935849576
0.352400000000000 1.000000000000907 0.500000000000451 0.000000000000024 699.987388903231249 3.499936935498764
0.352500000000000 1.000000000000906 0.500000000000451 0.000000000000025 699.987388903231704 3.499936935157170
0.352600000000000 1.000000000000908 0.500000000000452 0.000000000000025 699.987388903230567 3.499936934826353
0.352700000000000 1.000000000000908 0.500000000000452 0.000000000000025 699.987388903231135 3.499936934507051
0.352800000000000 1.000000000000909 0.500000000000452 0.000000000000027 699.987388903231476 3.499936934200389
0.352900000000000 1.000000000000908 0.500000000000452 0.000000000000027 699.987388903232613 3.499936933907459
0.353000000000000 1.000000000000908 0.500000000000452 0.000000000000029 699.987388903231476 3.499936933629435
0.353100000000000 1.000000000000910 0.500000000000452 0.000000000000030 699.987388903233295 3.499936933368426
0.353200000000000 1.000000000000910 0.500000000000453 0.000000000000031 699.987388903232954 3.499936933125547
0.353300000000000 1.000000000000910 0.500000000000452 0.000000000000032 699.987388903232159 3.499936932901171
0.353400000000000 1.000000000000911 0.500000000000452 0.000000000000034 699.987388903232613 3.499936932697113
0.353500000000000 1.000000000000909 0.500000000000453 0.000000000000035 699.987388903232613 3.499936932514205
0.353600000000000 1.000000000000910 0.500000000000453 0.000000000000036 699.987388903232613 3.499936932352381
0.353700000000000 1.000000000000911 0.500000000000454 0.000000000000036 699.987388903232386 3.499936932212541
0.353800000000000 1.000000000000911 0.500000000000453 0.000000000000038 699.987388903233295 3.499936932095500
0.353900000000000 1.000000000000911 0.500000000000453 0.000000000000039 699.987388903234091 3.499936932001156
0.354000000000000 1.000000000000910 0.500000000000453 0.000000000000039 699.987388903233295 3.499936931930273
0.354100000000000 1.000000000000912 0.500000000000453 0.000000000000042 699.987388903233523 3.499936931884013
0.354200000000000 1.000000000000911 0.500000000000453 0.000000000000041 699.987388903234432 3.499936931862099
0.354300000000000 1.000000000000912 0.500000000000454 0.000000000000044 699.987388903234319 3.499936931863295
0.354400000000000 1.000000000000912 0.500000000000453 0.000000000000046 699.987388903234091 3.499936931887560
0.354500000000000 1.000000000000911 0.500000000000454 0.000000000000048 699.987388903235114 3.499936931935298
0.354600000000000 1.000000000000912 0.500000000000454 0.000000000000049 699.987388903235342 3.499936932007943
0.354700000000000 1.000000000000914 0.500000000000454 0.000000000000050 699.987388903234432 3.499936932105468
0.354800000000000 1.000000000000913 0.500000000000454 0.000000000000052 699.987388903235342 3.499936932226448
0.354900000000000 1.000000000000914 0.500000000000454 0.000000000000053 699.987388903234660 3.499936932370286
0.355000000000000 1.000000000000916 0.500000000000454 0.000000000000055 699.987388903235910 3.499936932536923
0.355100000000000 1.000000000000914 0.500000000000454 0.000000000000056 699.987388903234660 3.499936932725274
0.355200000000000 1.000000000000914 0.500000000000454 0.000000000000059 699.987388903235228 3.499936932934262
0.355300000000000 1.000000000000915 0.500000000000455 0.000000000000061 699.987388903235797 3.499936933162826
0.355400000000000 1.000000000000916 0.500000000000455 0.000000000000061 699.987388903236024 3.499936933409600
0.355500000000000 1.000000000000916 0.500000000000455 0.000000000000062 699.987388903236479 3.499936933674081
0.355600000000000 1.000000000000915 0.500000000000455 0.000000000000064 699.987388903236138 3.499936933954438
0.355700000000000 1.000000000000915 0.500000000000454 0.000000000000065 699.987388903235342 3.499936934248846
0.355800000000000 1.000000000000915 0.500000000000456 0.000000000000066 699.987388903236706 3.499936934557154
0.355900000000000 1.000000000000917 0.500000000000455 0.000000000000067 699.987388903237388 3.499936934878931
0.356000000000000 1.000000000000917 0.500000000000455 0.000000000000071 699.987388903237388 3.499936935211445
0.356100000000000 1.000000000000917 0.500000000000456 0.000000000000073 699.987388903237161 3.499936935552571
0.356200000000000 1.000000000000916 0.500000000000456 0.000000000000072 699.987388903236933 3.499936935901463
0.356300000000000 1.000000000000917 0.500000000000455 0.000000000000075 699.987388903236706 3.499936936257132
0.356400000000000 1.000000000000918 0.500000000000456 0.000000000000078 699.987388903237957 3.499936936618289
0.356500000000000 1.000000000000918 0.500000000000456 0.000000000000079 699.987388903238525 3.499936936983912
0.356600000000000 1.000000000000917 0.500000000000455 0.000000000000082 699.987388903237843 3.499936937352734
0.356700000000000 1.000000000000918 0.500000000000456 0.000000000000085 699.987388903238525 3.499936937723011
0.356800000000000 1.000000000000918 0.500000000000456 0.000000000000086 699.987388903238639 3.499936938093090
0.356900000000000 1.000000000000918 0.500000000000457 0.000000000000087 699.987388903239207 3.499936938461857
0.357000000000000 1.000000000000919 0.500000000000456 0.000000000000090 699.987388903239207 3.499936938828365
0.357100000000000 1.000000000000918 0.500000000000457 0.000000000000092 699.987388903238752 3.499936939191011
0.357200000000000 1.000000000000921 0.500000000000457 0.000000000000095 699.987388903240571 3.499936939548510
0.357300000000000 1.000000000000919 0.500000000000457 0.000000000000098 699.987388903238752 3.499936939899611
0.357400000000000 1.000000000000919 0.500000000000457 0.000000000000100 699.987388903239207 3.499936940242815
0.357500000000000 1.000000000000921 0.500000000000457 0.000000000000102 699.987388903240117 3.499936940576751
0.357600000000000 1.000000000000920 0.500000000000458 0.000000000000105 699.987388903240230 3.499936940900430
0.357700000000000 1.000000000000922 0.500000000000457 0.000000000000106 699.987388903240230 3.499936941213119
0.357800000000000 1.000000000000922 0.500000000000457 0.000000000000108 699.987388903240799 3.499936941513725
0.357900000000000 1.000000000000920 0.500000000000458 0.000000000000112 699.987388903239207 3.499936941801125
0.358000000000000 1.000000000000921 0.500000000000458 0.000000000000113 699.987388903241140 3.499936942074629
0.358100000000000 1.000000000000922 0.500000000000458 0.000000000000116 699.987388903241708 3.499936942333871
0.358200000000000 1.000000000000923 0.500000000000458 0.000000000000116 699.987388903241708 3.499936942578796
0.358300000000000 1.000000000000923 0.500000000000459 0.000000000000118 699.987388903241026 3.499936942809132
0.358400000000000 1.000000000000924 0.500000000000458 0.000000000000121 699.987388903241708 3.499936943024626
0.358500000000000 1.000000000000923 0.500000000000459 0.000000000000124 699.987388903242390 3.499936943224982
0.358600000000000 1.000000000000925 0.500000000000459 0.000000000000126 699.987388903242049 3.499936943410138
0.358700000000000 1.000000000000925 0.500000000000459 0.000000000000128 699.987388903242959 3.499936943579858
0.358800000000000 1.000000000000924 0.500000000000460 0.000000000000132 699.987388903242618 3.499936943733780
0.358900000000000 1.000000000000923 0.500000000000459 0.000000000000134 699.987388903243868 3.499936943872246
0.359000000000000 1.000000000000924 0.500000000000460 0.000000000000135 699.987388903242618 3.499936943995236
0.359100000000000 1.000000000000924 0.500000000000459 0.000000000000135 699.987388903243755 3.499936944103293
0.359200000000000 1.000000000000925 0.500000000000460 0.000000000000135 699.987388903243527 3.499936944197143
0.359300000000000 1.000000000000925 0.500000000000460 0.000000000000136 699.987388903243527 3.499936944277366
0.359400000000000 1.000000000000926 0.500000000000460 0.000000000000140 699.987388903244323 3.499936944344344
0.359500000000000 1.000000000000926 0.500000000000460 0.000000000000142 699.987388903243300 3.499936944398654
0.359600000000000 1.000000000000925 0.500000000000459 0.000000000000145 699.987388903243982 3.499936944440988
0.359700000000000 1.000000000000926 0.500000000000460 0.000000000000148 699.987388903243755 3.499936944471898
0.359800000000000 1.000000000000926 0.500000000000460 0.000000000000149 699.987388903244437 3.499936944492202
0.359900000000000 1.000000000000927 0.500000000000461 0.000000000000150 699.987388903244437 3.499936944502665
0.360000000000000 1.000000000000927 0.500000000000461 0.000000000000154 699.987388903244664 3.499936944504168
0.360100000000000 1.000000000000929 0.500000000000461 0.000000000000157 699.987388903245687 3.499936944497550
0.360200000000000 1.000000000000930 0.500000000000462 0.000000000000160 699.987388903244664 3.499936944483548
0.360300000000000 1.000000000000929 0.500000000000462 0.000000000000163 699.987388903245346 3.499936944463217
0.360400000000000 1.000000000000930 0.500000000000462 0.000000000000166 699.987388903245574 3.499936944437407
0.360500000000000 1.000000000000930 0.500000000000462 0.000000000000167 699.987388903245574 3.499936944407158
0.360600000000000 1.000000000000929 0.500000000000462 0.000000000000169 699.987388903246483 3.499936944373287
0.360700000000000 1.000000000000930 0.500000000000462 0.000000000000171 699.987388903246142 3.499936944336655
0.360800000000000 1.000000000000931 0.500000000000462 0.000000000000176 699.987388903246597 3.499936944298065
0.360900000000000 1.000000000000931 0.500000000000462 0.000000000000179 699.987388903246483 3.499936944258385
0.361000000000000 1.000000000000931 0.500000000000462 0.000000000000182 699.987388903247165 3.499936944218545
0.361100000000000 1.000000000000931 0.500000000000463 0.000000000000184 699.987388903247165 3.499936944179409
0.361200000000000 1.000000000000932 0.500000000000463 0.000000000000185 699.987388903247620 3.499936944141648
0.361300000000000 1.000000000000931 0.500000000000463 0.000000000000185 699.987388903247052 3.499936944105820
0.361400000000000 1.000000000000931 0.500000000000463 0.000000000000187 699.987388903248075 3.499936944072410
0.361500000000000 1.000000000000934 0.500000000000464 0.000000000000188 699.987388903247961 3.499936944042183
0.361600000000000 1.000000000000931 0.500000000000464 0.000000000000191 699.987388903248075 3.499936944015686
0.361700000000000 1.000000000000931 0.500000000000463 0.000000000000195 699.987388903247393 3.499936943993339
0.361800000000000 1.000000000000933 0.500000000000463 0.000000000000196 699.987388903248757 3.499936943975375
0.361900000000000 1.000000000000933 0.500000000000464 0.000000000000202 699.987388903248757 3.499936943962115
0.362000000000000 1.000000000000934 0.500000000000464 0.000000000000202 699.987388903249098 3.499936943953943
0.362100000000000 1.000000000000935 0.500000000000465 0.000000000000205 699.987388903249666 3.499936943950900
0.362200000000000 1.000000000000933 0.500000000000464 0.000000000000207 699.987388903249098 3.499936943952894
0.362300000000000 1.000000000000935 0.500000000000465 0.000000000000209 699.987388903248984 3.499936943959981
0.362400000000000 1.000000000000933 0.500000000000465 0.000000000000213 699.987388903249666 3.499936943972267
0.362500000000000 1.000000000000935 0.500000000000464 0.000000000000215 699.987388903249212 3.499936943989073
0.362600000000000 1.000000000000935 0.500000000000465 0.000000000000216 699.987388903250348 3.499936944010088
0.362700000000000 1.000000000000936 0.500000000000465 0.000000000000218 699.987388903250348 3.499936944035208
0.362800000000000 1.000000000000935 0.500000000000465 0.000000000000220 699.987388903250121 3.499936944064050
0.362900000000000 1.000000000000936 0.500000000000465 0.000000000000219 699.987388903250576 3.499936944096335
0.363000000000000 1.000000000000937 0.500000000000466 0.000000000000220 699.987388903250235 3.499936944131417
0.363100000000000 1.000000000000937 0.500000000000465 0.000000000000222 699.987388903251258 3.499936944168619
0.363200000000000 1.000000000000937 0.500000000000467 0.000000000000224 699.987388903251599 3.499936944207194
0.363300000000000 1.000000000000937 0.500000000000466 0.000000000000226 699.987388903251031 3.499936944246755
0.363400000000000 1.000000000000938 0.500000000000466 0.000000000000227 699.987388903252850 3.499936944286318
0.363500000000000 1.000000000000937 0.500000000000467 0.000000000000231 699.987388903251713 3.499936944325073
0.363600000000000 1.000000000000938 0.500000000000467 0.000000000000234 699.987388903251599 3.499936944362299
0.363700000000000 1.000000000000937 0.500000000000467 0.000000000000234 699.987388903252167 3.499936944397175
0.363800000000000 1.000000000000939 0.500000000000467 0.000000000000237 699.987388903252167 3.499936944428634
0.363900000000000 1.000000000000940 0.500000000000468 0.000000000000238 699.987388903252963 3.499936944455752
0.364000000000000 1.000000000000939 0.500000000000467 0.000000000000239 699.987388903253191 3.499936944477827
0.364100000000000 1.000000000000938 0.500000000000468 0.000000000000240 699.987388903253304 3.499936944493772
0.364200000000000 1.000000000000940 0.500000000000468 0.000000000000242 699.987388903253077 3.499936944502763
0.364300000000000 1.000000000000939 0.500000000000468 0.000000000000241 699.987388903253304 3.499936944503987
0.364400000000000 1.000000000000940 0.500000000000468 0.000000000000240 699.987388903254214 3.499936944496532
0.364500000000000 1.000000000000941 0.500000000000468 0.000000000000242 699.987388903253645 3.499936944479507
0.364600000000000 1.000000000000940 0.500000000000468 0.000000000000241 699.987388903254782 3.499936944452309
0.364700000000000 1.000000000000940 0.500000000000469 0.000000000000240 699.987388903252622 3.499936944413874
0.364800000000000 1.000000000000940 0.500000000000469 0.000000000000243 699.987388903254441 3.499936944363713
0.364900000000000 1.000000000000941 0.500000000000469 0.000000000000243 699.987388903254669 3.499936944300936
0.365000000000000 1.000000000000941 0.500000000000469 0.000000000000242 699.987388903254327 3.499936944225190
0.365100000000000 1.000000000000943 0.500000000000470 0.000000000000244 699.987388903254441 3.499936944135682
0.365200000000000 1.000000000000943 0.500000000000470 0.000000000000246 699.987388903255805 3.499936944032025
0.365300000000000 1.000000000000943 0.500000000000470 0.000000000000247 699.987388903255805 3.499936943913884
0.365400000000000 1.000000000000941 0.500000000000469 0.000000000000245 699.987388903255123 3.499936943780934
0.365500000000000 1.000000000000943 0.500000000000470 0.000000000000244 699.987388903255805 3.499936943632447
0.365600000000000 1.000000000000943 0.500000000000470 0.000000000000242 699.987388903255351 3.499936943468148
0.365700000000000 1.000000000000943 0.500000000000471 0.000000000000244 699.987388903256033 3.499936943287787
0.365800000000000 1.000000000000944 0.500000000000471 0.000000000000243 699.987388903256146 3.499936943091258
0.365900000000000 1.000000000000943 0.500000000000471 0.000000000000242 699.987388903256601 3.499936942879088
0.366000000000000 1.000000000000945 0.500000000000471 0.000000000000241 699.987388903256942 3.499936942652070
0.366100000000000 1.000000000000945 0.500000000000471 0.000000000000241 699.987388903256260 3.499936942410389
0.366200000000000 1.000000000000946 0.500000000000471 0.000000000000240 699.987388903257283 3.499936942154547
0.366300000000000 1.000000000000947 0.500000000000472 0.000000000000240 699.987388903257397 3.499936941885060
0.366400000000000 1.000000000000945 0.500000000000471 0.000000000000239 699.987388903258534 3.499936941602463
0.366500000000000 1.000000000000946 0.500000000000472 0.000000000000239 699.987388903258079 3.499936941307138
0.366600000000000 1.000000000000946 0.500000000000472 0.000000000000236 699.987388903258307 3.499936940999799
0.366700000000000 1.000000000000947 0.500000000000472 0.000000000000235 699.987388903257738 3.499936940680533
0.366800000000000 1.000000000000946 0.500000000000472 0.000000000000234 699.987388903257738 3.499936940351009
0.366900000000000 1.000000000000947 0.500000000000472 0.000000000000233 699.987388903259216 3.499936940012451
0.367000000000000 1.000000000000947 0.500000000000473 0.000000000000234 699.987388903258534 3.499936939665217
0.367100000000000 1.000000000000949 0.500000000000472 0.000000000000232 699.987388903258989 3.499936939310797
0.367200000000000 1.000000000000947 0.500000000000473 0.000000000000231 699.987388903258307 3.499936938949702
0.367300000000000 1.000000000000948 0.500000000000473 0.000000000000230 699.987388903258534 3.499936938583470
0.367400000000000 1.000000000000947 0.500000000000473 0.000000000000228 699.987388903258875 3.499936938213989
0.367500000000000 1.000000000000949 0.500000000000474 0.000000000000227 699.987388903259898 3.499936937842718
0.367600000000000 1.000000000000948 0.500000000000474 0.000000000000226 699.987388903259443 3.499936937471447
0.367700000000000 1.000000000000950 0.500000000000473 0.000000000000224 699.987388903259671 3.499936937100638
0.367800000000000 1.000000000000949 0.500000000000474 0.000000000000220 699.987388903258875 3.499936936731087
0.367900000000000 1.000000000000949 0.500000000000474 0.000000000000218 699.987388903260353 3.499936936364867
0.368000000000000 1.000000000000950 0.500000000000474 0.000000000000215 699.987388903259671 3.499936936003987
0.368100000000000 1.000000000000950 0.500000000000475 0.000000000000212 699.987388903260808 3.499936935649891
0.368200000000000 1.000000000000952 0.500000000000475 0.000000000000211 699.987388903260353 3.499936935303630
0.368300000000000 1.000000000000951 0.500000000000474 0.000000000000209 699.987388903261490 3.499936934966823
0.368400000000000 1.000000000000952 0.500000000000474 0.000000000000207 699.987388903261831 3.499936934640940
0.368500000000000 1.000000000000950 0.500000000000475 0.000000000000206 699.987388903260921 3.499936934327158
0.368600000000000 1.000000000000951 0.500000000000475 0.000000000000200 699.987388903261603 3.499936934027416
0.368700000000000 1.000000000000953 0.500000000000475 0.000000000000197 699.987388903262399 3.499936933742698
0.368800000000000 1.000000000000952 0.500000000000475 0.000000000000196 699.987388903261945 3.499936933473954
0.368900000000000 1.000000000000953 0.500000000000475 0.000000000000194 699.987388903261945 3.499936933222892
0.369000000000000 1.000000000000952 0.500000000000476 0.000000000000191 699.987388903262058 3.499936932990356
0.369100000000000 1.000000000000953 0.500000000000476 0.000000000000189 699.987388903261945 3.499936932776622
0.369200000000000 1.000000000000953 0.500000000000476 0.000000000000186 699.987388903262968 3.499936932583390
0.369300000000000 1.000000000000953 0.500000000000476 0.000000000000183 699.987388903262854 3.499936932412632
0.369400000000000 1.000000000000954 0.500000000000477 0.000000000000180 699.987388903262854 3.499936932264608
0.369500000000000 1.000000000000954 0.500000000000476 0.000000000000177 699.987388903263877 3.499936932138407
0.369600000000000 1.000000000000954 0.500000000000477 0.000000000000177 699.987388903262740 3.499936932034098
0.369700000000000 1.000000000000954 0.500000000000476 0.000000000000175 699.987388903264673 3.499936931952951
0.369800000000000 1.000000000000955 0.500000000000477 0.000000000000171 699.987388903263763 3.499936931895459
0.369900000000000 1.000000000000955 0.500000000000477 0.000000000000168 699.987388903263650 3.499936931861924
0.370000000000000 1.000000000000954 0.500000000000477 0.000000000000166 699.987388903263991 3.499936931852115
0.370100000000000 1.000000000000955 0.500000000000478 0.000000000000165 699.987388903264105 3.499936931866852
0.370200000000000 1.000000000000956 0.500000000000477 0.000000000000163 699.987388903263763 3.499936931905950
0.370300000000000 1.000000000000956 0.500000000000478 0.000000000000158 699.987388903263991 3.499936931968903
0.370400000000000 1.000000000000956 0.500000000000477 0.000000000000154 699.987388903264446 3.499936932055572
0.370500000000000 1.000000000000955 0.500000000000477 0.000000000000150 699.987388903264446 3.499936932165814
0.370600000000000 1.000000000000957 0.500000000000478 0.000000000000145 699.987388903265582 3.499936932299610
0.370700000000000 1.000000000000958 0.500000000000478 0.000000000000142 699.987388903265241 3.499936932455779
0.370800000000000 1.000000000000957 0.500000000000479 0.000000000000141 699.987388903266151 3.499936932632915
0.370900000000000 1.000000000000958 0.500000000000478 0.000000000000137 699.987388903266037 3.499936932830950
0.371000000000000 1.000000000000957 0.500000000000479 0.000000000000135 699.987388903266037 3.499936933048757
0.371100000000000 1.000000000000959 0.500000000000479 0.000000000000130 699.987388903266606 3.499936933285685
0.371200000000000 1.000000000000958 0.500000000000478 0.000000000000126 699.987388903266606 3.499936933541026
0.371300000000000 1.000000000000959 0.500000000000478 0.000000000000124 699.987388903266719 3.499936933813188
0.371400000000000 1.000000000000958 0.500000000000479 0.000000000000121 699.987388903266833 3.499936934101073
0.371500000000000 1.000000000000958 0.500000000000479 0.000000000000120 699.987388903266719 3.499936934403586
0.371600000000000 1.000000000000958 0.500000000000480 0.000000000000118 699.987388903266947 3.499936934719436
0.371700000000000 1.000000000000959 0.500000000000479 0.000000000000116 699.987388903266719 3.499936935047360
0.371800000000000 1.000000000000961 0.500000000000480 0.000000000000112 699.987388903267060 3.499936935385823
0.371900000000000 1.000000000000961 0.500000000000480 0.000000000000112 699.987388903267060 3.499936935733694
0.372000000000000 1.000000000000960 0.500000000000480 0.000000000000110 699.987388903266947 3.499936936089906
0.372100000000000 1.000000000000960 0.500000000000480 0.000000000000108 699.987388903267856 3.499936936453204
0.372200000000000 1.000000000000960 0.500000000000480 0.000000000000108 699.987388903268766 3.499936936821772
0.372300000000000 1.000000000000961 0.500000000000480 0.000000000000104 699.987388903268538 3.499936937192735
0.372400000000000 1.000000000000961 0.500000000000481 0.000000000000100 699.987388903268993 3.499936937564089
0.372500000000000 1.000000000000963 0.500000000000480 0.000000000000098 699.987388903269675 3.499936937935496
0.372600000000000 1.000000000000963 0.500000000000481 0.000000000000095 699.987388903270130 3.499936938305933
0.372700000000000 1.000000000000963 0.500000000000481 0.000000000000095 699.987388903269562 3.499936938673835
0.372800000000000 1.000000000000962 0.500000000000481 0.000000000000094 699.987388903269334 3.499936939038304
0.372900000000000 1.000000000000963 0.500000000000481 0.000000000000090 699.987388903270357 3.499936939398248
0.373000000000000 1.000000000000962 0.500000000000480 0.000000000000086 699.987388903270130 3.499936939751973
0.373100000000000 1.000000000000963 0.500000000000481 0.000000000000083 699.987388903270130 3.499936940097927
0.373200000000000 1.000000000000964 0.500000000000481 0.000000000000081 699.987388903268993 3.499936940435076
0.373300000000000 1.000000000000965 0.500000000000482 0.000000000000078 699.987388903270016 3.499936940761827
0.373400000000000 1.000000000000965 0.500000000000481 0.000000000000074 699.987388903270585 3.499936941077133
0.373500000000000 1.000000000000963 0.500000000000482 0.000000000000074 699.987388903270812 3.499936941380668
0.373600000000000 1.000000000000964 0.500000000000481 0.000000000000072 699.987388903270585 3.499936941672471
0.373700000000000 1.000000000000963 0.500000000000482 0.000000000000070 699.987388903271039 3.499936941951657
0.373800000000000 1.000000000000964 0.500000000000482 0.000000000000067 699.987388903271153 3.499936942217439
0.373900000000000 1.000000000000965 0.500000000000482 0.000000000000064 699.987388903271608 3.499936942469184
0.374000000000000 1.000000000000966 0.500000000000482 0.000000000000062 699.987388903271949 3.499936942706483
0.374100000000000 1.000000000000966 0.500000000000482 0.000000000000059 699.987388903271949 3.499936942929193
0.374200000000000 1.000000000000965 0.500000000000482 0.000000000000057 699.987388903271949 3.499936943136956
0.374300000000000 1.000000000000967 0.500000000000482 0.000000000000056 699.987388903271835 3.499936943329340
0.374400000000000 1.000000000000966 0.500000000000482 0.000000000000054 699.987388903271608 3.499936943506069
0.374500000000000 1.000000000000967 0.500000000000482 0.000000000000051 699.987388903272176 3.499936943666938
0.374600000000000 1.000000000000968 0.500000000000482 0.000000000000047 699.987388903273313 3.499936943812099
0.374700000000000 1.000000000000966 0.500000000000482 0.000000000000048 699.987388903272404 3.499936943942014
0.374800000000000 1.000000000000967 0.500000000000482 0.000000000000046 699.987388903273541 3.499936944057033
0.374900000000000 1.000000000000969 0.500000000000484 0.000000000000044 699.987388903273086 3.499936944157354
0.375000000000000 1.000000000000968 0.500000000000483 0.000000000000040 699.987388903272631 3.499936944243601
0.375100000000000 1.000000000000969 0.500000000000483 0.000000000000039 699.987388903273086 3.499936944316355
0.375200000000000 1.000000000000968 0.500000000000483 0.000000000000037 699.987388903273086 3.499936944376155
0.375300000000000 1.000000000000968 0.500000000000484 0.000000000000034 699.987388903273086 3.499936944423585
0.375400000000000 1.000000000000969 0.500000000000483 0.000000000000032 699.987388903273313 3.499936944459475
0.375500000000000 1.000000000000969 0.500000000000483 0.000000000000030 699.987388903273768 3.499936944484332
0.375600000000000 1.000000000000969 0.500000000000484 0.000000000000027 699.987388903273768 3.499936944498944
0.375700000000000 1.000000000000968 0.500000000000483 0.000000000000026 699.987388903272745 3.499936944504204
0.375800000000000 1.000000000000970 0.500000000000483 0.000000000000025 699.987388903274791 3.499936944500927
0.375900000000000 1.000000000000969 0.500000000000484 0.000000000000024 699.987388903274109 3.499936944489943
0.376000000000000 1.000000000000970 0.500000000000484 0.000000000000023 699.987388903274905 3.499936944472120
0.376100000000000 1.000000000000971 0.500000000000484 0.000000000000023 699.987388903273768 3.499936944448411
0.376200000000000 1.000000000000971 0.500000000000485 0.000000000000024 699.987388903274905 3.499936944419741
0.376300000000000 1.000000000000972 0.500000000000484 0.000000000000023 699.987388903275587 3.499936944387052
0.376400000000000 1.000000000000971 0.500000000000484 0.000000000000021 699.987388903274905 3.499936944351361
0.376500000000000 1.000000000000971 0.500000000000485 0.000000000000020 699.987388903276269 3.499936944313422
0.376600000000000 1.000000000000972 0.500000000000484 0.000000000000020 699.987388903274791 3.499936944274160
0.376700000000000 1.000000000000974 0.500000000000485 0.000000000000020 699.987388903276269 3.499936944234372
0.376800000000000 1.000000000000974 0.500000000000485 0.000000000000018 699.987388903276269 3.499936944194902
0.376900000000000 1.000000000000973 0.500000000000485 0.000000000000016 699.987388903277065 3.499936944156433
0.377000000000000 1.000000000000974 0.500000000000485 0.000000000000017 699.987388903276269 3.499936944119516
0.377100000000000 1.000000000000972 0.500000000000485 0.000000000000017 699.987388903276951 3.499936944085140
0.377200000000000 1.000000000000972 0.500000000000485 0.000000000000019 699.987388903276610 3.499936944053741
0.377300000000000 1.000000000000975 0.500000000000486 0.000000000000018 699.987388903277406 3.499936944025619
0.377400000000000 1.000000000000974 0.500000000000486 0.000000000000019 699.987388903276724 3.499936944001423
0.377500000000000 1.000000000000973 0.500000000000486 0.000000000000018 699.987388903278315 3.499936943981713
0.377600000000000 1.000000000000974 0.500000000000487 0.000000000000017 699.987388903277633 3.499936943966619
0.377700000000000 1.000000000000974 0.500000000000486 0.000000000000016 699.987388903278543 3.499936943956466
0.377800000000000 1.000000000000975 0.500000000000486 0.000000000000015 699.987388903278543 3.499936943951170
0.377900000000000 1.000000000000975 0.500000000000486 0.000000000000014 699.987388903279111 3.499936943950973
0.378000000000000 1.000000000000977 0.500000000000486 0.000000000000013 699.987388903278884 3.499936943955783
0.378100000000000 1.000000000000977 0.500000000000486 0.000000000000013 699.987388903278656 3.499936943965434
0.378200000000000 1.000000000000978 0.500000000000487 0.000000000000014 699.987388903278998 3.499936943979785
0.378300000000000 1.000000000000977 0.500000000000487 0.000000000000012 699.987388903277861 3.499936943998772
0.378400000000000 1.000000000000977 0.500000000000486 0.000000000000010 699.987388903278543 3.499936944021995
0.378500000000000 1.000000000000978 0.500000000000487 0.000000000000012 699.987388903278998 3.499936944049266
0.378600000000000 1.000000000000977 0.500000000000487 0.000000000000011 699.987388903280589 3.499936944080181
0.378700000000000 1.000000000000977 0.500000000000487 0.000000000000013 699.987388903279907 3.499936944113969
0.378800000000000 1.000000000000978 0.500000000000487 0.000000000000013 699.987388903280362 3.499936944150067
0.378900000000000 1.000000000000978 0.500000000000487 0.000000000000012 699.987388903281271 3.499936944187971
0.379000000000000 1.000000000000977 0.500000000000488 0.000000000000011 699.987388903280362 3.499936944227088
0.379100000000000 1.000000000000978 0.500000000000487 0.000000000000010 699.987388903280475 3.499936944266863
0.379200000000000 1.000000000000979 0.500000000000488 0.000000000000010 699.987388903281044 3.499936944306352
0.379300000000000 1.000000000000979 0.500000000000488 0.000000000000012 699.987388903281271 3.499936944344620
0.379400000000000 1.000000000000979 0.500000000000488 0.000000000000011 699.987388903282181 3.499936944380861
0.379500000000000 1.000000000000979 0.500000000000488 0.000000000000008 699.987388903281271 3.499936944414121
0.379600000000000 1.000000000000981 0.500000000000488 0.000000000000007 699.987388903281726 3.499936944443455
0.379700000000000 1.000000000000982 0.500000000000488 0.000000000000005 699.987388903281953 3.499936944467997
0.379800000000000 1.000000000000981 0.500000000000489 0.000000000000006 699.987388903282181 3.499936944486826
0.379900000000000 1.000000000000982 0.500000000000489 0.000000000000007 699.987388903282408 3.499936944499171
0.380000000000000 1.000000000000982 0.500000000000489 0.000000000000008 699.987388903282181 3.499936944504074
0.380100000000000 1.000000000000981 0.500000000000489 0.000000000000009 699.987388903282181 3.499936944500635
0.380200000000000 1.000000000000982 0.500000000000489 0.000000000000012 699.987388903282522 3.499936944487947
0.380300000000000 1.000000000000983 0.500000000000490 0.000000000000013 699.987388903283090 3.499936944465147
0.380400000000000 1.000000000000982 0.500000000000489 0.000000000000015 699.987388903283545 3.499936944431596
0.380500000000000 1.000000000000983 0.500000000000489 0.000000000000015 699.987388903284227 3.499936944386464
0.380600000000000 1.000000000000984 0.500000000000489 0.000000000000015 699.987388903283090 3.499936944329021
0.380700000000000 1.000000000000984 0.500000000000490 0.000000000000017 699.987388903283431 3.499936944258600
0.380800000000000 1.000000000000984 0.500000000000489 0.000000000000016 699.987388903284568 3.499936944174804
0.380900000000000 1.000000000000983 0.500000000000489 0.000000000000017 699.987388903284454 3.499936944077124
0.381000000000000 1.000000000000985 0.500000000000490 0.000000000000018 699.987388903284682 3.499936943965044
0.381100000000000 1.000000000000985 0.500000000000490 0.000000000000020 699.987388903284454 3.499936943837971
0.381200000000000 1.000000000000985 0.500000000000490 0.000000000000020 699.987388903285478 3.499936943695735
0.381300000000000 1.000000000000985 0.500000000000490 0.000000000000021 699.987388903285364 3.499936943538039
0.381400000000000 1.000000000000986 0.500000000000491 0.000000000000021 699.987388903285364 3.499936943364670
0.381500000000000 1.000000000000987 0.500000000000490 0.000000000000023 699.987388903285137 3.499936943175867
0.381600000000000 1.000000000000985 0.500000000000490 0.000000000000025 699.987388903285705 3.499936942971856
0.381700000000000 1.000000000000985 0.500000000000490 0.000000000000026 699.987388903285819 3.499936942752496
0.381800000000000 1.000000000000987 0.500000000000491 0.000000000000028 699.987388903286387 3.499936942518085
0.381900000000000 1.000000000000986 0.500000000000491 0.000000000000029 699.987388903285364 3.499936942269308
0.382000000000000 1.000000000000986 0.500000000000491 0.000000000000031 699.987388903286046 3.499936942006391
0.382100000000000 1.000000000000987 0.500000000000491 0.000000000000033 699.987388903286273 3.499936941729628
0.382200000000000 1.000000000000989 0.500000000000491 0.000000000000034 699.987388903287069 3.499936941439755
0.382300000000000 1.000000000000987 0.500000000000492 0.000000000000035 699.987388903286728 3.499936941137411
0.382400000000000 1.000000000000988 0.500000000000491 0.000000000000038 699.987388903286728 3.499936940822682
0.382500000000000 1.000000000000988 0.500000000000491 0.000000000000039 699.987388903287183 3.499936940495955
0.382600000000000 1.000000000000989 0.500000000000491 0.000000000000038 699.987388903287979 3.499936940158769
0.382700000000000 1.000000000000990 0.500000000000492 0.000000000000040 699.987388903287865 3.499936939812794
0.382800000000000 1.000000000000989 0.500000000000491 0.000000000000040 699.987388903288206 3.499936939459584
0.382900000000000 1.000000000000991 0.500000000000492 0.000000000000040 699.987388903288775 3.499936939099937
0.383000000000000 1.000000000000991 0.500000000000493 0.000000000000043 699.987388903287410 3.499936938734933
0.383100000000000 1.000000000000990 0.500000000000492 0.000000000000045 699.987388903289457 3.499936938366192
0.383200000000000 1.000000000000992 0.500000000000492 0.000000000000047 699.987388903289002 3.499936937995403
0.383300000000000 1.000000000000993 0.500000000000492 0.000000000000050 699.987388903288547 3.499936937623884
0.383400000000000 1.000000000000990 0.500000000000493 0.000000000000051 699.987388903289229 3.499936937252693
0.383500000000000 1.000000000000991 0.500000000000493 0.000000000000054 699.987388903289457 3.499936936883733
0.383600000000000 1.000000000000991 0.500000000000494 0.000000000000054 699.987388903289457 3.499936936518353
0.383700000000000 1.000000000000992 0.500000000000493 0.000000000000056 699.987388903288661 3.499936936157661
0.383800000000000 1.000000000000991 0.500000000000493 0.000000000000060 699.987388903289911 3.499936935802891
0.383900000000000 1.000000000000991 0.500000000000493 0.000000000000062 699.987388903289684 3.499936935455212
0.384000000000000 1.000000000000991 0.500000000000493 0.000000000000067 699.987388903289457 3.499936935116334
0.384100000000000 1.000000000000992 0.500000000000494 0.000000000000069 699.987388903290366 3.499936934787667
0.384200000000000 1.000000000000991 0.500000000000492 0.000000000000072 699.987388903289911 3.499936934469796
0.384300000000000 1.000000000000993 0.500000000000493 0.000000000000076 699.987388903291276 3.499936934163851
0.384400000000000 1.000000000000993 0.500000000000493 0.000000000000077 699.987388903291048 3.499936933871744
0.384500000000000 1.000000000000993 0.500000000000494 0.000000000000081 699.987388903290821 3.499936933595227
0.384600000000000 1.000000000000993 0.500000000000494 0.000000000000084 699.987388903291048 3.499936933335375
0.384700000000000 1.000000000000994 0.500000000000494 0.000000000000086 699.987388903291162 3.499936933093059
0.384800000000000 1.000000000000994 0.500000000000494 0.000000000000089 699.987388903290935 3.499936932869951
0.384900000000000 1.000000000000996 0.500000000000495 0.000000000000092 699.987388903292299 3.499936932667815
0.385000000000000 1.000000000000994 0.500000000000494 0.000000000000095 699.987388903291730 3.499936932487010
0.385100000000000 1.000000000000994 0.500000000000494 0.000000000000097 699.987388903291730 3.499936932327346
0.385200000000000 1.000000000000997 0.500000000000495 0.000000000000100 699.987388903292185 3.499936932189228
0.385300000000000 1.000000000000995 0.500000000000494 0.000000000000102 699.987388903292754 3.499936932073521
0.385400000000000 1.000000000000997 0.500000000000495 0.000000000000105 699.987388903291958 3.499936931981356
0.385500000000000 1.000000000000996 0.500000000000495 0.000000000000107 699.987388903292413 3.499936931913146
0.385600000000000 1.000000000000998 0.500000000000495 0.000000000000105 699.987388903292867 3.499936931869637
0.385700000000000 1.000000000000997 0.500000000000496 0.000000000000109 699.987388903293777 3.499936931850887
0.385800000000000 1.000000000000998 0.500000000000495 0.000000000000111 699.987388903294232 3.499936931855449
0.385900000000000 1.000000000000999 0.500000000000496 0.000000000000113 699.987388903294118 3.499936931883623
0.386000000000000 1.000000000000997 0.500000000000496 0.000000000000117 699.987388903293436 3.499936931936259
0.386100000000000 1.000000000000997 0.500000000000495 0.000000000000117 699.987388903294004 3.499936932012361
0.386200000000000 1.000000000000997 0.500000000000496 0.000000000000119 699.987388903293095 3.499936932111255
0.386300000000000 1.000000000000997 0.500000000000495 0.000000000000122 699.987388903293777 3.499936932233829
0.386400000000000 1.000000000000997 0.500000000000495 0.000000000000123 699.987388903294004 3.499936932380230
0.386500000000000 1.000000000000999 0.500000000000496 0.000000000000125 699.987388903295027 3.499936932549394
0.386600000000000 1.000000000000999 0.500000000000496 0.000000000000129 699.987388903295255 3.499936932739739
0.386700000000000 1.000000000001001 0.500000000000496 0.000000000000129 699.987388903295027 3.499936932949676
0.386800000000000 1.000000000000999 0.500000000000497 0.000000000000131 699.987388903294914 3.499936933177804
0.386900000000000 1.000000000001000 0.500000000000497 0.000000000000133 699.987388903294914 3.499936933423695
0.387000000000000 1.000000000001001 0.500000000000496 0.000000000000136 699.987388903295596 3.499936933687623
0.387100000000000 1.000000000001000 0.500000000000497 0.000000000000138 699.987388903295141 3.499936933968322
0.387200000000000 1.000000000001001 0.500000000000497 0.000000000000138 699.987388903295709 3.499936934264507
0.387300000000000 1.000000000001001 0.500000000000497 0.000000000000142 699.987388903296619 3.499936934575100
0.387400000000000 1.000000000001001 0.500000000000498 0.000000000000145 699.987388903296164 3.499936934898246
0.387500000000000 1.000000000001002 0.500000000000497 0.000000000000147 699.987388903297528 3.499936935233125
0.387600000000000 1.000000000001001 0.500000000000498 0.000000000000149 699.987388903296619 3.499936935578462
0.387700000000000 1.000000000001000 0.500000000000498 0.000000000000152 699.987388903296278 3.499936935932373
0.387800000000000 1.000000000001001 0.500000000000498 0.000000000000153 699.987388903296733 3.499936936292555
0.387900000000000 1.000000000001003 0.500000000000498 0.000000000000155 699.987388903296960 3.499936936657461
0.388000000000000 1.000000000001001 0.500000000000498 0.000000000000157 699.987388903297301 3.499936937025788
0.388100000000000 1.000000000001003 0.500000000000498 0.000000000000162 699.987388903297528 3.499936937396298
0.388200000000000 1.000000000001003 0.500000000000498 0.000000000000166 699.987388903297187 3.499936937767778
0.388300000000000 1.000000000001002 0.500000000000498 0.000000000000169 699.987388903298324 3.499936938138681
0.388400000000000 1.000000000001004 0.500000000000499 0.000000000000173 699.987388903298665 3.499936938507930
0.388500000000000 1.000000000001005 0.500000000000498 0.000000000000174 699.987388903298665 3.499936938874072
0.388600000000000 1.000000000001006 0.500000000000500 0.000000000000174 699.987388903296960 3.499936939235357
0.388700000000000 1.000000000001004 0.500000000000499 0.000000000000175 699.987388903298097 3.499936939590977
0.388800000000000 1.000000000001005 0.500000000000500 0.000000000000179 699.987388903298097 3.499936939939822
0.388900000000000 1.000000000001005 0.500000000000499 0.000000000000181 699.987388903299461 3.499936940280660
0.389000000000000 1.000000000001005 0.500000000000500 0.000000000000182 699.987388903299347 3.499936940612195
0.389100000000000 1.000000000001006 0.500000000000500 0.000000000000185 699.987388903299461 3.499936940933210
0.389200000000000 1.000000000001007 0.500000000000500 0.000000000000187 699.987388903300712 3.499936941242728
0.389300000000000 1.000000000001007 0.500000000000501 0.000000000000187 699.987388903299916 3.499936941539994
0.389400000000000 1.000000000001007 0.500000000000500 0.000000000000190 699.987388903299689 3.499936941825023
0.389500000000000 1.000000000001007 0.500000000000500 0.000000000000191 699.987388903300598 3.499936942097342
0.389600000000000 1.000000000001007 0.500000000000500 0.000000000000191 699.987388903299689 3.499936942356099
0.389700000000000 1.000000000001006 0.500000000000501 0.000000000000193 699.987388903300598 3.499936942600458
0.389800000000000 1.000000000001008 0.500000000000500 0.000000000000195 699.987388903301280 3.499936942830086
0.389900000000000 1.000000000001008 0.500000000000501 0.000000000000198 699.987388903300598 3.499936943044801
0.390000000000000 1.000000000001009 0.500000000000501 0.000000000000200 699.987388903300371 3.499936943244065
0.390100000000000 1.000000000001009 0.500000000000501 0.000000000000201 699.987388903300598 3.499936943427583
0.390200000000000 1.000000000001009 0.500000000000501 0.000000000000201 699.987388903301508 3.499936943595452
0.390300000000000 1.000000000001008 0.500000000000501 0.000000000000204 699.987388903301849 3.499936943747990
0.390400000000000 1.000000000001010 0.500000000000502 0.000000000000205 699.987388903302190 3.499936943885091
0.390500000000000 1.000000000001010 0.500000000000502 0.000000000000208 699.987388903300939 3.499936944006920
0.390600000000000 1.000000000001009 0.500000000000502 0.000000000000210 699.987388903302531 3.499936944114033
0.390700000000000 1.000000000001009 0.500000000000502 0.000000000000213 699.987388903302531 3.499936944206997
0.390800000000000 1.000000000001010 0.500000000000502 0.000000000000214 699.987388903301735 3.499936944285972
0.390900000000000 1.000000000001011 0.500000000000503 0.000000000000216 699.987388903302644 3.499936944351651
0.391000000000000 1.000000000001011 0.500000000000502 0.000000000000219 699.987388903301735 3.499936944404625
0.391100000000000 1.000000000001010 0.500000000000502 0.000000000000221 699.987388903302758 3.499936944445445
0.391200000000000 1.000000000001010 0.500000000000502 0.000000000000222 699.987388903303440 3.499936944474941
0.391300000000000 1.000000000001010 0.500000000000503 0.000000000000225 699.987388903302644 3.499936944493748
0.391400000000000 1.000000000001010 0.500000000000503 0.000000000000226 699.987388903303327 3.499936944502768
0.391500000000000 1.000000000001011 0.500000000000503 0.000000000000228 699.987388903303099 3.499936944502887
0.391600000000000 1.000000000001013 0.500000000000503 0.000000000000229 699.987388903304236 3.499936944494830
0.391700000000000 1.000000000001011 0.500000000000503 0.000000000000230 699.987388903303781 3.499936944479694
0.391800000000000 1.000000000001011 0.500000000000504 0.000000000000229 699.987388903303327 3.499936944458232
0.391900000000000 1.000000000001013 0.500000000000504 0.000000000000230 699.987388903303895 3.499936944431618
0.392000000000000 1.000000000001013 0.500000000000504 0.000000000000231 699.987388903304577 3.499936944400704
0.392100000000000 1.000000000001013 0.500000000000504 0.000000000000232 699.987388903304236 3.499936944366409
0.392200000000000 1.000000000001012 0.500000000000504 0.000000000000234 699.987388903305146 3.499936944329521
0.392300000000000 1.000000000001013 0.500000000000504 0.000000000000236 699.987388903305146 3.499936944290960
0.392400000000000 1.000000000001015 0.500000000000504 0.000000000000239 699.987388903304691 3.499936944251278
0.392500000000000 1.000000000001014 0.500000000000505 0.000000000000241 699.987388903305373 3.499936944211477
0.392600000000000 1.000000000001015 0.500000000000505 0.000000000000242 699.987388903305487 3.499936944172182
0.392700000000000 1.000000000001014 0.500000000000505 0.000000000000241 699.987388903306282 3.499936944134181
0.392800000000000 1.000000000001014 0.500000000000505 0.000000000000242 699.987388903306510 3.499936944098270
0.392900000000000 1.000000000001016 0.500000000000505 0.000000000000244 699.987388903306055 3.499936944065025
0.393000000000000 1.000000000001016 0.500000000000506 0.000000000000244 699.987388903306851 3.499936944034970
0.393100000000000 1.000000000001015 0.500000000000505 0.000000000000245 699.987388903305600 3.499936944008611
0.393200000000000 1.000000000001015 0.500000000000506 0.000000000000245 699.987388903306396 3.499936943986014
0.393300000000000 1.000000000001016 0.500000000000506 0.000000000000246 699.987388903306282 3.499936943967955
0.393400000000000 1.000000000001016 0.500000000000506 0.000000000000247 699.987388903306737 3.499936943955052
0.393500000000000 1.000000000001017 0.500000000000506 0.000000000000246 699.987388903306282 3.499936943947467
0.393600000000000 1.000000000001017 0.500000000000506 0.000000000000245 699.987388903307306 3.499936943945089
0.393700000000000 1.000000000001017 0.500000000000506 0.000000000000244 699.987388903306737 3.499936943947983
0.393800000000000 1.000000000001017 0.500000000000506 0.000000000000246 699.987388903307874 3.499936943955969
0.393900000000000 1.000000000001018 0.500000000000507 0.000000000000244 699.987388903307988 3.499936943968834
0.394000000000000 1.000000000001017 0.500000000000507 0.000000000000244 699.987388903307874 3.499936943986445
0.394100000000000 1.000000000001019 0.500000000000507 0.000000000000242 699.987388903307874 3.499936944008537
0.394200000000000 1.000000000001018 0.500000000000508 0.000000000000240 699.987388903307647 3.499936944034631
0.394300000000000 1.000000000001019 0.500000000000508 0.000000000000241 699.987388903308329 3.499936944064346
0.394400000000000 1.000000000001019 0.500000000000508 0.000000000000240 699.987388903308556 3.499936944097169
0.394500000000000 1.000000000001019 0.500000000000508 0.000000000000240 699.987388903308442 3.499936944132791
0.394600000000000 1.000000000001020 0.500000000000508 0.000000000000239 699.987388903309011 3.499936944170563
0.394700000000000 1.000000000001019 0.500000000000508 0.000000000000238 699.987388903309125 3.499936944209794
0.394800000000000 1.000000000001020 0.500000000000508 0.000000000000237 699.987388903309352 3.499936944249630
0.394900000000000 1.000000000001020 0.500000000000508 0.000000000000239 699.987388903309011 3.499936944289419
0.395000000000000 1.000000000001020 0.500000000000508 0.000000000000236 699.987388903309352 3.499936944328227
0.395100000000000 1.000000000001019 0.500000000000508 0.000000000000237 699.987388903309920 3.499936944365270
0.395200000000000 1.000000000001020 0.500000000000509 0.000000000000238 699.987388903309352 3.499936944399664
0.395300000000000 1.000000000001021 0.500000000000508 0.000000000000237 699.987388903309920 3.499936944430735
0.395400000000000 1.000000000001020 0.500000000000509 0.000000000000239 699.987388903310602 3.499936944457337
0.395500000000000 1.000000000001021 0.500000000000509 0.000000000000238 699.987388903310375 3.499936944478842
0.395600000000000 1.000000000001023 0.500000000000509 0.000000000000241 699.987388903310489 3.499936944494137
0.395700000000000 1.000000000001021 0.500000000000509 0.000000000000239 699.987388903310034 3.499936944502500
0.395800000000000 1.000000000001022 0.500000000000510 0.000000000000237 699.987388903310375 3.499936944502942
0.395900000000000 1.000000000001021 0.500000000000509 0.000000000000235 699.987388903310148 3.499936944494554
0.396000000000000 1.000000000001023 0.500000000000509 0.000000000000234 699.987388903311057 3.499936944476389
0.396100000000000 1.000000000001023 0.500000000000510 0.000000000000232 699.987388903311285 3.499936944447689
0.396200000000000 1.000000000001023 0.500000000000510 0.000000000000232 699.987388903311739 3.499936944407692
0.396300000000000 1.000000000001023 0.500000000000510 0.000000000000231 699.987388903311967 3.499936944355789
0.396400000000000 1.000000000001023 0.500000000000510 0.000000000000231 699.987388903311853 3.499936944291269
0.396500000000000 1.000000000001023 0.500000000000511 0.000000000000230 699.987388903312080 3.499936944213440
0.396600000000000 1.000000000001025 0.500000000000511 0.000000000000228 699.987388903312649 3.499936944121874
0.396700000000000 1.000000000001023 0.500000000000511 0.000000000000223 699.987388903312194 3.499936944016078
0.396800000000000 1.000000000001024 0.500000000000511 0.000000000000225 699.987388903313104 3.499936943895420
0.396900000000000 1.000000000001025 0.500000000000511 0.000000000000224 699.987388903312876 3.499936943759495
0.397000000000000 1.000000000001025 0.500000000000512 0.000000000000223 699.987388903313331 3.499936943608333
0.397100000000000 1.000000000001026 0.500000000000512 0.000000000000223 699.987388903313899 3.499936943441814
0.397200000000000 1.000000000001026 0.500000000000511 0.000000000000221 699.987388903313331 3.499936943259691
0.397300000000000 1.000000000001026 0.500000000000512 0.000000000000220 699.987388903313445 3.499936943061859
0.397400000000000 1.000000000001026 0.500000000000512 0.000000000000216 699.987388903313217 3.499936942848958
0.397500000000000 1.000000000001027 0.500000000000512 0.000000000000214 699.987388903313899 3.499936942620995
0.397600000000000 1.000000000001027 0.500000000000512 0.000000000000211 699.987388903314013 3.499936942378163
0.397700000000000 1.000000000001027 0.500000000000512 0.000000000000209 699.987388903314240 3.499936942120658
0.397800000000000 1.000000000001026 0.500000000000512 0.000000000000209 699.987388903314923 3.499936941849192
0.397900000000000 1.000000000001026 0.500000000000513 0.000000000000207 699.987388903315377 3.499936941564404
0.398000000000000 1.000000000001027 0.500000000000513 0.000000000000210 699.987388903315718 3.499936941266403
0.398100000000000 1.000000000001028 0.500000000000513 0.000000000000208 699.987388903315150 3.499936940955507
0.398200000000000 1.000000000001027 0.500000000000513 0.000000000000207 699.987388903315264 3.499936940633283
0.398300000000000 1.000000000001029 0.500000000000513 0.000000000000205 699.987388903315264 3.499936940301174
0.398400000000000 1.000000000001028 0.500000000000513 0.000000000000204 699.987388903313786 3.499936939960152
0.398500000000000 1.000000000001029 0.500000000000514 0.000000000000202 699.987388903315605 3.499936939611086
0.398600000000000 1.000000000001029 0.500000000000514 0.000000000000200 699.987388903316059 3.499936939255007
0.398700000000000 1.000000000001029 0.500000000000514 0.000000000000198 699.987388903316059 3.499936938892918
0.398800000000000 1.000000000001030 0.500000000000514 0.000000000000197 699.987388903316173 3.499936938526512
0.398900000000000 1.000000000001029 0.500000000000514 0.000000000000197 699.987388903316742 3.499936938157377
0.399000000000000 1.000000000001028 0.500000000000515 0.000000000000194 699.987388903316514 3.499936937786813
0.399100000000000 1.000000000001029 0.500000000000515 0.000000000000192 699.987388903317083 3.499936937416288
0.399200000000000 1.000000000001032 0.500000000000515 0.000000000000190 699.987388903317537 3.499936937047462
0.399300000000000 1.000000000001032 0.500000000000515 0.000000000000186 699.987388903316742 3.499936936681687
0.399400000000000 1.000000000001033 0.500000000000515 0.000000000000183 699.987388903317196 3.499936936319653
0.399500000000000 1.000000000001031 0.500000000000514 0.000000000000181 699.987388903318788 3.499936935961801
0.399600000000000 1.000000000001031 0.500000000000515 0.000000000000175 699.987388903318447 3.499936935609515
0.399700000000000 1.000000000001033 0.500000000000515 0.000000000000172 699.987388903318561 3.499936935264552
0.399800000000000 1.000000000001033 0.500000000000516 0.000000000000169 699.987388903318333 3.499936934928993
0.399900000000000 1.000000000001032 0.500000000000515 0.000000000000163 699.987388903318333 3.499936934605139
0.400000000000000 1.000000000001033 0.500000000000515 0.000000000000161 699.987388903318106 3.499936934294317
0.400100000000000 1.000000000001032 0.500000000000516 0.000000000000158 699.987388903318333 3.499936933996596
0.400200000000000 1.000000000001032 0.500000000000517 0.000000000000154 699.987388903318106 3.499936933712833
0.400300000000000 1.000000000001033 0.500000000000516 0.000000000000152 699.987388903318561 3.499936933445206
0.400400000000000 1.000000000001034 0.500000000000516 0.000000000000148 699.987388903319584 3.499936933195477
0.400500000000000 1.000000000001033 0.500000000000516 0.000000000000145 699.987388903319356 3.499936932964227
0.400600000000000 1.000000000001034 0.500000000000516 0.000000000000142 699.987388903318447 3.499936932752444
0.400700000000000 1.000000000001035 0.500000000000517 0.000000000000141 699.987388903319925 3.499936932561175
0.400800000000000 1.000000000001035 0.500000000000517 0.000000000000137 699.987388903320152 3.499936932391085
0.400900000000000 1.000000000001034 0.500000000000518 0.000000000000136 699.987388903321175 3.499936932242927
0.401000000000000 1.000000000001036 0.500000000000517 0.000000000000134 699.987388903320607 3.499936932117571
0.401100000000000 1.000000000001035 0.500000000000517 0.000000000000130 699.987388903319697 3.499936932015197
0.401200000000000 1.000000000001037 0.500000000000517 0.000000000000127 699.987388903320380 3.499936931935934
0.401300000000000 1.000000000001036 0.500000000000518 0.000000000000125 699.987388903320380 3.499936931879845
0.401400000000000 1.000000000001037 0.500000000000517 0.000000000000121 699.987388903320266 3.499936931846763
0.401500000000000 1.000000000001036 0.500000000000518 0.000000000000119 699.987388903320152 3.499936931837570
0.401600000000000 1.000000000001036 0.500000000000518 0.000000000000116 699.987388903321516 3.499936931853644
0.401700000000000 1.000000000001037 0.500000000000518 0.000000000000113 699.987388903322085 3.499936931894471
0.401800000000000 1.000000000001038 0.500000000000519 0.000000000000110 699.987388903321516 3.499936931960215
0.401900000000000 1.000000000001038 0.500000000000518 0.000000000000110 699.987388903321744 3.499936932051202
0.402000000000000 1.000000000001038 0.500000000000519 0.000000000000107 699.987388903321744 3.499936932165994
0.402100000000000 1.000000000001038 0.500000000000519 0.000000000000104 699.987388903322426 3.499936932303836
0.402200000000000 1.000000000001038 0.500000000000519 0.000000000000104 699.987388903322653 3.499936932464580
0.402300000000000 1.000000000001040 0.500000000000520 0.000000000000101 699.987388903322653 3.499936932647664
0.402400000000000 1.000000000001039 0.500000000000519 0.000000000000099 699.987388903323108 3.499936932851647
0.402500000000000 1.000000000001040 0.500000000000520 0.000000000000098 699.987388903322994 3.499936933074415
0.402600000000000 1.000000000001039 0.500000000000520 0.000000000000093 699.987388903323108 3.499936933315211
0.402700000000000 1.000000000001040 0.500000000000520 0.000000000000090 699.987388903323790 3.499936933573069
0.402800000000000 1.000000000001040 0.500000000000520 0.000000000000086 699.987388903323108 3.499936933847369
0.402900000000000 1.000000000001042 0.500000000000520 0.000000000000085 699.987388903323563 3.499936934137532
0.403000000000000 1.000000000001040 0.500000000000520 0.000000000000081 699.987388903324472 3.499936934442124
0.403100000000000 1.000000000001040 0.500000000000520 0.000000000000079 699.987388903323222 3.499936934759836
0.403200000000000 1.000000000001041 0.500000000000520 0.000000000000076 699.987388903323563 3.499936935089243
0.403300000000000 1.000000000001041 0.500000000000521 0.000000000000072 699.987388903325154 3.499936935428801
0.403400000000000 1.000000000001041 0.500000000000521 0.000000000000069 699.987388903324700 3.499936935777074
0.403500000000000 1.000000000001041 0.500000000000521 0.000000000000068 699.987388903325154 3.499936936132209
0.403600000000000 1.000000000001042 0.500000000000521 0.000000000000066 699.987388903325382 3.499936936492621
0.403700000000000 1.000000000001042 0.500000000000521 0.000000000000065 699.987388903325382 3.499936936857746
0.403800000000000 1.000000000001044 0.500000000000521 0.000000000000061 699.987388903325382 3.499936937226115
0.403900000000000 1.000000000001044 0.500000000000521 0.000000000000060 699.987388903325609 3.499936937596220
0.404000000000000 1.000000000001042 0.500000000000521 0.000000000000059 699.987388903325154 3.499936937967080
0.404100000000000 1.000000000001042 0.500000000000521 0.000000000000057 699.987388903326064 3.499936938337191
0.404200000000000 1.000000000001044 0.500000000000521 0.000000000000054 699.987388903326064 3.499936938705349
0.404300000000000 1.000000000001044 0.500000000000521 0.000000000000050 699.987388903326519 3.499936939070114
0.404400000000000 1.000000000001044 0.500000000000521 0.000000000000048 699.987388903326291 3.499936939429671
0.404500000000000 1.000000000001045 0.500000000000522 0.000000000000045 699.987388903325837 3.499936939783035
0.404600000000000 1.000000000001044 0.500000000000522 0.000000000000042 699.987388903326291 3.499936940129027
0.404700000000000 1.000000000001045 0.500000000000521 0.000000000000038 699.987388903327201 3.499936940465903
0.404800000000000 1.000000000001043 0.500000000000522 0.000000000000035 699.987388903326291 3.499936940792227
0.404900000000000 1.000000000001045 0.500000000000522 0.000000000000034 699.987388903327655 3.499936941107451
0.405000000000000 1.000000000001045 0.500000000000522 0.000000000000032 699.987388903327883 3.499936941411367
0.405100000000000 1.000000000001047 0.500000000000523 0.000000000000030 699.987388903327655 3.499936941703435
0.405200000000000 1.000000000001047 0.500000000000522 0.000000000000031 699.987388903328565 3.499936941982376
0.405300000000000 1.000000000001046 0.500000000000523 0.000000000000028 699.987388903328110 3.499936942247066
0.405400000000000 1.000000000001047 0.500000000000523 0.000000000000026 699.987388903328110 3.499936942497750
0.405500000000000 1.000000000001047 0.500000000000523 0.000000000000026 699.987388903328110 3.499936942733709
0.405600000000000 1.000000000001046 0.500000000000523 0.000000000000025 699.987388903328451 3.499936942954228
0.405700000000000 1.000000000001047 0.500000000000523 0.000000000000022 699.987388903328906 3.499936943159302
0.405800000000000 1.000000000001048 0.500000000000523 0.000000000000021 699.987388903327883 3.499936943349087
0.405900000000000 1.000000000001048 0.500000000000524 0.000000000000019 699.987388903329474 3.499936943523459
0.406000000000000 1.000000000001049 0.500000000000523 0.000000000000015 699.987388903329133 3.499936943682654
0.406100000000000 1.000000000001049 0.500000000000523 0.000000000000011 699.987388903328906 3.499936943826531
0.406200000000000 1.000000000001049 0.500000000000524 0.000000000000008 699.987388903329361 3.499936943955045
0.406300000000000 1.000000000001048 0.500000000000524 0.000000000000006 699.987388903330725 3.499936944068450
0.406400000000000 1.000000000001048 0.500000000000524 0.000000000000004 699.987388903330157 3.499936944167287
0.406500000000000 1.000000000001049 0.500000000000524 0.000000000000003 699.987388903330157 3.499936944252103
0.406600000000000 1.000000000001049 0.500000000000524 0.000000000000001 699.987388903330157 3.499936944323622
0.406700000000000 1.000000000001052 0.500000000000524 -0.000000000000003 699.987388903331976 3.499936944382204
0.406800000000000 1.000000000001052 0.500000000000524 -0.000000000000005 699.987388903331293 3.499936944428371
0.406900000000000 1.000000000001050 0.500000000000524 -0.000000000000007 699.987388903331521 3.499936944462831
0.407000000000000 1.000000000001051 0.500000000000525 -0.000000000000008 699.987388903331635 3.499936944486258
0.407100000000000 1.000000000001051 0.500000000000525 -0.000000000000011 699.987388903332430 3.499936944499574
0.407200000000000 1.000000000001052 0.500000000000525 -0.000000000000015 699.987388903330839 3.499936944503525
0.407300000000000 1.000000000001051 0.500000000000525 -0.000000000000017 699.987388903331521 3.499936944499016
0.407400000000000 1.000000000001051 0.500000000000524 -0.000000000000019 699.987388903331748 3.499936944487036
0.407500000000000 1.000000000001051 0.500000000000525 -0.000000000000023 699.987388903331748 3.499936944468387
0.407600000000000 1.000000000001053 0.500000000000525 -0.000000000000026 699.987388903332203 3.499936944444046
0.407700000000000 1.000000000001052 0.500000000000525 -0.000000000000027 699.987388903330952 3.499936944414946
0.407800000000000 1.000000000001052 0.500000000000525 -0.000000000000027 699.987388903332658 3.499936944381904
0.407900000000000 1.000000000001052 0.500000000000525 -0.000000000000028 699.987388903332885 3.499936944345894
0.408000000000000 1.000000000001053 0.500000000000525 -0.000000000000029 699.987388903333681 3.499936944307647
0.408100000000000 1.000000000001052 0.500000000000525 -0.000000000000030 699.987388903333567 3.499936944268258
0.408200000000000 1.000000000001052 0.500000000000526 -0.000000000000030 699.987388903332658 3.499936944228418
0.408300000000000 1.000000000001053 0.500000000000526 -0.000000000000031 699.987388903331748 3.499936944188808
0.408400000000000 1.000000000001054 0.500000000000525 -0.000000000000031 699.987388903333112 3.499936944150197
0.408500000000000 1.000000000001054 0.500000000000526 -0.000000000000033 699.987388903331976 3.499936944113202
0.408600000000000 1.000000000001054 0.500000000000525 -0.000000000000035 699.987388903333226 3.499936944078585
0.408700000000000 1.000000000001053 0.500000000000526 -0.000000000000036 699.987388903333340 3.499936944046896
0.408800000000000 1.000000000001055 0.500000000000526 -0.000000000000037 699.987388903333567 3.499936944018889
0.408900000000000 1.000000000001054 0.500000000000526 -0.000000000000037 699.987388903334931 3.499936943995039
0.409000000000000 1.000000000001054 0.500000000000526 -0.000000000000039 699.987388903334249 3.499936943975477
0.409100000000000 1.000000000001056 0.500000000000526 -0.000000000000040 699.987388903334704 3.499936943960625
0.409200000000000 1.000000000001056 0.500000000000527 -0.000000000000040 699.987388903333908 3.499936943950798
0.409300000000000 1.000000000001057 0.500000000000526 -0.000000000000040 699.987388903334249 3.499936943946282
0.409400000000000 1.000000000001057 0.500000000000527 -0.000000000000041 699.987388903334477 3.499936943946949
0.409500000000000 1.000000000001058 0.500000000000526 -0.000000000000042 699.987388903334704 3.499936943952688
0.409600000000000 1.000000000001056 0.500000000000527 -0.000000000000042 699.987388903334818 3.499936943963224
0.409700000000000 1.000000000001057 0.500000000000527 -0.000000000000043 699.987388903336296 3.499936943978488
0.409800000000000 1.000000000001058 0.500000000000526 -0.000000000000043 699.987388903334704 3.499936943998300
0.409900000000000 1.000000000001058 0.500000000000527 -0.000000000000044 699.987388903335159 3.499936944022108
0.410000000000000 1.000000000001057 0.500000000000527 -0.000000000000044 699.987388903335159 3.499936944049815
0.410100000000000 1.000000000001058 0.500000000000527 -0.000000000000045 699.987388903336068 3.499936944081033
0.410200000000000 1.000000000001058 0.500000000000527 -0.000000000000046 699.987388903334818 3.499936944115321
0.410300000000000 1.000000000001058 0.500000000000527 -0.000000000000045 699.987388903336978 3.499936944152124
0.410400000000000 1.000000000001058 0.500000000000527 -0.000000000000044 699.987388903336296 3.499936944190680
0.410500000000000 1.000000000001059 0.500000000000528 -0.000000000000041 699.987388903335955 3.499936944230342
0.410600000000000 1.000000000001060 0.500000000000528 -0.000000000000041 699.987388903336296 3.499936944270282
0.410700000000000 1.000000000001059 0.500000000000527 -0.000000000000042 699.987388903336637 3.499936944309692
0.410800000000000 1.000000000001059 0.500000000000528 -0.000000000000043 699.987388903336750 3.499936944347735
0.410900000000000 1.000000000001061 0.500000000000528 -0.000000000000043 699.987388903337205 3.499936944383614
0.411000000000000 1.000000000001060 0.500000000000527 -0.000000000000044 699.987388903335500 3.499936944416369
0.411100000000000 1.000000000001060 0.500000000000528 -0.000000000000045 699.987388903337205 3.499936944445171
0.411200000000000 1.000000000001062 0.500000000000528 -0.000000000000044 699.987388903337660 3.499936944469201
0.411300000000000 1.000000000001060 0.500000000000528 -0.000000000000044 699.987388903336978 3.499936944487454
0.411400000000000 1.000000000001061 0.500000000000528 -0.000000000000044 699.987388903337774 3.499936944499209
0.411500000000000 1.000000000001061 0.500000000000528 -0.000000000000043 699.987388903339024 3.499936944503431
0.411600000000000 1.000000000001062 0.500000000000529 -0.000000000000040 699.987388903338569 3.499936944499177
0.411700000000000 1.000000000001060 0.500000000000528 -0.000000000000038 699.987388903339024 3.499936944485734
0.411800000000000 1.000000000001062 0.500000000000528 -0.000000000000038 699.987388903338456 3.499936944462157
0.411900000000000 1.000000000001062 0.500000000000528 -0.000000000000036 699.987388903338569 3.499936944427732
0.412000000000000 1.000000000001063 0.500000000000529 -0.000000000000037 699.987388903339138 3.499936944381651
0.412100000000000 1.000000000001062 0.500000000000529 -0.000000000000036 699.987388903338342 3.499936944323244
0.412200000000000 1.000000000001063 0.500000000000529 -0.000000000000033 699.987388903339024 3.499936944251944
0.412300000000000 1.000000000001062 0.500000000000529 -0.000000000000032 699.987388903339934 3.499936944166938
0.412400000000000 1.000000000001062 0.500000000000529 -0.000000000000029 699.987388903339934 3.499936944067371
0.412500000000000 1.000000000001063 0.500000000000529 -0.000000000000029 699.987388903340616 3.499936943952965
0.412600000000000 1.000000000001064 0.500000000000530 -0.000000000000029 699.987388903340161 3.499936943823493
0.412700000000000 1.000000000001063 0.500000000000530 -0.000000000000027 699.987388903340843 3.499936943678989
0.412800000000000 1.000000000001064 0.500000000000530 -0.000000000000023 699.987388903340502 3.499936943519057
0.412900000000000 1.000000000001065 0.500000000000529 -0.000000000000022 699.987388903341412 3.499936943343392
0.413000000000000 1.000000000001064 0.500000000000530 -0.000000000000022 699.987388903340729 3.499936943151862
0.413100000000000 1.000000000001066 0.500000000000530 -0.000000000000020 699.987388903341298 3.499936942944581
0.413200000000000 1.000000000001065 0.500000000000530 -0.000000000000020 699.987388903340616 3.499936942721893
0.413300000000000 1.000000000001065 0.500000000000530 -0.000000000000019 699.987388903341298 3.499936942484426
0.413400000000000 1.000000000001066 0.500000000000531 -0.000000000000016 699.987388903341071 3.499936942232780
0.413500000000000 1.000000000001067 0.500000000000531 -0.000000000000014 699.987388903341298 3.499936941967067
0.413600000000000 1.000000000001066 0.500000000000530 -0.000000000000015 699.987388903342207 3.499936941687776
0.413700000000000 1.000000000001066 0.500000000000530 -0.000000000000011 699.987388903342207 3.499936941395522
0.413800000000000 1.000000000001066 0.500000000000531 -0.000000000000007 699.987388903342321 3.499936941091274
0.413900000000000 1.000000000001068 0.500000000000530 -0.000000000000005 699.987388903342435 3.499936940775604
0.414000000000000 1.000000000001066 0.500000000000530 -0.000000000000004 699.987388903343344 3.499936940448959
0.414100000000000 1.000000000001068 0.500000000000531 0.000000000000001 699.987388903342435 3.499936940112638
0.414200000000000 1.000000000001068 0.500000000000532 0.000000000000004 699.987388903343117 3.499936939767433
0.414300000000000 1.000000000001068 0.500000000000531 0.000000000000005 699.987388903343117 3.499936939414639
0.414400000000000 1.000000000001069 0.500000000000531 0.000000000000005 699.987388903343799 3.499936939055910
0.414500000000000 1.000000000001069 0.500000000000531 0.000000000000009 699.987388903343799 3.499936938692348
0.414600000000000 1.000000000001068 0.500000000000531 0.000000000000010 699.987388903343572 3.499936938324982
0.414700000000000 1.000000000001069 0.500000000000532 0.000000000000012 699.987388903342662 3.499936937955048
0.414800000000000 1.000000000001068 0.500000000000531 0.000000000000014 699.987388903343344 3.499936937583595
0.414900000000000 1.000000000001069 0.500000000000531 0.000000000000018 699.987388903343231 3.499936937211488
0.415000000000000 1.000000000001068 0.500000000000532 0.000000000000020 699.987388903344140 3.499936936840574
0.415100000000000 1.000000000001069 0.500000000000532 0.000000000000024 699.987388903344367 3.499936936472877
0.415200000000000 1.000000000001070 0.500000000000531 0.000000000000026 699.987388903344936 3.499936936110110
0.415300000000000 1.000000000001070 0.500000000000532 0.000000000000031 699.987388903344254 3.499936935753172
0.415400000000000 1.000000000001070 0.500000000000532 0.000000000000033 699.987388903344254 3.499936935403440
0.415500000000000 1.000000000001070 0.500000000000532 0.000000000000038 699.987388903345732 3.499936935062664
0.415600000000000 1.000000000001072 0.500000000000532 0.000000000000042 699.987388903345050 3.499936934732311
0.415700000000000 1.000000000001072 0.500000000000533 0.000000000000045 699.987388903345618 3.499936934413829
0.415800000000000 1.000000000001073 0.500000000000533 0.000000000000048 699.987388903345959 3.499936934109285
0.415900000000000 1.000000000001073 0.500000000000532 0.000000000000050 699.987388903346073 3.499936933819642
0.416000000000000 1.000000000001072 0.500000000000533 0.000000000000051 699.987388903346414 3.499936933545529
0.416100000000000 1.000000000001073 0.500000000000533 0.000000000000054 699.987388903346300 3.499936933288428
0.416200000000000 1.000000000001071 0.500000000000533 0.000000000000055 699.987388903346300 3.499936933049809
0.416300000000000 1.000000000001072 0.500000000000533 0.000000000000059 699.987388903346528 3.499936932830833
0.416400000000000 1.000000000001071 0.500000000000533 0.000000000000062 699.987388903346755 3.499936932631959
0.416500000000000 1.000000000001073 0.500000000000533 0.000000000000064 699.987388903346755 3.499936932453664
0.416600000000000 1.000000000001074 0.500000000000533 0.000000000000065 699.987388903346300 3.499936932297380
0.416700000000000 1.000000000001074 0.500000000000534 0.000000000000070 699.987388903346982 3.499936932163570
0.416800000000000 1.000000000001075 0.500000000000534 0.000000000000074 699.987388903346300 3.499936932051753
0.416900000000000 1.000000000001074 0.500000000000533 0.000000000000077 699.987388903347210 3.499936931961877
0.417000000000000 1.000000000001074 0.500000000000534 0.000000000000079 699.987388903348347 3.499936931895105
0.417100000000000 1.000000000001073 0.500000000000534 0.000000000000082 699.987388903347437 3.499936931852322
0.417200000000000 1.000000000001076 0.500000000000535 0.000000000000086 699.987388903347664 3.499936931833127
0.417300000000000 1.000000000001075 0.500000000000534 0.000000000000090 699.987388903349142 3.499936931838905
0.417400000000000 1.000000000001076 0.500000000000534 0.000000000000092 699.987388903349029 3.499936931870051
0.417500000000000 1.000000000001075 0.500000000000534 0.000000000000097 699.987388903349483 3.499936931925987
0.417600000000000 1.000000000001076 0.500000000000534 0.000000000000099 699.987388903348801 3.499936932006789
0.417700000000000 1.000000000001076 0.500000000000534 0.000000000000102 699.987388903348574 3.499936932111745
0.417800000000000 1.000000000001076 0.500000000000535 0.000000000000104 699.987388903348347 3.499936932240003
0.417900000000000 1.000000000001077 0.500000000000535 0.000000000000106 699.987388903349483 3.499936932391475
0.418000000000000 1.000000000001077 0.500000000000536 0.000000000000113 699.987388903349370 3.499936932564867
0.418100000000000 1.000000000001078 0.500000000000536 0.000000000000114 699.987388903351189 3.499936932758553
0.418200000000000 1.000000000001078 0.500000000000536 0.000000000000117 699.987388903350165 3.499936932971014
0.418300000000000 1.000000000001078 0.500000000000536 0.000000000000121 699.987388903349824 3.499936933202028
0.418400000000000 1.000000000001079 0.500000000000536 0.000000000000124 699.987388903350848 3.499936933450943
0.418500000000000 1.000000000001078 0.500000000000536 0.000000000000126 699.987388903351075 3.499936933717531
0.418600000000000 1.000000000001080 0.500000000000536 0.000000000000129 699.987388903351530 3.499936934000750
0.418700000000000 1.000000000001079 0.500000000000536 0.000000000000132 699.987388903351757 3.499936934298944
0.418800000000000 1.000000000001080 0.500000000000536 0.000000000000134 699.987388903351984 3.499936934611565
0.418900000000000 1.000000000001081 0.500000000000536 0.000000000000138 699.987388903352098 3.499936934937302
0.419000000000000 1.000000000001081 0.500000000000536 0.000000000000140 699.987388903351416 3.499936935273691
0.419100000000000 1.000000000001080 0.500000000000537 0.000000000000142 699.987388903351075 3.499936935618294
0.419200000000000 1.000000000001082 0.500000000000537 0.000000000000143 699.987388903351757 3.499936935969707
0.419300000000000 1.000000000001082 0.500000000000536 0.000000000000146 699.987388903351871 3.499936936328377
0.419400000000000 1.000000000001082 0.500000000000537 0.000000000000148 699.987388903350848 3.499936936693333
0.419500000000000 1.000000000001081 0.500000000000537 0.000000000000149 699.987388903351757 3.499936937062241
0.419600000000000 1.000000000001083 0.500000000000537 0.000000000000152 699.987388903351757 3.499936937433584
0.419700000000000 1.000000000001079 0.500000000000538 0.000000000000156 699.987388903353690 3.499936937805362
0.419800000000000 1.000000000001081 0.500000000000538 0.000000000000159 699.987388903352780 3.499936938176014
0.419900000000000 1.000000000001081 0.500000000000537 0.000000000000162 699.987388903353690 3.499936938544715
0.420000000000000 1.000000000001083 0.500000000000538 0.000000000000164 699.987388903353349 3.499936938910185
0.420100000000000 1.000000000001081 0.500000000000538 0.000000000000167 699.987388903353349 3.499936939271258
0.420200000000000 1.000000000001083 0.500000000000538 0.000000000000172 699.987388903352667 3.499936939626523
0.420300000000000 1.000000000001082 0.500000000000538 0.000000000000175 699.987388903352667 3.499936939974574
0.420400000000000 1.000000000001083 0.500000000000539 0.000000000000175 699.987388903353121 3.499936940314373
0.420500000000000 1.000000000001082 0.500000000000538 0.000000000000178 699.987388903353349 3.499936940645083
0.420600000000000 1.000000000001084 0.500000000000539 0.000000000000179 699.987388903354940 3.499936940965650
0.420700000000000 1.000000000001085 0.500000000000539 0.000000000000182 699.987388903353917 3.499936941274999
0.420800000000000 1.000000000001084 0.500000000000539 0.000000000000184 699.987388903354031 3.499936941572081
0.420900000000000 1.000000000001084 0.500000000000538 0.000000000000189 699.987388903354940 3.499936941856310
0.421000000000000 1.000000000001084 0.500000000000538 0.000000000000191 699.987388903354713 3.499936942127404
0.421100000000000 1.000000000001084 0.500000000000540 0.000000000000194 699.987388903354827 3.499936942384570
0.421200000000000 1.000000000001085 0.500000000000539 0.000000000000197 699.987388903354713 3.499936942627423
0.421300000000000 1.000000000001085 0.500000000000539 0.000000000000201 699.987388903354713 3.499936942855814
0.421400000000000 1.000000000001085 0.500000000000540 0.000000000000203 699.987388903354258 3.499936943068913
0.421500000000000 1.000000000001084 0.500000000000540 0.000000000000207 699.987388903355622 3.499936943266233
0.421600000000000 1.000000000001084 0.500000000000540 0.000000000000210 699.987388903354486 3.499936943447744
0.421700000000000 1.000000000001087 0.500000000000539 0.000000000000210 699.987388903355395 3.499936943613662
0.421800000000000 1.000000000001085 0.500000000000539 0.000000000000213 699.987388903354372 3.499936943764058
0.421900000000000 1.000000000001086 0.500000000000540 0.000000000000215 699.987388903355395 3.499936943899176
0.422000000000000 1.000000000001086 0.500000000000540 0.000000000000218 699.987388903355622 3.499936944019337
0.422100000000000 1.000000000001087 0.500000000000540 0.000000000000219 699.987388903356759 3.499936944124844
0.422200000000000 1.000000000001087 0.500000000000540 0.000000000000219 699.987388903355850 3.499936944216010
0.422300000000000 1.000000000001088 0.500000000000540 0.000000000000221 699.987388903356987 3.499936944293398
0.422400000000000 1.000000000001087 0.500000000000541 0.000000000000224 699.987388903355622 3.499936944357485
0.422500000000000 1.000000000001087 0.500000000000541 0.000000000000229 699.987388903356077 3.499936944409071
0.422600000000000 1.000000000001087 0.500000000000541 0.000000000000233 699.987388903356759 3.499936944448579
0.422700000000000 1.000000000001089 0.500000000000540 0.000000000000234 699.987388903356759 3.499936944476898
0.422800000000000 1.000000000001087 0.500000000000541 0.000000000000236 699.987388903357896 3.499936944494565
0.422900000000000 1.000000000001090 0.500000000000541 0.000000000000238 699.987388903357441 3.499936944502553
0.423000000000000 1.000000000001090 0.500000000000542 0.000000000000239 699.987388903357214 3.499936944501598
0.423100000000000 1.000000000001088 0.500000000000542 0.000000000000241 699.987388903358010 3.499936944492704
0.423200000000000 1.000000000001088 0.500000000000542 0.000000000000244 699.987388903358124 3.499936944476649
0.423300000000000 1.000000000001089 0.500000000000542 0.000000000000244 699.987388903358124 3.499936944454477
0.423400000000000 1.000000000001090 0.500000000000543 0.000000000000247 699.987388903358351 3.499936944426883
0.423500000000000 1.000000000001090 0.500000000000543 0.000000000000249 699.987388903359715 3.499936944395008
0.423600000000000 1.000000000001092 0.500000000000543 0.000000000000250 699.987388903359715 3.499936944359733
0.423700000000000 1.000000000001091 0.500000000000543 0.000000000000251 699.987388903359374 3.499936944322089
0.423800000000000 1.000000000001091 0.500000000000543 0.000000000000254 699.987388903359943 3.499936944282761
0.423900000000000 1.000000000001093 0.500000000000544 0.000000000000255 699.987388903359715 3.499936944242617
0.424000000000000 1.000000000001091 0.500000000000544 0.000000000000257 699.987388903360170 3.499936944202650
0.424100000000000 1.000000000001092 0.500000000000544 0.000000000000258 699.987388903359715 3.499936944163404
0.424200000000000 1.000000000001093 0.500000000000544 0.000000000000258 699.987388903360511 3.499936944125573
0.424300000000000 1.000000000001093 0.500000000000544 0.000000000000257 699.987388903360511 3.499936944089997
0.424400000000000 1.000000000001093 0.500000000000543 0.000000000000258 699.987388903361307 3.499936944057342
0.424500000000000 1.000000000001093 0.500000000000544 0.000000000000258 699.987388903360397 3.499936944028023
0.424600000000000 1.000000000001094 0.500000000000544 0.000000000000261 699.987388903361534 3.499936944002456
0.424700000000000 1.000000000001093 0.500000000000545 0.000000000000262 699.987388903362444 3.499936943981066
0.424800000000000 1.000000000001096 0.500000000000545 0.000000000000264 699.987388903361534 3.499936943964399
0.424900000000000 1.000000000001095 0.500000000000545 0.000000000000267 699.987388903361420 3.499936943952577
0.425000000000000 1.000000000001094 0.500000000000545 0.000000000000265 699.987388903361534 3.499936943945779
0.425100000000000 1.000000000001094 0.500000000000545 0.000000000000265 699.987388903362216 3.499936943943943
0.425200000000000 1.000000000001095 0.500000000000546 0.000000000000269 699.987388903362330 3.499936943946978
0.425300000000000 1.000000000001095 0.500000000000545 0.000000000000269 699.987388903362103 3.499936943954931
0.425400000000000 1.000000000001096 0.500000000000546 0.000000000000271 699.987388903363126 3.499936943967558
0.425500000000000 1.000000000001096 0.500000000000546 0.000000000000271 699.987388903363467 3.499936943984633
0.425600000000000 1.000000000001097 0.500000000000546 0.000000000000274 699.987388903363353 3.499936944006009
0.425700000000000 1.000000000001097 0.500000000000546 0.000000000000272 699.987388903363808 3.499936944031557
0.425800000000000 1.000000000001098 0.500000000000546 0.000000000000273 699.987388903364035 3.499936944061395
0.425900000000000 1.000000000001097 0.500000000000546 0.000000000000273 699.987388903364604 3.499936944094957
0.426000000000000 1.000000000001097 0.500000000000547 0.000000000000273 699.987388903364263 3.499936944131208
0.426100000000000 1.000000000001098 0.500000000000547 0.000000000000275 699.987388903363808 3.499936944169485
0.426200000000000 1.000000000001099 0.500000000000547 0.000000000000275 699.987388903364149 3.499936944209046
0.426300000000000 1.000000000001098 0.500000000000547 0.000000000000275 699.987388903364376 3.499936944249303
0.426400000000000 1.000000000001101 0.500000000000548 0.000000000000275 699.987388903364490 3.499936944289456
0.426500000000000 1.000000000001100 0.500000000000548 0.000000000000276 699.987388903364149 3.499936944328674
0.426600000000000 1.000000000001098 0.500000000000548 0.000000000000275 699.987388903364831 3.499936944366090
0.426700000000000 1.000000000001101 0.500000000000548 0.000000000000275 699.987388903365513 3.499936944400770
0.426800000000000 1.000000000001100 0.500000000000548 0.000000000000274 699.987388903364149 3.499936944431870
0.426900000000000 1.000000000001100 0.500000000000549 0.000000000000272 699.987388903366764 3.499936944458490
0.427000000000000 1.000000000001100 0.500000000000549 0.000000000000271 699.987388903366309 3.499936944479632
0.427100000000000 1.000000000001101 0.500000000000549 0.000000000000270 699.987388903366082 3.499936944494539
0.427200000000000 1.000000000001101 0.500000000000550 0.000000000000269 699.987388903366764 3.499936944502203
0.427300000000000 1.000000000001103 0.500000000000549 0.000000000000272 699.987388903366991 3.499936944501765
0.427400000000000 1.000000000001102 0.500000000000550 0.000000000000272 699.987388903367446 3.499936944492372
0.427500000000000 1.000000000001100 0.500000000000550 0.000000000000270 699.987388903366764 3.499936944473152
0.427600000000000 1.000000000001102 0.500000000000550 0.000000000000269 699.987388903368014 3.499936944443292
0.427700000000000 1.000000000001105 0.500000000000551 0.000000000000269 699.987388903366309 3.499936944401940
0.427800000000000 1.000000000001102 0.500000000000550 0.000000000000269 699.987388903368014 3.499936944348469
0.427900000000000 1.000000000001104 0.500000000000550 0.000000000000270 699.987388903368696 3.499936944282182
0.428000000000000 1.000000000001102 0.500000000000551 0.000000000000268 699.987388903367446 3.499936944202505
0.428100000000000 1.000000000001104 0.500000000000551 0.000000000000266 699.987388903368355 3.499936944109100
0.428200000000000 1.000000000001106 0.500000000000551 0.000000000000265 699.987388903368583 3.499936944001091
0.428300000000000 1.000000000001105 0.500000000000551 0.000000000000264 699.987388903369265 3.499936943878179
0.428400000000000 1.000000000001104 0.500000000000551 0.000000000000261 699.987388903369492 3.499936943739978
0.428500000000000 1.000000000001105 0.500000000000551 0.000000000000260 699.987388903369038 3.499936943586344
0.428600000000000 1.000000000001106 0.500000000000551 0.000000000000259 699.987388903369265 3.499936943417393
0.428700000000000 1.000000000001105 0.500000000000551 0.000000000000258 699.987388903370515 3.499936943232948
0.428800000000000 1.000000000001106 0.500000000000552 0.000000000000258 699.987388903370402 3.499936943032938
0.428900000000000 1.000000000001106 0.500000000000552 0.000000000000254 699.987388903369720 3.499936942817617
0.429000000000000 1.000000000001107 0.500000000000552 0.000000000000253 699.987388903370743 3.499936942587428
0.429100000000000 1.000000000001109 0.500000000000552 0.000000000000254 699.987388903369492 3.499936942342308
0.429200000000000 1.000000000001109 0.500000000000552 0.000000000000252 699.987388903370174 3.499936942082823
0.429300000000000 1.000000000001108 0.500000000000552 0.000000000000250 699.987388903371993 3.499936941809403
0.429400000000000 1.000000000001108 0.500000000000553 0.000000000000250 699.987388903370856 3.499936941522437
0.429500000000000 1.000000000001108 0.500000000000553 0.000000000000249 699.987388903370629 3.499936941222554
0.429600000000000 1.000000000001109 0.500000000000553 0.000000000000249 699.987388903371880 3.499936940910678
0.429700000000000 1.000000000001108 0.500000000000553 0.000000000000247 699.987388903371993 3.499936940587667
0.429800000000000 1.000000000001107 0.500000000000554 0.000000000000245 699.987388903371993 3.499936940254226
0.429900000000000 1.000000000001109 0.500000000000553 0.000000000000242 699.987388903371652 3.499936939911511
0.430000000000000 1.000000000001110 0.500000000000554 0.000000000000242 699.987388903372675 3.499936939560967
0.430100000000000 1.000000000001109 0.500000000000555 0.000000000000240 699.987388903373017 3.499936939204157
0.430200000000000 1.000000000001109 0.500000000000554 0.000000000000238 699.987388903371766 3.499936938841810
0.430300000000000 1.000000000001110 0.500000000000554 0.000000000000236 699.987388903371880 3.499936938475182
0.430400000000000 1.000000000001110 0.500000000000554 0.000000000000235 699.987388903372221 3.499936938105579
0.430500000000000 1.000000000001110 0.500000000000554 0.000000000000233 699.987388903372675 3.499936937733962
0.430600000000000 1.000000000001110 0.500000000000554 0.000000000000228 699.987388903372903 3.499936937362123
0.430700000000000 1.000000000001111 0.500000000000555 0.000000000000225 699.987388903373358 3.499936936991658
0.430800000000000 1.000000000001111 0.500000000000554 0.000000000000222 699.987388903372334 3.499936936623984
0.430900000000000 1.000000000001112 0.500000000000555 0.000000000000220 699.987388903374040 3.499936936260265
0.431000000000000 1.000000000001112 0.500000000000554 0.000000000000220 699.987388903372675 3.499936935902288
0.431100000000000 1.000000000001111 0.500000000000555 0.000000000000222 699.987388903373130 3.499936935551016
0.431200000000000 1.000000000001111 0.500000000000555 0.000000000000220 699.987388903373358 3.499936935207336
0.431300000000000 1.000000000001111 0.500000000000556 0.000000000000217 699.987388903372903 3.499936934873442
0.431400000000000 1.000000000001112 0.500000000000556 0.000000000000219 699.987388903374153 3.499936934551274
0.431500000000000 1.000000000001113 0.500000000000556 0.000000000000215 699.987388903374267 3.499936934241205
0.431600000000000 1.000000000001114 0.500000000000556 0.000000000000212 699.987388903374836 3.499936933944386
0.431700000000000 1.000000000001113 0.500000000000556 0.000000000000209 699.987388903374949 3.499936933662843
0.431800000000000 1.000000000001113 0.500000000000557 0.000000000000206 699.987388903374494 3.499936933398126
0.431900000000000 1.000000000001113 0.500000000000557 0.000000000000202 699.987388903374153 3.499936933150997
0.432000000000000 1.000000000001114 0.500000000000557 0.000000000000200 699.987388903375404 3.499936932921967
0.432100000000000 1.000000000001115 0.500000000000557 0.000000000000196 699.987388903374949 3.499936932713019
0.432200000000000 1.000000000001114 0.500000000000557 0.000000000000192 699.987388903375631 3.499936932526079
0.432300000000000 1.000000000001116 0.500000000000557 0.000000000000191 699.987388903375404 3.499936932361243
0.432400000000000 1.000000000001115 0.500000000000557 0.000000000000188 699.987388903375631 3.499936932218346
0.432500000000000 1.000000000001114 0.500000000000557 0.000000000000185 699.987388903374949 3.499936932096448
0.432600000000000 1.000000000001115 0.500000000000557 0.000000000000182 699.987388903374949 3.499936931995611
0.432700000000000 1.000000000001116 0.500000000000557 0.000000000000177 699.987388903376200 3.499936931917736
0.432800000000000 1.000000000001116 0.500000000000557 0.000000000000173 699.987388903377450 3.499936931864340
0.432900000000000 1.000000000001114 0.500000000000558 0.000000000000169 699.987388903375404 3.499936931836173
0.433000000000000 1.000000000001116 0.500000000000558 0.000000000000163 699.987388903376996 3.499936931833098
0.433100000000000 1.000000000001116 0.500000000000558 0.000000000000157 699.987388903376313 3.499936931854421
0.433200000000000 1.000000000001116 0.500000000000558 0.000000000000152 699.987388903376768 3.499936931900743
0.433300000000000 1.000000000001116 0.500000000000557 0.000000000000147 699.987388903376996 3.499936931971826
0.433400000000000 1.000000000001116 0.500000000000558 0.000000000000143 699.987388903378019 3.499936932065919
0.433500000000000 1.000000000001118 0.500000000000558 0.000000000000140 699.987388903377791 3.499936932182860
0.433600000000000 1.000000000001118 0.500000000000558 0.000000000000138 699.987388903377678 3.499936932322428
0.433700000000000 1.000000000001118 0.500000000000559 0.000000000000136 699.987388903378815 3.499936932483278
0.433800000000000 1.000000000001119 0.500000000000558 0.000000000000136 699.987388903378360 3.499936932664819
0.433900000000000 1.000000000001118 0.500000000000560 0.000000000000134 699.987388903378815 3.499936932866929
0.434000000000000 1.000000000001118 0.500000000000559 0.000000000000128 699.987388903377905 3.499936933089202
0.434100000000000 1.000000000001120 0.500000000000559 0.000000000000126 699.987388903378815 3.499936933330823
0.434200000000000 1.000000000001119 0.500000000000559 0.000000000000123 699.987388903378474 3.499936933590478
0.434300000000000 1.000000000001119 0.500000000000560 0.000000000000120 699.987388903378360 3.499936933866465
0.434400000000000 1.000000000001119 0.500000000000559 0.000000000000116 699.987388903379497 3.499936934158529
0.434500000000000 1.000000000001121 0.500000000000559 0.000000000000112 699.987388903379042 3.499936934465542
0.434600000000000 1.000000000001121 0.500000000000560 0.000000000000106 699.987388903380406 3.499936934785803
0.434700000000000 1.000000000001121 0.500000000000560 0.000000000000102 699.987388903379838 3.499936935118655
0.434800000000000 1.000000000001120 0.500000000000560 0.000000000000100 699.987388903379269 3.499936935462437
0.434900000000000 1.000000000001120 0.500000000000560 0.000000000000096 699.987388903380634 3.499936935814812
0.435000000000000 1.000000000001121 0.500000000000560 0.000000000000093 699.987388903379838 3.499936936173564
0.435100000000000 1.000000000001121 0.500000000000560 0.000000000000090 699.987388903379951 3.499936936537198
0.435200000000000 1.000000000001123 0.500000000000560 0.000000000000088 699.987388903380634 3.499936936904917
0.435300000000000 1.000000000001121 0.500000000000561 0.000000000000083 699.987388903380520 3.499936937275196
0.435400000000000 1.000000000001123 0.500000000000561 0.000000000000080 699.987388903381088 3.499936937646543
0.435500000000000 1.000000000001122 0.500000000000560 0.000000000000078 699.987388903380747 3.499936938017468
0.435600000000000 1.000000000001125 0.500000000000561 0.000000000000072 699.987388903381316 3.499936938386627
0.435700000000000 1.000000000001123 0.500000000000562 0.000000000000070 699.987388903381543 3.499936938753116
0.435800000000000 1.000000000001122 0.500000000000562 0.000000000000065 699.987388903381998 3.499936939115551
0.435900000000000 1.000000000001123 0.500000000000562 0.000000000000065 699.987388903382794 3.499936939472433
0.436000000000000 1.000000000001124 0.500000000000561 0.000000000000061 699.987388903382225 3.499936939822769
0.436100000000000 1.000000000001124 0.500000000000562 0.000000000000058 699.987388903381998 3.499936940165580
0.436200000000000 1.000000000001123 0.500000000000561 0.000000000000055 699.987388903381998 3.499936940499653
0.436300000000000 1.000000000001125 0.500000000000562 0.000000000000052 699.987388903381543 3.499936940824052
0.436400000000000 1.000000000001124 0.500000000000562 0.000000000000051 699.987388903381770 3.499936941138083
0.436500000000000 1.000000000001124 0.500000000000562 0.000000000000048 699.987388903383589 3.499936941440457
0.436600000000000 1.000000000001125 0.500000000000562 0.000000000000045 699.987388903383135 3.499936941730589
0.436700000000000 1.000000000001125 0.500000000000562 0.000000000000042 699.987388903382453 3.499936942007976
0.436800000000000 1.000000000001124 0.500000000000562 0.000000000000039 699.987388903384499 3.499936942271936
0.436900000000000 1.000000000001126 0.500000000000562 0.000000000000036 699.987388903382680 3.499936942521883
0.437000000000000 1.000000000001125 0.500000000000563 0.000000000000033 699.987388903383362 3.499936942757023
0.437100000000000 1.000000000001127 0.500000000000562 0.000000000000031 699.987388903384385 3.499936942976931
0.437200000000000 1.000000000001126 0.500000000000563 0.000000000000028 699.987388903384044 3.499936943181253
0.437300000000000 1.000000000001127 0.500000000000563 0.000000000000024 699.987388903384385 3.499936943370003
0.437400000000000 1.000000000001127 0.500000000000563 0.000000000000022 699.987388903384044 3.499936943543099
0.437500000000000 1.000000000001127 0.500000000000563 0.000000000000020 699.987388903384613 3.499936943700707
0.437600000000000 1.000000000001128 0.500000000000563 0.000000000000017 699.987388903385408 3.499936943842858
0.437700000000000 1.000000000001127 0.500000000000563 0.000000000000015 699.987388903384385 3.499936943969883
0.437800000000000 1.000000000001129 0.500000000000564 0.000000000000009 699.987388903385181 3.499936944081932
0.437900000000000 1.000000000001129 0.500000000000563 0.000000000000007 699.987388903385863 3.499936944179376
0.438000000000000 1.000000000001129 0.500000000000564 0.000000000000006 699.987388903385408 3.499936944262715
0.438100000000000 1.000000000001128 0.500000000000564 0.000000000000002 699.987388903385181 3.499936944332533
0.438200000000000 1.000000000001128 0.500000000000565 -0.000000000000001 699.987388903385636 3.499936944389229
0.438300000000000 1.000000000001129 0.500000000000564 -0.000000000000004 699.987388903386318 3.499936944433692
0.438400000000000 1.000000000001128 0.500000000000564 -0.000000000000008 699.987388903386091 3.499936944466440
0.438500000000000 1.000000000001127 0.500000000000565 -0.000000000000010 699.987388903385863 3.499936944488220
0.438600000000000 1.000000000001129 0.500000000000564 -0.000000000000014 699.987388903385636 3.499936944500100
0.438700000000000 1.000000000001130 0.500000000000564 -0.000000000000017 699.987388903385977 3.499936944502645
0.438800000000000 1.000000000001129 0.500000000000564 -0.000000000000018 699.987388903385977 3.499936944496886
0.438900000000000 1.000000000001131 0.500000000000564 -0.000000000000020 699.987388903387000 3.499936944483685
0.439000000000000 1.000000000001130 0.500000000000565 -0.000000000000022 699.987388903387568 3.499936944463907
0.439100000000000 1.000000000001131 0.500000000000565 -0.000000000000025 699.987388903387000 3.499936944438515
0.439200000000000 1.000000000001129 0.500000000000564 -0.000000000000029 699.987388903387227 3.499936944408591
0.439300000000000 1.000000000001130 0.500000000000564 -0.000000000000029 699.987388903387682 3.499936944375068
0.439400000000000 1.000000000001131 0.500000000000565 -0.000000000000034 699.987388903388251 3.499936944338720
0.439500000000000 1.000000000001133 0.500000000000564 -0.000000000000037 699.987388903388592 3.499936944300456
0.439600000000000 1.000000000001132 0.500000000000565 -0.000000000000036 699.987388903388137 3.499936944260959
0.439700000000000 1.000000000001132 0.500000000000565 -0.000000000000038 699.987388903387455 3.499936944221067
0.439800000000000 1.000000000001132 0.500000000000565 -0.000000000000039 699.987388903388592 3.499936944181474
0.439900000000000 1.000000000001134 0.500000000000565 -0.000000000000038 699.987388903387796 3.499936944142978
0.440000000000000 1.000000000001133 0.500000000000565 -0.000000000000039 699.987388903388705 3.499936944106218
0.440100000000000 1.000000000001132 0.500000000000565 -0.000000000000037 699.987388903388364 3.499936944071933
0.440200000000000 1.000000000001133 0.500000000000565 -0.000000000000038 699.987388903389501 3.499936944040813
0.440300000000000 1.000000000001133 0.500000000000566 -0.000000000000039 699.987388903388705 3.499936944013425
0.440400000000000 1.000000000001135 0.500000000000566 -0.000000000000040 699.987388903388819 3.499936943990208
0.440500000000000 1.000000000001135 0.500000000000565 -0.000000000000042 699.987388903389842 3.499936943971480
0.440600000000000 1.000000000001134 0.500000000000566 -0.000000000000041 699.987388903390183 3.499936943957504
0.440700000000000 1.000000000001134 0.500000000000565 -0.000000000000042 699.987388903389729 3.499936943948461
0.440800000000000 1.000000000001134 0.500000000000566 -0.000000000000041 699.987388903389274 3.499936943944092
0.440900000000000 1.000000000001135 0.500000000000566 -0.000000000000044 699.987388903390411 3.499936943944777
0.441000000000000 1.000000000001133 0.500000000000567 -0.000000000000044 699.987388903390638 3.499936943950620
0.441100000000000 1.000000000001135 0.500000000000566 -0.000000000000046 699.987388903390411 3.499936943961500
0.441200000000000 1.000000000001137 0.500000000000566 -0.000000000000047 699.987388903390297 3.499936943977200
0.441300000000000 1.000000000001136 0.500000000000567 -0.000000000000046 699.987388903390183 3.499936943997493
0.441400000000000 1.000000000001138 0.500000000000567 -0.000000000000048 699.987388903390411 3.499936944022019
0.441500000000000 1.000000000001138 0.500000000000567 -0.000000000000046 699.987388903391320 3.499936944050415
0.441600000000000 1.000000000001136 0.500000000000567 -0.000000000000045 699.987388903390638 3.499936944082213
0.441700000000000 1.000000000001138 0.500000000000567 -0.000000000000045 699.987388903391775 3.499936944117056
0.441800000000000 1.000000000001137 0.500000000000567 -0.000000000000044 699.987388903391093 3.499936944154377
0.441900000000000 1.000000000001137 0.500000000000567 -0.000000000000043 699.987388903392343 3.499936944193411
0.442000000000000 1.000000000001138 0.500000000000567 -0.000000000000044 699.987388903391548 3.499936944233264
0.442100000000000 1.000000000001138 0.500000000000567 -0.000000000000045 699.987388903392002 3.499936944273320
0.442200000000000 1.000000000001138 0.500000000000568 -0.000000000000046 699.987388903392457 3.499936944312712
0.442300000000000 1.000000000001139 0.500000000000567 -0.000000000000045 699.987388903392912 3.499936944350686
0.442400000000000 1.000000000001138 0.500000000000567 -0.000000000000045 699.987388903392798 3.499936944386266
0.442500000000000 1.000000000001140 0.500000000000567 -0.000000000000046 699.987388903393139 3.499936944418765
0.442600000000000 1.000000000001140 0.500000000000567 -0.000000000000046 699.987388903393139 3.499936944447211
0.442700000000000 1.000000000001140 0.500000000000567 -0.000000000000046 699.987388903393594 3.499936944470734
0.442800000000000 1.000000000001140 0.500000000000568 -0.000000000000048 699.987388903394276 3.499936944488448
0.442900000000000 1.000000000001141 0.500000000000568 -0.000000000000045 699.987388903393708 3.499936944499338
0.443000000000000 1.000000000001140 0.500000000000568 -0.000000000000045 699.987388903393253 3.499936944502644
0.443100000000000 1.000000000001140 0.500000000000568 -0.000000000000044 699.987388903394049 3.499936944497345
0.443200000000000 1.000000000001140 0.500000000000568 -0.000000000000042 699.987388903394049 3.499936944482570
0.443300000000000 1.000000000001141 0.500000000000569 -0.000000000000038 699.987388903394731 3.499936944457402
0.443400000000000 1.000000000001141 0.500000000000568 -0.000000000000036 699.987388903393821 3.499936944421188
0.443500000000000 1.000000000001141 0.500000000000568 -0.000000000000033 699.987388903394617 3.499936944373110
0.443600000000000 1.000000000001141 0.500000000000569 -0.000000000000032 699.987388903393708 3.499936944312581
0.443700000000000 1.000000000001142 0.500000000000569 -0.000000000000032 699.987388903394731 3.499936944239046
0.443800000000000 1.000000000001142 0.500000000000569 -0.000000000000032 699.987388903395413 3.499936944151848
0.443900000000000 1.000000000001143 0.500000000000569 -0.000000000000029 699.987388903394958 3.499936944050467
0.444000000000000 1.000000000001142 0.500000000000568 -0.000000000000028 699.987388903395299 3.499936943934554
0.444100000000000 1.000000000001144 0.500000000000569 -0.000000000000026 699.987388903396322 3.499936943803719
0.444200000000000 1.000000000001142 0.500000000000570 -0.000000000000022 699.987388903395640 3.499936943657693
0.444300000000000 1.000000000001143 0.500000000000569 -0.000000000000020 699.987388903395413 3.499936943496518
0.444400000000000 1.000000000001145 0.500000000000569 -0.000000000000014 699.987388903395640 3.499936943319966
0.444500000000000 1.000000000001143 0.500000000000569 -0.000000000000015 699.987388903395868 3.499936943127953
0.444600000000000 1.000000000001143 0.500000000000569 -0.000000000000015 699.987388903396095 3.499936942920482
0.444700000000000 1.000000000001145 0.500000000000569 -0.000000000000013 699.987388903396550 3.499936942697536
0.444800000000000 1.000000000001145 0.500000000000570 -0.000000000000010 699.987388903396095 3.499936942459525
0.444900000000000 1.000000000001145 0.500000000000570 -0.000000000000006 699.987388903396663 3.499936942206626
0.445000000000000 1.000000000001146 0.500000000000569 -0.000000000000003 699.987388903396663 3.499936941939145
0.445100000000000 1.000000000001146 0.500000000000569 0.000000000000000 699.987388903396550 3.499936941658112
0.445200000000000 1.000000000001147 0.500000000000570 0.000000000000001 699.987388903397232 3.499936941364070
0.445300000000000 1.000000000001145 0.500000000000570 0.000000000000005 699.987388903398141 3.499936941057270
0.445400000000000 1.000000000001146 0.500000000000570 0.000000000000007 699.987388903396663 3.499936940738297
0.445500000000000 1.000000000001145 0.500000000000570 0.000000000000009 699.987388903397687 3.499936940408289
0.445600000000000 1.000000000001147 0.500000000000570 0.000000000000011 699.987388903397459 3.499936940069119
0.445700000000000 1.000000000001146 0.500000000000570 0.000000000000014 699.987388903398369 3.499936939722495
0.445800000000000 1.000000000001147 0.500000000000571 0.000000000000018 699.987388903398369 3.499936939369117
0.445900000000000 1.000000000001149 0.500000000000571 0.000000000000020 699.987388903398937 3.499936939009150
0.446000000000000 1.000000000001149 0.500000000000571 0.000000000000021 699.987388903398596 3.499936938643826
0.446100000000000 1.000000000001148 0.500000000000571 0.000000000000025 699.987388903399506 3.499936938275086
0.446200000000000 1.000000000001148 0.500000000000571 0.000000000000028 699.987388903398141 3.499936937904082
0.446300000000000 1.000000000001147 0.500000000000571 0.000000000000029 699.987388903398710 3.499936937532381
0.446400000000000 1.000000000001148 0.500000000000571 0.000000000000032 699.987388903400870 3.499936937161365
0.446500000000000 1.000000000001149 0.500000000000572 0.000000000000037 699.987388903400642 3.499936936792377
0.446600000000000 1.000000000001149 0.500000000000572 0.000000000000041 699.987388903400529 3.499936936427299
0.446700000000000 1.000000000001149 0.500000000000572 0.000000000000042 699.987388903401552 3.499936936067232
0.446800000000000 1.000000000001152 0.500000000000572 0.000000000000046 699.987388903400642 3.499936935713083
0.446900000000000 1.000000000001151 0.500000000000572 0.000000000000049 699.987388903400188 3.499936935365924
0.447000000000000 1.000000000001150 0.500000000000572 0.000000000000051 699.987388903400642 3.499936935027507
0.447100000000000 1.000000000001150 0.500000000000572 0.000000000000055 699.987388903401325 3.499936934698639
0.447200000000000 1.000000000001150 0.500000000000572 0.000000000000060 699.987388903401325 3.499936934380455
0.447300000000000 1.000000000001152 0.500000000000572 0.000000000000061 699.987388903402007 3.499936934075336
0.447400000000000 1.000000000001152 0.500000000000572 0.000000000000064 699.987388903401211 3.499936933785222
0.447500000000000 1.000000000001152 0.500000000000572 0.000000000000064 699.987388903402234 3.499936933511706
0.447600000000000 1.000000000001153 0.500000000000573 0.000000000000067 699.987388903400870 3.499936933255925
0.447700000000000 1.000000000001151 0.500000000000572 0.000000000000071 699.987388903401779 3.499936933018639
0.447800000000000 1.000000000001153 0.500000000000572 0.000000000000072 699.987388903402689 3.499936932800268
0.447900000000000 1.000000000001152 0.500000000000573 0.000000000000077 699.987388903401779 3.499936932600785
0.448000000000000 1.000000000001154 0.500000000000573 0.000000000000080 699.987388903402689 3.499936932422172
0.448100000000000 1.000000000001153 0.500000000000573 0.000000000000084 699.987388903402575 3.499936932265619
0.448200000000000 1.000000000001153 0.500000000000574 0.000000000000085 699.987388903402007 3.499936932130788
0.448300000000000 1.000000000001154 0.500000000000573 0.000000000000090 699.987388903403144 3.499936932019179
0.448400000000000 1.000000000001152 0.500000000000574 0.000000000000090 699.987388903402916 3.499936931931453
0.448500000000000 1.000000000001154 0.500000000000574 0.000000000000095 699.987388903402575 3.499936931867239
0.448600000000000 1.000000000001153 0.500000000000573 0.000000000000096 699.987388903403598 3.499936931827088
0.448700000000000 1.000000000001154 0.500000000000574 0.000000000000098 699.987388903402689 3.499936931812315
0.448800000000000 1.000000000001154 0.500000000000574 0.000000000000099 699.987388903404280 3.499936931822798
0.448900000000000 1.000000000001156 0.500000000000574 0.000000000000099 699.987388903403712 3.499936931857957
0.449000000000000 1.000000000001154 0.500000000000574 0.000000000000101 699.987388903404053 3.499936931917815
0.449100000000000 1.000000000001155 0.500000000000574 0.000000000000104 699.987388903403257 3.499936932002669
0.449200000000000 1.000000000001155 0.500000000000574 0.000000000000107 699.987388903404167 3.499936932111758
0.449300000000000 1.000000000001154 0.500000000000574 0.000000000000110 699.987388903404963 3.499936932242901
0.449400000000000 1.000000000001157 0.500000000000575 0.000000000000111 699.987388903404508 3.499936932396135
0.449500000000000 1.000000000001156 0.500000000000574 0.000000000000112 699.987388903403939 3.499936932571071
0.449600000000000 1.000000000001154 0.500000000000575 0.000000000000114 699.987388903404508 3.499936932766845
0.449700000000000 1.000000000001156 0.500000000000576 0.000000000000119 699.987388903404849 3.499936932982631
0.449800000000000 1.000000000001156 0.500000000000575 0.000000000000122 699.987388903405417 3.499936933217310
0.449900000000000 1.000000000001157 0.500000000000575 0.000000000000125 699.987388903403485 3.499936933469900
0.450000000000000 1.000000000001158 0.500000000000576 0.000000000000129 699.987388903406327 3.499936933739808
0.450100000000000 1.000000000001157 0.500000000000576 0.000000000000132 699.987388903404963 3.499936934025525
0.450200000000000 1.000000000001158 0.500000000000576 0.000000000000134 699.987388903404963 3.499936934326365
0.450300000000000 1.000000000001158 0.500000000000576 0.000000000000138 699.987388903406554 3.499936934641358
0.450400000000000 1.000000000001158 0.500000000000576 0.000000000000141 699.987388903407009 3.499936934968512
0.450500000000000 1.000000000001160 0.500000000000576 0.000000000000146 699.987388903405872 3.499936935306215
0.450600000000000 1.000000000001160 0.500000000000577 0.000000000000149 699.987388903406668 3.499936935652692
0.450700000000000 1.000000000001158 0.500000000000577 0.000000000000151 699.987388903406327 3.499936936006455
0.450800000000000 1.000000000001159 0.500000000000576 0.000000000000154 699.987388903406782 3.499936936366296
0.450900000000000 1.000000000001160 0.500000000000576 0.000000000000155 699.987388903406782 3.499936936730738
0.451000000000000 1.000000000001160 0.500000000000577 0.000000000000158 699.987388903407691 3.499936937098582
0.451100000000000 1.000000000001161 0.500000000000576 0.000000000000162 699.987388903407464 3.499936937468930
0.451200000000000 1.000000000001161 0.500000000000577 0.000000000000164 699.987388903408146 3.499936937840474
0.451300000000000 1.000000000001161 0.500000000000578 0.000000000000168 699.987388903407918 3.499936938211455
0.451400000000000 1.000000000001161 0.500000000000577 0.000000000000175 699.987388903407577 3.499936938580595
0.451500000000000 1.000000000001161 0.500000000000578 0.000000000000178 699.987388903408146 3.499936938946458
0.451600000000000 1.000000000001162 0.500000000000578 0.000000000000182 699.987388903408259 3.499936939307544
0.451700000000000 1.000000000001163 0.500000000000578 0.000000000000184 699.987388903408373 3.499936939662909
0.451800000000000 1.000000000001163 0.500000000000578 0.000000000000188 699.987388903409965 3.499936940011694
0.451900000000000 1.000000000001163 0.500000000000578 0.000000000000190 699.987388903408601 3.499936940352449
0.452000000000000 1.000000000001162 0.500000000000578 0.000000000000194 699.987388903408828 3.499936940683545
0.452100000000000 1.000000000001164 0.500000000000578 0.000000000000196 699.987388903409283 3.499936941003515
0.452200000000000 1.000000000001163 0.500000000000578 0.000000000000199 699.987388903409624 3.499936941311439
0.452300000000000 1.000000000001164 0.500000000000579 0.000000000000204 699.987388903409965 3.499936941607587
0.452400000000000 1.000000000001164 0.500000000000579 0.000000000000206 699.987388903409851 3.499936941891411
0.452500000000000 1.000000000001163 0.500000000000579 0.000000000000208 699.987388903410306 3.499936942161774
0.452600000000000 1.000000000001164 0.500000000000579 0.000000000000210 699.987388903410647 3.499936942417590
0.452700000000000 1.000000000001166 0.500000000000579 0.000000000000214 699.987388903410874 3.499936942658497
0.452800000000000 1.000000000001163 0.500000000000579 0.000000000000217 699.987388903410988 3.499936942884323
0.452900000000000 1.000000000001164 0.500000000000580 0.000000000000220 699.987388903410874 3.499936943094828
0.453000000000000 1.000000000001166 0.500000000000580 0.000000000000224 699.987388903411215 3.499936943289875
0.453100000000000 1.000000000001166 0.500000000000580 0.000000000000227 699.987388903412239 3.499936943469308
0.453200000000000 1.000000000001165 0.500000000000580 0.000000000000230 699.987388903412466 3.499936943633347
0.453300000000000 1.000000000001166 0.500000000000580 0.000000000000233 699.987388903411784 3.499936943782284
0.453400000000000 1.000000000001167 0.500000000000580 0.000000000000235 699.987388903412807 3.499936943916053
0.453500000000000 1.000000000001167 0.500000000000581 0.000000000000237 699.987388903412807 3.499936944034656
0.453600000000000 1.000000000001168 0.500000000000581 0.000000000000240 699.987388903411897 3.499936944138664
0.453700000000000 1.000000000001166 0.500000000000581 0.000000000000243 699.987388903412352 3.499936944228239
0.453800000000000 1.000000000001166 0.500000000000582 0.000000000000245 699.987388903412580 3.499936944303844
0.453900000000000 1.000000000001167 0.500000000000581 0.000000000000248 699.987388903411670 3.499936944366060
0.454000000000000 1.000000000001167 0.500000000000581 0.000000000000250 699.987388903412239 3.499936944415559
0.454100000000000 1.000000000001168 0.500000000000582 0.000000000000250 699.987388903413375 3.499936944453166
0.454200000000000 1.000000000001169 0.500000000000582 0.000000000000250 699.987388903412125 3.499936944479639
0.454300000000000 1.000000000001168 0.500000000000582 0.000000000000251 699.987388903413716 3.499936944495726
0.454400000000000 1.000000000001169 0.500000000000582 0.000000000000251 699.987388903412807 3.499936944502230
0.454500000000000 1.000000000001168 0.500000000000582 0.000000000000253 699.987388903414057 3.499936944500049
0.454600000000000 1.000000000001168 0.500000000000582 0.000000000000257 699.987388903414285 3.499936944490009
0.454700000000000 1.000000000001169 0.500000000000582 0.000000000000259 699.987388903414057 3.499936944473160
0.454800000000000 1.000000000001170 0.500000000000582 0.000000000000261 699.987388903414057 3.499936944450428
0.454900000000000 1.000000000001169 0.500000000000582 0.000000000000262 699.987388903414057 3.499936944422640
0.455000000000000 1.000000000001168 0.500000000000582 0.000000000000264 699.987388903414626 3.499936944390712
0.455100000000000 1.000000000001170 0.500000000000583 0.000000000000265 699.987388903415649 3.499936944355447
0.455200000000000 1.000000000001169 0.500000000000583 0.000000000000266 699.987388903415194 3.499936944317801
0.455300000000000 1.000000000001170 0.500000000000583 0.000000000000267 699.987388903414057 3.499936944278538
0.455400000000000 1.000000000001171 0.500000000000582 0.000000000000267 699.987388903414285 3.499936944238458
0.455500000000000 1.000000000001170 0.500000000000583 0.000000000000268 699.987388903415194 3.499936944198327
0.455600000000000 1.000000000001171 0.500000000000583 0.000000000000268 699.987388903414512 3.499936944158994
0.455700000000000 1.000000000001171 0.500000000000583 0.000000000000267 699.987388903415422 3.499936944121169
0.455800000000000 1.000000000001172 0.500000000000584 0.000000000000268 699.987388903415081 3.499936944085470
0.455900000000000 1.000000000001172 0.500000000000584 0.000000000000270 699.987388903415763 3.499936944052606
0.456000000000000 1.000000000001172 0.500000000000584 0.000000000000271 699.987388903414967 3.499936944023193
0.456100000000000 1.000000000001173 0.500000000000584 0.000000000000271 699.987388903415422 3.499936943997844
0.456200000000000 1.000000000001172 0.500000000000584 0.000000000000271 699.987388903415876 3.499936943976874
0.456300000000000 1.000000000001173 0.500000000000584 0.000000000000272 699.987388903416104 3.499936943960583
0.456400000000000 1.000000000001172 0.500000000000585 0.000000000000272 699.987388903416104 3.499936943948983
0.456500000000000 1.000000000001173 0.500000000000584 0.000000000000270 699.987388903416672 3.499936943942488
0.456600000000000 1.000000000001174 0.500000000000585 0.000000000000269 699.987388903417468 3.499936943941207
0.456700000000000 1.000000000001173 0.500000000000586 0.000000000000267 699.987388903417468 3.499936943944891
0.456800000000000 1.000000000001173 0.500000000000585 0.000000000000266 699.987388903416445 3.499936943953601
0.456900000000000 1.000000000001174 0.500000000000585 0.000000000000266 699.987388903416559 3.499936943967381
0.457000000000000 1.000000000001174 0.500000000000585 0.000000000000266 699.987388903417013 3.499936943985737
0.457100000000000 1.000000000001174 0.500000000000586 0.000000000000265 699.987388903416559 3.499936944008341
0.457200000000000 1.000000000001175 0.500000000000586 0.000000000000267 699.987388903418378 3.499936944035141
0.457300000000000 1.000000000001174 0.500000000000586 0.000000000000264 699.987388903418378 3.499936944065780
0.457400000000000 1.000000000001175 0.500000000000586 0.000000000000263 699.987388903418832 3.499936944099577
0.457500000000000 1.000000000001175 0.500000000000585 0.000000000000261 699.987388903418832 3.499936944136017
0.457600000000000 1.000000000001176 0.500000000000586 0.000000000000259 699.987388903417923 3.499936944174489
0.457700000000000 1.000000000001176 0.500000000000586 0.000000000000256 699.987388903417468 3.499936944214229
0.457800000000000 1.000000000001175 0.500000000000587 0.000000000000255 699.987388903418832 3.499936944254354
0.457900000000000 1.000000000001176 0.500000000000587 0.000000000000255 699.987388903418832 3.499936944294153
0.458000000000000 1.000000000001176 0.500000000000587 0.000000000000253 699.987388903419287 3.499936944332837
0.458100000000000 1.000000000001176 0.500000000000587 0.000000000000253 699.987388903419514 3.499936944369576
0.458200000000000 1.000000000001178 0.500000000000587 0.000000000000253 699.987388903418832 3.499936944403663
0.458300000000000 1.000000000001179 0.500000000000587 0.000000000000251 699.987388903419856 3.499936944434149
0.458400000000000 1.000000000001177 0.500000000000587 0.000000000000249 699.987388903420197 3.499936944460186
0.458500000000000 1.000000000001178 0.500000000000588 0.000000000000248 699.987388903420197 3.499936944480618
0.458600000000000 1.000000000001179 0.500000000000588 0.000000000000248 699.987388903420197 3.499936944494844
0.458700000000000 1.000000000001177 0.500000000000588 0.000000000000245 699.987388903420197 3.499936944501818
0.458800000000000 1.000000000001178 0.500000000000588 0.000000000000243 699.987388903419969 3.499936944500605
0.458900000000000 1.000000000001178 0.500000000000588 0.000000000000242 699.987388903420651 3.499936944490294
0.459000000000000 1.000000000001181 0.500000000000589 0.000000000000242 699.987388903421106 3.499936944470008
0.459100000000000 1.000000000001178 0.500000000000589 0.000000000000238 699.987388903421333 3.499936944439066
0.459200000000000 1.000000000001178 0.500000000000589 0.000000000000237 699.987388903420651 3.499936944396641
0.459300000000000 1.000000000001179 0.500000000000588 0.000000000000236 699.987388903421447 3.499936944342003
0.459400000000000 1.000000000001181 0.500000000000589 0.000000000000235 699.987388903421106 3.499936944274344
0.459500000000000 1.000000000001180 0.500000000000589 0.000000000000233 699.987388903422129 3.499936944193350
0.459600000000000 1.000000000001182 0.500000000000589 0.000000000000233 699.987388903422357 3.499936944098225
0.459700000000000 1.000000000001181 0.500000000000590 0.000000000000232 699.987388903421788 3.499936943988617
0.459800000000000 1.000000000001181 0.500000000000590 0.000000000000230 699.987388903420992 3.499936943863868
0.459900000000000 1.000000000001181 0.500000000000590 0.000000000000229 699.987388903422925 3.499936943723918
0.460000000000000 1.000000000001181 0.500000000000590 0.000000000000225 699.987388903423835 3.499936943568640
0.460100000000000 1.000000000001181 0.500000000000590 0.000000000000222 699.987388903422243 3.499936943397911
0.460200000000000 1.000000000001183 0.500000000000589 0.000000000000218 699.987388903422811 3.499936943211635
0.460300000000000 1.000000000001181 0.500000000000591 0.000000000000219 699.987388903422243 3.499936943009926
0.460400000000000 1.000000000001182 0.500000000000590 0.000000000000216 699.987388903422357 3.499936942793000
0.460500000000000 1.000000000001182 0.500000000000591 0.000000000000211 699.987388903422925 3.499936942560841
0.460600000000000 1.000000000001182 0.500000000000591 0.000000000000210 699.987388903422925 3.499936942313393
0.460700000000000 1.000000000001183 0.500000000000591 0.000000000000209 699.987388903423494 3.499936942051246
0.460800000000000 1.000000000001182 0.500000000000591 0.000000000000208 699.987388903424062 3.499936941775175
0.460900000000000 1.000000000001183 0.500000000000591 0.000000000000206 699.987388903424062 3.499936941486289
0.461000000000000 1.000000000001184 0.500000000000592 0.000000000000204 699.987388903424517 3.499936941185370
0.461100000000000 1.000000000001184 0.500000000000592 0.000000000000202 699.987388903423380 3.499936940873114
0.461200000000000 1.000000000001185 0.500000000000592 0.000000000000198 699.987388903423494 3.499936940550149
0.461300000000000 1.000000000001185 0.500000000000591 0.000000000000196 699.987388903424517 3.499936940217250
0.461400000000000 1.000000000001184 0.500000000000592 0.000000000000192 699.987388903424858 3.499936939874917
0.461500000000000 1.000000000001185 0.500000000000592 0.000000000000188 699.987388903426108 3.499936939524519
0.461600000000000 1.000000000001186 0.500000000000592 0.000000000000186 699.987388903424403 3.499936939167036
0.461700000000000 1.000000000001185 0.500000000000592 0.000000000000182 699.987388903425767 3.499936938803745
0.461800000000000 1.000000000001186 0.500000000000592 0.000000000000178 699.987388903425881 3.499936938436008
0.461900000000000 1.000000000001186 0.500000000000592 0.000000000000176 699.987388903425881 3.499936938065066
0.462000000000000 1.000000000001187 0.500000000000593 0.000000000000174 699.987388903426563 3.499936937692551
0.462100000000000 1.000000000001185 0.500000000000593 0.000000000000171 699.987388903426336 3.499936937319871
0.462200000000000 1.000000000001186 0.500000000000593 0.000000000000168 699.987388903426108 3.499936936947960
0.462300000000000 1.000000000001187 0.500000000000592 0.000000000000166 699.987388903426790 3.499936936578516
0.462400000000000 1.000000000001187 0.500000000000593 0.000000000000163 699.987388903426108 3.499936936212825
0.462500000000000 1.000000000001187 0.500000000000593 0.000000000000160 699.987388903426904 3.499936935853110
0.462600000000000 1.000000000001187 0.500000000000594 0.000000000000157 699.987388903426108 3.499936935500556
0.462700000000000 1.000000000001187 0.500000000000593 0.000000000000154 699.987388903427245 3.499936935156456
0.462800000000000 1.000000000001187 0.500000000000594 0.000000000000152 699.987388903427245 3.499936934822173
0.462900000000000 1.000000000001188 0.500000000000594 0.000000000000147 699.987388903427359 3.499936934499263
0.463000000000000 1.000000000001190 0.500000000000594 0.000000000000144 699.987388903427473 3.499936934189729
0.463100000000000 1.000000000001188 0.500000000000594 0.000000000000141 699.987388903428382 3.499936933895184
0.463200000000000 1.000000000001190 0.500000000000594 0.000000000000138 699.987388903427700 3.499936933616276
0.463300000000000 1.000000000001189 0.500000000000594 0.000000000000135 699.987388903428609 3.499936933354168
0.463400000000000 1.000000000001189 0.500000000000595 0.000000000000131 699.987388903428837 3.499936933110005
0.463500000000000 1.000000000001189 0.500000000000595 0.000000000000127 699.987388903427245 3.499936932884439
0.463600000000000 1.000000000001189 0.500000000000594 0.000000000000124 699.987388903428382 3.499936932678406
0.463700000000000 1.000000000001190 0.500000000000595 0.000000000000121 699.987388903428382 3.499936932492592
0.463800000000000 1.000000000001191 0.500000000000595 0.000000000000117 699.987388903428382 3.499936932327521
0.463900000000000 1.000000000001191 0.500000000000596 0.000000000000114 699.987388903429064 3.499936932184818
0.464000000000000 1.000000000001192 0.500000000000595 0.000000000000111 699.987388903428496 3.499936932064762
0.464100000000000 1.000000000001191 0.500000000000595 0.000000000000110 699.987388903430087 3.499936931966903
0.464200000000000 1.000000000001193 0.500000000000596 0.000000000000106 699.987388903430542 3.499936931892686
0.464300000000000 1.000000000001192 0.500000000000596 0.000000000000103 699.987388903429860 3.499936931842925
0.464400000000000 1.000000000001192 0.500000000000596 0.000000000000096 699.987388903429405 3.499936931817329
0.464500000000000 1.000000000001193 0.500000000000595 0.000000000000092 699.987388903430997 3.499936931816892
0.464600000000000 1.000000000001192 0.500000000000596 0.000000000000087 699.987388903431111 3.499936931842362
0.464700000000000 1.000000000001193 0.500000000000596 0.000000000000086 699.987388903431452 3.499936931893662
0.464800000000000 1.000000000001194 0.500000000000596 0.000000000000085 699.987388903431338 3.499936931969409
0.464900000000000 1.000000000001193 0.500000000000597 0.000000000000084 699.987388903430883 3.499936932067742
0.465000000000000 1.000000000001195 0.500000000000597 0.000000000000079 699.987388903431565 3.499936932188515
0.465100000000000 1.000000000001194 0.500000000000597 0.000000000000075 699.987388903430883 3.499936932332378
0.465200000000000 1.000000000001195 0.500000000000597 0.000000000000073 699.987388903432020 3.499936932498200
0.465300000000000 1.000000000001196 0.500000000000597 0.000000000000071 699.987388903432247 3.499936932685439
0.465400000000000 1.000000000001196 0.500000000000597 0.000000000000068 699.987388903432020 3.499936932893115
0.465500000000000 1.000000000001197 0.500000000000597 0.000000000000067 699.987388903432588 3.499936933119191
0.465600000000000 1.000000000001195 0.500000000000598 0.000000000000066 699.987388903432475 3.499936933362365
0.465700000000000 1.000000000001196 0.500000000000598 0.000000000000063 699.987388903433384 3.499936933623000
0.465800000000000 1.000000000001197 0.500000000000598 0.000000000000060 699.987388903433384 3.499936933901377
0.465900000000000 1.000000000001197 0.500000000000598 0.000000000000058 699.987388903433271 3.499936934195286
0.466000000000000 1.000000000001197 0.500000000000598 0.000000000000055 699.987388903433612 3.499936934502717
0.466100000000000 1.000000000001197 0.500000000000598 0.000000000000053 699.987388903433384 3.499936934823180
0.466200000000000 1.000000000001198 0.500000000000599 0.000000000000050 699.987388903434976 3.499936935155302
0.466300000000000 1.000000000001199 0.500000000000599 0.000000000000048 699.987388903434976 3.499936935497041
0.466400000000000 1.000000000001198 0.500000000000598 0.000000000000043 699.987388903434180 3.499936935846936
0.466500000000000 1.000000000001200 0.500000000000599 0.000000000000042 699.987388903434180 3.499936936203387
0.466600000000000 1.000000000001199 0.500000000000599 0.000000000000040 699.987388903435317 3.499936936565102
0.466700000000000 1.000000000001199 0.500000000000599 0.000000000000037 699.987388903434521 3.499936936931451
0.466800000000000 1.000000000001199 0.500000000000599 0.000000000000035 699.987388903435203 3.499936937301166
0.466900000000000 1.000000000001201 0.500000000000600 0.000000000000033 699.987388903435658 3.499936937672352
0.467000000000000 1.000000000001200 0.500000000000599 0.000000000000031 699.987388903436113 3.499936938044177
0.467100000000000 1.000000000001200 0.500000000000600 0.000000000000029 699.987388903435772 3.499936938415394
0.467200000000000 1.000000000001201 0.500000000000599 0.000000000000024 699.987388903435885 3.499936938783961
0.467300000000000 1.000000000001201 0.500000000000600 0.000000000000021 699.987388903436340 3.499936939147695
0.467400000000000 1.000000000001200 0.500000000000600 0.000000000000019 699.987388903435885 3.499936939505444
0.467500000000000 1.000000000001203 0.500000000000600 0.000000000000017 699.987388903436567 3.499936939856673
0.467600000000000 1.000000000001203 0.500000000000600 0.000000000000015 699.987388903437363 3.499936940200263
0.467700000000000 1.000000000001201 0.500000000000600 0.000000000000013 699.987388903437250 3.499936940535309
0.467800000000000 1.000000000001203 0.500000000000600 0.000000000000011 699.987388903437022 3.499936940860719
0.467900000000000 1.000000000001201 0.500000000000601 0.000000000000010 699.987388903437250 3.499936941175068
0.468000000000000 1.000000000001203 0.500000000000601 0.000000000000007 699.987388903436795 3.499936941477558
0.468100000000000 1.000000000001203 0.500000000000601 0.000000000000005 699.987388903438159 3.499936941767215
0.468200000000000 1.000000000001204 0.500000000000601 0.000000000000002 699.987388903438386 3.499936942043023
0.468300000000000 1.000000000001203 0.500000000000601 0.000000000000002 699.987388903437818 3.499936942304700
0.468400000000000 1.000000000001203 0.500000000000601 -0.000000000000001 699.987388903437591 3.499936942551807
0.468500000000000 1.000000000001204 0.500000000000601 -0.000000000000003 699.987388903438386 3.499936942784140
0.468600000000000 1.000000000001204 0.500000000000602 -0.000000000000004 699.987388903438614 3.499936943001408
0.468700000000000 1.000000000001204 0.500000000000602 -0.000000000000003 699.987388903437250 3.499936943203561
0.468800000000000 1.000000000001205 0.500000000000602 -0.000000000000005 699.987388903439296 3.499936943390375
0.468900000000000 1.000000000001204 0.500000000000601 -0.000000000000006 699.987388903439523 3.499936943561623
0.469000000000000 1.000000000001205 0.500000000000602 -0.000000000000008 699.987388903439069 3.499936943717283
0.469100000000000 1.000000000001205 0.500000000000602 -0.000000000000010 699.987388903439751 3.499936943857599
0.469200000000000 1.000000000001206 0.500000000000602 -0.000000000000009 699.987388903438728 3.499936943982748
0.469300000000000 1.000000000001206 0.500000000000601 -0.000000000000010 699.987388903439637 3.499936944093121
0.469400000000000 1.000000000001205 0.500000000000601 -0.000000000000013 699.987388903439523 3.499936944188841
0.469500000000000 1.000000000001207 0.500000000000602 -0.000000000000012 699.987388903439978 3.499936944270419
0.469600000000000 1.000000000001207 0.500000000000602 -0.000000000000011 699.987388903439523 3.499936944338526
0.469700000000000 1.000000000001207 0.500000000000603 -0.000000000000013 699.987388903440433 3.499936944393780
0.469800000000000 1.000000000001208 0.500000000000602 -0.000000000000013 699.987388903440660 3.499936944436864
0.469900000000000 1.000000000001207 0.500000000000602 -0.000000000000013 699.987388903440433 3.499936944468443
0.470000000000000 1.000000000001208 0.500000000000603 -0.000000000000015 699.987388903441911 3.499936944489177
0.470100000000000 1.000000000001208 0.500000000000603 -0.000000000000016 699.987388903441570 3.499936944500002
0.470200000000000 1.000000000001209 0.500000000000603 -0.000000000000015 699.987388903441797 3.499936944501711
0.470300000000000 1.000000000001210 0.500000000000603 -0.000000000000017 699.987388903441342 3.499936944495068
0.470400000000000 1.000000000001211 0.500000000000603 -0.000000000000018 699.987388903442252 3.499936944481107
0.470500000000000 1.000000000001209 0.500000000000603 -0.000000000000018 699.987388903443161 3.499936944460679
0.470600000000000 1.000000000001211 0.500000000000603 -0.000000000000021 699.987388903442934 3.499936944434701
0.470700000000000 1.000000000001210 0.500000000000604 -0.000000000000021 699.987388903442934 3.499936944404029
0.470800000000000 1.000000000001210 0.500000000000604 -0.000000000000023 699.987388903443389 3.499936944369606
0.470900000000000 1.000000000001210 0.500000000000604 -0.000000000000023 699.987388903443502 3.499936944332387
0.471000000000000 1.000000000001210 0.500000000000604 -0.000000000000022 699.987388903442707 3.499936944293356
0.471100000000000 1.000000000001213 0.500000000000604 -0.000000000000022 699.987388903443616 3.499936944253281
0.471200000000000 1.000000000001211 0.500000000000604 -0.000000000000023 699.987388903443502 3.499936944213003
0.471300000000000 1.000000000001213 0.500000000000604 -0.000000000000023 699.987388903443616 3.499936944173249
0.471400000000000 1.000000000001211 0.500000000000604 -0.000000000000022 699.987388903444071 3.499936944134589
0.471500000000000 1.000000000001213 0.500000000000604 -0.000000000000022 699.987388903444412 3.499936944097886
0.471600000000000 1.000000000001213 0.500000000000605 -0.000000000000021 699.987388903444753 3.499936944063950
0.471700000000000 1.000000000001213 0.500000000000604 -0.000000000000021 699.987388903444526 3.499936944033667
0.471800000000000 1.000000000001214 0.500000000000605 -0.000000000000021 699.987388903444867 3.499936944007105
0.471900000000000 1.000000000001212 0.500000000000604 -0.000000000000021 699.987388903444753 3.499936943984519
0.472000000000000 1.000000000001214 0.500000000000605 -0.000000000000020 699.987388903443275 3.499936943966171
0.472100000000000 1.000000000001213 0.500000000000605 -0.000000000000019 699.987388903444753 3.499936943952517
0.472200000000000 1.000000000001214 0.500000000000605 -0.000000000000018 699.987388903445208 3.499936943943687
0.472300000000000 1.000000000001213 0.500000000000605 -0.000000000000019 699.987388903444526 3.499936943939856
0.472400000000000 1.000000000001213 0.500000000000605 -0.000000000000016 699.987388903445890 3.499936943940974
0.472500000000000 1.000000000001214 0.500000000000605 -0.000000000000017 699.987388903445321 3.499936943946982
0.472600000000000 1.000000000001213 0.500000000000605 -0.000000000000016 699.987388903444980 3.499936943957825
0.472700000000000 1.000000000001212 0.500000000000605 -0.000000000000013 699.987388903445662 3.499936943973553
0.472800000000000 1.000000000001215 0.500000000000605 -0.000000000000014 699.987388903445890 3.499936943993939
0.472900000000000 1.000000000001214 0.500000000000605 -0.000000000000015 699.987388903445435 3.499936944018698
0.473000000000000 1.000000000001216 0.500000000000605 -0.000000000000017 699.987388903446345 3.499936944047385
0.473100000000000 1.000000000001215 0.500000000000605 -0.000000000000017 699.987388903445890 3.499936944079732
0.473200000000000 1.000000000001215 0.500000000000605 -0.000000000000017 699.987388903446572 3.499936944115365
0.473300000000000 1.000000000001214 0.500000000000605 -0.000000000000016 699.987388903445890 3.499936944153299
0.473400000000000 1.000000000001214 0.500000000000605 -0.000000000000017 699.987388903446572 3.499936944192810
0.473500000000000 1.000000000001214 0.500000000000606 -0.000000000000015 699.987388903446458 3.499936944233280
0.473600000000000 1.000000000001216 0.500000000000606 -0.000000000000015 699.987388903447027 3.499936944273859
0.473700000000000 1.000000000001217 0.500000000000605 -0.000000000000012 699.987388903447254 3.499936944313654
0.473800000000000 1.000000000001216 0.500000000000606 -0.000000000000013 699.987388903446799 3.499936944351711
0.473900000000000 1.000000000001217 0.500000000000606 -0.000000000000013 699.987388903447254 3.499936944387429
0.474000000000000 1.000000000001217 0.500000000000606 -0.000000000000011 699.987388903447595 3.499936944419917
0.474100000000000 1.000000000001218 0.500000000000606 -0.000000000000007 699.987388903447595 3.499936944448341
0.474200000000000 1.000000000001218 0.500000000000607 -0.000000000000005 699.987388903447481 3.499936944471647
0.474300000000000 1.000000000001219 0.500000000000606 -0.000000000000005 699.987388903448050 3.499936944489021
0.474400000000000 1.000000000001219 0.500000000000607 -0.000000000000004 699.987388903448505 3.499936944499340
0.474500000000000 1.000000000001218 0.500000000000606 -0.000000000000001 699.987388903448391 3.499936944501869
0.474600000000000 1.000000000001219 0.500000000000607 0.000000000000002 699.987388903448164 3.499936944495651
0.474700000000000 1.000000000001219 0.500000000000608 0.000000000000002 699.987388903449073 3.499936944479842
0.474800000000000 1.000000000001218 0.500000000000608 0.000000000000006 699.987388903449073 3.499936944453726
0.474900000000000 1.000000000001219 0.500000000000607 0.000000000000008 699.987388903449528 3.499936944416468
0.475000000000000 1.000000000001220 0.500000000000607 0.000000000000009 699.987388903449528 3.499936944367166
0.475100000000000 1.000000000001221 0.500000000000607 0.000000000000011 699.987388903450096 3.499936944305204
0.475200000000000 1.000000000001219 0.500000000000607 0.000000000000012 699.987388903450437 3.499936944229987
0.475300000000000 1.000000000001221 0.500000000000608 0.000000000000015 699.987388903450892 3.499936944140921
0.475400000000000 1.000000000001220 0.500000000000607 0.000000000000015 699.987388903449073 3.499936944037615
0.475500000000000 1.000000000001221 0.500000000000608 0.000000000000017 699.987388903449869 3.499936943919711
0.475600000000000 1.000000000001221 0.500000000000608 0.000000000000018 699.987388903450210 3.499936943786776
0.475700000000000 1.000000000001223 0.500000000000608 0.000000000000023 699.987388903450437 3.499936943638418
0.475800000000000 1.000000000001221 0.500000000000608 0.000000000000023 699.987388903450210 3.499936943474570
0.475900000000000 1.000000000001221 0.500000000000608 0.000000000000023 699.987388903450665 3.499936943295270
0.476000000000000 1.000000000001221 0.500000000000608 0.000000000000027 699.987388903451233 3.499936943100276
0.476100000000000 1.000000000001222 0.500000000000608 0.000000000000031 699.987388903451688 3.499936942889815
0.476200000000000 1.000000000001223 0.500000000000609 0.000000000000033 699.987388903451233 3.499936942664033
0.476300000000000 1.000000000001222 0.500000000000609 0.000000000000034 699.987388903452029 3.499936942423054
0.476400000000000 1.000000000001223 0.500000000000609 0.000000000000034 699.987388903452256 3.499936942167666
0.476500000000000 1.000000000001222 0.500000000000609 0.000000000000037 699.987388903451802 3.499936941898566
0.476600000000000 1.000000000001224 0.500000000000609 0.000000000000038 699.987388903452938 3.499936941615879
0.476700000000000 1.000000000001224 0.500000000000608 0.000000000000039 699.987388903451119 3.499936941320635
0.476800000000000 1.000000000001223 0.500000000000609 0.000000000000040 699.987388903452938 3.499936941013505
0.476900000000000 1.000000000001225 0.500000000000609 0.000000000000043 699.987388903453393 3.499936940695042
0.477000000000000 1.000000000001225 0.500000000000609 0.000000000000047 699.987388903452938 3.499936940365823
0.477100000000000 1.000000000001224 0.500000000000610 0.000000000000049 699.987388903453621 3.499936940026791
0.477200000000000 1.000000000001225 0.500000000000610 0.000000000000051 699.987388903453166 3.499936939678923
0.477300000000000 1.000000000001225 0.500000000000609 0.000000000000050 699.987388903452938 3.499936939323482
0.477400000000000 1.000000000001226 0.500000000000610 0.000000000000054 699.987388903453279 3.499936938962053
0.477500000000000 1.000000000001228 0.500000000000610 0.000000000000057 699.987388903454189 3.499936938595777
0.477600000000000 1.000000000001225 0.500000000000610 0.000000000000059 699.987388903454075 3.499936938225765
0.477700000000000 1.000000000001225 0.500000000000610 0.000000000000064 699.987388903454530 3.499936937853071
0.477800000000000 1.000000000001226 0.500000000000610 0.000000000000064 699.987388903454416 3.499936937478970
0.477900000000000 1.000000000001227 0.500000000000610 0.000000000000067 699.987388903453848 3.499936937105124
0.478000000000000 1.000000000001228 0.500000000000611 0.000000000000071 699.987388903453166 3.499936936733676
0.478100000000000 1.000000000001228 0.500000000000610 0.000000000000073 699.987388903454871 3.499936936366739
0.478200000000000 1.000000000001228 0.500000000000610 0.000000000000076 699.987388903454530 3.499936936005274
0.478300000000000 1.000000000001228 0.500000000000610 0.000000000000078 699.987388903454757 3.499936935649571
0.478400000000000 1.000000000001230 0.500000000000611 0.000000000000081 699.987388903455667 3.499936935300824
0.478500000000000 1.000000000001227 0.500000000000611 0.000000000000083 699.987388903454871 3.499936934961394
0.478600000000000 1.000000000001229 0.500000000000611 0.000000000000087 699.987388903455326 3.499936934633145
0.478700000000000 1.000000000001229 0.500000000000611 0.000000000000089 699.987388903454303 3.499936934317967
0.478800000000000 1.000000000001230 0.500000000000612 0.000000000000092 699.987388903455894 3.499936934016507
0.478900000000000 1.000000000001231 0.500000000000611 0.000000000000093 699.987388903455894 3.499936933729623
0.479000000000000 1.000000000001230 0.500000000000612 0.000000000000094 699.987388903457258 3.499936933459181
0.479100000000000 1.000000000001229 0.500000000000612 0.000000000000096 699.987388903456576 3.499936933206385
0.479200000000000 1.000000000001228 0.500000000000612 0.000000000000099 699.987388903456122 3.499936932971998
0.479300000000000 1.000000000001229 0.500000000000612 0.000000000000103 699.987388903456122 3.499936932757088
0.479400000000000 1.000000000001230 0.500000000000612 0.000000000000106 699.987388903457258 3.499936932562287
0.479500000000000 1.000000000001230 0.500000000000612 0.000000000000109 699.987388903456235 3.499936932388302
0.479600000000000 1.000000000001230 0.500000000000612 0.000000000000111 699.987388903457486 3.499936932236297
0.479700000000000 1.000000000001231 0.500000000000613 0.000000000000113 699.987388903457031 3.499936932106816
0.479800000000000 1.000000000001233 0.500000000000613 0.000000000000116 699.987388903458168 3.499936932000591
0.479900000000000 1.000000000001232 0.500000000000613 0.000000000000120 699.987388903458054 3.499936931917840
0.480000000000000 1.000000000001233 0.500000000000614 0.000000000000123 699.987388903458168 3.499936931858738
0.480100000000000 1.000000000001235 0.500000000000613 0.000000000000126 699.987388903458395 3.499936931824473
0.480200000000000 1.000000000001233 0.500000000000613 0.000000000000128 699.987388903459077 3.499936931814863
0.480300000000000 1.000000000001232 0.500000000000613 0.000000000000131 699.987388903459077 3.499936931829350
0.480400000000000 1.000000000001234 0.500000000000613 0.000000000000134 699.987388903458850 3.499936931868708
0.480500000000000 1.000000000001233 0.500000000000613 0.000000000000137 699.987388903458623 3.499936931933226
0.480600000000000 1.000000000001233 0.500000000000614 0.000000000000139 699.987388903459419 3.499936932022060
0.480700000000000 1.000000000001235 0.500000000000614 0.000000000000143 699.987388903459305 3.499936932132789
0.480800000000000 1.000000000001233 0.500000000000614 0.000000000000144 699.987388903459077 3.499936932264006
0.480900000000000 1.000000000001234 0.500000000000614 0.000000000000147 699.987388903459532 3.499936932416890
0.481000000000000 1.000000000001236 0.500000000000614 0.000000000000151 699.987388903459532 3.499936932590894
0.481100000000000 1.000000000001234 0.500000000000613 0.000000000000151 699.987388903460214 3.499936932785296
0.481200000000000 1.000000000001234 0.500000000000614 0.000000000000155 699.987388903460214 3.499936932999689
0.481300000000000 1.000000000001235 0.500000000000614 0.000000000000157 699.987388903458395 3.499936933234254
0.481400000000000 1.000000000001235 0.500000000000615 0.000000000000161 699.987388903460896 3.499936933488432
0.481500000000000 1.000000000001235 0.500000000000615 0.000000000000163 699.987388903460214 3.499936933760485
0.481600000000000 1.000000000001235 0.500000000000615 0.000000000000166 699.987388903460896 3.499936934048909
0.481700000000000 1.000000000001235 0.500000000000615 0.000000000000168 699.987388903460669 3.499936934352361
0.481800000000000 1.000000000001236 0.500000000000615 0.000000000000169 699.987388903461238 3.499936934668994
0.481900000000000 1.000000000001235 0.500000000000615 0.000000000000170 699.987388903461465 3.499936934997259
0.482000000000000 1.000000000001237 0.500000000000615 0.000000000000173 699.987388903459987 3.499936935336572
0.482100000000000 1.000000000001237 0.500000000000616 0.000000000000176 699.987388903461579 3.499936935685214
0.482200000000000 1.000000000001237 0.500000000000616 0.000000000000179 699.987388903461238 3.499936936041589
0.482300000000000 1.000000000001237 0.500000000000616 0.000000000000181 699.987388903462261 3.499936936404067
0.482400000000000 1.000000000001239 0.500000000000616 0.000000000000182 699.987388903461692 3.499936936770997
0.482500000000000 1.000000000001237 0.500000000000616 0.000000000000182 699.987388903461579 3.499936937140772
0.482600000000000 1.000000000001238 0.500000000000616 0.000000000000184 699.987388903462033 3.499936937512258
0.482700000000000 1.000000000001238 0.500000000000616 0.000000000000187 699.987388903461351 3.499936937884209
0.482800000000000 1.000000000001239 0.500000000000616 0.000000000000189 699.987388903462488 3.499936938254931
0.482900000000000 1.000000000001240 0.500000000000617 0.000000000000192 699.987388903462602 3.499936938622984
0.483000000000000 1.000000000001238 0.500000000000616 0.000000000000195 699.987388903462261 3.499936938987247
0.483100000000000 1.000000000001239 0.500000000000617 0.000000000000198 699.987388903463852 3.499936939346948
0.483200000000000 1.000000000001239 0.500000000000617 0.000000000000199 699.987388903462829 3.499936939700915
0.483300000000000 1.000000000001240 0.500000000000617 0.000000000000200 699.987388903463398 3.499936940047526
0.483400000000000 1.000000000001241 0.500000000000618 0.000000000000202 699.987388903463170 3.499936940386082
0.483500000000000 1.000000000001241 0.500000000000618 0.000000000000202 699.987388903463625 3.499936940715723
0.483600000000000 1.000000000001240 0.500000000000618 0.000000000000204 699.987388903464534 3.499936941034906
0.483700000000000 1.000000000001240 0.500000000000618 0.000000000000207 699.987388903463966 3.499936941342553
0.483800000000000 1.000000000001241 0.500000000000617 0.000000000000207 699.987388903463170 3.499936941637859
0.483900000000000 1.000000000001241 0.500000000000618 0.000000000000209 699.987388903464534 3.499936941919807
0.484000000000000 1.000000000001241 0.500000000000618 0.000000000000213 699.987388903464534 3.499936942188174
0.484100000000000 1.000000000001242 0.500000000000618 0.000000000000214 699.987388903464648 3.499936942442654
0.484200000000000 1.000000000001241 0.500000000000618 0.000000000000214 699.987388903465103 3.499936942682797
0.484300000000000 1.000000000001243 0.500000000000619 0.000000000000216 699.987388903464534 3.499936942907917
0.484400000000000 1.000000000001243 0.500000000000619 0.000000000000217 699.987388903465671 3.499936943117626
0.484500000000000 1.000000000001242 0.500000000000619 0.000000000000216 699.987388903465217 3.499936943311523
0.484600000000000 1.000000000001243 0.500000000000619 0.000000000000216 699.987388903466467 3.499936943489676
0.484700000000000 1.000000000001242 0.500000000000619 0.000000000000216 699.987388903466581 3.499936943652305
0.484800000000000 1.000000000001243 0.500000000000619 0.000000000000217 699.987388903465785 3.499936943799642
0.484900000000000 1.000000000001244 0.500000000000620 0.000000000000217 699.987388903465899 3.499936943931591
0.485000000000000 1.000000000001245 0.500000000000620 0.000000000000218 699.987388903467036 3.499936944048237
0.485100000000000 1.000000000001245 0.500000000000620 0.000000000000220 699.987388903467036 3.499936944149940
0.485200000000000 1.000000000001245 0.500000000000620 0.000000000000221 699.987388903467604 3.499936944237300
0.485300000000000 1.000000000001245 0.500000000000621 0.000000000000220 699.987388903467149 3.499936944311010
0.485400000000000 1.000000000001245 0.500000000000621 0.000000000000221 699.987388903467490 3.499936944371616
0.485500000000000 1.000000000001246 0.500000000000621 0.000000000000220 699.987388903466808 3.499936944419741
0.485600000000000 1.000000000001246 0.500000000000620 0.000000000000220 699.987388903466467 3.499936944456086
0.485700000000000 1.000000000001247 0.500000000000621 0.000000000000220 699.987388903468400 3.499936944481299
0.485800000000000 1.000000000001247 0.500000000000621 0.000000000000218 699.987388903467831 3.499936944496227
0.485900000000000 1.000000000001246 0.500000000000621 0.000000000000218 699.987388903468627 3.499936944501738
0.486000000000000 1.000000000001246 0.500000000000621 0.000000000000219 699.987388903467831 3.499936944498518
0.486100000000000 1.000000000001246 0.500000000000622 0.000000000000221 699.987388903468059 3.499936944487597
0.486200000000000 1.000000000001247 0.500000000000622 0.000000000000221 699.987388903468627 3.499936944469832
0.486300000000000 1.000000000001246 0.500000000000622 0.000000000000224 699.987388903468855 3.499936944446123
0.486400000000000 1.000000000001247 0.500000000000622 0.000000000000223 699.987388903469537 3.499936944417493
0.486500000000000 1.000000000001247 0.500000000000622 0.000000000000224 699.987388903468855 3.499936944384707
0.486600000000000 1.000000000001249 0.500000000000623 0.000000000000222 699.987388903469537 3.499936944348709
0.486700000000000 1.000000000001249 0.500000000000623 0.000000000000224 699.987388903469537 3.499936944310539
0.486800000000000 1.000000000001250 0.500000000000623 0.000000000000224 699.987388903469196 3.499936944270820
0.486900000000000 1.000000000001249 0.500000000000623 0.000000000000226 699.987388903469650 3.499936944230597
0.487000000000000 1.000000000001248 0.500000000000623 0.000000000000225 699.987388903469991 3.499936944190706
0.487100000000000 1.000000000001250 0.500000000000624 0.000000000000226 699.987388903470560 3.499936944151655
0.487200000000000 1.000000000001252 0.500000000000623 0.000000000000225 699.987388903469537 3.499936944114193
0.487300000000000 1.000000000001250 0.500000000000624 0.000000000000225 699.987388903470901 3.499936944078875
0.487400000000000 1.000000000001250 0.500000000000624 0.000000000000225 699.987388903471128 3.499936944046460
0.487500000000000 1.000000000001251 0.500000000000624 0.000000000000225 699.987388903471583 3.499936944017672
0.487600000000000 1.000000000001251 0.500000000000624 0.000000000000225 699.987388903470105 3.499936943992939
0.487700000000000 1.000000000001252 0.500000000000624 0.000000000000226 699.987388903471810 3.499936943972356
0.487800000000000 1.000000000001252 0.500000000000624 0.000000000000225 699.987388903472038 3.499936943956385
0.487900000000000 1.000000000001251 0.500000000000624 0.000000000000226 699.987388903471810 3.499936943945349
0.488000000000000 1.000000000001253 0.500000000000624 0.000000000000223 699.987388903471583 3.499936943939173
0.488100000000000 1.000000000001250 0.500000000000624 0.000000000000223 699.987388903472265 3.499936943937707
0.488200000000000 1.000000000001254 0.500000000000625 0.000000000000221 699.987388903471924 3.499936943941213
0.488300000000000 1.000000000001253 0.500000000000624 0.000000000000221 699.987388903472493 3.499936943949973
0.488400000000000 1.000000000001254 0.500000000000625 0.000000000000220 699.987388903472493 3.499936943963719
0.488500000000000 1.000000000001254 0.500000000000625 0.000000000000219 699.987388903472265 3.499936943982459
0.488600000000000 1.000000000001253 0.500000000000625 0.000000000000218 699.987388903471583 3.499936944005863
0.488700000000000 1.000000000001254 0.500000000000625 0.000000000000220 699.987388903473288 3.499936944033541
0.488800000000000 1.000000000001254 0.500000000000625 0.000000000000220 699.987388903473175 3.499936944064903
0.488900000000000 1.000000000001255 0.500000000000626 0.000000000000218 699.987388903474539 3.499936944099341
0.489000000000000 1.000000000001256 0.500000000000626 0.000000000000216 699.987388903472493 3.499936944136308
0.489100000000000 1.000000000001255 0.500000000000626 0.000000000000213 699.987388903473857 3.499936944175187
0.489200000000000 1.000000000001254 0.500000000000626 0.000000000000213 699.987388903473402 3.499936944215228
0.489300000000000 1.000000000001255 0.500000000000626 0.000000000000209 699.987388903473402 3.499936944255613
0.489400000000000 1.000000000001255 0.500000000000626 0.000000000000209 699.987388903473857 3.499936944295642
0.489500000000000 1.000000000001256 0.500000000000626 0.000000000000209 699.987388903473629 3.499936944334550
0.489600000000000 1.000000000001257 0.500000000000627 0.000000000000207 699.987388903474539 3.499936944371438
0.489700000000000 1.000000000001255 0.500000000000626 0.000000000000205 699.987388903474766 3.499936944405565
0.489800000000000 1.000000000001255 0.500000000000626 0.000000000000206 699.987388903475562 3.499936944435930
0.489900000000000 1.000000000001257 0.500000000000627 0.000000000000206 699.987388903474994 3.499936944461573
0.490000000000000 1.000000000001257 0.500000000000628 0.000000000000203 699.987388903475107 3.499936944481671
0.490100000000000 1.000000000001257 0.500000000000627 0.000000000000201 699.987388903476358 3.499936944495244
0.490200000000000 1.000000000001258 0.500000000000628 0.000000000000202 699.987388903475903 3.499936944501368
0.490300000000000 1.000000000001257 0.500000000000627 0.000000000000199 699.987388903476472 3.499936944499178
0.490400000000000 1.000000000001257 0.500000000000627 0.000000000000199 699.987388903475676 3.499936944487793
0.490500000000000 1.000000000001258 0.500000000000628 0.000000000000195 699.987388903476358 3.499936944466283
0.490600000000000 1.000000000001260 0.500000000000628 0.000000000000192 699.987388903476131 3.499936944433902
0.490700000000000 1.000000000001259 0.500000000000628 0.000000000000192 699.987388903477836 3.499936944389863
0.490800000000000 1.000000000001260 0.500000000000628 0.000000000000191 699.987388903476813 3.499936944333597
0.490900000000000 1.000000000001261 0.500000000000628 0.000000000000192 699.987388903477722 3.499936944264474
0.491000000000000 1.000000000001259 0.500000000000628 0.000000000000191 699.987388903477495 3.499936944182080
0.491100000000000 1.000000000001260 0.500000000000629 0.000000000000189 699.987388903477722 3.499936944085721
0.491200000000000 1.000000000001260 0.500000000000628 0.000000000000187 699.987388903477267 3.499936943974878
0.491300000000000 1.000000000001260 0.500000000000629 0.000000000000185 699.987388903477722 3.499936943849046
0.491400000000000 1.000000000001261 0.500000000000629 0.000000000000182 699.987388903478632 3.499936943708181
0.491500000000000 1.000000000001261 0.500000000000629 0.000000000000179 699.987388903477722 3.499936943552230
0.491600000000000 1.000000000001261 0.500000000000629 0.000000000000177 699.987388903478518 3.499936943380718
0.491700000000000 1.000000000001262 0.500000000000630 0.000000000000176 699.987388903479427 3.499936943193312
0.491800000000000 1.000000000001262 0.500000000000630 0.000000000000174 699.987388903478859 3.499936942990056
0.491900000000000 1.000000000001261 0.500000000000630 0.000000000000173 699.987388903478404 3.499936942770991
0.492000000000000 1.000000000001263 0.500000000000630 0.000000000000172 699.987388903479314 3.499936942536665
0.492100000000000 1.000000000001263 0.500000000000630 0.000000000000170 699.987388903479427 3.499936942287498
0.492200000000000 1.000000000001263 0.500000000000631 0.000000000000169 699.987388903479314 3.499936942023542
0.492300000000000 1.000000000001264 0.500000000000631 0.000000000000165 699.987388903480337 3.499936941745447
0.492400000000000 1.000000000001263 0.500000000000631 0.000000000000161 699.987388903481587 3.499936941454147
0.492500000000000 1.000000000001263 0.500000000000631 0.000000000000160 699.987388903480223 3.499936941150449
0.492600000000000 1.000000000001265 0.500000000000632 0.000000000000161 699.987388903480792 3.499936940834910
0.492700000000000 1.000000000001265 0.500000000000632 0.000000000000161 699.987388903480564 3.499936940508371
0.492800000000000 1.000000000001265 0.500000000000631 0.000000000000160 699.987388903482156 3.499936940171743
0.492900000000000 1.000000000001265 0.500000000000631 0.000000000000160 699.987388903481360 3.499936939826233
0.493000000000000 1.000000000001264 0.500000000000631 0.000000000000159 699.987388903481360 3.499936939472824
0.493100000000000 1.000000000001265 0.500000000000632 0.000000000000158 699.987388903481246 3.499936939112702
0.493200000000000 1.000000000001266 0.500000000000632 0.000000000000154 699.987388903481133 3.499936938747485
0.493300000000000 1.000000000001266 0.500000000000632 0.000000000000151 699.987388903481474 3.499936938378613
0.493400000000000 1.000000000001264 0.500000000000632 0.000000000000149 699.987388903481019 3.499936938007419
0.493500000000000 1.000000000001267 0.500000000000632 0.000000000000146 699.987388903481815 3.499936937635277
0.493600000000000 1.000000000001266 0.500000000000633 0.000000000000142 699.987388903482383 3.499936937263013
0.493700000000000 1.000000000001267 0.500000000000633 0.000000000000138 699.987388903482724 3.499936936891711
0.493800000000000 1.000000000001268 0.500000000000632 0.000000000000135 699.987388903481587 3.499936936523561
0.493900000000000 1.000000000001267 0.500000000000633 0.000000000000133 699.987388903482952 3.499936936160226
0.494000000000000 1.000000000001267 0.500000000000633 0.000000000000130 699.987388903481815 3.499936935802916
0.494100000000000 1.000000000001269 0.500000000000633 0.000000000000128 699.987388903481815 3.499936935452879
0.494200000000000 1.000000000001269 0.500000000000633 0.000000000000125 699.987388903483748 3.499936935111045
0.494300000000000 1.000000000001268 0.500000000000633 0.000000000000120 699.987388903484430 3.499936934778665
0.494400000000000 1.000000000001268 0.500000000000634 0.000000000000118 699.987388903482952 3.499936934457405
0.494500000000000 1.000000000001269 0.500000000000634 0.000000000000117 699.987388903483634 3.499936934148704
0.494600000000000 1.000000000001267 0.500000000000634 0.000000000000116 699.987388903484202 3.499936933853517
0.494700000000000 1.000000000001270 0.500000000000635 0.000000000000114 699.987388903484543 3.499936933573437
0.494800000000000 1.000000000001270 0.500000000000634 0.000000000000113 699.987388903483861 3.499936933311108
0.494900000000000 1.000000000001270 0.500000000000634 0.000000000000112 699.987388903484316 3.499936933067922
0.495000000000000 1.000000000001271 0.500000000000634 0.000000000000109 699.987388903485339 3.499936932843675
0.495100000000000 1.000000000001271 0.500000000000634 0.000000000000107 699.987388903484884 3.499936932638803
0.495200000000000 1.000000000001270 0.500000000000634 0.000000000000107 699.987388903484316 3.499936932454498
0.495300000000000 1.000000000001271 0.500000000000635 0.000000000000105 699.987388903485339 3.499936932291403
0.495400000000000 1.000000000001272 0.500000000000635 0.000000000000104 699.987388903485567 3.499936932150080
0.495500000000000 1.000000000001271 0.500000000000635 0.000000000000100 699.987388903486249 3.499936932031436
0.495600000000000 1.000000000001270 0.500000000000635 0.000000000000098 699.987388903485680 3.499936931936875
0.495700000000000 1.000000000001271 0.500000000000635 0.000000000000096 699.987388903486249 3.499936931867157
0.495800000000000 1.000000000001272 0.500000000000635 0.000000000000095 699.987388903486135 3.499936931822005
0.495900000000000 1.000000000001271 0.500000000000635 0.000000000000093 699.987388903486362 3.499936931801516
0.496000000000000 1.000000000001272 0.500000000000635 0.000000000000090 699.987388903486476 3.499936931806252
0.496100000000000 1.000000000001272 0.500000000000636 0.000000000000089 699.987388903485908 3.499936931835495
0.496200000000000 1.000000000001274 0.500000000000636 0.000000000000087 699.987388903487499 3.499936931888729
0.496300000000000 1.000000000001275 0.500000000000636 0.000000000000087 699.987388903486249 3.499936931965068
0.496400000000000 1.000000000001274 0.500000000000636 0.000000000000083 699.987388903487158 3.499936932064185
0.496500000000000 1.000000000001275 0.500000000000636 0.000000000000080 699.987388903486817 3.499936932186842
0.496600000000000 1.000000000001273 0.500000000000636 0.000000000000079 699.987388903487727 3.499936932331226
0.496700000000000 1.000000000001274 0.500000000000636 0.000000000000079 699.987388903486590 3.499936932496175
0.496800000000000 1.000000000001275 0.500000000000636 0.000000000000076 699.987388903487954 3.499936932683061
0.496900000000000 1.000000000001275 0.500000000000636 0.000000000000073 699.987388903487272 3.499936932891471
0.497000000000000 1.000000000001275 0.500000000000636 0.000000000000069 699.987388903488636 3.499936933120134
0.497100000000000 1.000000000001275 0.500000000000636 0.000000000000066 699.987388903488409 3.499936933368302
0.497200000000000 1.000000000001275 0.500000000000637 0.000000000000064 699.987388903488863 3.499936933634035
0.497300000000000 1.000000000001277 0.500000000000637 0.000000000000062 699.987388903488409 3.499936933915304
0.497400000000000 1.000000000001276 0.500000000000637 0.000000000000060 699.987388903488750 3.499936934211577
0.497500000000000 1.000000000001278 0.500000000000638 0.000000000000061 699.987388903489773 3.499936934522130
0.497600000000000 1.000000000001277 0.500000000000637 0.000000000000058 699.987388903490000 3.499936934846032
0.497700000000000 1.000000000001278 0.500000000000637 0.000000000000058 699.987388903489887 3.499936935181474
0.497800000000000 1.000000000001279 0.500000000000637 0.000000000000055 699.987388903489091 3.499936935526434
0.497900000000000 1.000000000001278 0.500000000000638 0.000000000000053 699.987388903489318 3.499936935878762
0.498000000000000 1.000000000001278 0.500000000000638 0.000000000000053 699.987388903491137 3.499936936237104
0.498100000000000 1.000000000001278 0.500000000000638 0.000000000000051 699.987388903490000 3.499936936600688
0.498200000000000 1.000000000001278 0.500000000000638 0.000000000000048 699.987388903489887 3.499936936968610
0.498300000000000 1.000000000001279 0.500000000000638 0.000000000000046 699.987388903490000 3.499936937339457
0.498400000000000 1.000000000001280 0.500000000000638 0.000000000000045 699.987388903490910 3.499936937711460
0.498500000000000 1.000000000001279 0.500000000000638 0.000000000000042 699.987388903490682 3.499936938082779
0.498600000000000 1.000000000001279 0.500000000000639 0.000000000000039 699.987388903491137 3.499936938452640
0.498700000000000 1.000000000001279 0.500000000000639 0.000000000000038 699.987388903491819 3.499936938820317
0.498800000000000 1.000000000001281 0.500000000000639 0.000000000000037 699.987388903491706 3.499936939184015
0.498900000000000 1.000000000001281 0.500000000000639 0.000000000000035 699.987388903492274 3.499936939541977
0.499000000000000 1.000000000001281 0.500000000000639 0.000000000000034 699.987388903491819 3.499936939893498
0.499100000000000 1.000000000001281 0.500000000000639 0.000000000000033 699.987388903490910 3.499936940237231
0.499200000000000 1.000000000001280 0.500000000000639 0.000000000000036 699.987388903492729 3.499936940571908
0.499300000000000 1.000000000001280 0.500000000000639 0.000000000000036 699.987388903491365 3.499936940896510
0.499400000000000 1.000000000001281 0.500000000000639 0.000000000000034 699.987388903492160 3.499936941209801
0.499500000000000 1.000000000001281 0.500000000000639 0.000000000000034 699.987388903491478 3.499936941510816
0.499600000000000 1.000000000001281 0.500000000000640 0.000000000000032 699.987388903492501 3.499936941798869
0.499700000000000 1.000000000001282 0.500000000000640 0.000000000000033 699.987388903493638 3.499936942073508
0.499800000000000 1.000000000001283 0.500000000000640 0.000000000000032 699.987388903493638 3.499936942333947
0.499900000000000 1.000000000001283 0.500000000000640 0.000000000000032 699.987388903493411 3.499936942579797
0.500000000000000 1.000000000001284 0.500000000000639 0.000000000000031 699.987388903494207 3.499936942811106
