# t  Norma  <x>  <p>  <H>  DeltaX*DeltaP
0.000000000000000 1.000000000000000 0.500000000000000 0.000000000000000 99.999375169943789 0.499996875839964
0.000100000000000 1.000000000000000 0.500000000000000 0.000000000000007 99.999375169944713 0.499996875840014
0.000200000000000 1.000000000000000 0.500000000000000 0.000000000000015 99.999375169944216 0.499996875840093
0.000300000000000 1.000000000000000 0.500000000000000 0.000000000000023 99.999375169944756 0.499996875840230
0.000400000000000 1.000000000000001 0.500000000000001 0.000000000000029 99.999375169944429 0.499996875840434
0.000500000000000 1.000000000000001 0.500000000000000 0.000000000000038 99.999375169943605 0.499996875840728
0.000600000000000 1.000000000000002 0.500000000000001 0.000000000000045 99.999375169943477 0.499996875841002
0.000700000000000 1.000000000000000 0.500000000000001 0.000000000000054 99.999375169944997 0.499996875841398
0.000800000000000 1.000000000000001 0.500000000000000 0.000000000000062 99.999375169944329 0.499996875841848
0.000900000000000 0.999999999999999 0.500000000000001 0.000000000000069 99.999375169944656 0.499996875842281
0.001000000000000 1.000000000000000 0.500000000000001 0.000000000000078 99.999375169943846 0.499996875842774
0.001100000000000 1.000000000000001 0.500000000000001 0.000000000000085 99.999375169943931 0.499996875843314
0.001200000000000 1.000000000000001 0.500000000000001 0.000000000000092 99.999375169943619 0.499996875843856
0.001300000000000 1.000000000000000 0.500000000000001 0.000000000000099 99.999375169943647 0.499996875844415
0.001400000000000 1.000000000000002 0.500000000000001 0.000000000000105 99.999375169944003 0.499996875844982
0.001500000000000 1.000000000000001 0.500000000000001 0.000000000000113 99.999375169944130 0.499996875845575
0.001600000000000 0.999999999999999 0.500000000000000 0.000000000000122 99.999375169944059 0.499996875846156
0.001700000000000 1.000000000000002 0.500000000000000 0.000000000000129 99.999375169944202 0.499996875846715
0.001800000000000 1.000000000000001 0.500000000000000 0.000000000000137 99.999375169944202 0.499996875847270
0.001900000000000 1.000000000000002 0.500000000000000 0.000000000000144 99.999375169943946 0.499996875847790
0.002000000000000 1.000000000000001 0.500000000000001 0.000000000000153 99.999375169944187 0.499996875848196
0.002100000000000 1.000000000000001 0.500000000000001 0.000000000000159 99.999375169944173 0.499996875848638
0.002200000000000 1.000000000000001 0.500000000000001 0.000000000000165 99.999375169944145 0.499996875848976
0.002300000000000 1.000000000000001 0.500000000000001 0.000000000000172 99.999375169944187 0.499996875849306
0.002400000000000 1.000000000000002 0.500000000000001 0.000000000000179 99.999375169944187 0.499996875849492
0.002500000000000 1.000000000000002 0.500000000000001 0.000000000000187 99.999375169944130 0.499996875849622
0.002600000000000 1.000000000000002 0.500000000000001 0.000000000000195 99.999375169944273 0.499996875849724
0.002700000000000 1.000000000000002 0.500000000000001 0.000000000000202 99.999375169944088 0.499996875849681
0.002800000000000 1.000000000000001 0.500000000000001 0.000000000000209 99.999375169944159 0.499996875849582
0.002900000000000 1.000000000000001 0.500000000000001 0.000000000000216 99.999375169944301 0.499996875849291
0.003000000000000 1.000000000000002 0.500000000000001 0.000000000000222 99.999375169944130 0.499996875848988
0.003100000000000 1.000000000000000 0.500000000000001 0.000000000000228 99.999375169944159 0.499996875848502
0.003200000000000 1.000000000000001 0.500000000000001 0.000000000000235 99.999375169944173 0.499996875847939
0.003300000000000 1.000000000000002 0.500000000000002 0.000000000000242 99.999375169944216 0.499996875847195
0.003400000000000 1.000000000000001 0.500000000000001 0.000000000000247 99.999375169944202 0.499996875846411
0.003500000000000 1.000000000000001 0.500000000000002 0.000000000000253 99.999375169944315 0.499996875845466
0.003600000000000 1.000000000000002 0.500000000000002 0.000000000000260 99.999375169944216 0.499996875844347
0.003700000000000 1.000000000000001 0.500000000000001 0.000000000000268 99.999375169944159 0.499996875843191
0.003800000000000 1.000000000000002 0.500000000000002 0.000000000000273 99.999375169944230 0.499996875841813
0.003900000000000 1.000000000000002 0.500000000000002 0.000000000000278 99.999375169944216 0.499996875840348
0.004000000000000 1.000000000000003 0.500000000000002 0.000000000000285 99.999375169944187 0.499996875838759
0.004100000000000 1.000000000000002 0.500000000000002 0.000000000000290 99.999375169944230 0.499996875837034
0.004200000000000 1.000000000000002 0.500000000000002 0.000000000000296 99.999375169944273 0.499996875835225
0.004300000000000 1.000000000000001 0.500000000000003 0.000000000000301 99.999375169944202 0.499996875833241
0.004400000000000 1.000000000000002 0.500000000000002 0.000000000000306 99.999375169944415 0.499996875831209
0.004500000000000 1.000000000000003 0.500000000000003 0.000000000000311 99.999375169944301 0.499996875829021
0.004600000000000 1.000000000000003 0.500000000000003 0.000000000000316 99.999375169944358 0.499996875826756
0.004700000000000 1.000000000000003 0.500000000000003 0.000000000000320 99.999375169944457 0.499996875824435
0.004800000000000 1.000000000000004 0.500000000000004 0.000000000000325 99.999375169944500 0.499996875821925
0.004900000000000 1.000000000000003 0.500000000000003 0.000000000000331 99.999375169944614 0.499996875819458
0.005000000000000 1.000000000000003 0.500000000000004 0.000000000000335 99.999375169944372 0.499996875816878
0.005100000000000 1.000000000000004 0.500000000000003 0.000000000000340 99.999375169944386 0.499996875814289
0.005200000000000 1.000000000000002 0.500000000000003 0.000000000000346 99.999375169944386 0.499996875811619
0.005300000000000 1.000000000000001 0.500000000000003 0.000000000000350 99.999375169944273 0.499996875808893
0.005400000000000 1.000000000000004 0.500000000000005 0.000000000000354 99.999375169944329 0.499996875806091
0.005500000000000 1.000000000000004 0.500000000000004 0.000000000000357 99.999375169944315 0.499996875803401
0.005600000000000 1.000000000000004 0.500000000000004 0.000000000000361 99.999375169944443 0.499996875800632
0.005700000000000 1.000000000000003 0.500000000000004 0.000000000000364 99.999375169944358 0.499996875797903
0.005800000000000 1.000000000000004 0.500000000000005 0.000000000000366 99.999375169944159 0.499996875795146
0.005900000000000 1.000000000000004 0.500000000000004 0.000000000000371 99.999375169944358 0.499996875792469
0.006000000000000 1.000000000000005 0.500000000000005 0.000000000000374 99.999375169944472 0.499996875789839
0.006100000000000 1.000000000000003 0.500000000000004 0.000000000000377 99.999375169944301 0.499996875787282
0.006200000000000 1.000000000000004 0.500000000000005 0.000000000000381 99.999375169944557 0.499996875784738
0.006300000000000 1.000000000000006 0.500000000000006 0.000000000000382 99.999375169944159 0.499996875782277
0.006400000000000 1.000000000000005 0.500000000000005 0.000000000000383 99.999375169944415 0.499996875779974
0.006500000000000 1.000000000000003 0.500000000000005 0.000000000000385 99.999375169944443 0.499996875777697
0.006600000000000 1.000000000000004 0.500000000000004 0.000000000000388 99.999375169944500 0.499996875775605
0.006700000000000 1.000000000000003 0.500000000000005 0.000000000000390 99.999375169944415 0.499996875773574
0.006800000000000 1.000000000000003 0.500000000000005 0.000000000000392 99.999375169944386 0.499996875771695
0.006900000000000 1.000000000000005 0.500000000000006 0.000000000000394 99.999375169944486 0.499996875769943
0.007000000000000 1.000000000000003 0.500000000000006 0.000000000000395 99.999375169944358 0.499996875768332
0.007100000000000 1.000000000000004 0.500000000000006 0.000000000000396 99.999375169944329 0.499996875766914
0.007200000000000 1.000000000000003 0.500000000000005 0.000000000000397 99.999375169944486 0.499996875765667
0.007300000000000 1.000000000000004 0.500000000000005 0.000000000000398 99.999375169944457 0.499996875764583
0.007400000000000 1.000000000000005 0.500000000000006 0.000000000000397 99.999375169944415 0.499996875763641
0.007500000000000 1.000000000000005 0.500000000000006 0.000000000000399 99.999375169944557 0.499996875762862
0.007600000000000 1.000000000000003 0.500000000000007 0.000000000000400 99.999375169944599 0.499996875762269
0.007700000000000 1.000000000000004 0.500000000000006 0.000000000000400 99.999375169944386 0.499996875761920
0.007800000000000 1.000000000000004 0.500000000000006 0.000000000000400 99.999375169944315 0.499996875761733
0.007900000000000 1.000000000000005 0.500000000000006 0.000000000000399 99.999375169944670 0.499996875761718
0.008000000000000 1.000000000000004 0.500000000000005 0.000000000000400 99.999375169944400 0.499996875761929
0.008100000000000 1.000000000000003 0.500000000000006 0.000000000000399 99.999375169944500 0.499996875762256
0.008200000000000 1.000000000000004 0.500000000000006 0.000000000000400 99.999375169944386 0.499996875762825
0.008300000000000 1.000000000000005 0.500000000000006 0.000000000000399 99.999375169944557 0.499996875763507
0.008400000000000 1.000000000000004 0.500000000000006 0.000000000000399 99.999375169944443 0.499996875764468
0.008500000000000 1.000000000000004 0.500000000000007 0.000000000000397 99.999375169944585 0.499996875765519
0.008600000000000 1.000000000000004 0.500000000000006 0.000000000000395 99.999375169944443 0.499996875766799
0.008700000000000 1.000000000000003 0.500000000000007 0.000000000000392 99.999375169944642 0.499996875768208
0.008800000000000 1.000000000000004 0.500000000000006 0.000000000000391 99.999375169944358 0.499996875769783
0.008900000000000 1.000000000000005 0.500000000000006 0.000000000000388 99.999375169944642 0.499996875771498
0.009000000000000 1.000000000000004 0.500000000000008 0.000000000000387 99.999375169944557 0.499996875773294
0.009100000000000 1.000000000000005 0.500000000000007 0.000000000000385 99.999375169944528 0.499996875775364
0.009200000000000 1.000000000000004 0.500000000000008 0.000000000000383 99.999375169944685 0.499996875777420
0.009300000000000 1.000000000000005 0.500000000000007 0.000000000000383 99.999375169944571 0.499996875779668
0.009400000000000 1.000000000000004 0.500000000000008 0.000000000000381 99.999375169944528 0.499996875781990
0.009500000000000 1.000000000000004 0.500000000000008 0.000000000000379 99.999375169944528 0.499996875784389
0.009600000000000 1.000000000000006 0.500000000000008 0.000000000000376 99.999375169944557 0.499996875786914
0.009700000000000 1.000000000000006 0.500000000000009 0.000000000000374 99.999375169944784 0.499996875789502
0.009800000000000 1.000000000000006 0.500000000000008 0.000000000000372 99.999375169944798 0.499996875792152
0.009900000000000 1.000000000000006 0.500000000000008 0.000000000000367 99.999375169944486 0.499996875794833
0.010000000000000 1.000000000000007 0.500000000000008 0.000000000000363 99.999375169944855 0.499996875797588
0.010100000000000 1.000000000000005 0.500000000000009 0.000000000000358 99.999375169944159 0.499996875800236
0.010200000000000 1.000000000000007 0.500000000000009 0.000000000000355 99.999375169945097 0.499996875803005
0.010300000000000 1.000000000000006 0.500000000000010 0.000000000000352 99.999375169945665 0.499996875805719
0.010400000000000 1.000000000000008 0.500000000000009 0.000000000000348 99.999375169944670 0.499996875808512
0.010500000000000 1.000000000000006 0.500000000000009 0.000000000000345 99.999375169945338 0.499996875811230
0.010600000000000 1.000000000000007 0.500000000000009 0.000000000000340 99.999375169944670 0.499996875813898
0.010700000000000 1.000000000000007 0.500000000000010 0.000000000000336 99.999375169944926 0.499996875816519
0.010800000000000 1.000000000000008 0.500000000000009 0.000000000000333 99.999375169944727 0.499996875819143
0.010900000000000 1.000000000000008 0.500000000000009 0.000000000000328 99.999375169944955 0.499996875821671
0.011000000000000 1.000000000000008 0.500000000000010 0.000000000000323 99.999375169944273 0.499996875824071
0.011100000000000 1.000000000000006 0.500000000000011 0.000000000000318 99.999375169944841 0.499996875826410
0.011200000000000 1.000000000000008 0.500000000000010 0.000000000000313 99.999375169944926 0.499996875828722
0.011300000000000 1.000000000000009 0.500000000000011 0.000000000000308 99.999375169945409 0.499996875830857
0.011400000000000 1.000000000000010 0.500000000000010 0.000000000000302 99.999375169944813 0.499996875832940
0.011500000000000 1.000000000000008 0.500000000000011 0.000000000000297 99.999375169945012 0.499996875834879
0.011600000000000 1.000000000000007 0.500000000000011 0.000000000000292 99.999375169944969 0.499996875836737
0.011700000000000 1.000000000000008 0.500000000000011 0.000000000000287 99.999375169944685 0.499996875838450
0.011800000000000 1.000000000000010 0.500000000000011 0.000000000000282 99.999375169945381 0.499996875840093
0.011900000000000 1.000000000000010 0.500000000000011 0.000000000000275 99.999375169945012 0.499996875841560
0.012000000000000 1.000000000000011 0.500000000000011 0.000000000000269 99.999375169945040 0.499996875842909
0.012100000000000 1.000000000000009 0.500000000000012 0.000000000000265 99.999375169945097 0.499996875844116
0.012200000000000 1.000000000000009 0.500000000000012 0.000000000000259 99.999375169945012 0.499996875845212
0.012300000000000 1.000000000000010 0.500000000000012 0.000000000000253 99.999375169945182 0.499996875846179
0.012400000000000 1.000000000000010 0.500000000000012 0.000000000000247 99.999375169945125 0.499996875847008
0.012500000000000 1.000000000000008 0.500000000000012 0.000000000000242 99.999375169944940 0.499996875847757
0.012600000000000 1.000000000000010 0.500000000000012 0.000000000000236 99.999375169945111 0.499996875848332
0.012700000000000 1.000000000000010 0.500000000000012 0.000000000000229 99.999375169945012 0.499996875848821
0.012800000000000 1.000000000000010 0.500000000000013 0.000000000000222 99.999375169945040 0.499996875849151
0.012900000000000 1.000000000000010 0.500000000000012 0.000000000000215 99.999375169945466 0.499996875849420
0.013000000000000 1.000000000000009 0.500000000000012 0.000000000000209 99.999375169945353 0.499996875849571
0.013100000000000 1.000000000000009 0.500000000000012 0.000000000000202 99.999375169944557 0.499996875849593
0.013200000000000 1.000000000000009 0.500000000000013 0.000000000000195 99.999375169944585 0.499996875849519
0.013300000000000 1.000000000000010 0.500000000000012 0.000000000000187 99.999375169945509 0.499996875849417
0.013400000000000 1.000000000000010 0.500000000000012 0.000000000000181 99.999375169945495 0.499996875849212
0.013500000000000 1.000000000000009 0.500000000000012 0.000000000000174 99.999375169946020 0.499996875848927
0.013600000000000 1.000000000000011 0.500000000000013 0.000000000000168 99.999375169945154 0.499996875848557
0.013700000000000 1.000000000000010 0.500000000000013 0.000000000000160 99.999375169944159 0.499996875848138
0.013800000000000 1.000000000000011 0.500000000000012 0.000000000000152 99.999375169945807 0.499996875847716
0.013900000000000 1.000000000000011 0.500000000000013 0.000000000000145 99.999375169944443 0.499996875847159
0.014000000000000 1.000000000000010 0.500000000000013 0.000000000000136 99.999375169944159 0.499996875846642
0.014100000000000 1.000000000000012 0.500000000000014 0.000000000000128 99.999375169945054 0.499996875846047
0.014200000000000 1.000000000000012 0.500000000000013 0.000000000000121 99.999375169944216 0.499996875845525
0.014300000000000 1.000000000000011 0.500000000000014 0.000000000000113 99.999375169946276 0.499996875844954
0.014400000000000 1.000000000000011 0.500000000000014 0.000000000000105 99.999375169945566 0.499996875844345
0.014500000000000 1.000000000000011 0.500000000000014 0.000000000000098 99.999375169945552 0.499996875843772
0.014600000000000 1.000000000000012 0.500000000000013 0.000000000000092 99.999375169945779 0.499996875843283
0.014700000000000 1.000000000000012 0.500000000000014 0.000000000000084 99.999375169944983 0.499996875842727
0.014800000000000 1.000000000000012 0.500000000000013 0.000000000000077 99.999375169945836 0.499996875842234
0.014900000000000 1.000000000000011 0.500000000000014 0.000000000000068 99.999375169945296 0.499996875841746
0.015000000000000 1.000000000000013 0.500000000000013 0.000000000000061 99.999375169945267 0.499996875841365
0.015100000000000 1.000000000000012 0.500000000000014 0.000000000000053 99.999375169945381 0.499996875840918
0.015200000000000 1.000000000000013 0.500000000000014 0.000000000000045 99.999375169945267 0.499996875840626
0.015300000000000 1.000000000000012 0.500000000000013 0.000000000000038 99.999375169945210 0.499996875840363
0.015400000000000 1.000000000000014 0.500000000000014 0.000000000000030 99.999375169945225 0.499996875840126
0.015500000000000 1.000000000000013 0.500000000000014 0.000000000000022 99.999375169945267 0.499996875839923
0.015600000000000 1.000000000000014 0.500000000000013 0.000000000000015 99.999375169945296 0.499996875839889
0.015700000000000 1.000000000000012 0.500000000000014 0.000000000000006 99.999375169945438 0.499996875839828
0.015800000000000 1.000000000000013 0.500000000000014 -0.000000000000002 99.999375169945480 0.499996875839847
0.015900000000000 1.000000000000013 0.500000000000014 -0.000000000000010 99.999375169945438 0.499996875839923
0.016000000000000 1.000000000000014 0.500000000000014 -0.000000000000018 99.999375169945296 0.499996875840065
0.016100000000000 1.000000000000013 0.500000000000015 -0.000000000000027 99.999375169945424 0.499996875840260
0.016200000000000 1.000000000000015 0.500000000000014 -0.000000000000035 99.999375169945537 0.499996875840535
0.016300000000000 1.000000000000014 0.500000000000015 -0.000000000000043 99.999375169945367 0.499996875840829
0.016400000000000 1.000000000000014 0.500000000000014 -0.000000000000051 99.999375169945367 0.499996875841230
0.016500000000000 1.000000000000013 0.500000000000015 -0.000000000000057 99.999375169945466 0.499996875841620
0.016600000000000 1.000000000000014 0.500000000000015 -0.000000000000066 99.999375169945239 0.499996875842079
0.016700000000000 1.000000000000014 0.500000000000014 -0.000000000000074 99.999375169945552 0.499996875842584
0.016800000000000 1.000000000000014 0.500000000000015 -0.000000000000082 99.999375169945694 0.499996875843070
0.016900000000000 1.000000000000013 0.500000000000014 -0.000000000000089 99.999375169945353 0.499996875843667
0.017000000000000 1.000000000000015 0.500000000000015 -0.000000000000097 99.999375169945637 0.499996875844194
0.017100000000000 1.000000000000015 0.500000000000015 -0.000000000000104 99.999375169945580 0.499996875844749
0.017200000000000 1.000000000000014 0.500000000000015 -0.000000000000111 99.999375169945495 0.499996875845306
0.017300000000000 1.000000000000015 0.500000000000015 -0.000000000000118 99.999375169945438 0.499996875845922
0.017400000000000 1.000000000000015 0.500000000000014 -0.000000000000125 99.999375169945353 0.499996875846497
0.017500000000000 1.000000000000015 0.500000000000015 -0.000000000000132 99.999375169945438 0.499996875847001
0.017600000000000 1.000000000000015 0.500000000000015 -0.000000000000140 99.999375169945409 0.499996875847532
0.017700000000000 1.000000000000015 0.500000000000015 -0.000000000000146 99.999375169945367 0.499996875847966
0.017800000000000 1.000000000000015 0.500000000000015 -0.000000000000153 99.999375169945523 0.499996875848367
0.017900000000000 1.000000000000014 0.500000000000015 -0.000000000000160 99.999375169945495 0.499996875848777
0.018000000000000 1.000000000000016 0.500000000000015 -0.000000000000168 99.999375169945381 0.499996875849072
0.018100000000000 1.000000000000014 0.500000000000015 -0.000000000000176 99.999375169945623 0.499996875849295
0.018200000000000 1.000000000000015 0.500000000000015 -0.000000000000182 99.999375169945409 0.499996875849473
0.018300000000000 1.000000000000015 0.500000000000015 -0.000000000000189 99.999375169945608 0.499996875849545
0.018400000000000 1.000000000000017 0.500000000000015 -0.000000000000196 99.999375169945608 0.499996875849523
0.018500000000000 1.000000000000014 0.500000000000015 -0.000000000000203 99.999375169945608 0.499996875849406
0.018600000000000 1.000000000000015 0.500000000000015 -0.000000000000210 99.999375169945665 0.499996875849187
0.018700000000000 1.000000000000016 0.500000000000015 -0.000000000000214 99.999375169945637 0.499996875848862
0.018800000000000 1.000000000000017 0.500000000000015 -0.000000000000221 99.999375169945651 0.499996875848397
0.018900000000000 1.000000000000016 0.500000000000015 -0.000000000000228 99.999375169945722 0.499996875847814
0.019000000000000 1.000000000000017 0.500000000000015 -0.000000000000235 99.999375169945836 0.499996875847162
0.019100000000000 1.000000000000017 0.500000000000016 -0.000000000000241 99.999375169945864 0.499996875846293
0.019200000000000 1.000000000000017 0.500000000000015 -0.000000000000247 99.999375169945637 0.499996875845392
0.019300000000000 1.000000000000017 0.500000000000015 -0.000000000000254 99.999375169945850 0.499996875844344
0.019400000000000 1.000000000000016 0.500000000000016 -0.000000000000261 99.999375169945836 0.499996875843119
0.019500000000000 1.000000000000016 0.500000000000015 -0.000000000000267 99.999375169945722 0.499996875841812
0.019600000000000 1.000000000000018 0.500000000000015 -0.000000000000273 99.999375169945750 0.499996875840370
0.019700000000000 1.000000000000017 0.500000000000015 -0.000000000000278 99.999375169945864 0.499996875838767
0.019800000000000 1.000000000000018 0.500000000000015 -0.000000000000282 99.999375169945921 0.499996875837094
0.019900000000000 1.000000000000018 0.500000000000015 -0.000000000000288 99.999375169945836 0.499996875835270
0.020000000000000 1.000000000000018 0.500000000000016 -0.000000000000294 99.999375169945836 0.499996875833293
0.020100000000000 1.000000000000017 0.500000000000016 -0.000000000000298 99.999375169945793 0.499996875831258
0.020200000000000 1.000000000000018 0.500000000000016 -0.000000000000303 99.999375169945750 0.499996875829095
0.020300000000000 1.000000000000020 0.500000000000015 -0.000000000000310 99.999375169945978 0.499996875826881
0.020400000000000 1.000000000000019 0.500000000000015 -0.000000000000316 99.999375169946177 0.499996875824544
0.020500000000000 1.000000000000019 0.500000000000016 -0.000000000000320 99.999375169946177 0.499996875822097
0.020600000000000 1.000000000000021 0.500000000000015 -0.000000000000324 99.999375169946120 0.499996875819608
0.020700000000000 1.000000000000019 0.500000000000016 -0.000000000000329 99.999375169946163 0.499996875817015
0.020800000000000 1.000000000000020 0.500000000000016 -0.000000000000331 99.999375169946106 0.499996875814380
0.020900000000000 1.000000000000021 0.500000000000016 -0.000000000000334 99.999375169946063 0.499996875811730
0.021000000000000 1.000000000000020 0.500000000000016 -0.000000000000337 99.999375169946347 0.499996875809021
0.021100000000000 1.000000000000020 0.500000000000015 -0.000000000000340 99.999375169945893 0.499996875806273
0.021200000000000 1.000000000000021 0.500000000000016 -0.000000000000343 99.999375169946120 0.499996875803536
0.021300000000000 1.000000000000020 0.500000000000016 -0.000000000000346 99.999375169946290 0.499996875800776
0.021400000000000 1.000000000000020 0.500000000000015 -0.000000000000349 99.999375169946219 0.499996875798058
0.021500000000000 1.000000000000019 0.500000000000016 -0.000000000000352 99.999375169946063 0.499996875795261
0.021600000000000 1.000000000000020 0.500000000000016 -0.000000000000355 99.999375169946120 0.499996875792618
0.021700000000000 1.000000000000022 0.500000000000016 -0.000000000000357 99.999375169946148 0.499996875789955
0.021800000000000 1.000000000000020 0.500000000000015 -0.000000000000360 99.999375169946248 0.499996875787399
0.021900000000000 1.000000000000020 0.500000000000016 -0.000000000000362 99.999375169946461 0.499996875784812
0.022000000000000 1.000000000000023 0.500000000000016 -0.000000000000365 99.999375169946319 0.499996875782376
0.022100000000000 1.000000000000020 0.500000000000016 -0.000000000000367 99.999375169946219 0.499996875780035
0.022200000000000 1.000000000000022 0.500000000000016 -0.000000000000371 99.999375169946120 0.499996875777765
0.022300000000000 1.000000000000023 0.500000000000016 -0.000000000000372 99.999375169946262 0.499996875775620
0.022400000000000 1.000000000000022 0.500000000000016 -0.000000000000374 99.999375169946305 0.499996875773603
0.022500000000000 1.000000000000022 0.500000000000016 -0.000000000000375 99.999375169946290 0.499996875771704
0.022600000000000 1.000000000000022 0.500000000000015 -0.000000000000377 99.999375169946390 0.499996875769963
0.022700000000000 1.000000000000022 0.500000000000015 -0.000000000000377 99.999375169946290 0.499996875768336
0.022800000000000 1.000000000000021 0.500000000000015 -0.000000000000379 99.999375169946248 0.499996875766925
0.022900000000000 1.000000000000023 0.500000000000016 -0.000000000000380 99.999375169946290 0.499996875765590
0.023000000000000 1.000000000000022 0.500000000000015 -0.000000000000379 99.999375169946461 0.499996875764478
0.023100000000000 1.000000000000021 0.500000000000016 -0.000000000000380 99.999375169946092 0.499996875763491
0.023200000000000 1.000000000000023 0.500000000000015 -0.000000000000380 99.999375169946376 0.499996875762769
0.023300000000000 1.000000000000022 0.500000000000016 -0.000000000000379 99.999375169946290 0.499996875762133
0.023400000000000 1.000000000000023 0.500000000000015 -0.000000000000379 99.999375169946234 0.499996875761769
0.023500000000000 1.000000000000024 0.500000000000015 -0.000000000000378 99.999375169946234 0.499996875761501
0.023600000000000 1.000000000000023 0.500000000000015 -0.000000000000379 99.999375169946390 0.499996875761520
0.023700000000000 1.000000000000024 0.500000000000016 -0.000000000000378 99.999375169946404 0.499996875761595
0.023800000000000 1.000000000000024 0.500000000000016 -0.000000000000377 99.999375169946404 0.499996875761933
0.023900000000000 1.000000000000024 0.500000000000016 -0.000000000000377 99.999375169946546 0.499996875762482
0.024000000000000 1.000000000000025 0.500000000000016 -0.000000000000376 99.999375169946504 0.499996875763180
0.024100000000000 1.000000000000024 0.500000000000015 -0.000000000000375 99.999375169946575 0.499996875764108
0.024200000000000 1.000000000000024 0.500000000000015 -0.000000000000375 99.999375169946546 0.499996875765141
0.024300000000000 1.000000000000025 0.500000000000016 -0.000000000000373 99.999375169946546 0.499996875766354
0.024400000000000 1.000000000000024 0.500000000000016 -0.000000000000372 99.999375169946489 0.499996875767753
0.024500000000000 1.000000000000026 0.500000000000016 -0.000000000000372 99.999375169946404 0.499996875769295
0.024600000000000 1.000000000000026 0.500000000000016 -0.000000000000372 99.999375169946660 0.499996875771007
0.024700000000000 1.000000000000025 0.500000000000015 -0.000000000000369 99.999375169946887 0.499996875772853
0.024800000000000 1.000000000000024 0.500000000000015 -0.000000000000366 99.999375169946745 0.499996875774861
0.024900000000000 1.000000000000025 0.500000000000015 -0.000000000000364 99.999375169946404 0.499996875776937
0.025000000000000 1.000000000000026 0.500000000000015 -0.000000000000361 99.999375169946433 0.499996875779181
0.025100000000000 1.000000000000026 0.500000000000015 -0.000000000000358 99.999375169946617 0.499996875781474
0.025200000000000 1.000000000000026 0.500000000000015 -0.000000000000355 99.999375169946660 0.499996875783902
0.025300000000000 1.000000000000025 0.500000000000014 -0.000000000000352 99.999375169946546 0.499996875786432
0.025400000000000 1.000000000000026 0.500000000000015 -0.000000000000351 99.999375169946632 0.499996875788950
0.025500000000000 1.000000000000026 0.500000000000016 -0.000000000000348 99.999375169946575 0.499996875791500
0.025600000000000 1.000000000000026 0.500000000000016 -0.000000000000346 99.999375169946575 0.499996875794233
0.025700000000000 1.000000000000026 0.500000000000016 -0.000000000000344 99.999375169946774 0.499996875796940
0.025800000000000 1.000000000000025 0.500000000000015 -0.000000000000339 99.999375169947001 0.499996875799698
0.025900000000000 1.000000000000025 0.500000000000015 -0.000000000000335 99.999375169946674 0.499996875802441
0.026000000000000 1.000000000000026 0.500000000000014 -0.000000000000331 99.999375169946262 0.499996875805233
0.026100000000000 1.000000000000025 0.500000000000014 -0.000000000000328 99.999375169946731 0.499996875807951
0.026200000000000 1.000000000000026 0.500000000000015 -0.000000000000325 99.999375169947072 0.499996875810672
0.026300000000000 1.000000000000027 0.500000000000014 -0.000000000000321 99.999375169947214 0.499996875813367
0.026400000000000 1.000000000000027 0.500000000000015 -0.000000000000317 99.999375169946617 0.499996875815979
0.026500000000000 1.000000000000028 0.500000000000015 -0.000000000000313 99.999375169946831 0.499996875818541
0.026600000000000 1.000000000000026 0.500000000000015 -0.000000000000310 99.999375169947257 0.499996875821083
0.026700000000000 1.000000000000027 0.500000000000015 -0.000000000000306 99.999375169946831 0.499996875823536
0.026800000000000 1.000000000000026 0.500000000000016 -0.000000000000302 99.999375169946362 0.499996875825847
0.026900000000000 1.000000000000027 0.500000000000016 -0.000000000000298 99.999375169947641 0.499996875828181
0.027000000000000 1.000000000000028 0.500000000000015 -0.000000000000294 99.999375169947200 0.499996875830371
0.027100000000000 1.000000000000026 0.500000000000015 -0.000000000000288 99.999375169946802 0.499996875832432
0.027200000000000 1.000000000000027 0.500000000000015 -0.000000000000282 99.999375169946262 0.499996875834403
0.027300000000000 1.000000000000027 0.500000000000015 -0.000000000000278 99.999375169946774 0.499996875836289
0.027400000000000 1.000000000000029 0.500000000000015 -0.000000000000272 99.999375169946802 0.499996875838041
0.027500000000000 1.000000000000028 0.500000000000014 -0.000000000000266 99.999375169946788 0.499996875839695
0.027600000000000 1.000000000000028 0.500000000000015 -0.000000000000261 99.999375169946802 0.499996875841132
0.027700000000000 1.000000000000029 0.500000000000015 -0.000000000000256 99.999375169946944 0.499996875842526
0.027800000000000 1.000000000000030 0.500000000000016 -0.000000000000250 99.999375169946831 0.499996875843719
0.027900000000000 1.000000000000029 0.500000000000015 -0.000000000000244 99.999375169946404 0.499996875844881
0.028000000000000 1.000000000000029 0.500000000000015 -0.000000000000238 99.999375169946504 0.499996875845856
0.028100000000000 1.000000000000029 0.500000000000015 -0.000000000000232 99.999375169947413 0.499996875846721
0.028200000000000 1.000000000000030 0.500000000000015 -0.000000000000226 99.999375169946461 0.499996875847427
0.028300000000000 1.000000000000029 0.500000000000015 -0.000000000000221 99.999375169947314 0.499996875848052
0.028400000000000 1.000000000000028 0.500000000000015 -0.000000000000214 99.999375169946859 0.499996875848527
0.028500000000000 1.000000000000029 0.500000000000014 -0.000000000000208 99.999375169946859 0.499996875848947
0.028600000000000 1.000000000000028 0.500000000000014 -0.000000000000202 99.999375169947299 0.499996875849176
0.028700000000000 1.000000000000030 0.500000000000014 -0.000000000000196 99.999375169947427 0.499996875849352
0.028800000000000 1.000000000000030 0.500000000000015 -0.000000000000188 99.999375169946575 0.499996875849383
0.028900000000000 1.000000000000028 0.500000000000015 -0.000000000000182 99.999375169946575 0.499996875849330
0.029000000000000 1.000000000000028 0.500000000000015 -0.000000000000175 99.999375169946887 0.499996875849172
0.029100000000000 1.000000000000028 0.500000000000015 -0.000000000000169 99.999375169946973 0.499996875848984
0.029200000000000 1.000000000000029 0.500000000000015 -0.000000000000162 99.999375169946532 0.499996875848694
0.029300000000000 1.000000000000030 0.500000000000015 -0.000000000000153 99.999375169947484 0.499996875848368
0.029400000000000 1.000000000000029 0.500000000000015 -0.000000000000146 99.999375169946561 0.499996875847954
0.029500000000000 1.000000000000030 0.500000000000015 -0.000000000000138 99.999375169947712 0.499996875847536
0.029600000000000 1.000000000000030 0.500000000000016 -0.000000000000130 99.999375169947598 0.499996875846991
0.029700000000000 1.000000000000031 0.500000000000016 -0.000000000000122 99.999375169947172 0.499996875846436
0.029800000000000 1.000000000000029 0.500000000000016 -0.000000000000116 99.999375169946916 0.499996875845908
0.029900000000000 1.000000000000029 0.500000000000015 -0.000000000000107 99.999375169947257 0.499996875845369
0.030000000000000 1.000000000000031 0.500000000000015 -0.000000000000099 99.999375169947200 0.499996875844769
0.030100000000000 1.000000000000030 0.500000000000015 -0.000000000000091 99.999375169947029 0.499996875844207
0.030200000000000 1.000000000000030 0.500000000000015 -0.000000000000084 99.999375169947214 0.499996875843672
0.030300000000000 1.000000000000031 0.500000000000015 -0.000000000000076 99.999375169947200 0.499996875843098
0.030400000000000 1.000000000000032 0.500000000000016 -0.000000000000067 99.999375169946944 0.499996875842552
0.030500000000000 1.000000000000031 0.500000000000015 -0.000000000000058 99.999375169947029 0.499996875842062
0.030600000000000 1.000000000000031 0.500000000000017 -0.000000000000051 99.999375169947783 0.499996875841532
0.030700000000000 1.000000000000032 0.500000000000016 -0.000000000000043 99.999375169947101 0.499996875841133
0.030800000000000 1.000000000000032 0.500000000000016 -0.000000000000034 99.999375169947498 0.499996875840725
0.030900000000000 1.000000000000031 0.500000000000016 -0.000000000000027 99.999375169946859 0.499996875840395
0.031000000000000 1.000000000000032 0.500000000000016 -0.000000000000019 99.999375169947541 0.499996875840137
0.031100000000000 1.000000000000031 0.500000000000016 -0.000000000000012 99.999375169946717 0.499996875839863
0.031200000000000 1.000000000000031 0.500000000000016 -0.000000000000004 99.999375169947953 0.499996875839710
0.031300000000000 1.000000000000032 0.500000000000015 0.000000000000004 99.999375169946688 0.499996875839672
0.031400000000000 1.000000000000030 0.500000000000016 0.000000000000012 99.999375169947783 0.499996875839581
0.031500000000000 1.000000000000032 0.500000000000015 0.000000000000018 99.999375169947655 0.499996875839625
0.031600000000000 1.000000000000031 0.500000000000016 0.000000000000026 99.999375169946916 0.499996875839665
0.031700000000000 1.000000000000032 0.500000000000016 0.000000000000034 99.999375169947584 0.499996875839801
0.031800000000000 1.000000000000034 0.500000000000016 0.000000000000041 99.999375169947854 0.499996875840007
0.031900000000000 1.000000000000031 0.500000000000016 0.000000000000047 99.999375169946731 0.499996875840270
0.032000000000000 1.000000000000032 0.500000000000016 0.000000000000055 99.999375169946703 0.499996875840550
0.032100000000000 1.000000000000031 0.500000000000016 0.000000000000064 99.999375169946944 0.499996875840916
0.032200000000000 1.000000000000032 0.500000000000016 0.000000000000072 99.999375169947555 0.499996875841345
0.032300000000000 1.000000000000032 0.500000000000016 0.000000000000081 99.999375169947399 0.499996875841780
0.032400000000000 1.000000000000034 0.500000000000016 0.000000000000088 99.999375169947314 0.499996875842330
0.032500000000000 1.000000000000033 0.500000000000016 0.000000000000095 99.999375169947243 0.499996875842801
0.032600000000000 1.000000000000034 0.500000000000016 0.000000000000105 99.999375169947342 0.499996875843359
0.032700000000000 1.000000000000035 0.500000000000016 0.000000000000112 99.999375169947342 0.499996875843923
0.032800000000000 1.000000000000034 0.500000000000017 0.000000000000120 99.999375169947626 0.499996875844441
0.032900000000000 1.000000000000035 0.500000000000017 0.000000000000128 99.999375169947314 0.499996875845063
0.033000000000000 1.000000000000034 0.500000000000017 0.000000000000136 99.999375169947342 0.499996875845614
0.033100000000000 1.000000000000035 0.500000000000017 0.000000000000144 99.999375169947200 0.499996875846159
0.033200000000000 1.000000000000034 0.500000000000017 0.000000000000150 99.999375169947356 0.499996875846721
0.033300000000000 1.000000000000033 0.500000000000017 0.000000000000159 99.999375169947584 0.499996875847217
0.033400000000000 1.000000000000034 0.500000000000017 0.000000000000166 99.999375169947541 0.499996875847694
0.033500000000000 1.000000000000034 0.500000000000017 0.000000000000174 99.999375169947484 0.499996875848116
0.033600000000000 1.000000000000034 0.500000000000018 0.000000000000182 99.999375169947484 0.499996875848480
0.033700000000000 1.000000000000034 0.500000000000017 0.000000000000190 99.999375169947669 0.499996875848823
0.033800000000000 1.000000000000034 0.500000000000017 0.000000000000197 99.999375169947598 0.499996875849047
0.033900000000000 1.000000000000035 0.500000000000018 0.000000000000204 99.999375169947626 0.499996875849209
0.034000000000000 1.000000000000035 0.500000000000018 0.000000000000211 99.999375169947371 0.499996875849294
0.034100000000000 1.000000000000034 0.500000000000017 0.000000000000217 99.999375169947513 0.499996875849319
0.034200000000000 1.000000000000034 0.500000000000017 0.000000000000225 99.999375169947498 0.499996875849231
0.034300000000000 1.000000000000036 0.500000000000017 0.000000000000230 99.999375169947427 0.499996875848993
0.034400000000000 1.000000000000034 0.500000000000018 0.000000000000236 99.999375169947427 0.499996875848643
0.034500000000000 1.000000000000034 0.500000000000018 0.000000000000244 99.999375169947541 0.499996875848222
0.034600000000000 1.000000000000036 0.500000000000018 0.000000000000250 99.999375169947569 0.499996875847702
0.034700000000000 1.000000000000035 0.500000000000018 0.000000000000257 99.999375169947683 0.499996875847007
0.034800000000000 1.000000000000035 0.500000000000018 0.000000000000263 99.999375169947513 0.499996875846200
0.034900000000000 1.000000000000035 0.500000000000018 0.000000000000270 99.999375169947626 0.499996875845319
0.035000000000000 1.000000000000036 0.500000000000019 0.000000000000276 99.999375169947726 0.499996875844212
0.035100000000000 1.000000000000034 0.500000000000019 0.000000000000284 99.999375169947569 0.499996875843036
0.035200000000000 1.000000000000035 0.500000000000019 0.000000000000288 99.999375169947626 0.499996875841755
0.035300000000000 1.000000000000036 0.500000000000019 0.000000000000294 99.999375169947626 0.499996875840328
0.035400000000000 1.000000000000036 0.500000000000019 0.000000000000299 99.999375169947598 0.499996875838733
0.035500000000000 1.000000000000036 0.500000000000020 0.000000000000305 99.999375169947626 0.499996875837029
0.035600000000000 1.000000000000036 0.500000000000019 0.000000000000311 99.999375169947655 0.499996875835263
0.035700000000000 1.000000000000036 0.500000000000019 0.000000000000315 99.999375169947584 0.499996875833344
0.035800000000000 1.000000000000035 0.500000000000020 0.000000000000320 99.999375169947470 0.499996875831278
0.035900000000000 1.000000000000035 0.500000000000020 0.000000000000325 99.999375169947498 0.499996875829136
0.036000000000000 1.000000000000035 0.500000000000019 0.000000000000329 99.999375169947484 0.499996875826971
0.036100000000000 1.000000000000036 0.500000000000019 0.000000000000333 99.999375169947740 0.499996875824621
0.036200000000000 1.000000000000036 0.500000000000020 0.000000000000339 99.999375169947626 0.499996875822185
0.036300000000000 1.000000000000036 0.500000000000020 0.000000000000343 99.999375169947925 0.499996875819686
0.036400000000000 1.000000000000036 0.500000000000019 0.000000000000349 99.999375169947911 0.499996875817158
0.036500000000000 1.000000000000036 0.500000000000019 0.000000000000352 99.999375169947569 0.499996875814570
0.036600000000000 1.000000000000037 0.500000000000020 0.000000000000356 99.999375169947825 0.499996875811866
0.036700000000000 1.000000000000036 0.500000000000020 0.000000000000360 99.999375169947626 0.499996875809127
0.036800000000000 1.000000000000037 0.500000000000020 0.000000000000363 99.999375169947740 0.499996875806422
0.036900000000000 1.000000000000036 0.500000000000020 0.000000000000367 99.999375169947697 0.499996875803700
0.037000000000000 1.000000000000035 0.500000000000021 0.000000000000371 99.999375169947839 0.499996875800914
0.037100000000000 1.000000000000036 0.500000000000021 0.000000000000376 99.999375169947655 0.499996875798134
0.037200000000000 1.000000000000038 0.500000000000021 0.000000000000378 99.999375169947911 0.499996875795434
0.037300000000000 1.000000000000036 0.500000000000021 0.000000000000381 99.999375169947740 0.499996875792752
0.037400000000000 1.000000000000037 0.500000000000022 0.000000000000384 99.999375169947896 0.499996875790069
0.037500000000000 1.000000000000036 0.500000000000021 0.000000000000389 99.999375169947740 0.499996875787499
0.037600000000000 1.000000000000037 0.500000000000022 0.000000000000391 99.999375169947584 0.499996875784939
0.037700000000000 1.000000000000037 0.500000000000021 0.000000000000392 99.999375169947768 0.499996875782513
0.037800000000000 1.000000000000038 0.500000000000022 0.000000000000393 99.999375169947513 0.499996875780123
0.037900000000000 1.000000000000038 0.500000000000021 0.000000000000396 99.999375169947825 0.499996875777885
0.038000000000000 1.000000000000038 0.500000000000022 0.000000000000398 99.999375169947655 0.499996875775706
0.038100000000000 1.000000000000038 0.500000000000022 0.000000000000400 99.999375169947825 0.499996875773621
0.038200000000000 1.000000000000037 0.500000000000022 0.000000000000402 99.999375169947939 0.499996875771720
0.038300000000000 1.000000000000037 0.500000000000022 0.000000000000404 99.999375169947925 0.499996875769963
0.038400000000000 1.000000000000036 0.500000000000022 0.000000000000406 99.999375169947967 0.499996875768359
0.038500000000000 1.000000000000038 0.500000000000021 0.000000000000407 99.999375169947783 0.499996875766930
0.038600000000000 1.000000000000038 0.500000000000022 0.000000000000409 99.999375169947939 0.499996875765561
0.038700000000000 1.000000000000037 0.500000000000022 0.000000000000409 99.999375169947925 0.499996875764416
0.038800000000000 1.000000000000038 0.500000000000022 0.000000000000410 99.999375169947626 0.499996875763464
0.038900000000000 1.000000000000038 0.500000000000023 0.000000000000411 99.999375169947996 0.499996875762644
0.039000000000000 1.000000000000039 0.500000000000023 0.000000000000411 99.999375169947825 0.499996875762035
0.039100000000000 1.000000000000038 0.500000000000022 0.000000000000413 99.999375169947939 0.499996875761625
0.039200000000000 1.000000000000038 0.500000000000023 0.000000000000413 99.999375169947768 0.499996875761344
0.039300000000000 1.000000000000040 0.500000000000023 0.000000000000412 99.999375169947953 0.499996875761288
0.039400000000000 1.000000000000039 0.500000000000024 0.000000000000412 99.999375169947797 0.499996875761416
0.039500000000000 1.000000000000040 0.500000000000024 0.000000000000410 99.999375169947996 0.499996875761733
0.039600000000000 1.000000000000038 0.500000000000024 0.000000000000410 99.999375169947868 0.499996875762227
0.039700000000000 1.000000000000038 0.500000000000024 0.000000000000410 99.999375169947939 0.499996875762895
0.039800000000000 1.000000000000039 0.500000000000025 0.000000000000408 99.999375169947911 0.499996875763754
0.039900000000000 1.000000000000038 0.500000000000024 0.000000000000408 99.999375169948223 0.499996875764791
0.040000000000000 1.000000000000040 0.500000000000024 0.000000000000408 99.999375169948038 0.499996875766041
0.040100000000000 1.000000000000039 0.500000000000024 0.000000000000407 99.999375169948081 0.499996875767422
0.040200000000000 1.000000000000040 0.500000000000024 0.000000000000406 99.999375169947896 0.499996875768942
0.040300000000000 1.000000000000039 0.500000000000024 0.000000000000404 99.999375169947939 0.499996875770667
0.040400000000000 1.000000000000039 0.500000000000025 0.000000000000402 99.999375169948223 0.499996875772425
0.040500000000000 1.000000000000039 0.500000000000025 0.000000000000399 99.999375169947854 0.499996875774410
0.040600000000000 1.000000000000039 0.500000000000024 0.000000000000397 99.999375169947939 0.499996875776515
0.040700000000000 1.000000000000040 0.500000000000025 0.000000000000394 99.999375169947825 0.499996875778682
0.040800000000000 1.000000000000040 0.500000000000025 0.000000000000391 99.999375169948166 0.499996875781015
0.040900000000000 1.000000000000040 0.500000000000026 0.000000000000390 99.999375169948166 0.499996875783398
0.041000000000000 1.000000000000040 0.500000000000025 0.000000000000387 99.999375169948237 0.499996875785897
0.041100000000000 1.000000000000040 0.500000000000025 0.000000000000385 99.999375169947882 0.499996875788467
0.041200000000000 1.000000000000040 0.500000000000025 0.000000000000382 99.999375169948195 0.499996875791087
0.041300000000000 1.000000000000040 0.500000000000026 0.000000000000379 99.999375169947982 0.499996875793712
0.041400000000000 1.000000000000040 0.500000000000026 0.000000000000375 99.999375169948081 0.499996875796428
0.041500000000000 1.000000000000041 0.500000000000026 0.000000000000370 99.999375169948593 0.499996875799181
0.041600000000000 1.000000000000041 0.500000000000026 0.000000000000367 99.999375169948166 0.499996875801912
0.041700000000000 1.000000000000040 0.500000000000026 0.000000000000364 99.999375169948593 0.499996875804680
0.041800000000000 1.000000000000041 0.500000000000027 0.000000000000359 99.999375169948181 0.499996875807390
0.041900000000000 1.000000000000041 0.500000000000027 0.000000000000355 99.999375169948166 0.499996875810108
0.042000000000000 1.000000000000041 0.500000000000026 0.000000000000352 99.999375169948621 0.499996875812818
0.042100000000000 1.000000000000042 0.500000000000027 0.000000000000347 99.999375169948166 0.499996875815470
0.042200000000000 1.000000000000041 0.500000000000027 0.000000000000341 99.999375169947683 0.499996875818057
0.042300000000000 1.000000000000041 0.500000000000027 0.000000000000337 99.999375169948109 0.499996875820601
0.042400000000000 1.000000000000042 0.500000000000027 0.000000000000332 99.999375169948834 0.499996875823085
0.042500000000000 1.000000000000040 0.500000000000027 0.000000000000327 99.999375169948763 0.499996875825450
0.042600000000000 1.000000000000042 0.500000000000027 0.000000000000323 99.999375169948706 0.499996875827747
0.042700000000000 1.000000000000042 0.500000000000028 0.000000000000319 99.999375169949147 0.499996875829900
0.042800000000000 1.000000000000042 0.500000000000028 0.000000000000315 99.999375169947768 0.499996875832026
0.042900000000000 1.000000000000042 0.500000000000028 0.000000000000309 99.999375169948706 0.499996875834044
0.043000000000000 1.000000000000042 0.500000000000028 0.000000000000303 99.999375169947811 0.499996875835898
0.043100000000000 1.000000000000043 0.500000000000028 0.000000000000297 99.999375169948237 0.499996875837667
0.043200000000000 1.000000000000043 0.500000000000028 0.000000000000288 99.999375169948223 0.499996875839304
0.043300000000000 1.000000000000042 0.500000000000029 0.000000000000283 99.999375169948195 0.499996875840791
0.043400000000000 1.000000000000043 0.500000000000028 0.000000000000276 99.999375169948536 0.499996875842232
0.043500000000000 1.000000000000044 0.500000000000029 0.000000000000270 99.999375169948365 0.499996875843433
0.043600000000000 1.000000000000043 0.500000000000029 0.000000000000262 99.999375169948109 0.499996875844557
0.043700000000000 1.000000000000043 0.500000000000028 0.000000000000256 99.999375169947754 0.499996875845578
0.043800000000000 1.000000000000043 0.500000000000029 0.000000000000248 99.999375169948365 0.499996875846414
0.043900000000000 1.000000000000043 0.500000000000030 0.000000000000242 99.999375169948507 0.499996875847143
0.044000000000000 1.000000000000044 0.500000000000029 0.000000000000236 99.999375169948550 0.499996875847796
0.044100000000000 1.000000000000044 0.500000000000029 0.000000000000228 99.999375169948323 0.499996875848293
0.044200000000000 1.000000000000045 0.500000000000029 0.000000000000221 99.999375169948337 0.499996875848682
0.044300000000000 1.000000000000044 0.500000000000029 0.000000000000213 99.999375169948536 0.499996875848961
0.044400000000000 1.000000000000044 0.500000000000029 0.000000000000207 99.999375169948479 0.499996875849118
0.044500000000000 1.000000000000045 0.500000000000030 0.000000000000198 99.999375169948422 0.499996875849183
0.044600000000000 1.000000000000045 0.500000000000030 0.000000000000192 99.999375169948607 0.499996875849164
0.044700000000000 1.000000000000045 0.500000000000029 0.000000000000184 99.999375169948678 0.499996875849062
0.044800000000000 1.000000000000044 0.500000000000030 0.000000000000177 99.999375169948593 0.499996875848840
0.044900000000000 1.000000000000045 0.500000000000030 0.000000000000170 99.999375169948621 0.499996875848567
0.045000000000000 1.000000000000045 0.500000000000031 0.000000000000162 99.999375169948337 0.499996875848196
0.045100000000000 1.000000000000045 0.500000000000030 0.000000000000154 99.999375169948621 0.499996875847858
0.045200000000000 1.000000000000047 0.500000000000030 0.000000000000148 99.999375169948763 0.499996875847395
0.045300000000000 1.000000000000045 0.500000000000030 0.000000000000140 99.999375169948820 0.499996875846919
0.045400000000000 1.000000000000045 0.500000000000031 0.000000000000133 99.999375169948991 0.499996875846360
0.045500000000000 1.000000000000046 0.500000000000031 0.000000000000126 99.999375169949062 0.499996875845823
0.045600000000000 1.000000000000045 0.500000000000031 0.000000000000119 99.999375169947939 0.499996875845239
0.045700000000000 1.000000000000047 0.500000000000031 0.000000000000110 99.999375169949303 0.499996875844671
0.045800000000000 1.000000000000046 0.500000000000031 0.000000000000102 99.999375169948053 0.499996875844115
0.045900000000000 1.000000000000047 0.500000000000031 0.000000000000094 99.999375169949190 0.499996875843540
0.046000000000000 1.000000000000046 0.500000000000031 0.000000000000085 99.999375169949204 0.499996875842985
0.046100000000000 1.000000000000044 0.500000000000030 0.000000000000075 99.999375169948081 0.499996875842470
0.046200000000000 1.000000000000046 0.500000000000031 0.000000000000068 99.999375169949104 0.499996875841947
0.046300000000000 1.000000000000046 0.500000000000031 0.000000000000059 99.999375169948678 0.499996875841482
0.046400000000000 1.000000000000046 0.500000000000031 0.000000000000052 99.999375169948820 0.499996875841008
0.046500000000000 1.000000000000047 0.500000000000032 0.000000000000043 99.999375169948564 0.499996875840600
0.046600000000000 1.000000000000047 0.500000000000031 0.000000000000035 99.999375169948735 0.499996875840295
0.046700000000000 1.000000000000046 0.500000000000031 0.000000000000027 99.999375169948721 0.499996875839996
0.046800000000000 1.000000000000047 0.500000000000031 0.000000000000019 99.999375169948678 0.499996875839769
0.046900000000000 1.000000000000047 0.500000000000031 0.000000000000011 99.999375169948706 0.499996875839608
0.047000000000000 1.000000000000047 0.500000000000031 0.000000000000003 99.999375169948735 0.499996875839472
0.047100000000000 1.000000000000048 0.500000000000031 -0.000000000000005 99.999375169948848 0.499996875839404
0.047200000000000 1.000000000000046 0.500000000000032 -0.000000000000014 99.999375169948848 0.499996875839390
0.047300000000000 1.000000000000046 0.500000000000032 -0.000000000000021 99.999375169948877 0.499996875839482
0.047400000000000 1.000000000000047 0.500000000000031 -0.000000000000029 99.999375169948678 0.499996875839604
0.047500000000000 1.000000000000047 0.500000000000032 -0.000000000000038 99.999375169948792 0.499996875839785
0.047600000000000 1.000000000000048 0.500000000000032 -0.000000000000045 99.999375169948749 0.499996875840038
0.047700000000000 1.000000000000048 0.500000000000032 -0.000000000000055 99.999375169948848 0.499996875840348
0.047800000000000 1.000000000000048 0.500000000000032 -0.000000000000064 99.999375169948792 0.499996875840694
0.047900000000000 1.000000000000049 0.500000000000032 -0.000000000000072 99.999375169948991 0.499996875841097
0.048000000000000 1.000000000000047 0.500000000000032 -0.000000000000081 99.999375169948962 0.499996875841547
0.048100000000000 1.000000000000048 0.500000000000032 -0.000000000000089 99.999375169948863 0.499996875842033
0.048200000000000 1.000000000000049 0.500000000000032 -0.000000000000097 99.999375169948863 0.499996875842525
0.048300000000000 1.000000000000048 0.500000000000032 -0.000000000000105 99.999375169948891 0.499996875843081
0.048400000000000 1.000000000000048 0.500000000000032 -0.000000000000112 99.999375169948792 0.499996875843663
0.048500000000000 1.000000000000048 0.500000000000032 -0.000000000000121 99.999375169948905 0.499996875844207
0.048600000000000 1.000000000000048 0.500000000000031 -0.000000000000128 99.999375169948976 0.499996875844812
0.048700000000000 1.000000000000049 0.500000000000032 -0.000000000000135 99.999375169948991 0.499996875845338
0.048800000000000 1.000000000000049 0.500000000000032 -0.000000000000142 99.999375169948920 0.499996875845917
0.048900000000000 1.000000000000049 0.500000000000032 -0.000000000000150 99.999375169948763 0.499996875846462
0.049000000000000 1.000000000000048 0.500000000000031 -0.000000000000157 99.999375169948976 0.499996875846998
0.049100000000000 1.000000000000049 0.500000000000032 -0.000000000000165 99.999375169948820 0.499996875847459
0.049200000000000 1.000000000000050 0.500000000000032 -0.000000000000172 99.999375169948934 0.499996875847886
0.049300000000000 1.000000000000049 0.500000000000032 -0.000000000000180 99.999375169949047 0.499996875848259
0.049400000000000 1.000000000000049 0.500000000000032 -0.000000000000187 99.999375169949133 0.499996875848610
0.049500000000000 1.000000000000051 0.500000000000033 -0.000000000000194 99.999375169949019 0.499996875848823
0.049600000000000 1.000000000000050 0.500000000000033 -0.000000000000203 99.999375169949076 0.499996875848996
0.049700000000000 1.000000000000050 0.500000000000033 -0.000000000000210 99.999375169949047 0.499996875849081
0.049800000000000 1.000000000000050 0.500000000000033 -0.000000000000215 99.999375169948991 0.499996875849062
0.049900000000000 1.000000000000052 0.500000000000032 -0.000000000000222 99.999375169949104 0.499996875849006
0.050000000000000 1.000000000000051 0.500000000000032 -0.000000000000227 99.999375169949019 0.499996875848826
0.050100000000000 1.000000000000049 0.500000000000032 -0.000000000000233 99.999375169948991 0.499996875848545
0.050200000000000 1.000000000000051 0.500000000000032 -0.000000000000239 99.999375169949062 0.499996875848108
0.050300000000000 1.000000000000051 0.500000000000033 -0.000000000000245 99.999375169949190 0.499996875847540
0.050400000000000 1.000000000000050 0.500000000000032 -0.000000000000250 99.999375169949218 0.499996875846937
0.050500000000000 1.000000000000052 0.500000000000032 -0.000000000000256 99.999375169949161 0.499996875846149
0.050600000000000 1.000000000000053 0.500000000000032 -0.000000000000263 99.999375169949104 0.499996875845234
0.050700000000000 1.000000000000050 0.500000000000033 -0.000000000000268 99.999375169949190 0.499996875844177
0.050800000000000 1.000000000000051 0.500000000000033 -0.000000000000274 99.999375169949147 0.499996875843006
0.050900000000000 1.000000000000051 0.500000000000034 -0.000000000000280 99.999375169949190 0.499996875841673
0.051000000000000 1.000000000000053 0.500000000000032 -0.000000000000285 99.999375169949246 0.499996875840334
0.051100000000000 1.000000000000052 0.500000000000032 -0.000000000000291 99.999375169949275 0.499996875838778
0.051200000000000 1.000000000000052 0.500000000000033 -0.000000000000296 99.999375169949246 0.499996875837063
0.051300000000000 1.000000000000051 0.500000000000032 -0.000000000000302 99.999375169949190 0.499996875835333
0.051400000000000 1.000000000000053 0.500000000000032 -0.000000000000306 99.999375169949246 0.499996875833388
0.051500000000000 1.000000000000052 0.500000000000032 -0.000000000000311 99.999375169949232 0.499996875831399
0.051600000000000 1.000000000000054 0.500000000000032 -0.000000000000316 99.999375169949218 0.499996875829270
0.051700000000000 1.000000000000051 0.500000000000032 -0.000000000000322 99.999375169949218 0.499996875827021
0.051800000000000 1.000000000000052 0.500000000000032 -0.000000000000326 99.999375169949161 0.499996875824703
0.051900000000000 1.000000000000052 0.500000000000032 -0.000000000000330 99.999375169949388 0.499996875822305
0.052000000000000 1.000000000000052 0.500000000000032 -0.000000000000333 99.999375169949190 0.499996875819820
0.052100000000000 1.000000000000052 0.500000000000032 -0.000000000000336 99.999375169949047 0.499996875817229
0.052200000000000 1.000000000000053 0.500000000000033 -0.000000000000340 99.999375169949360 0.499996875814625
0.052300000000000 1.000000000000053 0.500000000000032 -0.000000000000343 99.999375169949261 0.499996875811990
0.052400000000000 1.000000000000052 0.500000000000032 -0.000000000000347 99.999375169949346 0.499996875809318
0.052500000000000 1.000000000000052 0.500000000000032 -0.000000000000350 99.999375169949332 0.499996875806540
0.052600000000000 1.000000000000053 0.500000000000032 -0.000000000000354 99.999375169949374 0.499996875803800
0.052700000000000 1.000000000000052 0.500000000000032 -0.000000000000358 99.999375169949303 0.499996875801047
0.052800000000000 1.000000000000054 0.500000000000031 -0.000000000000360 99.999375169949388 0.499996875798318
0.052900000000000 1.000000000000052 0.500000000000032 -0.000000000000364 99.999375169949516 0.499996875795576
0.053000000000000 1.000000000000052 0.500000000000031 -0.000000000000367 99.999375169949417 0.499996875792901
0.053100000000000 1.000000000000053 0.500000000000031 -0.000000000000372 99.999375169949190 0.499996875790243
0.053200000000000 1.000000000000052 0.500000000000031 -0.000000000000375 99.999375169949246 0.499996875787620
0.053300000000000 1.000000000000054 0.500000000000032 -0.000000000000377 99.999375169949474 0.499996875785043
0.053400000000000 1.000000000000053 0.500000000000032 -0.000000000000379 99.999375169949388 0.499996875782606
0.053500000000000 1.000000000000052 0.500000000000031 -0.000000000000381 99.999375169949218 0.499996875780246
0.053600000000000 1.000000000000053 0.500000000000032 -0.000000000000384 99.999375169949374 0.499996875777923
0.053700000000000 1.000000000000053 0.500000000000032 -0.000000000000387 99.999375169949417 0.499996875775750
0.053800000000000 1.000000000000054 0.500000000000031 -0.000000000000389 99.999375169949445 0.499996875773716
0.053900000000000 1.000000000000052 0.500000000000031 -0.000000000000391 99.999375169949445 0.499996875771794
0.054000000000000 1.000000000000054 0.500000000000031 -0.000000000000392 99.999375169949303 0.499996875770011
0.054100000000000 1.000000000000053 0.500000000000031 -0.000000000000392 99.999375169949701 0.499996875768391
0.054200000000000 1.000000000000054 0.500000000000032 -0.000000000000393 99.999375169949559 0.499996875766824
0.054300000000000 1.000000000000054 0.500000000000031 -0.000000000000395 99.999375169949388 0.499996875765521
0.054400000000000 1.000000000000053 0.500000000000032 -0.000000000000396 99.999375169949531 0.499996875764326
0.054500000000000 1.000000000000054 0.500000000000031 -0.000000000000397 99.999375169949559 0.499996875763354
0.054600000000000 1.000000000000055 0.500000000000031 -0.000000000000398 99.999375169949474 0.499996875762554
0.054700000000000 1.000000000000055 0.500000000000031 -0.000000000000398 99.999375169949516 0.499996875761912
0.054800000000000 1.000000000000055 0.500000000000031 -0.000000000000398 99.999375169949474 0.499996875761444
0.054900000000000 1.000000000000055 0.500000000000031 -0.000000000000398 99.999375169949474 0.499996875761182
0.055000000000000 1.000000000000055 0.500000000000031 -0.000000000000399 99.999375169949346 0.499996875761083
0.055100000000000 1.000000000000055 0.500000000000031 -0.000000000000397 99.999375169949644 0.499996875761212
0.055200000000000 1.000000000000056 0.500000000000031 -0.000000000000396 99.999375169949388 0.499996875761487
0.055300000000000 1.000000000000054 0.500000000000031 -0.000000000000395 99.999375169949559 0.499996875761970
0.055400000000000 1.000000000000056 0.500000000000031 -0.000000000000394 99.999375169949417 0.499996875762627
0.055500000000000 1.000000000000055 0.500000000000030 -0.000000000000393 99.999375169949687 0.499996875763507
0.055600000000000 1.000000000000056 0.500000000000031 -0.000000000000392 99.999375169949559 0.499996875764467
0.055700000000000 1.000000000000054 0.500000000000030 -0.000000000000389 99.999375169949545 0.499996875765696
0.055800000000000 1.000000000000055 0.500000000000030 -0.000000000000387 99.999375169949502 0.499996875767078
0.055900000000000 1.000000000000054 0.500000000000031 -0.000000000000385 99.999375169949275 0.499996875768535
0.056000000000000 1.000000000000056 0.500000000000030 -0.000000000000382 99.999375169949730 0.499996875770227
0.056100000000000 1.000000000000057 0.500000000000030 -0.000000000000380 99.999375169949545 0.499996875772061
0.056200000000000 1.000000000000057 0.500000000000030 -0.000000000000378 99.999375169949644 0.499996875773997
0.056300000000000 1.000000000000056 0.500000000000030 -0.000000000000376 99.999375169949644 0.499996875776031
0.056400000000000 1.000000000000057 0.500000000000031 -0.000000000000372 99.999375169949673 0.499996875778210
0.056500000000000 1.000000000000056 0.500000000000031 -0.000000000000371 99.999375169949616 0.499996875780515
0.056600000000000 1.000000000000056 0.500000000000031 -0.000000000000367 99.999375169949801 0.499996875782869
0.056700000000000 1.000000000000056 0.500000000000031 -0.000000000000364 99.999375169949730 0.499996875785362
0.056800000000000 1.000000000000056 0.500000000000030 -0.000000000000362 99.999375169949758 0.499996875787946
0.056900000000000 1.000000000000056 0.500000000000030 -0.000000000000358 99.999375169949730 0.499996875790562
0.057000000000000 1.000000000000058 0.500000000000030 -0.000000000000354 99.999375169949772 0.499996875793227
0.057100000000000 1.000000000000057 0.500000000000031 -0.000000000000352 99.999375169949701 0.499996875795900
0.057200000000000 1.000000000000057 0.500000000000030 -0.000000000000348 99.999375169949758 0.499996875798676
0.057300000000000 1.000000000000056 0.500000000000030 -0.000000000000344 99.999375169950213 0.499996875801395
0.057400000000000 1.000000000000057 0.500000000000031 -0.000000000000340 99.999375169950184 0.499996875804148
0.057500000000000 1.000000000000058 0.500000000000031 -0.000000000000336 99.999375169949360 0.499996875806854
0.057600000000000 1.000000000000057 0.500000000000031 -0.000000000000331 99.999375169949815 0.499996875809597
0.057700000000000 1.000000000000059 0.500000000000030 -0.000000000000326 99.999375169949872 0.499996875812301
0.057800000000000 1.000000000000058 0.500000000000031 -0.000000000000320 99.999375169949900 0.499996875814924
0.057900000000000 1.000000000000058 0.500000000000031 -0.000000000000315 99.999375169950781 0.499996875817564
0.058000000000000 1.000000000000059 0.500000000000031 -0.000000000000311 99.999375169950298 0.499996875820083
0.058100000000000 1.000000000000058 0.500000000000031 -0.000000000000305 99.999375169950284 0.499996875822558
0.058200000000000 1.000000000000059 0.500000000000030 -0.000000000000301 99.999375169949843 0.499996875824972
0.058300000000000 1.000000000000058 0.500000000000030 -0.000000000000297 99.999375169949786 0.499996875827297
0.058400000000000 1.000000000000060 0.500000000000031 -0.000000000000293 99.999375169949502 0.499996875829462
0.058500000000000 1.000000000000059 0.500000000000031 -0.000000000000288 99.999375169949957 0.499996875831576
0.058600000000000 1.000000000000060 0.500000000000031 -0.000000000000282 99.999375169949445 0.499996875833570
0.058700000000000 1.000000000000060 0.500000000000031 -0.000000000000276 99.999375169950525 0.499996875835427
0.058800000000000 1.000000000000058 0.500000000000031 -0.000000000000270 99.999375169949644 0.499996875837242
0.058900000000000 1.000000000000060 0.500000000000031 -0.000000000000263 99.999375169950184 0.499996875838869
0.059000000000000 1.000000000000059 0.500000000000030 -0.000000000000257 99.999375169949531 0.499996875840423
0.059100000000000 1.000000000000058 0.500000000000030 -0.000000000000250 99.999375169949843 0.499996875841836
0.059200000000000 1.000000000000059 0.500000000000031 -0.000000000000243 99.999375169950468 0.499996875843072
0.059300000000000 1.000000000000058 0.500000000000031 -0.000000000000237 99.999375169949104 0.499996875844209
0.059400000000000 1.000000000000058 0.500000000000030 -0.000000000000230 99.999375169950852 0.499996875845251
0.059500000000000 1.000000000000058 0.500000000000031 -0.000000000000224 99.999375169949090 0.499996875846106
0.059600000000000 1.000000000000060 0.500000000000030 -0.000000000000218 99.999375169949872 0.499996875846899
0.059700000000000 1.000000000000060 0.500000000000029 -0.000000000000210 99.999375169949474 0.499996875847556
0.059800000000000 1.000000000000060 0.500000000000030 -0.000000000000204 99.999375169950071 0.499996875848067
0.059900000000000 1.000000000000059 0.500000000000030 -0.000000000000196 99.999375169950142 0.499996875848483
0.060000000000000 1.000000000000060 0.500000000000030 -0.000000000000189 99.999375169950014 0.499996875848763
0.060100000000000 1.000000000000061 0.500000000000031 -0.000000000000182 99.999375169949957 0.499996875848912
0.060200000000000 1.000000000000060 0.500000000000030 -0.000000000000175 99.999375169949587 0.499996875849010
0.060300000000000 1.000000000000059 0.500000000000030 -0.000000000000167 99.999375169949730 0.499996875848972
0.060400000000000 1.000000000000061 0.500000000000031 -0.000000000000161 99.999375169950468 0.499996875848850
0.060500000000000 1.000000000000059 0.500000000000031 -0.000000000000154 99.999375169949616 0.499996875848653
0.060600000000000 1.000000000000060 0.500000000000030 -0.000000000000146 99.999375169950184 0.499996875848418
0.060700000000000 1.000000000000061 0.500000000000030 -0.000000000000139 99.999375169950071 0.499996875848096
0.060800000000000 1.000000000000060 0.500000000000031 -0.000000000000131 99.999375169950113 0.499996875847682
0.060900000000000 1.000000000000061 0.500000000000031 -0.000000000000124 99.999375169950099 0.499996875847238
0.061000000000000 1.000000000000060 0.500000000000030 -0.000000000000117 99.999375169950326 0.499996875846782
0.061100000000000 1.000000000000060 0.500000000000031 -0.000000000000109 99.999375169949815 0.499996875846200
0.061200000000000 1.000000000000061 0.500000000000031 -0.000000000000100 99.999375169949758 0.499996875845702
0.061300000000000 1.000000000000061 0.500000000000031 -0.000000000000091 99.999375169950014 0.499996875845108
0.061400000000000 1.000000000000063 0.500000000000031 -0.000000000000083 99.999375169950497 0.499996875844541
0.061500000000000 1.000000000000061 0.500000000000031 -0.000000000000075 99.999375169951264 0.499996875843976
0.061600000000000 1.000000000000063 0.500000000000031 -0.000000000000068 99.999375169950298 0.499996875843393
0.061700000000000 1.000000000000063 0.500000000000031 -0.000000000000059 99.999375169951236 0.499996875842869
0.061800000000000 1.000000000000062 0.500000000000031 -0.000000000000052 99.999375169951122 0.499996875842289
0.061900000000000 1.000000000000062 0.500000000000030 -0.000000000000043 99.999375169950170 0.499996875841818
0.062000000000000 1.000000000000063 0.500000000000031 -0.000000000000034 99.999375169950781 0.499996875841296
0.062100000000000 1.000000000000063 0.500000000000031 -0.000000000000026 99.999375169950753 0.499996875840867
0.062200000000000 1.000000000000062 0.500000000000032 -0.000000000000018 99.999375169950042 0.499996875840447
0.062300000000000 1.000000000000062 0.500000000000032 -0.000000000000010 99.999375169949815 0.499996875840095
0.062400000000000 1.000000000000063 0.500000000000032 -0.000000000000002 99.999375169949815 0.499996875839791
0.062500000000000 1.000000000000062 0.500000000000031 0.000000000000006 99.999375169950028 0.499996875839595
0.062600000000000 1.000000000000064 0.500000000000031 0.000000000000014 99.999375169950866 0.499996875839413
0.062700000000000 1.000000000000063 0.500000000000031 0.000000000000023 99.999375169949815 0.499996875839283
0.062800000000000 1.000000000000063 0.500000000000032 0.000000000000033 99.999375169950696 0.499996875839192
0.062900000000000 1.000000000000063 0.500000000000031 0.000000000000040 99.999375169949815 0.499996875839238
0.063000000000000 1.000000000000064 0.500000000000031 0.000000000000049 99.999375169949829 0.499996875839320
0.063100000000000 1.000000000000064 0.500000000000032 0.000000000000058 99.999375169950710 0.499996875839370
0.063200000000000 1.000000000000063 0.500000000000031 0.000000000000065 99.999375169950781 0.499996875839599
0.063300000000000 1.000000000000063 0.500000000000032 0.000000000000074 99.999375169950980 0.499996875839800
0.063400000000000 1.000000000000063 0.500000000000032 0.000000000000083 99.999375169949928 0.499996875840102
0.063500000000000 1.000000000000063 0.500000000000032 0.000000000000092 99.999375169950952 0.499996875840453
0.063600000000000 1.000000000000067 0.500000000000032 0.000000000000100 99.999375169950781 0.499996875840859
0.063700000000000 1.000000000000064 0.500000000000032 0.000000000000108 99.999375169950738 0.499996875841308
0.063800000000000 1.000000000000065 0.500000000000032 0.000000000000116 99.999375169950980 0.499996875841786
0.063900000000000 1.000000000000064 0.500000000000032 0.000000000000125 99.999375169949886 0.499996875842279
0.064000000000000 1.000000000000065 0.500000000000032 0.000000000000132 99.999375169950724 0.499996875842864
0.064100000000000 1.000000000000064 0.500000000000033 0.000000000000141 99.999375169951009 0.499996875843346
0.064200000000000 1.000000000000065 0.500000000000032 0.000000000000149 99.999375169950952 0.499996875843942
0.064300000000000 1.000000000000064 0.500000000000033 0.000000000000156 99.999375169950639 0.499996875844503
0.064400000000000 1.000000000000065 0.500000000000033 0.000000000000164 99.999375169950397 0.499996875845095
0.064500000000000 1.000000000000064 0.500000000000032 0.000000000000172 99.999375169950724 0.499996875845703
0.064600000000000 1.000000000000066 0.500000000000033 0.000000000000180 99.999375169950653 0.499996875846210
0.064700000000000 1.000000000000064 0.500000000000032 0.000000000000186 99.999375169950468 0.499996875846721
0.064800000000000 1.000000000000065 0.500000000000033 0.000000000000194 99.999375169950710 0.499996875847174
0.064900000000000 1.000000000000066 0.500000000000032 0.000000000000202 99.999375169950568 0.499996875847653
0.065000000000000 1.000000000000066 0.500000000000033 0.000000000000210 99.999375169950554 0.499996875848008
0.065100000000000 1.000000000000064 0.500000000000032 0.000000000000216 99.999375169950525 0.499996875848408
0.065200000000000 1.000000000000065 0.500000000000033 0.000000000000224 99.999375169950554 0.499996875848585
0.065300000000000 1.000000000000065 0.500000000000033 0.000000000000229 99.999375169950724 0.499996875848792
0.065400000000000 1.000000000000066 0.500000000000032 0.000000000000237 99.999375169950540 0.499996875848936
0.065500000000000 1.000000000000065 0.500000000000033 0.000000000000243 99.999375169950554 0.499996875848944
0.065600000000000 1.000000000000067 0.500000000000033 0.000000000000250 99.999375169950724 0.499996875848875
0.065700000000000 1.000000000000066 0.500000000000034 0.000000000000256 99.999375169950724 0.499996875848653
0.065800000000000 1.000000000000065 0.500000000000034 0.000000000000263 99.999375169950440 0.499996875848361
0.065900000000000 1.000000000000066 0.500000000000034 0.000000000000270 99.999375169950710 0.499996875847951
0.066000000000000 1.000000000000067 0.500000000000034 0.000000000000277 99.999375169950696 0.499996875847465
0.066100000000000 1.000000000000067 0.500000000000034 0.000000000000283 99.999375169950667 0.499996875846819
0.066200000000000 1.000000000000066 0.500000000000034 0.000000000000290 99.999375169950611 0.499996875846050
0.066300000000000 1.000000000000068 0.500000000000035 0.000000000000295 99.999375169950753 0.499996875845151
0.066400000000000 1.000000000000066 0.500000000000034 0.000000000000300 99.999375169950653 0.499996875844138
0.066500000000000 1.000000000000067 0.500000000000035 0.000000000000305 99.999375169950724 0.499996875842986
0.066600000000000 1.000000000000066 0.500000000000035 0.000000000000310 99.999375169950696 0.499996875841726
0.066700000000000 1.000000000000068 0.500000000000034 0.000000000000317 99.999375169950824 0.499996875840377
0.066800000000000 1.000000000000068 0.500000000000035 0.000000000000323 99.999375169950724 0.499996875838763
0.066900000000000 1.000000000000068 0.500000000000035 0.000000000000327 99.999375169950781 0.499996875837126
0.067000000000000 1.000000000000068 0.500000000000035 0.000000000000332 99.999375169950781 0.499996875835355
0.067100000000000 1.000000000000067 0.500000000000035 0.000000000000338 99.999375169950852 0.499996875833462
0.067200000000000 1.000000000000069 0.500000000000035 0.000000000000342 99.999375169950738 0.499996875831467
0.067300000000000 1.000000000000067 0.500000000000036 0.000000000000347 99.999375169950923 0.499996875829320
0.067400000000000 1.000000000000067 0.500000000000035 0.000000000000351 99.999375169950923 0.499996875827110
0.067500000000000 1.000000000000068 0.500000000000036 0.000000000000357 99.999375169950724 0.499996875824787
0.067600000000000 1.000000000000068 0.500000000000036 0.000000000000361 99.999375169950980 0.499996875822400
0.067700000000000 1.000000000000068 0.500000000000036 0.000000000000365 99.999375169950980 0.499996875819943
0.067800000000000 1.000000000000068 0.500000000000036 0.000000000000369 99.999375169950738 0.499996875817368
0.067900000000000 1.000000000000068 0.500000000000036 0.000000000000372 99.999375169950824 0.499996875814757
0.068000000000000 1.000000000000068 0.500000000000037 0.000000000000375 99.999375169950767 0.499996875812127
0.068100000000000 1.000000000000069 0.500000000000037 0.000000000000379 99.999375169950795 0.499996875809422
0.068200000000000 1.000000000000069 0.500000000000037 0.000000000000383 99.999375169950966 0.499996875806680
0.068300000000000 1.000000000000069 0.500000000000036 0.000000000000386 99.999375169950781 0.499996875803971
0.068400000000000 1.000000000000069 0.500000000000037 0.000000000000389 99.999375169950838 0.499996875801197
0.068500000000000 1.000000000000069 0.500000000000037 0.000000000000391 99.999375169950895 0.499996875798448
0.068600000000000 1.000000000000069 0.500000000000037 0.000000000000393 99.999375169950810 0.499996875795719
0.068700000000000 1.000000000000068 0.500000000000037 0.000000000000395 99.999375169950852 0.499996875793018
0.068800000000000 1.000000000000069 0.500000000000037 0.000000000000397 99.999375169951051 0.499996875790350
0.068900000000000 1.000000000000069 0.500000000000038 0.000000000000400 99.999375169950980 0.499996875787742
0.069000000000000 1.000000000000069 0.500000000000038 0.000000000000402 99.999375169951023 0.499996875785167
0.069100000000000 1.000000000000069 0.500000000000038 0.000000000000404 99.999375169951065 0.499996875782719
0.069200000000000 1.000000000000070 0.500000000000038 0.000000000000406 99.999375169950810 0.499996875780332
0.069300000000000 1.000000000000070 0.500000000000038 0.000000000000408 99.999375169951250 0.499996875778029
0.069400000000000 1.000000000000070 0.500000000000039 0.000000000000411 99.999375169951122 0.499996875775810
0.069500000000000 1.000000000000070 0.500000000000038 0.000000000000412 99.999375169950895 0.499996875773748
0.069600000000000 1.000000000000070 0.500000000000038 0.000000000000414 99.999375169951122 0.499996875771797
0.069700000000000 1.000000000000070 0.500000000000039 0.000000000000416 99.999375169950895 0.499996875770003
0.069800000000000 1.000000000000069 0.500000000000038 0.000000000000418 99.999375169951122 0.499996875768367
0.069900000000000 1.000000000000070 0.500000000000038 0.000000000000420 99.999375169951151 0.499996875766852
0.070000000000000 1.000000000000071 0.500000000000039 0.000000000000422 99.999375169951179 0.499996875765472
0.070100000000000 1.000000000000069 0.500000000000039 0.000000000000422 99.999375169951151 0.499996875764276
0.070200000000000 1.000000000000070 0.500000000000039 0.000000000000423 99.999375169950980 0.499996875763272
0.070300000000000 1.000000000000070 0.500000000000039 0.000000000000423 99.999375169950980 0.499996875762448
0.070400000000000 1.000000000000070 0.500000000000039 0.000000000000421 99.999375169951207 0.499996875761757
0.070500000000000 1.000000000000072 0.500000000000040 0.000000000000420 99.999375169951094 0.499996875761303
0.070600000000000 1.000000000000069 0.500000000000039 0.000000000000419 99.999375169951080 0.499996875761002
0.070700000000000 1.000000000000071 0.500000000000040 0.000000000000418 99.999375169950994 0.499996875760904
0.070800000000000 1.000000000000070 0.500000000000040 0.000000000000418 99.999375169951136 0.499996875760962
0.070900000000000 1.000000000000070 0.500000000000039 0.000000000000416 99.999375169950810 0.499996875761305
0.071000000000000 1.000000000000070 0.500000000000040 0.000000000000416 99.999375169951094 0.499996875761703
0.071100000000000 1.000000000000070 0.500000000000040 0.000000000000413 99.999375169951293 0.499996875762379
0.071200000000000 1.000000000000071 0.500000000000041 0.000000000000411 99.999375169951193 0.499996875763117
0.071300000000000 1.000000000000072 0.500000000000040 0.000000000000409 99.999375169951065 0.499996875764169
0.071400000000000 1.000000000000069 0.500000000000041 0.000000000000407 99.999375169950952 0.499996875765325
0.071500000000000 1.000000000000072 0.500000000000040 0.000000000000406 99.999375169951165 0.499996875766689
0.071600000000000 1.000000000000072 0.500000000000041 0.000000000000404 99.999375169951335 0.499996875768131
0.071700000000000 1.000000000000071 0.500000000000040 0.000000000000402 99.999375169951222 0.499996875769820
0.071800000000000 1.000000000000071 0.500000000000040 0.000000000000399 99.999375169951094 0.499996875771606
0.071900000000000 1.000000000000072 0.500000000000041 0.000000000000398 99.999375169951222 0.499996875773497
0.072000000000000 1.000000000000070 0.500000000000041 0.000000000000396 99.999375169951065 0.499996875775591
0.072100000000000 1.000000000000072 0.500000000000041 0.000000000000394 99.999375169951236 0.499996875777788
0.072200000000000 1.000000000000071 0.500000000000041 0.000000000000393 99.999375169951080 0.499996875780035
0.072300000000000 1.000000000000071 0.500000000000041 0.000000000000390 99.999375169951293 0.499996875782439
0.072400000000000 1.000000000000073 0.500000000000042 0.000000000000386 99.999375169951350 0.499996875784891
0.072500000000000 1.000000000000073 0.500000000000041 0.000000000000383 99.999375169951293 0.499996875787453
0.072600000000000 1.000000000000074 0.500000000000042 0.000000000000379 99.999375169951321 0.499996875790030
0.072700000000000 1.000000000000072 0.500000000000042 0.000000000000377 99.999375169951222 0.499996875792676
0.072800000000000 1.000000000000072 0.500000000000042 0.000000000000375 99.999375169951350 0.499996875795380
0.072900000000000 1.000000000000073 0.500000000000042 0.000000000000371 99.999375169950696 0.499996875798109
0.073000000000000 1.000000000000073 0.500000000000043 0.000000000000367 99.999375169950923 0.499996875800850
0.073100000000000 1.000000000000072 0.500000000000043 0.000000000000362 99.999375169951861 0.499996875803610
0.073200000000000 1.000000000000073 0.500000000000042 0.000000000000359 99.999375169950781 0.499996875806362
0.073300000000000 1.000000000000072 0.500000000000043 0.000000000000354 99.999375169951250 0.499996875809099
0.073400000000000 1.000000000000073 0.500000000000043 0.000000000000351 99.999375169951435 0.499996875811750
0.073500000000000 1.000000000000073 0.500000000000043 0.000000000000346 99.999375169950980 0.499996875814429
0.073600000000000 1.000000000000074 0.500000000000043 0.000000000000341 99.999375169951492 0.499996875817057
0.073700000000000 1.000000000000074 0.500000000000043 0.000000000000334 99.999375169951037 0.499996875819595
0.073800000000000 1.000000000000072 0.500000000000044 0.000000000000330 99.999375169951747 0.499996875822068
0.073900000000000 1.000000000000073 0.500000000000044 0.000000000000325 99.999375169951037 0.499996875824445
0.074000000000000 1.000000000000075 0.500000000000043 0.000000000000319 99.999375169951378 0.499996875826807
0.074100000000000 1.000000000000075 0.500000000000044 0.000000000000314 99.999375169951847 0.499996875829000
0.074200000000000 1.000000000000073 0.500000000000044 0.000000000000307 99.999375169951406 0.499996875831153
0.074300000000000 1.000000000000074 0.500000000000044 0.000000000000301 99.999375169950923 0.499996875833134
0.074400000000000 1.000000000000075 0.500000000000044 0.000000000000295 99.999375169951435 0.499996875835082
0.074500000000000 1.000000000000075 0.500000000000044 0.000000000000290 99.999375169951549 0.499996875836842
0.074600000000000 1.000000000000074 0.500000000000044 0.000000000000285 99.999375169950639 0.499996875838523
0.074700000000000 1.000000000000075 0.500000000000045 0.000000000000278 99.999375169951847 0.499996875840013
0.074800000000000 1.000000000000074 0.500000000000045 0.000000000000271 99.999375169951136 0.499996875841461
0.074900000000000 1.000000000000077 0.500000000000044 0.000000000000265 99.999375169951080 0.499996875842766
0.075000000000000 1.000000000000075 0.500000000000045 0.000000000000258 99.999375169951435 0.499996875843901
0.075100000000000 1.000000000000075 0.500000000000045 0.000000000000251 99.999375169951563 0.499996875844937
0.075200000000000 1.000000000000075 0.500000000000045 0.000000000000243 99.999375169951705 0.499996875845867
0.075300000000000 1.000000000000075 0.500000000000044 0.000000000000236 99.999375169951136 0.499996875846637
0.075400000000000 1.000000000000076 0.500000000000044 0.000000000000228 99.999375169952017 0.499996875847329
0.075500000000000 1.000000000000075 0.500000000000045 0.000000000000221 99.999375169951932 0.499996875847826
0.075600000000000 1.000000000000075 0.500000000000045 0.000000000000213 99.999375169951534 0.499996875848235
0.075700000000000 1.000000000000076 0.500000000000046 0.000000000000203 99.999375169951179 0.499996875848518
0.075800000000000 1.000000000000076 0.500000000000045 0.000000000000196 99.999375169951179 0.499996875848720
0.075900000000000 1.000000000000076 0.500000000000046 0.000000000000188 99.999375169952131 0.499996875848786
0.076000000000000 1.000000000000075 0.500000000000045 0.000000000000181 99.999375169952060 0.499996875848802
0.076100000000000 1.000000000000075 0.500000000000045 0.000000000000173 99.999375169951293 0.499996875848719
0.076200000000000 1.000000000000077 0.500000000000045 0.000000000000166 99.999375169952160 0.499996875848583
0.076300000000000 1.000000000000077 0.500000000000046 0.000000000000158 99.999375169951293 0.499996875848252
0.076400000000000 1.000000000000077 0.500000000000047 0.000000000000150 99.999375169952174 0.499996875847918
0.076500000000000 1.000000000000077 0.500000000000046 0.000000000000142 99.999375169952287 0.499996875847559
0.076600000000000 1.000000000000078 0.500000000000047 0.000000000000133 99.999375169952032 0.499996875847095
0.076700000000000 1.000000000000078 0.500000000000047 0.000000000000123 99.999375169952316 0.499996875846622
0.076800000000000 1.000000000000077 0.500000000000046 0.000000000000116 99.999375169952174 0.499996875846110
0.076900000000000 1.000000000000076 0.500000000000047 0.000000000000108 99.999375169952145 0.499996875845566
0.077000000000000 1.000000000000077 0.500000000000046 0.000000000000100 99.999375169951549 0.499996875845031
0.077100000000000 1.000000000000078 0.500000000000047 0.000000000000092 99.999375169952231 0.499996875844441
0.077200000000000 1.000000000000077 0.500000000000048 0.000000000000084 99.999375169951662 0.499996875843823
0.077300000000000 1.000000000000077 0.500000000000047 0.000000000000075 99.999375169952046 0.499996875843294
0.077400000000000 1.000000000000078 0.500000000000046 0.000000000000066 99.999375169951534 0.499996875842765
0.077500000000000 1.000000000000078 0.500000000000047 0.000000000000057 99.999375169951563 0.499996875842223
0.077600000000000 1.000000000000078 0.500000000000046 0.000000000000049 99.999375169951733 0.499996875841702
0.077700000000000 1.000000000000078 0.500000000000047 0.000000000000041 99.999375169951691 0.499996875841191
0.077800000000000 1.000000000000078 0.500000000000047 0.000000000000031 99.999375169951165 0.499996875840719
0.077900000000000 1.000000000000077 0.500000000000046 0.000000000000022 99.999375169952259 0.499996875840359
0.078000000000000 1.000000000000077 0.500000000000047 0.000000000000013 99.999375169952316 0.499996875839999
0.078100000000000 1.000000000000077 0.500000000000048 0.000000000000005 99.999375169951378 0.499996875839664
0.078200000000000 1.000000000000077 0.500000000000047 -0.000000000000004 99.999375169951179 0.499996875839433
0.078300000000000 1.000000000000079 0.500000000000047 -0.000000000000013 99.999375169951463 0.499996875839260
0.078400000000000 1.000000000000077 0.500000000000047 -0.000000000000021 99.999375169952273 0.499996875839146
0.078500000000000 1.000000000000077 0.500000000000047 -0.000000000000029 99.999375169952287 0.499996875839039
0.078600000000000 1.000000000000077 0.500000000000047 -0.000000000000037 99.999375169951691 0.499996875839038
0.078700000000000 1.000000000000078 0.500000000000047 -0.000000000000044 99.999375169951520 0.499996875839074
0.078800000000000 1.000000000000078 0.500000000000047 -0.000000000000053 99.999375169952174 0.499996875839196
0.078900000000000 1.000000000000078 0.500000000000048 -0.000000000000061 99.999375169951676 0.499996875839346
0.079000000000000 1.000000000000078 0.500000000000048 -0.000000000000069 99.999375169951520 0.499996875839593
0.079100000000000 1.000000000000079 0.500000000000048 -0.000000000000076 99.999375169951293 0.499996875839870
0.079200000000000 1.000000000000080 0.500000000000048 -0.000000000000085 99.999375169952330 0.499996875840236
0.079300000000000 1.000000000000080 0.500000000000047 -0.000000000000093 99.999375169952415 0.499996875840636
0.079400000000000 1.000000000000081 0.500000000000048 -0.000000000000102 99.999375169952714 0.499996875841099
0.079500000000000 1.000000000000079 0.500000000000048 -0.000000000000110 99.999375169952103 0.499996875841551
0.079600000000000 1.000000000000079 0.500000000000048 -0.000000000000118 99.999375169951975 0.499996875842055
0.079700000000000 1.000000000000080 0.500000000000048 -0.000000000000126 99.999375169951975 0.499996875842554
0.079800000000000 1.000000000000080 0.500000000000048 -0.000000000000134 99.999375169952003 0.499996875843112
0.079900000000000 1.000000000000081 0.500000000000048 -0.000000000000142 99.999375169952089 0.499996875843684
0.080000000000000 1.000000000000081 0.500000000000049 -0.000000000000150 99.999375169952344 0.499996875844253
0.080100000000000 1.000000000000081 0.500000000000048 -0.000000000000158 99.999375169952415 0.499996875844846
0.080200000000000 1.000000000000081 0.500000000000048 -0.000000000000165 99.999375169952287 0.499996875845416
0.080300000000000 1.000000000000081 0.500000000000048 -0.000000000000173 99.999375169952003 0.499996875845980
0.080400000000000 1.000000000000081 0.500000000000049 -0.000000000000182 99.999375169952089 0.499996875846455
0.080500000000000 1.000000000000082 0.500000000000048 -0.000000000000190 99.999375169952074 0.499996875846967
0.080600000000000 1.000000000000081 0.500000000000049 -0.000000000000199 99.999375169952259 0.499996875847383
0.080700000000000 1.000000000000081 0.500000000000049 -0.000000000000206 99.999375169952273 0.499996875847769
0.080800000000000 1.000000000000082 0.500000000000048 -0.000000000000214 99.999375169952202 0.499996875848129
0.080900000000000 1.000000000000082 0.500000000000048 -0.000000000000221 99.999375169952231 0.499996875848426
0.081000000000000 1.000000000000081 0.500000000000049 -0.000000000000229 99.999375169952287 0.499996875848566
0.081100000000000 1.000000000000082 0.500000000000049 -0.000000000000234 99.999375169952174 0.499996875848697
0.081200000000000 1.000000000000083 0.500000000000049 -0.000000000000240 99.999375169952302 0.499996875848721
0.081300000000000 1.000000000000082 0.500000000000048 -0.000000000000247 99.999375169952401 0.499996875848703
0.081400000000000 1.000000000000082 0.500000000000049 -0.000000000000254 99.999375169952344 0.499996875848471
0.081500000000000 1.000000000000083 0.500000000000049 -0.000000000000260 99.999375169952373 0.499996875848211
0.081600000000000 1.000000000000082 0.500000000000049 -0.000000000000267 99.999375169952344 0.499996875847832
0.081700000000000 1.000000000000083 0.500000000000048 -0.000000000000273 99.999375169952344 0.499996875847350
0.081800000000000 1.000000000000083 0.500000000000048 -0.000000000000279 99.999375169952373 0.499996875846703
0.081900000000000 1.000000000000082 0.500000000000048 -0.000000000000285 99.999375169952245 0.499996875845982
0.082000000000000 1.000000000000084 0.500000000000049 -0.000000000000292 99.999375169952202 0.499996875845046
0.082100000000000 1.000000000000082 0.500000000000048 -0.000000000000297 99.999375169952302 0.499996875844086
0.082200000000000 1.000000000000083 0.500000000000048 -0.000000000000304 99.999375169952231 0.499996875842929
0.082300000000000 1.000000000000083 0.500000000000049 -0.000000000000310 99.999375169952287 0.499996875841667
0.082400000000000 1.000000000000083 0.500000000000048 -0.000000000000316 99.999375169952430 0.499996875840312
0.082500000000000 1.000000000000084 0.500000000000048 -0.000000000000322 99.999375169952401 0.499996875838789
0.082600000000000 1.000000000000085 0.500000000000047 -0.000000000000326 99.999375169952401 0.499996875837188
0.082700000000000 1.000000000000085 0.500000000000049 -0.000000000000331 99.999375169952458 0.499996875835329
0.082800000000000 1.000000000000085 0.500000000000048 -0.000000000000337 99.999375169952444 0.499996875833526
0.082900000000000 1.000000000000084 0.500000000000049 -0.000000000000342 99.999375169952458 0.499996875831475
0.083000000000000 1.000000000000084 0.500000000000048 -0.000000000000348 99.999375169952572 0.499996875829409
0.083100000000000 1.000000000000084 0.500000000000048 -0.000000000000352 99.999375169952458 0.499996875827206
0.083200000000000 1.000000000000083 0.500000000000048 -0.000000000000357 99.999375169952216 0.499996875824892
0.083300000000000 1.000000000000083 0.500000000000049 -0.000000000000361 99.999375169952401 0.499996875822467
0.083400000000000 1.000000000000083 0.500000000000048 -0.000000000000366 99.999375169952145 0.499996875820030
0.083500000000000 1.000000000000084 0.500000000000048 -0.000000000000370 99.999375169952515 0.499996875817522
0.083600000000000 1.000000000000086 0.500000000000048 -0.000000000000374 99.999375169952557 0.499996875814904
0.083700000000000 1.000000000000084 0.500000000000048 -0.000000000000379 99.999375169952629 0.499996875812246
0.083800000000000 1.000000000000084 0.500000000000049 -0.000000000000383 99.999375169952472 0.499996875809536
0.083900000000000 1.000000000000086 0.500000000000048 -0.000000000000386 99.999375169952657 0.499996875806837
0.084000000000000 1.000000000000085 0.500000000000048 -0.000000000000389 99.999375169952472 0.499996875804084
0.084100000000000 1.000000000000085 0.500000000000048 -0.000000000000392 99.999375169952430 0.499996875801368
0.084200000000000 1.000000000000084 0.500000000000048 -0.000000000000396 99.999375169952685 0.499996875798600
0.084300000000000 1.000000000000086 0.500000000000048 -0.000000000000398 99.999375169952401 0.499996875795858
0.084400000000000 1.000000000000085 0.500000000000047 -0.000000000000400 99.999375169952827 0.499996875793193
0.084500000000000 1.000000000000085 0.500000000000048 -0.000000000000401 99.999375169952685 0.499996875790493
0.084600000000000 1.000000000000085 0.500000000000047 -0.000000000000404 99.999375169952629 0.499996875787919
0.084700000000000 1.000000000000084 0.500000000000047 -0.000000000000406 99.999375169952799 0.499996875785314
0.084800000000000 1.000000000000085 0.500000000000046 -0.000000000000408 99.999375169952515 0.499996875782896
0.084900000000000 1.000000000000085 0.500000000000047 -0.000000000000409 99.999375169952572 0.499996875780428
0.085000000000000 1.000000000000085 0.500000000000047 -0.000000000000410 99.999375169952572 0.499996875778137
0.085100000000000 1.000000000000086 0.500000000000047 -0.000000000000412 99.999375169952785 0.499996875775932
0.085200000000000 1.000000000000086 0.500000000000047 -0.000000000000414 99.999375169952657 0.499996875773824
0.085300000000000 1.000000000000086 0.500000000000047 -0.000000000000415 99.999375169952870 0.499996875771867
0.085400000000000 1.000000000000085 0.500000000000048 -0.000000000000416 99.999375169952543 0.499996875769972
0.085500000000000 1.000000000000087 0.500000000000048 -0.000000000000416 99.999375169952799 0.499996875768339
0.085600000000000 1.000000000000086 0.500000000000047 -0.000000000000416 99.999375169952700 0.499996875766850
0.085700000000000 1.000000000000085 0.500000000000047 -0.000000000000416 99.999375169952643 0.499996875765421
0.085800000000000 1.000000000000087 0.500000000000047 -0.000000000000415 99.999375169952486 0.499996875764262
0.085900000000000 1.000000000000086 0.500000000000046 -0.000000000000416 99.999375169952970 0.499996875763236
0.086000000000000 1.000000000000085 0.500000000000047 -0.000000000000416 99.999375169952486 0.499996875762343
0.086100000000000 1.000000000000085 0.500000000000047 -0.000000000000415 99.999375169952515 0.499996875761673
0.086200000000000 1.000000000000087 0.500000000000046 -0.000000000000415 99.999375169952685 0.499996875761159
0.086300000000000 1.000000000000086 0.500000000000047 -0.000000000000414 99.999375169952714 0.499996875760837
0.086400000000000 1.000000000000085 0.500000000000046 -0.000000000000413 99.999375169952643 0.499996875760739
0.086500000000000 1.000000000000086 0.500000000000047 -0.000000000000412 99.999375169952515 0.499996875760791
0.086600000000000 1.000000000000086 0.500000000000046 -0.000000000000410 99.999375169952771 0.499996875761040
0.086700000000000 1.000000000000086 0.500000000000046 -0.000000000000408 99.999375169952685 0.499996875761460
0.086800000000000 1.000000000000085 0.500000000000047 -0.000000000000408 99.999375169952884 0.499996875762050
0.086900000000000 1.000000000000087 0.500000000000046 -0.000000000000407 99.999375169952700 0.499996875762890
0.087000000000000 1.000000000000087 0.500000000000046 -0.000000000000406 99.999375169952799 0.499996875763836
0.087100000000000 1.000000000000088 0.500000000000046 -0.000000000000404 99.999375169952629 0.499996875765021
0.087200000000000 1.000000000000086 0.500000000000046 -0.000000000000400 99.999375169952756 0.499996875766341
0.087300000000000 1.000000000000086 0.500000000000047 -0.000000000000398 99.999375169952671 0.499996875767748
0.087400000000000 1.000000000000086 0.500000000000046 -0.000000000000396 99.999375169952856 0.499996875769426
0.087500000000000 1.000000000000088 0.500000000000046 -0.000000000000395 99.999375169952756 0.499996875771196
0.087600000000000 1.000000000000087 0.500000000000046 -0.000000000000392 99.999375169952827 0.499996875773098
0.087700000000000 1.000000000000088 0.500000000000046 -0.000000000000388 99.999375169952756 0.499996875775149
0.087800000000000 1.000000000000087 0.500000000000046 -0.000000000000384 99.999375169952785 0.499996875777328
0.087900000000000 1.000000000000088 0.500000000000046 -0.000000000000378 99.999375169952771 0.499996875779596
0.088000000000000 1.000000000000087 0.500000000000047 -0.000000000000376 99.999375169952771 0.499996875781928
0.088100000000000 1.000000000000089 0.500000000000046 -0.000000000000372 99.999375169952827 0.499996875784406
0.088200000000000 1.000000000000088 0.500000000000045 -0.000000000000369 99.999375169952913 0.499996875786978
0.088300000000000 1.000000000000088 0.500000000000046 -0.000000000000365 99.999375169952913 0.499996875789565
0.088400000000000 1.000000000000086 0.500000000000046 -0.000000000000361 99.999375169952899 0.499996875792186
0.088500000000000 1.000000000000088 0.500000000000046 -0.000000000000357 99.999375169952870 0.499996875794889
0.088600000000000 1.000000000000087 0.500000000000046 -0.000000000000353 99.999375169953282 0.499996875797606
0.088700000000000 1.000000000000087 0.500000000000046 -0.000000000000349 99.999375169952827 0.499996875800323
0.088800000000000 1.000000000000088 0.500000000000046 -0.000000000000344 99.999375169952941 0.499996875803075
0.088900000000000 1.000000000000090 0.500000000000046 -0.000000000000340 99.999375169952927 0.499996875805833
0.089000000000000 1.000000000000089 0.500000000000046 -0.000000000000336 99.999375169952430 0.499996875808559
0.089100000000000 1.000000000000089 0.500000000000045 -0.000000000000330 99.999375169952586 0.499996875811299
0.089200000000000 1.000000000000089 0.500000000000047 -0.000000000000325 99.999375169952884 0.499996875813879
0.089300000000000 1.000000000000090 0.500000000000045 -0.000000000000319 99.999375169953055 0.499996875816574
0.089400000000000 1.000000000000088 0.500000000000046 -0.000000000000314 99.999375169952927 0.499996875819090
0.089500000000000 1.000000000000089 0.500000000000046 -0.000000000000308 99.999375169953069 0.499996875821556
0.089600000000000 1.000000000000089 0.500000000000047 -0.000000000000302 99.999375169953069 0.499996875823961
0.089700000000000 1.000000000000090 0.500000000000046 -0.000000000000296 99.999375169953026 0.499996875826311
0.089800000000000 1.000000000000089 0.500000000000045 -0.000000000000291 99.999375169953140 0.499996875828585
0.089900000000000 1.000000000000091 0.500000000000046 -0.000000000000285 99.999375169952685 0.499996875830687
0.090000000000000 1.000000000000090 0.500000000000046 -0.000000000000279 99.999375169953453 0.499996875832751
0.090100000000000 1.000000000000091 0.500000000000046 -0.000000000000273 99.999375169952657 0.499996875834620
0.090200000000000 1.000000000000090 0.500000000000046 -0.000000000000267 99.999375169953140 0.499996875836444
0.090300000000000 1.000000000000091 0.500000000000046 -0.000000000000261 99.999375169952728 0.499996875838102
0.090400000000000 1.000000000000092 0.500000000000046 -0.000000000000254 99.999375169953097 0.499996875839694
0.090500000000000 1.000000000000091 0.500000000000046 -0.000000000000246 99.999375169953268 0.499996875841118
0.090600000000000 1.000000000000090 0.500000000000047 -0.000000000000239 99.999375169953069 0.499996875842386
0.090700000000000 1.000000000000092 0.500000000000046 -0.000000000000231 99.999375169953225 0.499996875843604
0.090800000000000 1.000000000000091 0.500000000000046 -0.000000000000225 99.999375169953026 0.499996875844645
0.090900000000000 1.000000000000091 0.500000000000047 -0.000000000000217 99.999375169953368 0.499996875845531
0.091000000000000 1.000000000000091 0.500000000000046 -0.000000000000210 99.999375169952955 0.499996875846361
0.091100000000000 1.000000000000093 0.500000000000047 -0.000000000000204 99.999375169953396 0.499996875846973
0.091200000000000 1.000000000000093 0.500000000000045 -0.000000000000196 99.999375169953154 0.499996875847595
0.091300000000000 1.000000000000093 0.500000000000046 -0.000000000000189 99.999375169953041 0.499996875847989
0.091400000000000 1.000000000000092 0.500000000000047 -0.000000000000182 99.999375169953311 0.499996875848286
0.091500000000000 1.000000000000093 0.500000000000046 -0.000000000000173 99.999375169953353 0.499996875848514
0.091600000000000 1.000000000000093 0.500000000000046 -0.000000000000165 99.999375169953112 0.499996875848592
0.091700000000000 1.000000000000093 0.500000000000047 -0.000000000000159 99.999375169953936 0.499996875848591
0.091800000000000 1.000000000000094 0.500000000000047 -0.000000000000151 99.999375169952287 0.499996875848496
0.091900000000000 1.000000000000092 0.500000000000046 -0.000000000000143 99.999375169952373 0.499996875848348
0.092000000000000 1.000000000000092 0.500000000000046 -0.000000000000135 99.999375169954433 0.499996875848133
0.092100000000000 1.000000000000092 0.500000000000047 -0.000000000000127 99.999375169952458 0.499996875847765
0.092200000000000 1.000000000000093 0.500000000000047 -0.000000000000120 99.999375169953552 0.499996875847378
0.092300000000000 1.000000000000094 0.500000000000047 -0.000000000000113 99.999375169952799 0.499996875846965
0.092400000000000 1.000000000000093 0.500000000000046 -0.000000000000105 99.999375169953709 0.499996875846521
0.092500000000000 1.000000000000094 0.500000000000046 -0.000000000000097 99.999375169952884 0.499996875846022
0.092600000000000 1.000000000000093 0.500000000000046 -0.000000000000091 99.999375169953737 0.499996875845463
0.092700000000000 1.000000000000094 0.500000000000047 -0.000000000000083 99.999375169953893 0.499996875844875
0.092800000000000 1.000000000000094 0.500000000000046 -0.000000000000074 99.999375169952913 0.499996875844336
0.092900000000000 1.000000000000094 0.500000000000047 -0.000000000000066 99.999375169953879 0.499996875843746
0.093000000000000 1.000000000000094 0.500000000000047 -0.000000000000058 99.999375169953822 0.499996875843147
0.093100000000000 1.000000000000095 0.500000000000046 -0.000000000000049 99.999375169952941 0.499996875842628
0.093200000000000 1.000000000000093 0.500000000000046 -0.000000000000041 99.999375169953950 0.499996875842088
0.093300000000000 1.000000000000094 0.500000000000047 -0.000000000000033 99.999375169953055 0.499996875841540
0.093400000000000 1.000000000000097 0.500000000000047 -0.000000000000024 99.999375169953836 0.499996875841015
0.093500000000000 1.000000000000094 0.500000000000047 -0.000000000000016 99.999375169953282 0.499996875840597
0.093600000000000 1.000000000000095 0.500000000000047 -0.000000000000007 99.999375169954078 0.499996875840190
0.093700000000000 1.000000000000094 0.500000000000047 0.000000000000001 99.999375169953296 0.499996875839819
0.093800000000000 1.000000000000095 0.500000000000047 0.000000000000010 99.999375169953026 0.499996875839531
0.093900000000000 1.000000000000095 0.500000000000047 0.000000000000018 99.999375169953311 0.499996875839229
0.094000000000000 1.000000000000094 0.500000000000047 0.000000000000026 99.999375169953311 0.499996875839036
0.094100000000000 1.000000000000095 0.500000000000048 0.000000000000035 99.999375169953282 0.499996875838908
0.094200000000000 1.000000000000096 0.500000000000048 0.000000000000043 99.999375169953936 0.499996875838799
0.094300000000000 1.000000000000095 0.500000000000048 0.000000000000052 99.999375169953936 0.499996875838806
0.094400000000000 1.000000000000097 0.500000000000048 0.000000000000061 99.999375169953368 0.499996875838878
0.094500000000000 1.000000000000097 0.500000000000048 0.000000000000069 99.999375169953240 0.499996875838985
0.094600000000000 1.000000000000097 0.500000000000048 0.000000000000078 99.999375169954135 0.499996875839141
0.094700000000000 1.000000000000097 0.500000000000048 0.000000000000086 99.999375169953339 0.499996875839354
0.094800000000000 1.000000000000097 0.500000000000048 0.000000000000094 99.999375169954106 0.499996875839640
0.094900000000000 1.000000000000099 0.500000000000049 0.000000000000102 99.999375169953453 0.499996875839947
0.095000000000000 1.000000000000097 0.500000000000048 0.000000000000110 99.999375169953112 0.499996875840367
0.095100000000000 1.000000000000097 0.500000000000049 0.000000000000118 99.999375169954391 0.499996875840822
0.095200000000000 1.000000000000099 0.500000000000048 0.000000000000127 99.999375169953765 0.499996875841294
0.095300000000000 1.000000000000096 0.500000000000049 0.000000000000135 99.999375169953851 0.499996875841762
0.095400000000000 1.000000000000099 0.500000000000049 0.000000000000144 99.999375169953836 0.499996875842314
0.095500000000000 1.000000000000096 0.500000000000049 0.000000000000153 99.999375169953936 0.499996875842850
0.095600000000000 1.000000000000098 0.500000000000049 0.000000000000160 99.999375169953808 0.499996875843423
0.095700000000000 1.000000000000098 0.500000000000049 0.000000000000169 99.999375169953908 0.499996875843977
0.095800000000000 1.000000000000097 0.500000000000050 0.000000000000177 99.999375169953964 0.499996875844540
0.095900000000000 1.000000000000098 0.500000000000050 0.000000000000185 99.999375169953908 0.499996875845082
0.096000000000000 1.000000000000099 0.500000000000049 0.000000000000191 99.999375169953865 0.499996875845688
0.096100000000000 1.000000000000098 0.500000000000049 0.000000000000198 99.999375169953865 0.499996875846230
0.096200000000000 1.000000000000099 0.500000000000049 0.000000000000204 99.999375169953936 0.499996875846711
0.096300000000000 1.000000000000099 0.500000000000049 0.000000000000211 99.999375169953851 0.499996875847180
0.096400000000000 1.000000000000100 0.500000000000049 0.000000000000217 99.999375169953993 0.499996875847569
0.096500000000000 1.000000000000099 0.500000000000050 0.000000000000224 99.999375169953922 0.499996875847843
0.096600000000000 1.000000000000098 0.500000000000050 0.000000000000231 99.999375169954078 0.499996875848187
0.096700000000000 1.000000000000098 0.500000000000050 0.000000000000238 99.999375169953893 0.499996875848380
0.096800000000000 1.000000000000097 0.500000000000049 0.000000000000244 99.999375169953851 0.499996875848527
0.096900000000000 1.000000000000099 0.500000000000050 0.000000000000250 99.999375169953950 0.499996875848511
0.097000000000000 1.000000000000099 0.500000000000050 0.000000000000256 99.999375169953879 0.499996875848499
0.097100000000000 1.000000000000099 0.500000000000050 0.000000000000263 99.999375169953922 0.499996875848340
0.097200000000000 1.000000000000099 0.500000000000050 0.000000000000270 99.999375169954021 0.499996875848092
0.097300000000000 1.000000000000099 0.500000000000051 0.000000000000275 99.999375169953936 0.499996875847651
0.097400000000000 1.000000000000098 0.500000000000051 0.000000000000280 99.999375169953893 0.499996875847177
0.097500000000000 1.000000000000099 0.500000000000051 0.000000000000287 99.999375169953936 0.499996875846570
0.097600000000000 1.000000000000099 0.500000000000050 0.000000000000292 99.999375169953879 0.499996875845856
0.097700000000000 1.000000000000098 0.500000000000050 0.000000000000297 99.999375169954021 0.499996875845035
0.097800000000000 1.000000000000098 0.500000000000051 0.000000000000302 99.999375169954021 0.499996875843986
0.097900000000000 1.000000000000098 0.500000000000050 0.000000000000307 99.999375169953851 0.499996875842915
0.098000000000000 1.000000000000098 0.500000000000050 0.000000000000313 99.999375169953964 0.499996875841695
0.098100000000000 1.000000000000099 0.500000000000050 0.000000000000317 99.999375169953964 0.499996875840309
0.098200000000000 1.000000000000099 0.500000000000051 0.000000000000323 99.999375169954021 0.499996875838762
0.098300000000000 1.000000000000099 0.500000000000051 0.000000000000328 99.999375169953936 0.499996875837141
0.098400000000000 1.000000000000100 0.500000000000051 0.000000000000332 99.999375169954220 0.499996875835410
0.098500000000000 1.000000000000101 0.500000000000052 0.000000000000337 99.999375169954135 0.499996875833508
0.098600000000000 1.000000000000101 0.500000000000052 0.000000000000344 99.999375169954149 0.499996875831559
0.098700000000000 1.000000000000101 0.500000000000052 0.000000000000349 99.999375169954050 0.499996875829497
0.098800000000000 1.000000000000101 0.500000000000052 0.000000000000354 99.999375169954448 0.499996875827310
0.098900000000000 1.000000000000102 0.500000000000052 0.000000000000359 99.999375169954249 0.499996875824997
0.099000000000000 1.000000000000103 0.500000000000052 0.000000000000363 99.999375169954206 0.499996875822641
0.099100000000000 1.000000000000102 0.500000000000053 0.000000000000368 99.999375169954277 0.499996875820138
0.099200000000000 1.000000000000102 0.500000000000053 0.000000000000372 99.999375169954305 0.499996875817595
0.099300000000000 1.000000000000102 0.500000000000054 0.000000000000375 99.999375169954192 0.499996875815003
0.099400000000000 1.000000000000102 0.500000000000054 0.000000000000379 99.999375169954220 0.499996875812361
0.099500000000000 1.000000000000102 0.500000000000053 0.000000000000382 99.999375169954249 0.499996875809701
0.099600000000000 1.000000000000103 0.500000000000054 0.000000000000385 99.999375169954192 0.499996875806946
0.099700000000000 1.000000000000103 0.500000000000054 0.000000000000388 99.999375169954391 0.499996875804240
0.099800000000000 1.000000000000104 0.500000000000054 0.000000000000391 99.999375169954334 0.499996875801482
0.099900000000000 1.000000000000102 0.500000000000054 0.000000000000393 99.999375169954078 0.499996875798726
0.100000000000000 1.000000000000103 0.500000000000055 0.000000000000397 99.999375169954448 0.499996875795977
0.100100000000000 1.000000000000102 0.500000000000054 0.000000000000401 99.999375169954561 0.499996875793294
0.100200000000000 1.000000000000103 0.500000000000054 0.000000000000403 99.999375169954277 0.499996875790638
0.100300000000000 1.000000000000104 0.500000000000055 0.000000000000405 99.999375169954476 0.499996875787967
0.100400000000000 1.000000000000103 0.500000000000055 0.000000000000408 99.999375169954476 0.499996875785388
0.100500000000000 1.000000000000104 0.500000000000054 0.000000000000410 99.999375169954618 0.499996875782938
0.100600000000000 1.000000000000103 0.500000000000055 0.000000000000409 99.999375169954362 0.499996875780483
0.100700000000000 1.000000000000104 0.500000000000055 0.000000000000410 99.999375169954419 0.499996875778162
0.100800000000000 1.000000000000103 0.500000000000055 0.000000000000410 99.999375169954448 0.499996875775944
0.100900000000000 1.000000000000105 0.500000000000055 0.000000000000411 99.999375169954433 0.499996875773881
0.101000000000000 1.000000000000104 0.500000000000055 0.000000000000411 99.999375169954561 0.499996875771877
0.101100000000000 1.000000000000105 0.500000000000056 0.000000000000410 99.999375169954448 0.499996875769998
0.101200000000000 1.000000000000105 0.500000000000056 0.000000000000411 99.999375169954504 0.499996875768335
0.101300000000000 1.000000000000104 0.500000000000056 0.000000000000410 99.999375169954291 0.499996875766774
0.101400000000000 1.000000000000106 0.500000000000056 0.000000000000410 99.999375169954405 0.499996875765383
0.101500000000000 1.000000000000103 0.500000000000056 0.000000000000410 99.999375169954646 0.499996875764176
0.101600000000000 1.000000000000105 0.500000000000057 0.000000000000411 99.999375169954547 0.499996875763076
0.101700000000000 1.000000000000105 0.500000000000056 0.000000000000411 99.999375169954561 0.499996875762225
0.101800000000000 1.000000000000105 0.500000000000057 0.000000000000411 99.999375169954448 0.499996875761488
0.101900000000000 1.000000000000103 0.500000000000056 0.000000000000410 99.999375169954490 0.499996875761001
0.102000000000000 1.000000000000105 0.500000000000057 0.000000000000410 99.999375169954533 0.499996875760663
0.102100000000000 1.000000000000104 0.500000000000057 0.000000000000410 99.999375169954561 0.499996875760487
0.102200000000000 1.000000000000105 0.500000000000057 0.000000000000409 99.999375169954419 0.499996875760529
0.102300000000000 1.000000000000105 0.500000000000057 0.000000000000407 99.999375169954675 0.499996875760745
0.102400000000000 1.000000000000105 0.500000000000058 0.000000000000406 99.999375169954916 0.499996875761160
0.102500000000000 1.000000000000105 0.500000000000057 0.000000000000404 99.999375169954718 0.499996875761768
0.102600000000000 1.000000000000105 0.500000000000058 0.000000000000402 99.999375169954533 0.499996875762530
0.102700000000000 1.000000000000105 0.500000000000058 0.000000000000398 99.999375169954789 0.499996875763476
0.102800000000000 1.000000000000107 0.500000000000058 0.000000000000398 99.999375169954618 0.499996875764574
0.102900000000000 1.000000000000105 0.500000000000057 0.000000000000396 99.999375169954519 0.499996875765960
0.103000000000000 1.000000000000105 0.500000000000057 0.000000000000393 99.999375169954718 0.499996875767393
0.103100000000000 1.000000000000107 0.500000000000058 0.000000000000391 99.999375169954661 0.499996875768960
0.103200000000000 1.000000000000105 0.500000000000058 0.000000000000389 99.999375169954632 0.499996875770741
0.103300000000000 1.000000000000106 0.500000000000058 0.000000000000386 99.999375169954703 0.499996875772615
0.103400000000000 1.000000000000105 0.500000000000058 0.000000000000383 99.999375169954703 0.499996875774645
0.103500000000000 1.000000000000108 0.500000000000059 0.000000000000381 99.999375169955115 0.499996875776785
0.103600000000000 1.000000000000107 0.500000000000059 0.000000000000378 99.999375169954490 0.499996875779056
0.103700000000000 1.000000000000108 0.500000000000059 0.000000000000376 99.999375169954632 0.499996875781432
0.103800000000000 1.000000000000106 0.500000000000059 0.000000000000373 99.999375169954760 0.499996875783858
0.103900000000000 1.000000000000107 0.500000000000060 0.000000000000371 99.999375169954845 0.499996875786362
0.104000000000000 1.000000000000107 0.500000000000060 0.000000000000367 99.999375169954476 0.499996875788933
0.104100000000000 1.000000000000106 0.500000000000058 0.000000000000362 99.999375169954973 0.499996875791656
0.104200000000000 1.000000000000108 0.500000000000059 0.000000000000359 99.999375169954902 0.499996875794307
0.104300000000000 1.000000000000108 0.500000000000060 0.000000000000355 99.999375169954135 0.499996875797009
0.104400000000000 1.000000000000107 0.500000000000059 0.000000000000351 99.999375169954646 0.499996875799781
0.104500000000000 1.000000000000107 0.500000000000059 0.000000000000345 99.999375169954419 0.499996875802539
0.104600000000000 1.000000000000107 0.500000000000060 0.000000000000340 99.999375169954192 0.499996875805261
0.104700000000000 1.000000000000107 0.500000000000060 0.000000000000335 99.999375169954732 0.499996875808004
0.104800000000000 1.000000000000107 0.500000000000060 0.000000000000332 99.999375169955300 0.499996875810701
0.104900000000000 1.000000000000107 0.500000000000060 0.000000000000326 99.999375169955343 0.499996875813382
0.105000000000000 1.000000000000108 0.500000000000061 0.000000000000322 99.999375169954931 0.499996875816003
0.105100000000000 1.000000000000106 0.500000000000061 0.000000000000317 99.999375169954988 0.499996875818532
0.105200000000000 1.000000000000107 0.500000000000061 0.000000000000312 99.999375169954789 0.499996875821054
0.105300000000000 1.000000000000109 0.500000000000060 0.000000000000307 99.999375169954888 0.499996875823504
0.105400000000000 1.000000000000110 0.500000000000061 0.000000000000302 99.999375169954789 0.499996875825821
0.105500000000000 1.000000000000107 0.500000000000062 0.000000000000295 99.999375169954988 0.499996875828045
0.105600000000000 1.000000000000107 0.500000000000061 0.000000000000289 99.999375169954902 0.499996875830237
0.105700000000000 1.000000000000109 0.500000000000061 0.000000000000283 99.999375169954902 0.499996875832273
0.105800000000000 1.000000000000109 0.500000000000062 0.000000000000278 99.999375169955300 0.499996875834161
0.105900000000000 1.000000000000110 0.500000000000062 0.000000000000271 99.999375169954121 0.499996875835994
0.106000000000000 1.000000000000109 0.500000000000062 0.000000000000265 99.999375169955684 0.499996875837682
0.106100000000000 1.000000000000109 0.500000000000061 0.000000000000259 99.999375169954931 0.499996875839290
0.106200000000000 1.000000000000109 0.500000000000062 0.000000000000252 99.999375169954789 0.499996875840698
0.106300000000000 1.000000000000110 0.500000000000062 0.000000000000245 99.999375169954391 0.499996875842043
0.106400000000000 1.000000000000109 0.500000000000062 0.000000000000239 99.999375169955272 0.499996875843201
0.106500000000000 1.000000000000109 0.500000000000063 0.000000000000233 99.999375169954988 0.499996875844271
0.106600000000000 1.000000000000109 0.500000000000063 0.000000000000226 99.999375169955044 0.499996875845196
0.106700000000000 1.000000000000110 0.500000000000061 0.000000000000219 99.999375169955087 0.499996875846078
0.106800000000000 1.000000000000110 0.500000000000062 0.000000000000213 99.999375169954931 0.499996875846721
0.106900000000000 1.000000000000111 0.500000000000062 0.000000000000207 99.999375169954902 0.499996875847270
0.107000000000000 1.000000000000111 0.500000000000062 0.000000000000200 99.999375169955186 0.499996875847720
0.107100000000000 1.000000000000112 0.500000000000063 0.000000000000193 99.999375169954874 0.499996875848030
0.107200000000000 1.000000000000110 0.500000000000063 0.000000000000186 99.999375169955186 0.499996875848250
0.107300000000000 1.000000000000109 0.500000000000063 0.000000000000180 99.999375169954931 0.499996875848369
0.107400000000000 1.000000000000111 0.500000000000064 0.000000000000172 99.999375169955215 0.499996875848329
0.107500000000000 1.000000000000111 0.500000000000063 0.000000000000166 99.999375169955044 0.499996875848281
0.107600000000000 1.000000000000112 0.500000000000063 0.000000000000158 99.999375169955158 0.499996875848148
0.107700000000000 1.000000000000110 0.500000000000063 0.000000000000151 99.999375169954675 0.499996875847922
0.107800000000000 1.000000000000112 0.500000000000063 0.000000000000144 99.999375169954590 0.499996875847631
0.107900000000000 1.000000000000111 0.500000000000063 0.000000000000136 99.999375169955542 0.499996875847226
0.108000000000000 1.000000000000110 0.500000000000064 0.000000000000129 99.999375169954732 0.499996875846806
0.108100000000000 1.000000000000111 0.500000000000063 0.000000000000122 99.999375169955528 0.499996875846364
0.108200000000000 1.000000000000112 0.500000000000063 0.000000000000115 99.999375169955812 0.499996875845849
0.108300000000000 1.000000000000111 0.500000000000063 0.000000000000107 99.999375169955329 0.499996875845323
0.108400000000000 1.000000000000112 0.500000000000064 0.000000000000099 99.999375169955272 0.499996875844721
0.108500000000000 1.000000000000111 0.500000000000064 0.000000000000091 99.999375169955243 0.499996875844162
0.108600000000000 1.000000000000113 0.500000000000063 0.000000000000083 99.999375169955243 0.499996875843636
0.108700000000000 1.000000000000112 0.500000000000063 0.000000000000076 99.999375169955300 0.499996875843004
0.108800000000000 1.000000000000111 0.500000000000064 0.000000000000068 99.999375169955442 0.499996875842444
0.108900000000000 1.000000000000111 0.500000000000064 0.000000000000059 99.999375169955272 0.499996875841883
0.109000000000000 1.000000000000113 0.500000000000064 0.000000000000050 99.999375169955243 0.499996875841369
0.109100000000000 1.000000000000111 0.500000000000064 0.000000000000042 99.999375169955329 0.499996875840906
0.109200000000000 1.000000000000114 0.500000000000064 0.000000000000034 99.999375169955215 0.499996875840418
0.109300000000000 1.000000000000113 0.500000000000064 0.000000000000027 99.999375169955300 0.499996875840032
0.109400000000000 1.000000000000112 0.500000000000064 0.000000000000018 99.999375169955385 0.499996875839669
0.109500000000000 1.000000000000113 0.500000000000063 0.000000000000010 99.999375169955314 0.499996875839377
0.109600000000000 1.000000000000113 0.500000000000064 0.000000000000001 99.999375169955329 0.499996875839068
0.109700000000000 1.000000000000112 0.500000000000065 -0.000000000000006 99.999375169955385 0.499996875838836
0.109800000000000 1.000000000000112 0.500000000000065 -0.000000000000014 99.999375169955357 0.499996875838693
0.109900000000000 1.000000000000113 0.500000000000064 -0.000000000000023 99.999375169955385 0.499996875838618
0.110000000000000 1.000000000000112 0.500000000000065 -0.000000000000031 99.999375169955343 0.499996875838576
0.110100000000000 1.000000000000113 0.500000000000065 -0.000000000000038 99.999375169955499 0.499996875838634
0.110200000000000 1.000000000000114 0.500000000000065 -0.000000000000046 99.999375169955314 0.499996875838729
0.110300000000000 1.000000000000114 0.500000000000065 -0.000000000000054 99.999375169955414 0.499996875838859
0.110400000000000 1.000000000000114 0.500000000000065 -0.000000000000063 99.999375169955428 0.499996875839109
0.110500000000000 1.000000000000112 0.500000000000065 -0.000000000000070 99.999375169955456 0.499996875839403
0.110600000000000 1.000000000000114 0.500000000000065 -0.000000000000078 99.999375169955371 0.499996875839718
0.110700000000000 1.000000000000113 0.500000000000064 -0.000000000000086 99.999375169955343 0.499996875840119
0.110800000000000 1.000000000000113 0.500000000000065 -0.000000000000094 99.999375169955442 0.499996875840537
0.110900000000000 1.000000000000114 0.500000000000065 -0.000000000000102 99.999375169955499 0.499996875840983
0.111000000000000 1.000000000000114 0.500000000000065 -0.000000000000109 99.999375169955471 0.499996875841515
0.111100000000000 1.000000000000113 0.500000000000064 -0.000000000000117 99.999375169955385 0.499996875842057
0.111200000000000 1.000000000000114 0.500000000000064 -0.000000000000125 99.999375169955442 0.499996875842621
0.111300000000000 1.000000000000115 0.500000000000065 -0.000000000000133 99.999375169955357 0.499996875843135
0.111400000000000 1.000000000000114 0.500000000000065 -0.000000000000141 99.999375169955471 0.499996875843727
0.111500000000000 1.000000000000114 0.500000000000065 -0.000000000000150 99.999375169955584 0.499996875844262
0.111600000000000 1.000000000000114 0.500000000000065 -0.000000000000156 99.999375169955584 0.499996875844844
0.111700000000000 1.000000000000116 0.500000000000065 -0.000000000000164 99.999375169955584 0.499996875845425
0.111800000000000 1.000000000000115 0.500000000000065 -0.000000000000171 99.999375169955584 0.499996875845926
0.111900000000000 1.000000000000114 0.500000000000064 -0.000000000000178 99.999375169955570 0.499996875846473
0.112000000000000 1.000000000000115 0.500000000000065 -0.000000000000185 99.999375169955655 0.499996875846863
0.112100000000000 1.000000000000115 0.500000000000065 -0.000000000000192 99.999375169955584 0.499996875847320
0.112200000000000 1.000000000000115 0.500000000000066 -0.000000000000199 99.999375169955641 0.499996875847618
0.112300000000000 1.000000000000115 0.500000000000065 -0.000000000000205 99.999375169955613 0.499996875847939
0.112400000000000 1.000000000000115 0.500000000000065 -0.000000000000211 99.999375169955542 0.499996875848153
0.112500000000000 1.000000000000116 0.500000000000065 -0.000000000000217 99.999375169955570 0.499996875848260
0.112600000000000 1.000000000000114 0.500000000000065 -0.000000000000224 99.999375169955727 0.499996875848336
0.112700000000000 1.000000000000115 0.500000000000065 -0.000000000000231 99.999375169955627 0.499996875848290
0.112800000000000 1.000000000000116 0.500000000000065 -0.000000000000237 99.999375169955670 0.499996875848142
0.112900000000000 1.000000000000116 0.500000000000065 -0.000000000000244 99.999375169955584 0.499996875847901
0.113000000000000 1.000000000000116 0.500000000000065 -0.000000000000250 99.999375169955599 0.499996875847544
0.113100000000000 1.000000000000115 0.500000000000064 -0.000000000000256 99.999375169955599 0.499996875847091
0.113200000000000 1.000000000000116 0.500000000000065 -0.000000000000262 99.999375169955513 0.499996875846458
0.113300000000000 1.000000000000116 0.500000000000065 -0.000000000000267 99.999375169955613 0.499996875845735
0.113400000000000 1.000000000000117 0.500000000000065 -0.000000000000272 99.999375169955613 0.499996875844894
0.113500000000000 1.000000000000115 0.500000000000065 -0.000000000000277 99.999375169955812 0.499996875843929
0.113600000000000 1.000000000000116 0.500000000000064 -0.000000000000282 99.999375169955812 0.499996875842859
0.113700000000000 1.000000000000116 0.500000000000065 -0.000000000000288 99.999375169955727 0.499996875841578
0.113800000000000 1.000000000000116 0.500000000000065 -0.000000000000293 99.999375169955670 0.499996875840250
0.113900000000000 1.000000000000116 0.500000000000064 -0.000000000000298 99.999375169955599 0.499996875838806
0.114000000000000 1.000000000000116 0.500000000000065 -0.000000000000302 99.999375169955684 0.499996875837141
0.114100000000000 1.000000000000115 0.500000000000064 -0.000000000000307 99.999375169955641 0.499996875835449
0.114200000000000 1.000000000000117 0.500000000000065 -0.000000000000311 99.999375169955826 0.499996875833582
0.114300000000000 1.000000000000117 0.500000000000066 -0.000000000000317 99.999375169955698 0.499996875831568
0.114400000000000 1.000000000000116 0.500000000000065 -0.000000000000321 99.999375169955897 0.499996875829544
0.114500000000000 1.000000000000117 0.500000000000065 -0.000000000000326 99.999375169955982 0.499996875827345
0.114600000000000 1.000000000000119 0.500000000000065 -0.000000000000331 99.999375169955783 0.499996875825092
0.114700000000000 1.000000000000118 0.500000000000065 -0.000000000000335 99.999375169955755 0.499996875822706
0.114800000000000 1.000000000000117 0.500000000000065 -0.000000000000339 99.999375169955854 0.499996875820268
0.114900000000000 1.000000000000118 0.500000000000065 -0.000000000000343 99.999375169955954 0.499996875817721
0.115000000000000 1.000000000000119 0.500000000000065 -0.000000000000349 99.999375169955883 0.499996875815136
0.115100000000000 1.000000000000117 0.500000000000066 -0.000000000000353 99.999375169956053 0.499996875812466
0.115200000000000 1.000000000000118 0.500000000000065 -0.000000000000356 99.999375169955869 0.499996875809834
0.115300000000000 1.000000000000120 0.500000000000064 -0.000000000000360 99.999375169955954 0.499996875807146
0.115400000000000 1.000000000000118 0.500000000000065 -0.000000000000362 99.999375169955826 0.499996875804397
0.115500000000000 1.000000000000119 0.500000000000065 -0.000000000000365 99.999375169955925 0.499996875801605
0.115600000000000 1.000000000000118 0.500000000000064 -0.000000000000368 99.999375169956011 0.499996875798901
0.115700000000000 1.000000000000118 0.500000000000065 -0.000000000000371 99.999375169955755 0.499996875796124
0.115800000000000 1.000000000000118 0.500000000000064 -0.000000000000373 99.999375169955897 0.499996875793427
0.115900000000000 1.000000000000119 0.500000000000065 -0.000000000000376 99.999375169955840 0.499996875790741
0.116000000000000 1.000000000000120 0.500000000000064 -0.000000000000378 99.999375169955727 0.499996875788124
0.116100000000000 1.000000000000119 0.500000000000064 -0.000000000000379 99.999375169955840 0.499996875785541
0.116200000000000 1.000000000000120 0.500000000000064 -0.000000000000381 99.999375169955897 0.499996875783031
0.116300000000000 1.000000000000119 0.500000000000065 -0.000000000000382 99.999375169955982 0.499996875780601
0.116400000000000 1.000000000000119 0.500000000000065 -0.000000000000383 99.999375169956068 0.499996875778261
0.116500000000000 1.000000000000121 0.500000000000064 -0.000000000000386 99.999375169956124 0.499996875776064
0.116600000000000 1.000000000000121 0.500000000000065 -0.000000000000387 99.999375169956011 0.499996875773889
0.116700000000000 1.000000000000121 0.500000000000065 -0.000000000000389 99.999375169956210 0.499996875771918
0.116800000000000 1.000000000000119 0.500000000000064 -0.000000000000389 99.999375169956082 0.499996875770079
0.116900000000000 1.000000000000121 0.500000000000064 -0.000000000000389 99.999375169956039 0.499996875768357
0.117000000000000 1.000000000000119 0.500000000000064 -0.000000000000389 99.999375169955968 0.499996875766780
0.117100000000000 1.000000000000120 0.500000000000064 -0.000000000000388 99.999375169956267 0.499996875765367
0.117200000000000 1.000000000000122 0.500000000000065 -0.000000000000388 99.999375169956068 0.499996875764116
0.117300000000000 1.000000000000122 0.500000000000064 -0.000000000000388 99.999375169956110 0.499996875763034
0.117400000000000 1.000000000000120 0.500000000000064 -0.000000000000389 99.999375169956224 0.499996875762144
0.117500000000000 1.000000000000121 0.500000000000064 -0.000000000000389 99.999375169955954 0.499996875761413
0.117600000000000 1.000000000000121 0.500000000000064 -0.000000000000391 99.999375169956124 0.499996875760839
0.117700000000000 1.000000000000120 0.500000000000064 -0.000000000000390 99.999375169956124 0.499996875760489
0.117800000000000 1.000000000000122 0.500000000000065 -0.000000000000387 99.999375169956238 0.499996875760290
0.117900000000000 1.000000000000122 0.500000000000063 -0.000000000000387 99.999375169956352 0.499996875760388
0.118000000000000 1.000000000000121 0.500000000000065 -0.000000000000387 99.999375169955925 0.499996875760479
0.118100000000000 1.000000000000121 0.500000000000065 -0.000000000000385 99.999375169956267 0.499996875760890
0.118200000000000 1.000000000000121 0.500000000000064 -0.000000000000384 99.999375169956522 0.499996875761462
0.118300000000000 1.000000000000122 0.500000000000064 -0.000000000000385 99.999375169956409 0.499996875762230
0.118400000000000 1.000000000000121 0.500000000000064 -0.000000000000382 99.999375169956437 0.499996875763177
0.118500000000000 1.000000000000121 0.500000000000064 -0.000000000000379 99.999375169956011 0.499996875764265
0.118600000000000 1.000000000000122 0.500000000000064 -0.000000000000377 99.999375169956224 0.499996875765556
0.118700000000000 1.000000000000123 0.500000000000064 -0.000000000000375 99.999375169956409 0.499996875766990
0.118800000000000 1.000000000000122 0.500000000000065 -0.000000000000374 99.999375169956551 0.499996875768559
0.118900000000000 1.000000000000123 0.500000000000065 -0.000000000000372 99.999375169956409 0.499996875770264
0.119000000000000 1.000000000000121 0.500000000000064 -0.000000000000369 99.999375169956437 0.499996875772203
0.119100000000000 1.000000000000123 0.500000000000064 -0.000000000000368 99.999375169956394 0.499996875774177
0.119200000000000 1.000000000000123 0.500000000000064 -0.000000000000366 99.999375169956124 0.499996875776346
0.119300000000000 1.000000000000123 0.500000000000063 -0.000000000000363 99.999375169956465 0.499996875778624
0.119400000000000 1.000000000000123 0.500000000000063 -0.000000000000362 99.999375169956153 0.499996875780949
0.119500000000000 1.000000000000123 0.500000000000063 -0.000000000000359 99.999375169956338 0.499996875783379
0.119600000000000 1.000000000000123 0.500000000000064 -0.000000000000358 99.999375169956394 0.499996875785857
0.119700000000000 1.000000000000123 0.500000000000064 -0.000000000000354 99.999375169956380 0.499996875788475
0.119800000000000 1.000000000000123 0.500000000000064 -0.000000000000350 99.999375169956210 0.499996875791069
0.119900000000000 1.000000000000123 0.500000000000064 -0.000000000000345 99.999375169956480 0.499996875793765
0.120000000000000 1.000000000000122 0.500000000000064 -0.000000000000341 99.999375169956977 0.499996875796483
0.120100000000000 1.000000000000122 0.500000000000064 -0.000000000000337 99.999375169955954 0.499996875799250
0.120200000000000 1.000000000000124 0.500000000000063 -0.000000000000334 99.999375169955869 0.499996875801994
0.120300000000000 1.000000000000124 0.500000000000063 -0.000000000000330 99.999375169956366 0.499996875804735
0.120400000000000 1.000000000000123 0.500000000000063 -0.000000000000326 99.999375169956480 0.499996875807476
0.120500000000000 1.000000000000124 0.500000000000063 -0.000000000000323 99.999375169956750 0.499996875810225
0.120600000000000 1.000000000000124 0.500000000000064 -0.000000000000318 99.999375169956409 0.499996875812833
0.120700000000000 1.000000000000125 0.500000000000063 -0.000000000000315 99.999375169956778 0.499996875815504
0.120800000000000 1.000000000000124 0.500000000000064 -0.000000000000309 99.999375169957332 0.499996875818033
0.120900000000000 1.000000000000125 0.500000000000063 -0.000000000000304 99.999375169956153 0.499996875820567
0.121000000000000 1.000000000000125 0.500000000000063 -0.000000000000298 99.999375169956494 0.499996875823006
0.121100000000000 1.000000000000122 0.500000000000064 -0.000000000000292 99.999375169956878 0.499996875825344
0.121200000000000 1.000000000000125 0.500000000000064 -0.000000000000287 99.999375169956096 0.499996875827561
0.121300000000000 1.000000000000125 0.500000000000063 -0.000000000000282 99.999375169957062 0.499996875829795
0.121400000000000 1.000000000000125 0.500000000000064 -0.000000000000275 99.999375169955655 0.499996875831788
0.121500000000000 1.000000000000124 0.500000000000063 -0.000000000000269 99.999375169957005 0.499996875833812
0.121600000000000 1.000000000000126 0.500000000000064 -0.000000000000263 99.999375169956423 0.499996875835591
0.121700000000000 1.000000000000125 0.500000000000064 -0.000000000000257 99.999375169957233 0.499996875837302
0.121800000000000 1.000000000000124 0.500000000000064 -0.000000000000251 99.999375169956863 0.499996875838849
0.121900000000000 1.000000000000126 0.500000000000064 -0.000000000000245 99.999375169956807 0.499996875840337
0.122000000000000 1.000000000000126 0.500000000000063 -0.000000000000239 99.999375169956380 0.499996875841705
0.122100000000000 1.000000000000127 0.500000000000064 -0.000000000000232 99.999375169956579 0.499996875842882
0.122200000000000 1.000000000000127 0.500000000000065 -0.000000000000227 99.999375169956650 0.499996875843917
0.122300000000000 1.000000000000127 0.500000000000064 -0.000000000000221 99.999375169956750 0.499996875844889
0.122400000000000 1.000000000000125 0.500000000000063 -0.000000000000213 99.999375169956281 0.499996875845749
0.122500000000000 1.000000000000126 0.500000000000063 -0.000000000000208 99.999375169956508 0.499996875846460
0.122600000000000 1.000000000000126 0.500000000000063 -0.000000000000200 99.999375169956892 0.499996875847033
0.122700000000000 1.000000000000127 0.500000000000064 -0.000000000000193 99.999375169957219 0.499996875847480
0.122800000000000 1.000000000000126 0.500000000000064 -0.000000000000185 99.999375169956622 0.499996875847802
0.122900000000000 1.000000000000124 0.500000000000063 -0.000000000000180 99.999375169956721 0.499996875848045
0.123000000000000 1.000000000000125 0.500000000000064 -0.000000000000174 99.999375169956764 0.499996875848156
0.123100000000000 1.000000000000126 0.500000000000063 -0.000000000000166 99.999375169956721 0.499996875848211
0.123200000000000 1.000000000000126 0.500000000000064 -0.000000000000160 99.999375169956338 0.499996875848116
0.123300000000000 1.000000000000126 0.500000000000064 -0.000000000000152 99.999375169957275 0.499996875847965
0.123400000000000 1.000000000000127 0.500000000000064 -0.000000000000144 99.999375169955670 0.499996875847735
0.123500000000000 1.000000000000126 0.500000000000063 -0.000000000000136 99.999375169957631 0.499996875847470
0.123600000000000 1.000000000000126 0.500000000000063 -0.000000000000128 99.999375169956863 0.499996875847138
0.123700000000000 1.000000000000127 0.500000000000064 -0.000000000000119 99.999375169956124 0.499996875846665
0.123800000000000 1.000000000000128 0.500000000000064 -0.000000000000110 99.999375169957219 0.499996875846201
0.123900000000000 1.000000000000126 0.500000000000064 -0.000000000000102 99.999375169957062 0.499996875845698
0.124000000000000 1.000000000000127 0.500000000000064 -0.000000000000094 99.999375169957261 0.499996875845154
0.124100000000000 1.000000000000128 0.500000000000064 -0.000000000000086 99.999375169957233 0.499996875844603
0.124200000000000 1.000000000000129 0.500000000000063 -0.000000000000078 99.999375169957247 0.499996875844096
0.124300000000000 1.000000000000128 0.500000000000064 -0.000000000000070 99.999375169956750 0.499996875843430
0.124400000000000 1.000000000000127 0.500000000000064 -0.000000000000063 99.999375169955954 0.499996875842881
0.124500000000000 1.000000000000128 0.500000000000064 -0.000000000000055 99.999375169956636 0.499996875842313
0.124600000000000 1.000000000000127 0.500000000000064 -0.000000000000048 99.999375169956807 0.499996875841776
0.124700000000000 1.000000000000128 0.500000000000064 -0.000000000000040 99.999375169956977 0.499996875841262
0.124800000000000 1.000000000000127 0.500000000000064 -0.000000000000031 99.999375169957531 0.499996875840772
0.124900000000000 1.000000000000128 0.500000000000064 -0.000000000000021 99.999375169955869 0.499996875840287
0.125000000000000 1.000000000000130 0.500000000000065 -0.000000000000012 99.999375169957887 0.499996875839841
0.125100000000000 1.000000000000130 0.500000000000064 -0.000000000000004 99.999375169957034 0.499996875839501
0.125200000000000 1.000000000000129 0.500000000000064 0.000000000000003 99.999375169958057 0.499996875839212
0.125300000000000 1.000000000000129 0.500000000000065 0.000000000000012 99.999375169956977 0.499996875838853
0.125400000000000 1.000000000000130 0.500000000000065 0.000000000000020 99.999375169957844 0.499996875838695
0.125500000000000 1.000000000000130 0.500000000000065 0.000000000000029 99.999375169956096 0.499996875838510
0.125600000000000 1.000000000000130 0.500000000000065 0.000000000000036 99.999375169957233 0.499996875838426
0.125700000000000 1.000000000000131 0.500000000000065 0.000000000000044 99.999375169957176 0.499996875838388
0.125800000000000 1.000000000000129 0.500000000000064 0.000000000000051 99.999375169957190 0.499996875838483
0.125900000000000 1.000000000000130 0.500000000000065 0.000000000000059 99.999375169957233 0.499996875838541
0.126000000000000 1.000000000000129 0.500000000000065 0.000000000000067 99.999375169957858 0.499996875838697
0.126100000000000 1.000000000000130 0.500000000000065 0.000000000000075 99.999375169956124 0.499996875838901
0.126200000000000 1.000000000000131 0.500000000000065 0.000000000000082 99.999375169956863 0.499996875839164
0.126300000000000 1.000000000000130 0.500000000000065 0.000000000000090 99.999375169956181 0.499996875839494
0.126400000000000 1.000000000000130 0.500000000000065 0.000000000000098 99.999375169957062 0.499996875839876
0.126500000000000 1.000000000000129 0.500000000000065 0.000000000000106 99.999375169956352 0.499996875840274
0.126600000000000 1.000000000000129 0.500000000000066 0.000000000000114 99.999375169956522 0.499996875840707
0.126700000000000 1.000000000000129 0.500000000000065 0.000000000000122 99.999375169957631 0.499996875841249
0.126800000000000 1.000000000000129 0.500000000000065 0.000000000000129 99.999375169956494 0.499996875841783
0.126900000000000 1.000000000000131 0.500000000000065 0.000000000000137 99.999375169956750 0.499996875842338
0.127000000000000 1.000000000000130 0.500000000000065 0.000000000000143 99.999375169957659 0.499996875842896
0.127100000000000 1.000000000000130 0.500000000000065 0.000000000000150 99.999375169957119 0.499996875843459
0.127200000000000 1.000000000000131 0.500000000000066 0.000000000000158 99.999375169957077 0.499996875844048
0.127300000000000 1.000000000000131 0.500000000000066 0.000000000000166 99.999375169957176 0.499996875844586
0.127400000000000 1.000000000000130 0.500000000000066 0.000000000000174 99.999375169957062 0.499996875845143
0.127500000000000 1.000000000000131 0.500000000000066 0.000000000000180 99.999375169957148 0.499996875845687
0.127600000000000 1.000000000000131 0.500000000000066 0.000000000000187 99.999375169957204 0.499996875846153
0.127700000000000 1.000000000000130 0.500000000000067 0.000000000000194 99.999375169957148 0.499996875846619
0.127800000000000 1.000000000000131 0.500000000000066 0.000000000000201 99.999375169957233 0.499996875847090
0.127900000000000 1.000000000000131 0.500000000000067 0.000000000000208 99.999375169957148 0.499996875847406
0.128000000000000 1.000000000000131 0.500000000000066 0.000000000000215 99.999375169957204 0.499996875847738
0.128100000000000 1.000000000000132 0.500000000000066 0.000000000000221 99.999375169957148 0.499996875847932
0.128200000000000 1.000000000000131 0.500000000000066 0.000000000000228 99.999375169957290 0.499996875848080
0.128300000000000 1.000000000000131 0.500000000000067 0.000000000000234 99.999375169957204 0.499996875848131
0.128400000000000 1.000000000000133 0.500000000000067 0.000000000000241 99.999375169957318 0.499996875848122
0.128500000000000 1.000000000000134 0.500000000000067 0.000000000000248 99.999375169957318 0.499996875847967
0.128600000000000 1.000000000000134 0.500000000000067 0.000000000000254 99.999375169957290 0.499996875847731
0.128700000000000 1.000000000000133 0.500000000000067 0.000000000000261 99.999375169957389 0.499996875847388
0.128800000000000 1.000000000000133 0.500000000000068 0.000000000000268 99.999375169957460 0.499996875846895
0.128900000000000 1.000000000000133 0.500000000000067 0.000000000000276 99.999375169957375 0.499996875846354
0.129000000000000 1.000000000000135 0.500000000000068 0.000000000000282 99.999375169957389 0.499996875845610
0.129100000000000 1.000000000000133 0.500000000000067 0.000000000000287 99.999375169957403 0.499996875844834
0.129200000000000 1.000000000000133 0.500000000000068 0.000000000000294 99.999375169957460 0.499996875843846
0.129300000000000 1.000000000000134 0.500000000000068 0.000000000000299 99.999375169957460 0.499996875842770
0.129400000000000 1.000000000000134 0.500000000000069 0.000000000000305 99.999375169957489 0.499996875841516
0.129500000000000 1.000000000000135 0.500000000000068 0.000000000000310 99.999375169957517 0.499996875840204
0.129600000000000 1.000000000000135 0.500000000000068 0.000000000000315 99.999375169957489 0.499996875838761
0.129700000000000 1.000000000000135 0.500000000000069 0.000000000000320 99.999375169957631 0.499996875837146
0.129800000000000 1.000000000000134 0.500000000000069 0.000000000000324 99.999375169957489 0.499996875835391
0.129900000000000 1.000000000000135 0.500000000000069 0.000000000000327 99.999375169957517 0.499996875833591
0.130000000000000 1.000000000000134 0.500000000000069 0.000000000000331 99.999375169957744 0.499996875831660
0.130100000000000 1.000000000000137 0.500000000000069 0.000000000000335 99.999375169957744 0.499996875829563
0.130200000000000 1.000000000000135 0.500000000000070 0.000000000000340 99.999375169957688 0.499996875827399
0.130300000000000 1.000000000000134 0.500000000000070 0.000000000000345 99.999375169957830 0.499996875825130
0.130400000000000 1.000000000000135 0.500000000000069 0.000000000000348 99.999375169957574 0.499996875822805
0.130500000000000 1.000000000000135 0.500000000000070 0.000000000000351 99.999375169957602 0.499996875820343
0.130600000000000 1.000000000000134 0.500000000000070 0.000000000000355 99.999375169957531 0.499996875817834
0.130700000000000 1.000000000000136 0.500000000000070 0.000000000000358 99.999375169957716 0.499996875815232
0.130800000000000 1.000000000000135 0.500000000000070 0.000000000000363 99.999375169957602 0.499996875812627
0.130900000000000 1.000000000000134 0.500000000000069 0.000000000000366 99.999375169957460 0.499996875809990
0.131000000000000 1.000000000000136 0.500000000000070 0.000000000000368 99.999375169957460 0.499996875807233
0.131100000000000 1.000000000000135 0.500000000000070 0.000000000000370 99.999375169957659 0.499996875804521
0.131200000000000 1.000000000000136 0.500000000000071 0.000000000000373 99.999375169957688 0.499996875801741
0.131300000000000 1.000000000000136 0.500000000000071 0.000000000000376 99.999375169957688 0.499996875798977
0.131400000000000 1.000000000000135 0.500000000000071 0.000000000000378 99.999375169957773 0.499996875796249
0.131500000000000 1.000000000000137 0.500000000000070 0.000000000000381 99.999375169957830 0.499996875793564
0.131600000000000 1.000000000000136 0.500000000000071 0.000000000000383 99.999375169957744 0.499996875790850
0.131700000000000 1.000000000000137 0.500000000000071 0.000000000000386 99.999375169957631 0.499996875788228
0.131800000000000 1.000000000000137 0.500000000000071 0.000000000000388 99.999375169957787 0.499996875785643
0.131900000000000 1.000000000000137 0.500000000000072 0.000000000000391 99.999375169957915 0.499996875783119
0.132000000000000 1.000000000000138 0.500000000000072 0.000000000000392 99.999375169957773 0.499996875780658
0.132100000000000 1.000000000000136 0.500000000000072 0.000000000000394 99.999375169957943 0.499996875778323
0.132200000000000 1.000000000000137 0.500000000000072 0.000000000000396 99.999375169957688 0.499996875776064
0.132300000000000 1.000000000000137 0.500000000000072 0.000000000000397 99.999375169957943 0.499996875773924
0.132400000000000 1.000000000000140 0.500000000000073 0.000000000000397 99.999375169957801 0.499996875771936
0.132500000000000 1.000000000000138 0.500000000000073 0.000000000000397 99.999375169957688 0.499996875770060
0.132600000000000 1.000000000000139 0.500000000000073 0.000000000000397 99.999375169957773 0.499996875768295
0.132700000000000 1.000000000000139 0.500000000000072 0.000000000000397 99.999375169957858 0.499996875766766
0.132800000000000 1.000000000000137 0.500000000000073 0.000000000000398 99.999375169957915 0.499996875765265
0.132900000000000 1.000000000000139 0.500000000000073 0.000000000000398 99.999375169957744 0.499996875764023
0.133000000000000 1.000000000000138 0.500000000000073 0.000000000000396 99.999375169958071 0.499996875762964
0.133100000000000 1.000000000000140 0.500000000000073 0.000000000000396 99.999375169957858 0.499996875761990
0.133200000000000 1.000000000000138 0.500000000000074 0.000000000000396 99.999375169957659 0.499996875761204
0.133300000000000 1.000000000000138 0.500000000000073 0.000000000000397 99.999375169957688 0.499996875760690
0.133400000000000 1.000000000000139 0.500000000000073 0.000000000000397 99.999375169958029 0.499996875760313
0.133500000000000 1.000000000000139 0.500000000000073 0.000000000000395 99.999375169957858 0.499996875760145
0.133600000000000 1.000000000000139 0.500000000000074 0.000000000000394 99.999375169957872 0.499996875760058
0.133700000000000 1.000000000000139 0.500000000000074 0.000000000000393 99.999375169958128 0.499996875760256
0.133800000000000 1.000000000000138 0.500000000000074 0.000000000000392 99.999375169957958 0.499996875760631
0.133900000000000 1.000000000000140 0.500000000000074 0.000000000000391 99.999375169958086 0.499996875761155
0.134000000000000 1.000000000000140 0.500000000000075 0.000000000000389 99.999375169957915 0.499996875761906
0.134100000000000 1.000000000000138 0.500000000000075 0.000000000000388 99.999375169957901 0.499996875762810
0.134200000000000 1.000000000000140 0.500000000000075 0.000000000000386 99.999375169957716 0.499996875763874
0.134300000000000 1.000000000000140 0.500000000000074 0.000000000000385 99.999375169957858 0.499996875765187
0.134400000000000 1.000000000000139 0.500000000000074 0.000000000000383 99.999375169958043 0.499996875766605
0.134500000000000 1.000000000000138 0.500000000000075 0.000000000000380 99.999375169958114 0.499996875768147
0.134600000000000 1.000000000000140 0.500000000000075 0.000000000000378 99.999375169957830 0.499996875769841
0.134700000000000 1.000000000000139 0.500000000000075 0.000000000000374 99.999375169957915 0.499996875771740
0.134800000000000 1.000000000000139 0.500000000000075 0.000000000000370 99.999375169958043 0.499996875773750
0.134900000000000 1.000000000000139 0.500000000000075 0.000000000000368 99.999375169957858 0.499996875775884
0.135000000000000 1.000000000000140 0.500000000000076 0.000000000000365 99.999375169958114 0.499996875778067
0.135100000000000 1.000000000000141 0.500000000000075 0.000000000000362 99.999375169957972 0.499996875780433
0.135200000000000 1.000000000000141 0.500000000000075 0.000000000000358 99.999375169958029 0.499996875782852
0.135300000000000 1.000000000000140 0.500000000000076 0.000000000000354 99.999375169957943 0.499996875785346
0.135400000000000 1.000000000000141 0.500000000000076 0.000000000000350 99.999375169958086 0.499996875787919
0.135500000000000 1.000000000000140 0.500000000000075 0.000000000000346 99.999375169958341 0.499996875790592
0.135600000000000 1.000000000000141 0.500000000000076 0.000000000000342 99.999375169958284 0.499996875793248
0.135700000000000 1.000000000000141 0.500000000000076 0.000000000000339 99.999375169957716 0.499996875795966
0.135800000000000 1.000000000000142 0.500000000000077 0.000000000000334 99.999375169958284 0.499996875798673
0.135900000000000 1.000000000000140 0.500000000000076 0.000000000000330 99.999375169958000 0.499996875801423
0.136000000000000 1.000000000000140 0.500000000000077 0.000000000000326 99.999375169958171 0.499996875804143
0.136100000000000 1.000000000000142 0.500000000000076 0.000000000000321 99.999375169957588 0.499996875806923
0.136200000000000 1.000000000000142 0.500000000000076 0.000000000000317 99.999375169957716 0.499996875809652
0.136300000000000 1.000000000000141 0.500000000000076 0.000000000000311 99.999375169958199 0.499996875812347
0.136400000000000 1.000000000000141 0.500000000000077 0.000000000000306 99.999375169958114 0.499996875814953
0.136500000000000 1.000000000000141 0.500000000000076 0.000000000000301 99.999375169958057 0.499996875817567
0.136600000000000 1.000000000000140 0.500000000000077 0.000000000000295 99.999375169957943 0.499996875820051
0.136700000000000 1.000000000000141 0.500000000000077 0.000000000000291 99.999375169958483 0.499996875822522
0.136800000000000 1.000000000000141 0.500000000000077 0.000000000000286 99.999375169958711 0.499996875824858
0.136900000000000 1.000000000000141 0.500000000000077 0.000000000000280 99.999375169958000 0.499996875827139
0.137000000000000 1.000000000000141 0.500000000000078 0.000000000000274 99.999375169958341 0.499996875829285
0.137100000000000 1.000000000000142 0.500000000000077 0.000000000000269 99.999375169958654 0.499996875831361
0.137200000000000 1.000000000000141 0.500000000000077 0.000000000000263 99.999375169958228 0.499996875833343
0.137300000000000 1.000000000000142 0.500000000000078 0.000000000000258 99.999375169957744 0.499996875835161
0.137400000000000 1.000000000000142 0.500000000000077 0.000000000000251 99.999375169958554 0.499996875836945
0.137500000000000 1.000000000000141 0.500000000000078 0.000000000000244 99.999375169957887 0.499996875838502
0.137600000000000 1.000000000000142 0.500000000000078 0.000000000000239 99.999375169958796 0.499996875839971
0.137700000000000 1.000000000000143 0.500000000000078 0.000000000000233 99.999375169958029 0.499996875841352
0.137800000000000 1.000000000000142 0.500000000000078 0.000000000000227 99.999375169958483 0.499996875842551
0.137900000000000 1.000000000000143 0.500000000000078 0.000000000000222 99.999375169958029 0.499996875843631
0.138000000000000 1.000000000000142 0.500000000000078 0.000000000000215 99.999375169958100 0.499996875844625
0.138100000000000 1.000000000000141 0.500000000000078 0.000000000000210 99.999375169958313 0.499996875845468
0.138200000000000 1.000000000000143 0.500000000000078 0.000000000000203 99.999375169958213 0.499996875846171
0.138300000000000 1.000000000000141 0.500000000000079 0.000000000000197 99.999375169958526 0.499996875846744
0.138400000000000 1.000000000000140 0.500000000000078 0.000000000000191 99.999375169958356 0.499996875847226
0.138500000000000 1.000000000000143 0.500000000000078 0.000000000000184 99.999375169958142 0.499996875847588
0.138600000000000 1.000000000000143 0.500000000000078 0.000000000000179 99.999375169958313 0.499996875847862
0.138700000000000 1.000000000000144 0.500000000000079 0.000000000000172 99.999375169958768 0.499996875847955
0.138800000000000 1.000000000000143 0.500000000000078 0.000000000000166 99.999375169957887 0.499996875848030
0.138900000000000 1.000000000000143 0.500000000000079 0.000000000000159 99.999375169957830 0.499996875847955
0.139000000000000 1.000000000000143 0.500000000000079 0.000000000000151 99.999375169958853 0.499996875847829
0.139100000000000 1.000000000000144 0.500000000000080 0.000000000000144 99.999375169958327 0.499996875847560
0.139200000000000 1.000000000000144 0.500000000000079 0.000000000000136 99.999375169958398 0.499996875847305
0.139300000000000 1.000000000000144 0.500000000000079 0.000000000000130 99.999375169958398 0.499996875846969
0.139400000000000 1.000000000000144 0.500000000000080 0.000000000000123 99.999375169958455 0.499996875846493
0.139500000000000 1.000000000000145 0.500000000000080 0.000000000000116 99.999375169958284 0.499996875846054
0.139600000000000 1.000000000000143 0.500000000000080 0.000000000000108 99.999375169958427 0.499996875845535
0.139700000000000 1.000000000000143 0.500000000000080 0.000000000000099 99.999375169958853 0.499996875845054
0.139800000000000 1.000000000000146 0.500000000000080 0.000000000000093 99.999375169958057 0.499996875844468
0.139900000000000 1.000000000000144 0.500000000000079 0.000000000000085 99.999375169958924 0.499996875843946
0.140000000000000 1.000000000000143 0.500000000000079 0.000000000000079 99.999375169958540 0.499996875843378
0.140100000000000 1.000000000000145 0.500000000000079 0.000000000000071 99.999375169958427 0.499996875842798
0.140200000000000 1.000000000000145 0.500000000000080 0.000000000000065 99.999375169957801 0.499996875842194
0.140300000000000 1.000000000000144 0.500000000000080 0.000000000000057 99.999375169958384 0.499996875841662
0.140400000000000 1.000000000000143 0.500000000000079 0.000000000000049 99.999375169958398 0.499996875841145
0.140500000000000 1.000000000000145 0.500000000000081 0.000000000000042 99.999375169958611 0.499996875840578
0.140600000000000 1.000000000000147 0.500000000000081 0.000000000000034 99.999375169958199 0.499996875840128
0.140700000000000 1.000000000000145 0.500000000000080 0.000000000000026 99.999375169958228 0.499996875839748
0.140800000000000 1.000000000000145 0.500000000000081 0.000000000000018 99.999375169958014 0.499996875839305
0.140900000000000 1.000000000000146 0.500000000000080 0.000000000000010 99.999375169959194 0.499996875839060
0.141000000000000 1.000000000000145 0.500000000000080 0.000000000000003 99.999375169957929 0.499996875838745
0.141100000000000 1.000000000000145 0.500000000000081 -0.000000000000005 99.999375169958341 0.499996875838503
0.141200000000000 1.000000000000145 0.500000000000081 -0.000000000000012 99.999375169959052 0.499996875838321
0.141300000000000 1.000000000000148 0.500000000000081 -0.000000000000020 99.999375169959166 0.499996875838241
0.141400000000000 1.000000000000146 0.500000000000080 -0.000000000000027 99.999375169958114 0.499996875838236
0.141500000000000 1.000000000000145 0.500000000000081 -0.000000000000035 99.999375169958171 0.499996875838224
0.141600000000000 1.000000000000146 0.500000000000081 -0.000000000000043 99.999375169959251 0.499996875838287
0.141700000000000 1.000000000000147 0.500000000000081 -0.000000000000049 99.999375169958228 0.499996875838469
0.141800000000000 1.000000000000146 0.500000000000081 -0.000000000000057 99.999375169959322 0.499996875838679
0.141900000000000 1.000000000000147 0.500000000000081 -0.000000000000064 99.999375169958483 0.499996875838903
0.142000000000000 1.000000000000147 0.500000000000081 -0.000000000000071 99.999375169959038 0.499996875839238
0.142100000000000 1.000000000000147 0.500000000000081 -0.000000000000079 99.999375169958171 0.499996875839623
0.142200000000000 1.000000000000147 0.500000000000081 -0.000000000000086 99.999375169958469 0.499996875840033
0.142300000000000 1.000000000000147 0.500000000000081 -0.000000000000094 99.999375169958455 0.499996875840481
0.142400000000000 1.000000000000148 0.500000000000081 -0.000000000000101 99.999375169958284 0.499996875840999
0.142500000000000 1.000000000000147 0.500000000000081 -0.000000000000109 99.999375169959350 0.499996875841500
0.142600000000000 1.000000000000149 0.500000000000081 -0.000000000000116 99.999375169958341 0.499996875842048
0.142700000000000 1.000000000000148 0.500000000000081 -0.000000000000124 99.999375169958299 0.499996875842633
0.142800000000000 1.000000000000148 0.500000000000081 -0.000000000000131 99.999375169958796 0.499996875843177
0.142900000000000 1.000000000000147 0.500000000000081 -0.000000000000137 99.999375169958924 0.499996875843727
0.143000000000000 1.000000000000147 0.500000000000081 -0.000000000000143 99.999375169958824 0.499996875844337
0.143100000000000 1.000000000000149 0.500000000000082 -0.000000000000150 99.999375169958839 0.499996875844890
0.143200000000000 1.000000000000148 0.500000000000081 -0.000000000000156 99.999375169958782 0.499996875845436
0.143300000000000 1.000000000000149 0.500000000000082 -0.000000000000162 99.999375169958824 0.499996875845903
0.143400000000000 1.000000000000149 0.500000000000081 -0.000000000000169 99.999375169958995 0.499996875846392
0.143500000000000 1.000000000000150 0.500000000000081 -0.000000000000176 99.999375169958910 0.499996875846822
0.143600000000000 1.000000000000149 0.500000000000081 -0.000000000000182 99.999375169958824 0.499996875847165
0.143700000000000 1.000000000000149 0.500000000000082 -0.000000000000188 99.999375169958967 0.499996875847445
0.143800000000000 1.000000000000150 0.500000000000082 -0.000000000000193 99.999375169959023 0.499996875847683
0.143900000000000 1.000000000000149 0.500000000000082 -0.000000000000198 99.999375169958938 0.499996875847851
0.144000000000000 1.000000000000151 0.500000000000082 -0.000000000000204 99.999375169959066 0.499996875847899
0.144100000000000 1.000000000000150 0.500000000000082 -0.000000000000210 99.999375169959052 0.499996875847853
0.144200000000000 1.000000000000149 0.500000000000082 -0.000000000000216 99.999375169958995 0.499996875847786
0.144300000000000 1.000000000000149 0.500000000000081 -0.000000000000223 99.999375169958967 0.499996875847574
0.144400000000000 1.000000000000151 0.500000000000082 -0.000000000000229 99.999375169958881 0.499996875847206
0.144500000000000 1.000000000000149 0.500000000000081 -0.000000000000235 99.999375169958967 0.499996875846787
0.144600000000000 1.000000000000148 0.500000000000081 -0.000000000000240 99.999375169958995 0.499996875846213
0.144700000000000 1.000000000000151 0.500000000000081 -0.000000000000244 99.999375169958967 0.499996875845528
0.144800000000000 1.000000000000149 0.500000000000081 -0.000000000000250 99.999375169958981 0.499996875844716
0.144900000000000 1.000000000000149 0.500000000000082 -0.000000000000256 99.999375169958938 0.499996875843763
0.145000000000000 1.000000000000149 0.500000000000081 -0.000000000000262 99.999375169958981 0.499996875842706
0.145100000000000 1.000000000000150 0.500000000000082 -0.000000000000266 99.999375169959066 0.499996875841483
0.145200000000000 1.000000000000151 0.500000000000081 -0.000000000000271 99.999375169959109 0.499996875840182
0.145300000000000 1.000000000000150 0.500000000000081 -0.000000000000276 99.999375169959080 0.499996875838731
0.145400000000000 1.000000000000149 0.500000000000081 -0.000000000000281 99.999375169959137 0.499996875837168
0.145500000000000 1.000000000000151 0.500000000000081 -0.000000000000286 99.999375169959251 0.499996875835453
0.145600000000000 1.000000000000150 0.500000000000081 -0.000000000000289 99.999375169959080 0.499996875833641
0.145700000000000 1.000000000000151 0.500000000000082 -0.000000000000294 99.999375169959194 0.499996875831683
0.145800000000000 1.000000000000151 0.500000000000082 -0.000000000000299 99.999375169959222 0.499996875829629
0.145900000000000 1.000000000000151 0.500000000000082 -0.000000000000302 99.999375169959151 0.499996875827488
0.146000000000000 1.000000000000151 0.500000000000081 -0.000000000000306 99.999375169959251 0.499996875825266
0.146100000000000 1.000000000000151 0.500000000000081 -0.000000000000311 99.999375169959265 0.499996875822904
0.146200000000000 1.000000000000152 0.500000000000081 -0.000000000000314 99.999375169959066 0.499996875820448
0.146300000000000 1.000000000000151 0.500000000000081 -0.000000000000317 99.999375169959507 0.499996875817951
0.146400000000000 1.000000000000151 0.500000000000082 -0.000000000000322 99.999375169959251 0.499996875815390
0.146500000000000 1.000000000000152 0.500000000000081 -0.000000000000324 99.999375169959279 0.499996875812779
0.146600000000000 1.000000000000152 0.500000000000082 -0.000000000000328 99.999375169959265 0.499996875810060
0.146700000000000 1.000000000000153 0.500000000000082 -0.000000000000330 99.999375169959194 0.499996875807364
0.146800000000000 1.000000000000153 0.500000000000081 -0.000000000000333 99.999375169959379 0.499996875804665
0.146900000000000 1.000000000000154 0.500000000000081 -0.000000000000336 99.999375169959336 0.499996875801924
0.147000000000000 1.000000000000153 0.500000000000081 -0.000000000000338 99.999375169959336 0.499996875799153
0.147100000000000 1.000000000000151 0.500000000000082 -0.000000000000339 99.999375169959166 0.499996875796393
0.147200000000000 1.000000000000152 0.500000000000082 -0.000000000000341 99.999375169959279 0.499996875793671
0.147300000000000 1.000000000000153 0.500000000000082 -0.000000000000345 99.999375169959237 0.499996875790966
0.147400000000000 1.000000000000152 0.500000000000082 -0.000000000000347 99.999375169959308 0.499996875788329
0.147500000000000 1.000000000000154 0.500000000000081 -0.000000000000348 99.999375169959222 0.499996875785776
0.147600000000000 1.000000000000153 0.500000000000081 -0.000000000000350 99.999375169959308 0.499996875783232
0.147700000000000 1.000000000000152 0.500000000000081 -0.000000000000351 99.999375169959123 0.499996875780811
0.147800000000000 1.000000000000154 0.500000000000081 -0.000000000000354 99.999375169959507 0.499996875778423
0.147900000000000 1.000000000000153 0.500000000000082 -0.000000000000355 99.999375169959194 0.499996875776141
0.148000000000000 1.000000000000153 0.500000000000081 -0.000000000000356 99.999375169959222 0.499996875774011
0.148100000000000 1.000000000000155 0.500000000000082 -0.000000000000359 99.999375169959407 0.499996875771987
0.148200000000000 1.000000000000155 0.500000000000081 -0.000000000000359 99.999375169959507 0.499996875770116
0.148300000000000 1.000000000000155 0.500000000000081 -0.000000000000359 99.999375169959251 0.499996875768381
0.148400000000000 1.000000000000155 0.500000000000082 -0.000000000000360 99.999375169959436 0.499996875766710
0.148500000000000 1.000000000000155 0.500000000000082 -0.000000000000360 99.999375169959364 0.499996875765278
0.148600000000000 1.000000000000155 0.500000000000081 -0.000000000000360 99.999375169959663 0.499996875764030
0.148700000000000 1.000000000000154 0.500000000000081 -0.000000000000360 99.999375169959436 0.499996875762856
0.148800000000000 1.000000000000155 0.500000000000082 -0.000000000000361 99.999375169959535 0.499996875761890
0.148900000000000 1.000000000000155 0.500000000000081 -0.000000000000361 99.999375169959876 0.499996875761140
0.149000000000000 1.000000000000155 0.500000000000081 -0.000000000000361 99.999375169959620 0.499996875760561
0.149100000000000 1.000000000000155 0.500000000000082 -0.000000000000360 99.999375169959606 0.499996875760099
0.149200000000000 1.000000000000156 0.500000000000081 -0.000000000000359 99.999375169959649 0.499996875759960
0.149300000000000 1.000000000000156 0.500000000000081 -0.000000000000359 99.999375169959563 0.499996875759919
0.149400000000000 1.000000000000156 0.500000000000082 -0.000000000000360 99.999375169959663 0.499996875760028
0.149500000000000 1.000000000000156 0.500000000000082 -0.000000000000358 99.999375169959649 0.499996875760366
0.149600000000000 1.000000000000157 0.500000000000082 -0.000000000000357 99.999375169959862 0.499996875760872
0.149700000000000 1.000000000000157 0.500000000000081 -0.000000000000356 99.999375169959706 0.499996875761615
0.149800000000000 1.000000000000157 0.500000000000081 -0.000000000000355 99.999375169959649 0.499996875762513
0.149900000000000 1.000000000000156 0.500000000000081 -0.000000000000355 99.999375169959706 0.499996875763572
0.150000000000000 1.000000000000156 0.500000000000081 -0.000000000000352 99.999375169959649 0.499996875764801
0.150100000000000 1.000000000000157 0.500000000000081 -0.000000000000350 99.999375169959734 0.499996875766193
0.150200000000000 1.000000000000157 0.500000000000081 -0.000000000000349 99.999375169959762 0.499996875767728
0.150300000000000 1.000000000000157 0.500000000000082 -0.000000000000346 99.999375169959777 0.499996875769437
0.150400000000000 1.000000000000158 0.500000000000081 -0.000000000000344 99.999375169959762 0.499996875771301
0.150500000000000 1.000000000000156 0.500000000000081 -0.000000000000342 99.999375169959819 0.499996875773285
0.150600000000000 1.000000000000157 0.500000000000082 -0.000000000000340 99.999375169959890 0.499996875775342
0.150700000000000 1.000000000000157 0.500000000000082 -0.000000000000338 99.999375169959777 0.499996875777569
0.150800000000000 1.000000000000156 0.500000000000081 -0.000000000000335 99.999375169959706 0.499996875779906
0.150900000000000 1.000000000000155 0.500000000000081 -0.000000000000333 99.999375169959819 0.499996875782341
0.151000000000000 1.000000000000157 0.500000000000081 -0.000000000000329 99.999375169959734 0.499996875784834
0.151100000000000 1.000000000000157 0.500000000000081 -0.000000000000326 99.999375169959706 0.499996875787413
0.151200000000000 1.000000000000158 0.500000000000082 -0.000000000000321 99.999375169959791 0.499996875789969
0.151300000000000 1.000000000000158 0.500000000000081 -0.000000000000317 99.999375169959777 0.499996875792715
0.151400000000000 1.000000000000158 0.500000000000081 -0.000000000000314 99.999375169959819 0.499996875795410
0.151500000000000 1.000000000000159 0.500000000000081 -0.000000000000309 99.999375169959848 0.499996875798142
0.151600000000000 1.000000000000157 0.500000000000082 -0.000000000000304 99.999375169959421 0.499996875800856
0.151700000000000 1.000000000000159 0.500000000000081 -0.000000000000299 99.999375169959990 0.499996875803654
0.151800000000000 1.000000000000159 0.500000000000081 -0.000000000000294 99.999375169960018 0.499996875806389
0.151900000000000 1.000000000000159 0.500000000000081 -0.000000000000290 99.999375169960956 0.499996875809123
0.152000000000000 1.000000000000158 0.500000000000081 -0.000000000000284 99.999375169959421 0.499996875811791
0.152100000000000 1.000000000000158 0.500000000000081 -0.000000000000280 99.999375169958768 0.499996875814385
0.152200000000000 1.000000000000157 0.500000000000081 -0.000000000000275 99.999375169959137 0.499996875817020
0.152300000000000 1.000000000000160 0.500000000000081 -0.000000000000272 99.999375169959464 0.499996875819529
0.152400000000000 1.000000000000159 0.500000000000081 -0.000000000000266 99.999375169959990 0.499996875821992
0.152500000000000 1.000000000000158 0.500000000000081 -0.000000000000261 99.999375169959848 0.499996875824344
0.152600000000000 1.000000000000160 0.500000000000081 -0.000000000000256 99.999375169959848 0.499996875826637
0.152700000000000 1.000000000000160 0.500000000000081 -0.000000000000251 99.999375169959961 0.499996875828835
0.152800000000000 1.000000000000160 0.500000000000081 -0.000000000000245 99.999375169959805 0.499996875830936
0.152900000000000 1.000000000000161 0.500000000000081 -0.000000000000239 99.999375169959904 0.499996875832884
0.153000000000000 1.000000000000159 0.500000000000082 -0.000000000000235 99.999375169959450 0.499996875834717
0.153100000000000 1.000000000000161 0.500000000000081 -0.000000000000228 99.999375169959833 0.499996875836481
0.153200000000000 1.000000000000160 0.500000000000081 -0.000000000000221 99.999375169960558 0.499996875838099
0.153300000000000 1.000000000000160 0.500000000000081 -0.000000000000215 99.999375169959450 0.499996875839582
0.153400000000000 1.000000000000159 0.500000000000081 -0.000000000000210 99.999375169959904 0.499996875840985
0.153500000000000 1.000000000000161 0.500000000000081 -0.000000000000204 99.999375169960317 0.499996875842181
0.153600000000000 1.000000000000160 0.500000000000080 -0.000000000000199 99.999375169960302 0.499996875843352
0.153700000000000 1.000000000000160 0.500000000000081 -0.000000000000193 99.999375169960146 0.499996875844272
0.153800000000000 1.000000000000161 0.500000000000081 -0.000000000000187 99.999375169959706 0.499996875845121
0.153900000000000 1.000000000000161 0.500000000000081 -0.000000000000183 99.999375169960558 0.499996875845872
0.154000000000000 1.000000000000161 0.500000000000082 -0.000000000000176 99.999375169960629 0.499996875846450
0.154100000000000 1.000000000000161 0.500000000000082 -0.000000000000171 99.999375169960473 0.499996875846948
0.154200000000000 1.000000000000161 0.500000000000082 -0.000000000000164 99.999375169959890 0.499996875847286
0.154300000000000 1.000000000000162 0.500000000000081 -0.000000000000158 99.999375169959677 0.499996875847564
0.154400000000000 1.000000000000162 0.500000000000082 -0.000000000000151 99.999375169960274 0.499996875847703
0.154500000000000 1.000000000000161 0.500000000000081 -0.000000000000145 99.999375169960160 0.499996875847779
0.154600000000000 1.000000000000161 0.500000000000081 -0.000000000000139 99.999375169960331 0.499996875847730
0.154700000000000 1.000000000000161 0.500000000000081 -0.000000000000132 99.999375169959990 0.499996875847596
0.154800000000000 1.000000000000161 0.500000000000081 -0.000000000000126 99.999375169960359 0.499996875847418
0.154900000000000 1.000000000000161 0.500000000000082 -0.000000000000119 99.999375169960672 0.499996875847085
0.155000000000000 1.000000000000162 0.500000000000081 -0.000000000000110 99.999375169960516 0.499996875846791
0.155100000000000 1.000000000000163 0.500000000000082 -0.000000000000103 99.999375169959990 0.499996875846337
0.155200000000000 1.000000000000163 0.500000000000081 -0.000000000000096 99.999375169959606 0.499996875845904
0.155300000000000 1.000000000000163 0.500000000000082 -0.000000000000089 99.999375169960757 0.499996875845423
0.155400000000000 1.000000000000164 0.500000000000081 -0.000000000000082 99.999375169960288 0.499996875844910
0.155500000000000 1.000000000000162 0.500000000000081 -0.000000000000077 99.999375169960274 0.499996875844357
0.155600000000000 1.000000000000164 0.500000000000082 -0.000000000000069 99.999375169960388 0.499996875843750
0.155700000000000 1.000000000000163 0.500000000000082 -0.000000000000063 99.999375169960118 0.499996875843176
0.155800000000000 1.000000000000162 0.500000000000082 -0.000000000000055 99.999375169960317 0.499996875842614
0.155900000000000 1.000000000000162 0.500000000000082 -0.000000000000048 99.999375169960274 0.499996875842045
0.156000000000000 1.000000000000163 0.500000000000082 -0.000000000000041 99.999375169960331 0.499996875841492
0.156100000000000 1.000000000000163 0.500000000000082 -0.000000000000034 99.999375169960331 0.499996875840981
0.156200000000000 1.000000000000163 0.500000000000081 -0.000000000000027 99.999375169960402 0.499996875840483
0.156300000000000 1.000000000000164 0.500000000000082 -0.000000000000020 99.999375169960075 0.499996875839992
0.156400000000000 1.000000000000164 0.500000000000082 -0.000000000000014 99.999375169960956 0.499996875839559
0.156500000000000 1.000000000000163 0.500000000000082 -0.000000000000007 99.999375169960018 0.499996875839152
0.156600000000000 1.000000000000165 0.500000000000082 -0.000000000000001 99.999375169961041 0.499996875838858
0.156700000000000 1.000000000000164 0.500000000000082 0.000000000000007 99.999375169960885 0.499996875838541
0.156800000000000 1.000000000000165 0.500000000000082 0.000000000000015 99.999375169959848 0.499996875838312
0.156900000000000 1.000000000000164 0.500000000000083 0.000000000000022 99.999375169960928 0.499996875838130
0.157000000000000 1.000000000000165 0.500000000000083 0.000000000000028 99.999375169961013 0.499996875838017
0.157100000000000 1.000000000000166 0.500000000000082 0.000000000000037 99.999375169960132 0.499996875837991
0.157200000000000 1.000000000000165 0.500000000000083 0.000000000000044 99.999375169960047 0.499996875837997
0.157300000000000 1.000000000000165 0.500000000000082 0.000000000000051 99.999375169960814 0.499996875838099
0.157400000000000 1.000000000000166 0.500000000000082 0.000000000000058 99.999375169960928 0.499996875838254
0.157500000000000 1.000000000000165 0.500000000000083 0.000000000000065 99.999375169960132 0.499996875838389
0.157600000000000 1.000000000000165 0.500000000000083 0.000000000000071 99.999375169961098 0.499996875838649
0.157700000000000 1.000000000000165 0.500000000000083 0.000000000000078 99.999375169960217 0.499996875838957
0.157800000000000 1.000000000000166 0.500000000000083 0.000000000000085 99.999375169961183 0.499996875839375
0.157900000000000 1.000000000000165 0.500000000000084 0.000000000000093 99.999375169961084 0.499996875839751
0.158000000000000 1.000000000000165 0.500000000000084 0.000000000000100 99.999375169960686 0.499996875840166
0.158100000000000 1.000000000000165 0.500000000000083 0.000000000000107 99.999375169960558 0.499996875840672
0.158200000000000 1.000000000000166 0.500000000000083 0.000000000000114 99.999375169960729 0.499996875841243
0.158300000000000 1.000000000000167 0.500000000000084 0.000000000000120 99.999375169960672 0.499996875841747
0.158400000000000 1.000000000000167 0.500000000000084 0.000000000000127 99.999375169960814 0.499996875842309
0.158500000000000 1.000000000000166 0.500000000000084 0.000000000000134 99.999375169960771 0.499996875842870
0.158600000000000 1.000000000000167 0.500000000000084 0.000000000000140 99.999375169960700 0.499996875843418
0.158700000000000 1.000000000000166 0.500000000000084 0.000000000000147 99.999375169960757 0.499996875843998
0.158800000000000 1.000000000000167 0.500000000000084 0.000000000000154 99.999375169960757 0.499996875844576
0.158900000000000 1.000000000000167 0.500000000000084 0.000000000000161 99.999375169960899 0.499996875845141
0.159000000000000 1.000000000000167 0.500000000000084 0.000000000000166 99.999375169960757 0.499996875845629
0.159100000000000 1.000000000000167 0.500000000000084 0.000000000000173 99.999375169960700 0.499996875846115
0.159200000000000 1.000000000000167 0.500000000000084 0.000000000000181 99.999375169960814 0.499996875846527
0.159300000000000 1.000000000000167 0.500000000000085 0.000000000000188 99.999375169960757 0.499996875846873
0.159400000000000 1.000000000000167 0.500000000000085 0.000000000000194 99.999375169960828 0.499996875847222
0.159500000000000 1.000000000000168 0.500000000000084 0.000000000000200 99.999375169960857 0.499996875847460
0.159600000000000 1.000000000000168 0.500000000000085 0.000000000000205 99.999375169960842 0.499996875847608
0.159700000000000 1.000000000000167 0.500000000000084 0.000000000000212 99.999375169960800 0.499996875847737
0.159800000000000 1.000000000000168 0.500000000000084 0.000000000000217 99.999375169960786 0.499996875847711
0.159900000000000 1.000000000000167 0.500000000000085 0.000000000000222 99.999375169960814 0.499996875847563
0.160000000000000 1.000000000000168 0.500000000000084 0.000000000000228 99.999375169960771 0.499996875847403
0.160100000000000 1.000000000000168 0.500000000000085 0.000000000000234 99.999375169960871 0.499996875847044
0.160200000000000 1.000000000000167 0.500000000000084 0.000000000000238 99.999375169960771 0.499996875846636
0.160300000000000 1.000000000000168 0.500000000000085 0.000000000000244 99.999375169960842 0.499996875846086
0.160400000000000 1.000000000000169 0.500000000000085 0.000000000000249 99.999375169960842 0.499996875845385
0.160500000000000 1.000000000000169 0.500000000000085 0.000000000000256 99.999375169960786 0.499996875844625
0.160600000000000 1.000000000000168 0.500000000000085 0.000000000000261 99.999375169960885 0.499996875843716
0.160700000000000 1.000000000000168 0.500000000000085 0.000000000000266 99.999375169960871 0.499996875842609
0.160800000000000 1.000000000000168 0.500000000000085 0.000000000000271 99.999375169960956 0.499996875841446
0.160900000000000 1.000000000000168 0.500000000000085 0.000000000000275 99.999375169960842 0.499996875840128
0.161000000000000 1.000000000000168 0.500000000000086 0.000000000000280 99.999375169960871 0.499996875838691
0.161100000000000 1.000000000000168 0.500000000000085 0.000000000000285 99.999375169960899 0.499996875837144
0.161200000000000 1.000000000000168 0.500000000000086 0.000000000000289 99.999375169960899 0.499996875835450
0.161300000000000 1.000000000000168 0.500000000000086 0.000000000000294 99.999375169960928 0.499996875833668
0.161400000000000 1.000000000000169 0.500000000000086 0.000000000000297 99.999375169960913 0.499996875831726
0.161500000000000 1.000000000000169 0.500000000000086 0.000000000000300 99.999375169960871 0.499996875829665
0.161600000000000 1.000000000000168 0.500000000000086 0.000000000000305 99.999375169961027 0.499996875827554
0.161700000000000 1.000000000000169 0.500000000000086 0.000000000000309 99.999375169960942 0.499996875825307
0.161800000000000 1.000000000000169 0.500000000000086 0.000000000000313 99.999375169960928 0.499996875822993
0.161900000000000 1.000000000000169 0.500000000000086 0.000000000000318 99.999375169960913 0.499996875820569
0.162000000000000 1.000000000000169 0.500000000000087 0.000000000000321 99.999375169960786 0.499996875818057
0.162100000000000 1.000000000000169 0.500000000000086 0.000000000000325 99.999375169960928 0.499996875815506
0.162200000000000 1.000000000000169 0.500000000000087 0.000000000000328 99.999375169960700 0.499996875812872
0.162300000000000 1.000000000000169 0.500000000000087 0.000000000000333 99.999375169960786 0.499996875810199
0.162400000000000 1.000000000000170 0.500000000000087 0.000000000000335 99.999375169961098 0.499996875807509
0.162500000000000 1.000000000000169 0.500000000000087 0.000000000000338 99.999375169961027 0.499996875804795
0.162600000000000 1.000000000000170 0.500000000000087 0.000000000000341 99.999375169960928 0.499996875802048
0.162700000000000 1.000000000000170 0.500000000000087 0.000000000000343 99.999375169961013 0.499996875799304
0.162800000000000 1.000000000000169 0.500000000000087 0.000000000000345 99.999375169960985 0.499996875796534
0.162900000000000 1.000000000000170 0.500000000000087 0.000000000000347 99.999375169960857 0.499996875793826
0.163000000000000 1.000000000000171 0.500000000000088 0.000000000000348 99.999375169961041 0.499996875791091
0.163100000000000 1.000000000000169 0.500000000000088 0.000000000000349 99.999375169961013 0.499996875788468
0.163200000000000 1.000000000000169 0.500000000000088 0.000000000000351 99.999375169960985 0.499996875785867
0.163300000000000 1.000000000000170 0.500000000000088 0.000000000000353 99.999375169961127 0.499996875783326
0.163400000000000 1.000000000000169 0.500000000000088 0.000000000000354 99.999375169961070 0.499996875780882
0.163500000000000 1.000000000000170 0.500000000000089 0.000000000000356 99.999375169961056 0.499996875778476
0.163600000000000 1.000000000000171 0.500000000000089 0.000000000000358 99.999375169961269 0.499996875776197
0.163700000000000 1.000000000000172 0.500000000000089 0.000000000000359 99.999375169961127 0.499996875774057
0.163800000000000 1.000000000000170 0.500000000000089 0.000000000000359 99.999375169961155 0.499996875772025
0.163900000000000 1.000000000000171 0.500000000000088 0.000000000000361 99.999375169961198 0.499996875770144
0.164000000000000 1.000000000000171 0.500000000000089 0.000000000000362 99.999375169961169 0.499996875768356
0.164100000000000 1.000000000000170 0.500000000000089 0.000000000000362 99.999375169961311 0.499996875766725
0.164200000000000 1.000000000000172 0.500000000000089 0.000000000000363 99.999375169961127 0.499996875765230
0.164300000000000 1.000000000000171 0.500000000000089 0.000000000000363 99.999375169961240 0.499996875763959
0.164400000000000 1.000000000000171 0.500000000000089 0.000000000000364 99.999375169961127 0.499996875762808
0.164500000000000 1.000000000000171 0.500000000000090 0.000000000000364 99.999375169961127 0.499996875761788
0.164600000000000 1.000000000000172 0.500000000000089 0.000000000000363 99.999375169961098 0.499996875761039
0.164700000000000 1.000000000000171 0.500000000000088 0.000000000000362 99.999375169961468 0.499996875760472
0.164800000000000 1.000000000000171 0.500000000000090 0.000000000000362 99.999375169961240 0.499996875759986
0.164900000000000 1.000000000000171 0.500000000000089 0.000000000000361 99.999375169961212 0.499996875759777
0.165000000000000 1.000000000000171 0.500000000000090 0.000000000000361 99.999375169961269 0.499996875759685
0.165100000000000 1.000000000000172 0.500000000000090 0.000000000000362 99.999375169961297 0.499996875759838
0.165200000000000 1.000000000000172 0.500000000000091 0.000000000000361 99.999375169961013 0.499996875760122
0.165300000000000 1.000000000000172 0.500000000000090 0.000000000000360 99.999375169961354 0.499996875760660
0.165400000000000 1.000000000000172 0.500000000000090 0.000000000000360 99.999375169961212 0.499996875761325
0.165500000000000 1.000000000000173 0.500000000000090 0.000000000000359 99.999375169961127 0.499996875762214
0.165600000000000 1.000000000000174 0.500000000000091 0.000000000000358 99.999375169961297 0.499996875763242
0.165700000000000 1.000000000000172 0.500000000000091 0.000000000000356 99.999375169961155 0.499996875764451
0.165800000000000 1.000000000000172 0.500000000000091 0.000000000000354 99.999375169961496 0.499996875765839
0.165900000000000 1.000000000000173 0.500000000000091 0.000000000000352 99.999375169961240 0.499996875767364
0.166000000000000 1.000000000000173 0.500000000000091 0.000000000000351 99.999375169961496 0.499996875769055
0.166100000000000 1.000000000000172 0.500000000000091 0.000000000000349 99.999375169961326 0.499996875770902
0.166200000000000 1.000000000000174 0.500000000000091 0.000000000000346 99.999375169961482 0.499996875772862
0.166300000000000 1.000000000000173 0.500000000000092 0.000000000000344 99.999375169961354 0.499996875774878
0.166400000000000 1.000000000000173 0.500000000000092 0.000000000000343 99.999375169961326 0.499996875777111
0.166500000000000 1.000000000000173 0.500000000000092 0.000000000000339 99.999375169961354 0.499996875779428
0.166600000000000 1.000000000000174 0.500000000000092 0.000000000000336 99.999375169961311 0.499996875781845
0.166700000000000 1.000000000000175 0.500000000000092 0.000000000000334 99.999375169961283 0.499996875784313
0.166800000000000 1.000000000000173 0.500000000000092 0.000000000000330 99.999375169961482 0.499996875786867
0.166900000000000 1.000000000000174 0.500000000000092 0.000000000000328 99.999375169961525 0.499996875789491
0.167000000000000 1.000000000000174 0.500000000000093 0.000000000000325 99.999375169961667 0.499996875792138
0.167100000000000 1.000000000000173 0.500000000000092 0.000000000000322 99.999375169961496 0.499996875794903
0.167200000000000 1.000000000000173 0.500000000000093 0.000000000000319 99.999375169961382 0.499996875797619
0.167300000000000 1.000000000000173 0.500000000000093 0.000000000000314 99.999375169962377 0.499996875800321
0.167400000000000 1.000000000000175 0.500000000000093 0.000000000000310 99.999375169961482 0.499996875803121
0.167500000000000 1.000000000000175 0.500000000000093 0.000000000000307 99.999375169961667 0.499996875805881
0.167600000000000 1.000000000000175 0.500000000000093 0.000000000000303 99.999375169960942 0.499996875808591
0.167700000000000 1.000000000000175 0.500000000000093 0.000000000000300 99.999375169961255 0.499996875811240
0.167800000000000 1.000000000000177 0.500000000000094 0.000000000000297 99.999375169961070 0.499996875813896
0.167900000000000 1.000000000000175 0.500000000000093 0.000000000000293 99.999375169961837 0.499996875816499
0.168000000000000 1.000000000000175 0.500000000000093 0.000000000000288 99.999375169961155 0.499996875819025
0.168100000000000 1.000000000000177 0.500000000000094 0.000000000000285 99.999375169961539 0.499996875821495
0.168200000000000 1.000000000000175 0.500000000000094 0.000000000000281 99.999375169961439 0.499996875823858
0.168300000000000 1.000000000000174 0.500000000000094 0.000000000000275 99.999375169961610 0.499996875826175
0.168400000000000 1.000000000000175 0.500000000000094 0.000000000000270 99.999375169961894 0.499996875828383
0.168500000000000 1.000000000000175 0.500000000000093 0.000000000000264 99.999375169962534 0.499996875830496
0.168600000000000 1.000000000000176 0.500000000000093 0.000000000000259 99.999375169961382 0.499996875832492
0.168700000000000 1.000000000000175 0.500000000000094 0.000000000000254 99.999375169961226 0.499996875834319
0.168800000000000 1.000000000000175 0.500000000000094 0.000000000000249 99.999375169961695 0.499996875836113
0.168900000000000 1.000000000000176 0.500000000000095 0.000000000000245 99.999375169961056 0.499996875837690
0.169000000000000 1.000000000000175 0.500000000000095 0.000000000000238 99.999375169960615 0.499996875839201
0.169100000000000 1.000000000000175 0.500000000000096 0.000000000000233 99.999375169961326 0.499996875840565
0.169200000000000 1.000000000000176 0.500000000000095 0.000000000000229 99.999375169961780 0.499996875841857
0.169300000000000 1.000000000000177 0.500000000000095 0.000000000000223 99.999375169961610 0.499996875842989
0.169400000000000 1.000000000000176 0.500000000000095 0.000000000000219 99.999375169961638 0.499996875843975
0.169500000000000 1.000000000000176 0.500000000000095 0.000000000000213 99.999375169961638 0.499996875844877
0.169600000000000 1.000000000000176 0.500000000000095 0.000000000000207 99.999375169961681 0.499996875845585
0.169700000000000 1.000000000000177 0.500000000000095 0.000000000000202 99.999375169961667 0.499996875846193
0.169800000000000 1.000000000000177 0.500000000000096 0.000000000000197 99.999375169962008 0.499996875846693
0.169900000000000 1.000000000000177 0.500000000000095 0.000000000000190 99.999375169961240 0.499996875847121
0.170000000000000 1.000000000000176 0.500000000000095 0.000000000000184 99.999375169962065 0.499996875847412
0.170100000000000 1.000000000000177 0.500000000000095 0.000000000000179 99.999375169961937 0.499996875847539
0.170200000000000 1.000000000000178 0.500000000000095 0.000000000000172 99.999375169961652 0.499996875847610
0.170300000000000 1.000000000000177 0.500000000000095 0.000000000000166 99.999375169961866 0.499996875847574
0.170400000000000 1.000000000000178 0.500000000000096 0.000000000000160 99.999375169961851 0.499996875847436
0.170500000000000 1.000000000000177 0.500000000000096 0.000000000000152 99.999375169961851 0.499996875847211
0.170600000000000 1.000000000000177 0.500000000000096 0.000000000000144 99.999375169961723 0.499996875846984
0.170700000000000 1.000000000000178 0.500000000000097 0.000000000000137 99.999375169961979 0.499996875846585
0.170800000000000 1.000000000000177 0.500000000000096 0.000000000000129 99.999375169962320 0.499996875846237
0.170900000000000 1.000000000000177 0.500000000000096 0.000000000000122 99.999375169962306 0.499996875845778
0.171000000000000 1.000000000000179 0.500000000000096 0.000000000000115 99.999375169962207 0.499996875845308
0.171100000000000 1.000000000000178 0.500000000000096 0.000000000000109 99.999375169961453 0.499996875844762
0.171200000000000 1.000000000000176 0.500000000000096 0.000000000000102 99.999375169962235 0.499996875844204
0.171300000000000 1.000000000000178 0.500000000000096 0.000000000000095 99.999375169962306 0.499996875843669
0.171400000000000 1.000000000000178 0.500000000000096 0.000000000000089 99.999375169962349 0.499996875843090
0.171500000000000 1.000000000000178 0.500000000000096 0.000000000000082 99.999375169961837 0.499996875842516
0.171600000000000 1.000000000000178 0.500000000000096 0.000000000000075 99.999375169961951 0.499996875841943
0.171700000000000 1.000000000000179 0.500000000000096 0.000000000000067 99.999375169961837 0.499996875841386
0.171800000000000 1.000000000000180 0.500000000000096 0.000000000000059 99.999375169962022 0.499996875840883
0.171900000000000 1.000000000000179 0.500000000000096 0.000000000000052 99.999375169961866 0.499996875840350
0.172000000000000 1.000000000000179 0.500000000000097 0.000000000000046 99.999375169961340 0.499996875839837
0.172100000000000 1.000000000000179 0.500000000000097 0.000000000000038 99.999375169962377 0.499996875839427
0.172200000000000 1.000000000000178 0.500000000000097 0.000000000000030 99.999375169961695 0.499996875839036
0.172300000000000 1.000000000000179 0.500000000000097 0.000000000000022 99.999375169962548 0.499996875838671
0.172400000000000 1.000000000000180 0.500000000000097 0.000000000000015 99.999375169961439 0.499996875838384
0.172500000000000 1.000000000000179 0.500000000000097 0.000000000000008 99.999375169961468 0.499996875838168
0.172600000000000 1.000000000000180 0.500000000000098 0.000000000000000 99.999375169962619 0.499996875837965
0.172700000000000 1.000000000000181 0.500000000000097 -0.000000000000007 99.999375169961638 0.499996875837852
0.172800000000000 1.000000000000180 0.500000000000097 -0.000000000000014 99.999375169962292 0.499996875837813
0.172900000000000 1.000000000000181 0.500000000000098 -0.000000000000022 99.999375169961738 0.499996875837770
0.173000000000000 1.000000000000180 0.500000000000098 -0.000000000000029 99.999375169961695 0.499996875837872
0.173100000000000 1.000000000000181 0.500000000000097 -0.000000000000037 99.999375169962406 0.499996875838018
0.173200000000000 1.000000000000181 0.500000000000098 -0.000000000000044 99.999375169962434 0.499996875838207
0.173300000000000 1.000000000000181 0.500000000000097 -0.000000000000052 99.999375169961567 0.499996875838468
0.173400000000000 1.000000000000180 0.500000000000097 -0.000000000000060 99.999375169962491 0.499996875838771
0.173500000000000 1.000000000000181 0.500000000000097 -0.000000000000066 99.999375169962406 0.499996875839130
0.173600000000000 1.000000000000180 0.500000000000097 -0.000000000000073 99.999375169962633 0.499996875839550
0.173700000000000 1.000000000000180 0.500000000000098 -0.000000000000082 99.999375169962065 0.499996875839937
0.173800000000000 1.000000000000180 0.500000000000097 -0.000000000000089 99.999375169962050 0.499996875840445
0.173900000000000 1.000000000000181 0.500000000000098 -0.000000000000096 99.999375169962278 0.499996875840987
0.174000000000000 1.000000000000181 0.500000000000097 -0.000000000000102 99.999375169962121 0.499996875841511
0.174100000000000 1.000000000000181 0.500000000000098 -0.000000000000110 99.999375169962263 0.499996875842050
0.174200000000000 1.000000000000181 0.500000000000098 -0.000000000000118 99.999375169962093 0.499996875842605
0.174300000000000 1.000000000000182 0.500000000000098 -0.000000000000124 99.999375169962178 0.499996875843212
0.174400000000000 1.000000000000182 0.500000000000097 -0.000000000000130 99.999375169962235 0.499996875843816
0.174500000000000 1.000000000000182 0.500000000000098 -0.000000000000137 99.999375169962249 0.499996875844322
0.174600000000000 1.000000000000182 0.500000000000098 -0.000000000000143 99.999375169962320 0.499996875844884
0.174700000000000 1.000000000000182 0.500000000000098 -0.000000000000150 99.999375169962263 0.499996875845411
0.174800000000000 1.000000000000182 0.500000000000098 -0.000000000000155 99.999375169962178 0.499996875845880
0.174900000000000 1.000000000000182 0.500000000000099 -0.000000000000164 99.999375169962462 0.499996875846270
0.175000000000000 1.000000000000185 0.500000000000098 -0.000000000000170 99.999375169962406 0.499996875846679
0.175100000000000 1.000000000000183 0.500000000000099 -0.000000000000176 99.999375169962306 0.499996875846995
0.175200000000000 1.000000000000184 0.500000000000098 -0.000000000000181 99.999375169962548 0.499996875847263
0.175300000000000 1.000000000000184 0.500000000000099 -0.000000000000186 99.999375169962434 0.499996875847387
0.175400000000000 1.000000000000183 0.500000000000099 -0.000000000000193 99.999375169962406 0.499996875847501
0.175500000000000 1.000000000000183 0.500000000000099 -0.000000000000199 99.999375169962462 0.499996875847476
0.175600000000000 1.000000000000184 0.500000000000098 -0.000000000000204 99.999375169962363 0.499996875847440
0.175700000000000 1.000000000000183 0.500000000000099 -0.000000000000210 99.999375169962477 0.499996875847223
0.175800000000000 1.000000000000184 0.500000000000098 -0.000000000000216 99.999375169962377 0.499996875846915
0.175900000000000 1.000000000000182 0.500000000000098 -0.000000000000222 99.999375169962491 0.499996875846492
0.176000000000000 1.000000000000186 0.500000000000099 -0.000000000000227 99.999375169962391 0.499996875845947
0.176100000000000 1.000000000000185 0.500000000000099 -0.000000000000232 99.999375169962519 0.499996875845286
0.176200000000000 1.000000000000184 0.500000000000099 -0.000000000000237 99.999375169962534 0.499996875844510
0.176300000000000 1.000000000000185 0.500000000000099 -0.000000000000243 99.999375169962462 0.499996875843601
0.176400000000000 1.000000000000185 0.500000000000098 -0.000000000000248 99.999375169962434 0.499996875842579
0.176500000000000 1.000000000000185 0.500000000000099 -0.000000000000254 99.999375169962576 0.499996875841391
0.176600000000000 1.000000000000185 0.500000000000098 -0.000000000000259 99.999375169962548 0.499996875840115
0.176700000000000 1.000000000000184 0.500000000000098 -0.000000000000262 99.999375169962605 0.499996875838707
0.176800000000000 1.000000000000184 0.500000000000099 -0.000000000000268 99.999375169962462 0.499996875837139
0.176900000000000 1.000000000000185 0.500000000000098 -0.000000000000272 99.999375169962605 0.499996875835468
0.177000000000000 1.000000000000183 0.500000000000098 -0.000000000000276 99.999375169962519 0.499996875833674
0.177100000000000 1.000000000000185 0.500000000000099 -0.000000000000279 99.999375169962462 0.499996875831740
0.177200000000000 1.000000000000185 0.500000000000097 -0.000000000000284 99.999375169962349 0.499996875829796
0.177300000000000 1.000000000000186 0.500000000000099 -0.000000000000288 99.999375169962747 0.499996875827614
0.177400000000000 1.000000000000185 0.500000000000099 -0.000000000000291 99.999375169962548 0.499996875825370
0.177500000000000 1.000000000000185 0.500000000000099 -0.000000000000293 99.999375169962605 0.499996875823065
0.177600000000000 1.000000000000184 0.500000000000098 -0.000000000000296 99.999375169962548 0.499996875820657
0.177700000000000 1.000000000000184 0.500000000000098 -0.000000000000300 99.999375169962633 0.499996875818181
0.177800000000000 1.000000000000185 0.500000000000098 -0.000000000000303 99.999375169962462 0.499996875815625
0.177900000000000 1.000000000000186 0.500000000000098 -0.000000000000306 99.999375169962605 0.499996875813004
0.178000000000000 1.000000000000187 0.500000000000098 -0.000000000000309 99.999375169962747 0.499996875810333
0.178100000000000 1.000000000000185 0.500000000000098 -0.000000000000313 99.999375169962491 0.499996875807671
0.178200000000000 1.000000000000187 0.500000000000098 -0.000000000000316 99.999375169962661 0.499996875804957
0.178300000000000 1.000000000000186 0.500000000000098 -0.000000000000317 99.999375169962818 0.499996875802187
0.178400000000000 1.000000000000187 0.500000000000097 -0.000000000000319 99.999375169962434 0.499996875799439
0.178500000000000 1.000000000000186 0.500000000000097 -0.000000000000321 99.999375169962320 0.499996875796703
0.178600000000000 1.000000000000186 0.500000000000098 -0.000000000000323 99.999375169962576 0.499996875793938
0.178700000000000 1.000000000000185 0.500000000000097 -0.000000000000324 99.999375169962462 0.499996875791281
0.178800000000000 1.000000000000186 0.500000000000098 -0.000000000000327 99.999375169962676 0.499996875788589
0.178900000000000 1.000000000000185 0.500000000000097 -0.000000000000328 99.999375169962747 0.499996875785997
0.179000000000000 1.000000000000186 0.500000000000098 -0.000000000000331 99.999375169962491 0.499996875783442
0.179100000000000 1.000000000000186 0.500000000000097 -0.000000000000332 99.999375169962505 0.499996875780990
0.179200000000000 1.000000000000186 0.500000000000098 -0.000000000000334 99.999375169962832 0.499996875778579
0.179300000000000 1.000000000000187 0.500000000000098 -0.000000000000336 99.999375169962747 0.499996875776301
0.179400000000000 1.000000000000187 0.500000000000098 -0.000000000000338 99.999375169962747 0.499996875774146
0.179500000000000 1.000000000000188 0.500000000000098 -0.000000000000340 99.999375169962889 0.499996875772091
0.179600000000000 1.000000000000187 0.500000000000098 -0.000000000000340 99.999375169962775 0.499996875770156
0.179700000000000 1.000000000000187 0.500000000000097 -0.000000000000340 99.999375169962661 0.499996875768409
0.179800000000000 1.000000000000188 0.500000000000097 -0.000000000000341 99.999375169962718 0.499996875766749
0.179900000000000 1.000000000000187 0.500000000000097 -0.000000000000341 99.999375169962775 0.499996875765242
0.180000000000000 1.000000000000187 0.500000000000097 -0.000000000000342 99.999375169962860 0.499996875763919
0.180100000000000 1.000000000000187 0.500000000000097 -0.000000000000341 99.999375169962718 0.499996875762716
0.180200000000000 1.000000000000188 0.500000000000097 -0.000000000000342 99.999375169962775 0.499996875761778
0.180300000000000 1.000000000000190 0.500000000000098 -0.000000000000342 99.999375169962718 0.499996875760927
0.180400000000000 1.000000000000187 0.500000000000097 -0.000000000000341 99.999375169962917 0.499996875760317
0.180500000000000 1.000000000000187 0.500000000000097 -0.000000000000339 99.999375169962605 0.499996875759838
0.180600000000000 1.000000000000187 0.500000000000097 -0.000000000000339 99.999375169962860 0.499996875759592
0.180700000000000 1.000000000000187 0.500000000000097 -0.000000000000338 99.999375169962747 0.499996875759524
0.180800000000000 1.000000000000187 0.500000000000098 -0.000000000000337 99.999375169963002 0.499996875759576
0.180900000000000 1.000000000000187 0.500000000000097 -0.000000000000334 99.999375169962775 0.499996875759895
0.181000000000000 1.000000000000189 0.500000000000098 -0.000000000000333 99.999375169962875 0.499996875760376
0.181100000000000 1.000000000000189 0.500000000000097 -0.000000000000332 99.999375169962775 0.499996875761039
0.181200000000000 1.000000000000189 0.500000000000097 -0.000000000000331 99.999375169962903 0.499996875761881
0.181300000000000 1.000000000000188 0.500000000000097 -0.000000000000329 99.999375169962676 0.499996875762919
0.181400000000000 1.000000000000188 0.500000000000097 -0.000000000000327 99.999375169962889 0.499996875764130
0.181500000000000 1.000000000000188 0.500000000000096 -0.000000000000324 99.999375169962704 0.499996875765499
0.181600000000000 1.000000000000188 0.500000000000097 -0.000000000000321 99.999375169962931 0.499996875766988
0.181700000000000 1.000000000000189 0.500000000000098 -0.000000000000320 99.999375169962946 0.499996875768600
0.181800000000000 1.000000000000188 0.500000000000097 -0.000000000000318 99.999375169962832 0.499996875770447
0.181900000000000 1.000000000000187 0.500000000000096 -0.000000000000317 99.999375169962818 0.499996875772433
0.182000000000000 1.000000000000188 0.500000000000097 -0.000000000000315 99.999375169963031 0.499996875774484
0.182100000000000 1.000000000000188 0.500000000000097 -0.000000000000311 99.999375169963116 0.499996875776664
0.182200000000000 1.000000000000188 0.500000000000096 -0.000000000000310 99.999375169962804 0.499996875778989
0.182300000000000 1.000000000000187 0.500000000000096 -0.000000000000306 99.999375169963116 0.499996875781365
0.182400000000000 1.000000000000189 0.500000000000096 -0.000000000000303 99.999375169962917 0.499996875783851
0.182500000000000 1.000000000000190 0.500000000000097 -0.000000000000301 99.999375169962832 0.499996875786362
0.182600000000000 1.000000000000190 0.500000000000097 -0.000000000000299 99.999375169963002 0.499996875788991
0.182700000000000 1.000000000000188 0.500000000000096 -0.000000000000294 99.999375169962931 0.499996875791704
0.182800000000000 1.000000000000189 0.500000000000097 -0.000000000000290 99.999375169962931 0.499996875794362
0.182900000000000 1.000000000000188 0.500000000000097 -0.000000000000287 99.999375169962121 0.499996875797067
0.183000000000000 1.000000000000189 0.500000000000096 -0.000000000000283 99.999375169962605 0.499996875799856
0.183100000000000 1.000000000000191 0.500000000000097 -0.000000000000279 99.999375169963017 0.499996875802587
0.183200000000000 1.000000000000190 0.500000000000097 -0.000000000000275 99.999375169963088 0.499996875805313
0.183300000000000 1.000000000000191 0.500000000000098 -0.000000000000271 99.999375169963074 0.499996875808015
0.183400000000000 1.000000000000190 0.500000000000097 -0.000000000000267 99.999375169962462 0.499996875810737
0.183500000000000 1.000000000000192 0.500000000000097 -0.000000000000264 99.999375169962974 0.499996875813418
0.183600000000000 1.000000000000190 0.500000000000097 -0.000000000000261 99.999375169963685 0.499996875815986
0.183700000000000 1.000000000000190 0.500000000000097 -0.000000000000255 99.999375169963486 0.499996875818536
0.183800000000000 1.000000000000190 0.500000000000096 -0.000000000000251 99.999375169963116 0.499996875821035
0.183900000000000 1.000000000000190 0.500000000000098 -0.000000000000246 99.999375169962377 0.499996875823363
0.184000000000000 1.000000000000191 0.500000000000098 -0.000000000000241 99.999375169962633 0.499996875825660
0.184100000000000 1.000000000000191 0.500000000000097 -0.000000000000235 99.999375169962832 0.499996875827904
0.184200000000000 1.000000000000191 0.500000000000096 -0.000000000000231 99.999375169962804 0.499996875830050
0.184300000000000 1.000000000000191 0.500000000000096 -0.000000000000225 99.999375169963542 0.499996875832057
0.184400000000000 1.000000000000192 0.500000000000098 -0.000000000000220 99.999375169963201 0.499996875833867
0.184500000000000 1.000000000000193 0.500000000000096 -0.000000000000216 99.999375169963116 0.499996875835683
0.184600000000000 1.000000000000190 0.500000000000097 -0.000000000000211 99.999375169963173 0.499996875837317
0.184700000000000 1.000000000000192 0.500000000000097 -0.000000000000205 99.999375169963201 0.499996875838849
0.184800000000000 1.000000000000191 0.500000000000096 -0.000000000000199 99.999375169963031 0.499996875840282
0.184900000000000 1.000000000000192 0.500000000000096 -0.000000000000193 99.999375169963741 0.499996875841551
0.185000000000000 1.000000000000193 0.500000000000096 -0.000000000000188 99.999375169962647 0.499996875842697
0.185100000000000 1.000000000000193 0.500000000000097 -0.000000000000183 99.999375169962775 0.499996875843628
0.185200000000000 1.000000000000192 0.500000000000097 -0.000000000000178 99.999375169962860 0.499996875844559
0.185300000000000 1.000000000000193 0.500000000000097 -0.000000000000174 99.999375169962860 0.499996875845319
0.185400000000000 1.000000000000193 0.500000000000096 -0.000000000000167 99.999375169962960 0.499996875845986
0.185500000000000 1.000000000000192 0.500000000000097 -0.000000000000161 99.999375169963287 0.499996875846452
0.185600000000000 1.000000000000193 0.500000000000097 -0.000000000000155 99.999375169963329 0.499996875846827
0.185700000000000 1.000000000000194 0.500000000000097 -0.000000000000149 99.999375169963741 0.499996875847166
0.185800000000000 1.000000000000193 0.500000000000098 -0.000000000000143 99.999375169963656 0.499996875847304
0.185900000000000 1.000000000000193 0.500000000000097 -0.000000000000137 99.999375169963741 0.499996875847406
0.186000000000000 1.000000000000193 0.500000000000097 -0.000000000000130 99.999375169964139 0.499996875847426
0.186100000000000 1.000000000000193 0.500000000000097 -0.000000000000124 99.999375169962917 0.499996875847292
0.186200000000000 1.000000000000193 0.500000000000097 -0.000000000000118 99.999375169963912 0.499996875847116
0.186300000000000 1.000000000000193 0.500000000000097 -0.000000000000112 99.999375169963457 0.499996875846821
0.186400000000000 1.000000000000193 0.500000000000097 -0.000000000000105 99.999375169964225 0.499996875846483
0.186500000000000 1.000000000000193 0.500000000000097 -0.000000000000100 99.999375169963798 0.499996875846117
0.186600000000000 1.000000000000194 0.500000000000097 -0.000000000000094 99.999375169963002 0.499996875845680
0.186700000000000 1.000000000000193 0.500000000000097 -0.000000000000087 99.999375169962889 0.499996875845167
0.186800000000000 1.000000000000195 0.500000000000098 -0.000000000000081 99.999375169963116 0.499996875844635
0.186900000000000 1.000000000000194 0.500000000000098 -0.000000000000074 99.999375169963884 0.499996875844084
0.187000000000000 1.000000000000195 0.500000000000098 -0.000000000000067 99.999375169963002 0.499996875843520
0.187100000000000 1.000000000000194 0.500000000000097 -0.000000000000060 99.999375169963912 0.499996875842970
0.187200000000000 1.000000000000194 0.500000000000097 -0.000000000000053 99.999375169963827 0.499996875842417
0.187300000000000 1.000000000000194 0.500000000000098 -0.000000000000046 99.999375169964026 0.499996875841804
0.187400000000000 1.000000000000195 0.500000000000098 -0.000000000000038 99.999375169963969 0.499996875841251
0.187500000000000 1.000000000000193 0.500000000000098 -0.000000000000031 99.999375169963940 0.499996875840683
0.187600000000000 1.000000000000195 0.500000000000097 -0.000000000000024 99.999375169963997 0.499996875840209
0.187700000000000 1.000000000000195 0.500000000000097 -0.000000000000017 99.999375169963542 0.499996875839770
0.187800000000000 1.000000000000195 0.500000000000098 -0.000000000000010 99.999375169963571 0.499996875839259
0.187900000000000 1.000000000000195 0.500000000000098 -0.000000000000003 99.999375169963656 0.499996875838860
0.188000000000000 1.000000000000195 0.500000000000098 0.000000000000005 99.999375169963542 0.499996875838536
0.188100000000000 1.000000000000195 0.500000000000099 0.000000000000011 99.999375169963741 0.499996875838214
0.188200000000000 1.000000000000196 0.500000000000098 0.000000000000019 99.999375169963457 0.499996875838008
0.188300000000000 1.000000000000195 0.500000000000097 0.000000000000026 99.999375169963542 0.499996875837836
0.188400000000000 1.000000000000196 0.500000000000098 0.000000000000034 99.999375169963542 0.499996875837701
0.188500000000000 1.000000000000196 0.500000000000099 0.000000000000041 99.999375169963571 0.499996875837586
0.188600000000000 1.000000000000196 0.500000000000098 0.000000000000048 99.999375169963628 0.499996875837645
0.188700000000000 1.000000000000196 0.500000000000098 0.000000000000055 99.999375169963628 0.499996875837685
0.188800000000000 1.000000000000195 0.500000000000098 0.000000000000060 99.999375169963599 0.499996875837837
0.188900000000000 1.000000000000195 0.500000000000098 0.000000000000066 99.999375169963542 0.499996875837999
0.189000000000000 1.000000000000195 0.500000000000098 0.000000000000073 99.999375169963699 0.499996875838237
0.189100000000000 1.000000000000196 0.500000000000098 0.000000000000079 99.999375169963628 0.499996875838559
0.189200000000000 1.000000000000195 0.500000000000098 0.000000000000087 99.999375169963486 0.499996875838898
0.189300000000000 1.000000000000197 0.500000000000098 0.000000000000094 99.999375169963656 0.499996875839305
0.189400000000000 1.000000000000196 0.500000000000099 0.000000000000100 99.999375169963599 0.499996875839692
0.189500000000000 1.000000000000196 0.500000000000099 0.000000000000106 99.999375169963713 0.499996875840204
0.189600000000000 1.000000000000197 0.500000000000099 0.000000000000114 99.999375169963599 0.499996875840696
0.189700000000000 1.000000000000196 0.500000000000099 0.000000000000121 99.999375169963784 0.499996875841237
0.189800000000000 1.000000000000197 0.500000000000099 0.000000000000127 99.999375169963571 0.499996875841784
0.189900000000000 1.000000000000195 0.500000000000099 0.000000000000134 99.999375169963656 0.499996875842389
0.190000000000000 1.000000000000196 0.500000000000098 0.000000000000140 99.999375169963685 0.499996875842976
0.190100000000000 1.000000000000196 0.500000000000098 0.000000000000148 99.999375169963599 0.499996875843550
0.190200000000000 1.000000000000198 0.500000000000099 0.000000000000155 99.999375169963642 0.499996875844061
0.190300000000000 1.000000000000198 0.500000000000099 0.000000000000161 99.999375169963628 0.499996875844605
0.190400000000000 1.000000000000197 0.500000000000100 0.000000000000168 99.999375169963741 0.499996875845126
0.190500000000000 1.000000000000196 0.500000000000099 0.000000000000174 99.999375169963727 0.499996875845633
0.190600000000000 1.000000000000196 0.500000000000098 0.000000000000180 99.999375169963741 0.499996875846103
0.190700000000000 1.000000000000196 0.500000000000099 0.000000000000185 99.999375169963756 0.499996875846463
0.190800000000000 1.000000000000195 0.500000000000099 0.000000000000193 99.999375169963713 0.499996875846808
0.190900000000000 1.000000000000197 0.500000000000099 0.000000000000198 99.999375169963770 0.499996875847062
0.191000000000000 1.000000000000196 0.500000000000099 0.000000000000204 99.999375169963713 0.499996875847242
0.191100000000000 1.000000000000196 0.500000000000099 0.000000000000209 99.999375169963670 0.499996875847372
0.191200000000000 1.000000000000196 0.500000000000099 0.000000000000216 99.999375169963699 0.499996875847373
0.191300000000000 1.000000000000198 0.500000000000099 0.000000000000221 99.999375169963770 0.499996875847267
0.191400000000000 1.000000000000195 0.500000000000099 0.000000000000226 99.999375169963713 0.499996875847123
0.191500000000000 1.000000000000196 0.500000000000100 0.000000000000232 99.999375169963713 0.499996875846782
0.191600000000000 1.000000000000198 0.500000000000100 0.000000000000239 99.999375169963812 0.499996875846357
0.191700000000000 1.000000000000198 0.500000000000099 0.000000000000244 99.999375169963741 0.499996875845886
0.191800000000000 1.000000000000196 0.500000000000100 0.000000000000249 99.999375169963798 0.499996875845233
0.191900000000000 1.000000000000199 0.500000000000100 0.000000000000254 99.999375169963855 0.499996875844485
0.192000000000000 1.000000000000197 0.500000000000100 0.000000000000259 99.999375169963770 0.499996875843560
0.192100000000000 1.000000000000199 0.500000000000100 0.000000000000264 99.999375169964011 0.499996875842539
0.192200000000000 1.000000000000198 0.500000000000100 0.000000000000268 99.999375169963912 0.499996875841421
0.192300000000000 1.000000000000199 0.500000000000100 0.000000000000274 99.999375169963827 0.499996875840120
0.192400000000000 1.000000000000199 0.500000000000100 0.000000000000278 99.999375169963798 0.499996875838735
0.192500000000000 1.000000000000199 0.500000000000101 0.000000000000283 99.999375169963841 0.499996875837187
0.192600000000000 1.000000000000199 0.500000000000101 0.000000000000287 99.999375169963798 0.499996875835511
0.192700000000000 1.000000000000198 0.500000000000100 0.000000000000292 99.999375169963770 0.499996875833790
0.192800000000000 1.000000000000198 0.500000000000101 0.000000000000295 99.999375169963798 0.499996875831855
0.192900000000000 1.000000000000199 0.500000000000101 0.000000000000299 99.999375169963784 0.499996875829820
0.193000000000000 1.000000000000199 0.500000000000101 0.000000000000303 99.999375169963997 0.499996875827747
0.193100000000000 1.000000000000198 0.500000000000101 0.000000000000307 99.999375169963912 0.499996875825499
0.193200000000000 1.000000000000199 0.500000000000102 0.000000000000310 99.999375169963926 0.499996875823166
0.193300000000000 1.000000000000199 0.500000000000101 0.000000000000314 99.999375169964111 0.499996875820805
0.193400000000000 1.000000000000200 0.500000000000102 0.000000000000318 99.999375169963855 0.499996875818286
0.193500000000000 1.000000000000199 0.500000000000102 0.000000000000322 99.999375169964097 0.499996875815780
0.193600000000000 1.000000000000200 0.500000000000102 0.000000000000324 99.999375169963912 0.499996875813166
0.193700000000000 1.000000000000200 0.500000000000102 0.000000000000327 99.999375169964011 0.499996875810518
0.193800000000000 1.000000000000200 0.500000000000102 0.000000000000330 99.999375169964054 0.499996875807841
0.193900000000000 1.000000000000200 0.500000000000102 0.000000000000333 99.999375169964111 0.499996875805094
0.194000000000000 1.000000000000201 0.500000000000103 0.000000000000337 99.999375169963898 0.499996875802334
0.194100000000000 1.000000000000199 0.500000000000102 0.000000000000341 99.999375169964026 0.499996875799614
0.194200000000000 1.000000000000199 0.500000000000103 0.000000000000343 99.999375169964168 0.499996875796842
0.194300000000000 1.000000000000200 0.500000000000102 0.000000000000345 99.999375169964054 0.499996875794142
0.194400000000000 1.000000000000201 0.500000000000103 0.000000000000346 99.999375169963912 0.499996875791430
0.194500000000000 1.000000000000200 0.500000000000103 0.000000000000348 99.999375169964125 0.499996875788726
0.194600000000000 1.000000000000201 0.500000000000103 0.000000000000349 99.999375169964026 0.499996875786140
0.194700000000000 1.000000000000201 0.500000000000103 0.000000000000352 99.999375169964040 0.499996875783592
0.194800000000000 1.000000000000201 0.500000000000103 0.000000000000353 99.999375169964111 0.499996875781131
0.194900000000000 1.000000000000200 0.500000000000103 0.000000000000354 99.999375169963884 0.499996875778738
0.195000000000000 1.000000000000201 0.500000000000104 0.000000000000355 99.999375169964281 0.499996875776392
0.195100000000000 1.000000000000201 0.500000000000103 0.000000000000357 99.999375169963997 0.499996875774269
0.195200000000000 1.000000000000201 0.500000000000104 0.000000000000358 99.999375169963940 0.499996875772151
0.195300000000000 1.000000000000201 0.500000000000104 0.000000000000359 99.999375169964367 0.499996875770238
0.195400000000000 1.000000000000199 0.500000000000104 0.000000000000360 99.999375169964367 0.499996875768449
0.195500000000000 1.000000000000201 0.500000000000104 0.000000000000360 99.999375169964182 0.499996875766755
0.195600000000000 1.000000000000200 0.500000000000104 0.000000000000359 99.999375169964182 0.499996875765243
0.195700000000000 1.000000000000200 0.500000000000104 0.000000000000359 99.999375169964196 0.499996875763884
0.195800000000000 1.000000000000201 0.500000000000104 0.000000000000359 99.999375169964082 0.499996875762704
0.195900000000000 1.000000000000201 0.500000000000105 0.000000000000359 99.999375169964154 0.499996875761682
0.196000000000000 1.000000000000201 0.500000000000105 0.000000000000358 99.999375169963969 0.499996875760849
0.196100000000000 1.000000000000201 0.500000000000104 0.000000000000359 99.999375169964267 0.499996875760219
0.196200000000000 1.000000000000203 0.500000000000105 0.000000000000359 99.999375169964097 0.499996875759719
0.196300000000000 1.000000000000202 0.500000000000105 0.000000000000359 99.999375169964225 0.499996875759435
0.196400000000000 1.000000000000201 0.500000000000105 0.000000000000357 99.999375169964196 0.499996875759313
0.196500000000000 1.000000000000201 0.500000000000105 0.000000000000357 99.999375169964225 0.499996875759447
0.196600000000000 1.000000000000202 0.500000000000105 0.000000000000355 99.999375169964111 0.499996875759706
0.196700000000000 1.000000000000202 0.500000000000105 0.000000000000355 99.999375169964424 0.499996875760137
0.196800000000000 1.000000000000202 0.500000000000106 0.000000000000353 99.999375169964139 0.499996875760769
0.196900000000000 1.000000000000203 0.500000000000106 0.000000000000353 99.999375169964367 0.499996875761597
0.197000000000000 1.000000000000202 0.500000000000106 0.000000000000352 99.999375169964367 0.499996875762606
0.197100000000000 1.000000000000202 0.500000000000105 0.000000000000350 99.999375169964225 0.499996875763820
0.197200000000000 1.000000000000202 0.500000000000106 0.000000000000347 99.999375169964324 0.499996875765130
0.197300000000000 1.000000000000203 0.500000000000106 0.000000000000345 99.999375169964267 0.499996875766619
0.197400000000000 1.000000000000204 0.500000000000106 0.000000000000344 99.999375169964338 0.499996875768269
0.197500000000000 1.000000000000203 0.500000000000106 0.000000000000342 99.999375169964367 0.499996875770079
0.197600000000000 1.000000000000203 0.500000000000107 0.000000000000340 99.999375169964281 0.499996875771947
0.197700000000000 1.000000000000204 0.500000000000106 0.000000000000337 99.999375169964381 0.499996875774052
0.197800000000000 1.000000000000204 0.500000000000107 0.000000000000335 99.999375169964566 0.499996875776174
0.197900000000000 1.000000000000203 0.500000000000107 0.000000000000332 99.999375169964594 0.499996875778474
0.198000000000000 1.000000000000203 0.500000000000107 0.000000000000329 99.999375169964225 0.499996875780901
0.198100000000000 1.000000000000204 0.500000000000107 0.000000000000327 99.999375169964239 0.499996875783331
0.198200000000000 1.000000000000204 0.500000000000107 0.000000000000324 99.999375169964509 0.499996875785902
0.198300000000000 1.000000000000202 0.500000000000107 0.000000000000321 99.999375169964338 0.499996875788529
0.198400000000000 1.000000000000203 0.500000000000107 0.000000000000319 99.999375169964509 0.499996875791179
0.198500000000000 1.000000000000203 0.500000000000107 0.000000000000316 99.999375169964253 0.499996875793861
0.198600000000000 1.000000000000202 0.500000000000107 0.000000000000313 99.999375169964395 0.499996875796603
0.198700000000000 1.000000000000202 0.500000000000107 0.000000000000311 99.999375169964480 0.499996875799341
0.198800000000000 1.000000000000202 0.500000000000107 0.000000000000306 99.999375169963557 0.499996875802098
0.198900000000000 1.000000000000204 0.500000000000108 0.000000000000303 99.999375169964594 0.499996875804823
0.199000000000000 1.000000000000203 0.500000000000108 0.000000000000298 99.999375169964338 0.499996875807541
0.199100000000000 1.000000000000204 0.500000000000107 0.000000000000295 99.999375169964623 0.499996875810276
0.199200000000000 1.000000000000203 0.500000000000107 0.000000000000291 99.999375169964523 0.499996875812967
0.199300000000000 1.000000000000203 0.500000000000108 0.000000000000286 99.999375169964850 0.499996875815521
0.199400000000000 1.000000000000203 0.500000000000108 0.000000000000283 99.999375169964424 0.499996875818056
0.199500000000000 1.000000000000205 0.500000000000108 0.000000000000279 99.999375169964367 0.499996875820554
0.199600000000000 1.000000000000204 0.500000000000109 0.000000000000274 99.999375169964623 0.499996875822948
0.199700000000000 1.000000000000204 0.500000000000108 0.000000000000270 99.999375169964480 0.499996875825313
0.199800000000000 1.000000000000205 0.500000000000109 0.000000000000264 99.999375169964424 0.499996875827488
0.199900000000000 1.000000000000203 0.500000000000109 0.000000000000259 99.999375169964026 0.499996875829597
0.200000000000000 1.000000000000205 0.500000000000108 0.000000000000253 99.999375169964480 0.499996875831629
0.200100000000000 1.000000000000205 0.500000000000108 0.000000000000249 99.999375169964537 0.499996875833583
0.200200000000000 1.000000000000205 0.500000000000109 0.000000000000243 99.999375169964509 0.499996875835309
0.200300000000000 1.000000000000204 0.500000000000109 0.000000000000237 99.999375169964964 0.499996875836969
0.200400000000000 1.000000000000205 0.500000000000108 0.000000000000231 99.999375169965020 0.499996875838551
0.200500000000000 1.000000000000205 0.500000000000109 0.000000000000225 99.999375169964551 0.499996875839924
0.200600000000000 1.000000000000205 0.500000000000109 0.000000000000218 99.999375169964509 0.499996875841231
0.200700000000000 1.000000000000206 0.500000000000109 0.000000000000213 99.999375169964495 0.499996875842358
0.200800000000000 1.000000000000205 0.500000000000110 0.000000000000207 99.999375169964523 0.499996875843364
0.200900000000000 1.000000000000205 0.500000000000109 0.000000000000201 99.999375169964125 0.499996875844309
0.201000000000000 1.000000000000205 0.500000000000110 0.000000000000195 99.999375169964182 0.499996875845060
0.201100000000000 1.000000000000207 0.500000000000109 0.000000000000190 99.999375169965290 0.499996875845752
0.201200000000000 1.000000000000205 0.500000000000110 0.000000000000184 99.999375169964225 0.499996875846241
0.201300000000000 1.000000000000206 0.500000000000110 0.000000000000178 99.999375169965063 0.499996875846651
0.201400000000000 1.000000000000207 0.500000000000110 0.000000000000172 99.999375169965063 0.499996875846966
0.201500000000000 1.000000000000207 0.500000000000109 0.000000000000166 99.999375169964253 0.499996875847182
0.201600000000000 1.000000000000207 0.500000000000111 0.000000000000159 99.999375169964623 0.499996875847211
0.201700000000000 1.000000000000206 0.500000000000111 0.000000000000154 99.999375169964821 0.499996875847203
0.201800000000000 1.000000000000207 0.500000000000110 0.000000000000147 99.999375169964679 0.499996875847165
0.201900000000000 1.000000000000207 0.500000000000110 0.000000000000139 99.999375169964736 0.499996875846979
0.202000000000000 1.000000000000207 0.500000000000111 0.000000000000132 99.999375169964608 0.499996875846676
0.202100000000000 1.000000000000209 0.500000000000111 0.000000000000125 99.999375169964878 0.499996875846368
0.202200000000000 1.000000000000207 0.500000000000111 0.000000000000119 99.999375169964793 0.499996875845981
0.202300000000000 1.000000000000207 0.500000000000111 0.000000000000112 99.999375169964821 0.499996875845517
0.202400000000000 1.000000000000207 0.500000000000111 0.000000000000105 99.999375169964793 0.499996875845045
0.202500000000000 1.000000000000207 0.500000000000110 0.000000000000099 99.999375169964765 0.499996875844584
0.202600000000000 1.000000000000207 0.500000000000111 0.000000000000092 99.999375169964679 0.499996875844014
0.202700000000000 1.000000000000207 0.500000000000111 0.000000000000085 99.999375169964736 0.499996875843446
0.202800000000000 1.000000000000207 0.500000000000111 0.000000000000079 99.999375169964722 0.499996875842848
0.202900000000000 1.000000000000207 0.500000000000111 0.000000000000072 99.999375169964466 0.499996875842289
0.203000000000000 1.000000000000208 0.500000000000111 0.000000000000065 99.999375169964395 0.499996875841734
0.203100000000000 1.000000000000207 0.500000000000111 0.000000000000058 99.999375169964438 0.499996875841161
0.203200000000000 1.000000000000209 0.500000000000111 0.000000000000051 99.999375169965248 0.499996875840621
0.203300000000000 1.000000000000208 0.500000000000111 0.000000000000044 99.999375169964253 0.499996875840108
0.203400000000000 1.000000000000207 0.500000000000111 0.000000000000037 99.999375169965106 0.499996875839614
0.203500000000000 1.000000000000207 0.500000000000112 0.000000000000031 99.999375169964367 0.499996875839154
0.203600000000000 1.000000000000208 0.500000000000111 0.000000000000023 99.999375169964381 0.499996875838772
0.203700000000000 1.000000000000207 0.500000000000112 0.000000000000015 99.999375169964310 0.499996875838381
0.203800000000000 1.000000000000209 0.500000000000111 0.000000000000008 99.999375169964409 0.499996875838142
0.203900000000000 1.000000000000208 0.500000000000112 0.000000000000002 99.999375169965404 0.499996875837857
0.204000000000000 1.000000000000209 0.500000000000112 -0.000000000000005 99.999375169965276 0.499996875837668
0.204100000000000 1.000000000000209 0.500000000000112 -0.000000000000012 99.999375169965319 0.499996875837521
0.204200000000000 1.000000000000208 0.500000000000112 -0.000000000000019 99.999375169964537 0.499996875837475
0.204300000000000 1.000000000000208 0.500000000000110 -0.000000000000026 99.999375169964537 0.499996875837533
0.204400000000000 1.000000000000209 0.500000000000112 -0.000000000000033 99.999375169965404 0.499996875837521
0.204500000000000 1.000000000000208 0.500000000000112 -0.000000000000040 99.999375169965333 0.499996875837612
0.204600000000000 1.000000000000209 0.500000000000112 -0.000000000000047 99.999375169965418 0.499996875837815
0.204700000000000 1.000000000000209 0.500000000000112 -0.000000000000054 99.999375169965475 0.499996875838063
0.204800000000000 1.000000000000209 0.500000000000112 -0.000000000000061 99.999375169965489 0.499996875838328
0.204900000000000 1.000000000000209 0.500000000000112 -0.000000000000068 99.999375169965447 0.499996875838682
0.205000000000000 1.000000000000211 0.500000000000112 -0.000000000000074 99.999375169965461 0.499996875839037
0.205100000000000 1.000000000000210 0.500000000000113 -0.000000000000082 99.999375169965390 0.499996875839467
0.205200000000000 1.000000000000210 0.500000000000112 -0.000000000000089 99.999375169964551 0.499996875839978
0.205300000000000 1.000000000000210 0.500000000000112 -0.000000000000096 99.999375169964651 0.499996875840505
0.205400000000000 1.000000000000209 0.500000000000112 -0.000000000000103 99.999375169965475 0.499996875841005
0.205500000000000 1.000000000000211 0.500000000000112 -0.000000000000110 99.999375169965603 0.499996875841566
0.205600000000000 1.000000000000211 0.500000000000112 -0.000000000000116 99.999375169965163 0.499996875842156
0.205700000000000 1.000000000000210 0.500000000000112 -0.000000000000124 99.999375169965106 0.499996875842717
0.205800000000000 1.000000000000211 0.500000000000112 -0.000000000000131 99.999375169965091 0.499996875843295
0.205900000000000 1.000000000000211 0.500000000000112 -0.000000000000137 99.999375169965035 0.499996875843876
0.206000000000000 1.000000000000211 0.500000000000113 -0.000000000000144 99.999375169965134 0.499996875844384
0.206100000000000 1.000000000000210 0.500000000000113 -0.000000000000151 99.999375169965148 0.499996875844896
0.206200000000000 1.000000000000212 0.500000000000112 -0.000000000000157 99.999375169965134 0.499996875845408
0.206300000000000 1.000000000000211 0.500000000000112 -0.000000000000164 99.999375169965049 0.499996875845863
0.206400000000000 1.000000000000211 0.500000000000112 -0.000000000000170 99.999375169965134 0.499996875846258
0.206500000000000 1.000000000000210 0.500000000000112 -0.000000000000175 99.999375169965106 0.499996875846600
0.206600000000000 1.000000000000211 0.500000000000112 -0.000000000000180 99.999375169965234 0.499996875846872
0.206700000000000 1.000000000000210 0.500000000000112 -0.000000000000186 99.999375169965191 0.499996875847032
0.206800000000000 1.000000000000212 0.500000000000112 -0.000000000000192 99.999375169965134 0.499996875847167
0.206900000000000 1.000000000000210 0.500000000000113 -0.000000000000197 99.999375169965120 0.499996875847163
0.207000000000000 1.000000000000212 0.500000000000112 -0.000000000000202 99.999375169965163 0.499996875847142
0.207100000000000 1.000000000000213 0.500000000000112 -0.000000000000208 99.999375169965148 0.499996875846963
0.207200000000000 1.000000000000212 0.500000000000112 -0.000000000000213 99.999375169965077 0.499996875846668
0.207300000000000 1.000000000000211 0.500000000000112 -0.000000000000218 99.999375169965106 0.499996875846274
0.207400000000000 1.000000000000212 0.500000000000112 -0.000000000000223 99.999375169965148 0.499996875845761
0.207500000000000 1.000000000000211 0.500000000000112 -0.000000000000226 99.999375169965163 0.499996875845119
0.207600000000000 1.000000000000211 0.500000000000112 -0.000000000000232 99.999375169965219 0.499996875844373
0.207700000000000 1.000000000000212 0.500000000000112 -0.000000000000238 99.999375169965191 0.499996875843502
0.207800000000000 1.000000000000211 0.500000000000112 -0.000000000000243 99.999375169965376 0.499996875842526
0.207900000000000 1.000000000000212 0.500000000000113 -0.000000000000248 99.999375169965361 0.499996875841371
0.208000000000000 1.000000000000214 0.500000000000113 -0.000000000000253 99.999375169965290 0.499996875840101
0.208100000000000 1.000000000000214 0.500000000000113 -0.000000000000258 99.999375169965361 0.499996875838729
0.208200000000000 1.000000000000214 0.500000000000113 -0.000000000000261 99.999375169965219 0.499996875837172
0.208300000000000 1.000000000000214 0.500000000000113 -0.000000000000266 99.999375169965305 0.499996875835563
0.208400000000000 1.000000000000214 0.500000000000113 -0.000000000000271 99.999375169965376 0.499996875833779
0.208500000000000 1.000000000000211 0.500000000000112 -0.000000000000275 99.999375169965361 0.499996875831911
0.208600000000000 1.000000000000213 0.500000000000112 -0.000000000000278 99.999375169965390 0.499996875829957
0.208700000000000 1.000000000000213 0.500000000000113 -0.000000000000283 99.999375169965646 0.499996875827816
0.208800000000000 1.000000000000214 0.500000000000113 -0.000000000000286 99.999375169965617 0.499996875825617
0.208900000000000 1.000000000000213 0.500000000000113 -0.000000000000290 99.999375169965447 0.499996875823314
0.209000000000000 1.000000000000213 0.500000000000113 -0.000000000000295 99.999375169965361 0.499996875820919
0.209100000000000 1.000000000000215 0.500000000000113 -0.000000000000298 99.999375169965646 0.499996875818441
0.209200000000000 1.000000000000214 0.500000000000113 -0.000000000000304 99.999375169965589 0.499996875815877
0.209300000000000 1.000000000000215 0.500000000000112 -0.000000000000307 99.999375169965703 0.499996875813332
0.209400000000000 1.000000000000215 0.500000000000113 -0.000000000000308 99.999375169965518 0.499996875810663
0.209500000000000 1.000000000000215 0.500000000000113 -0.000000000000311 99.999375169965361 0.499996875807998
0.209600000000000 1.000000000000215 0.500000000000112 -0.000000000000314 99.999375169965731 0.499996875805259
0.209700000000000 1.000000000000214 0.500000000000113 -0.000000000000317 99.999375169965660 0.499996875802473
0.209800000000000 1.000000000000216 0.500000000000113 -0.000000000000320 99.999375169965418 0.499996875799756
0.209900000000000 1.000000000000215 0.500000000000113 -0.000000000000322 99.999375169965703 0.499996875797007
0.210000000000000 1.000000000000216 0.500000000000113 -0.000000000000326 99.999375169965646 0.499996875794267
0.210100000000000 1.000000000000216 0.500000000000112 -0.000000000000328 99.999375169965546 0.499996875791576
0.210200000000000 1.000000000000216 0.500000000000113 -0.000000000000330 99.999375169965688 0.499996875788890
0.210300000000000 1.000000000000216 0.500000000000114 -0.000000000000331 99.999375169965489 0.499996875786222
0.210400000000000 1.000000000000215 0.500000000000112 -0.000000000000334 99.999375169965489 0.499996875783740
0.210500000000000 1.000000000000217 0.500000000000113 -0.000000000000336 99.999375169965617 0.499996875781210
0.210600000000000 1.000000000000216 0.500000000000113 -0.000000000000339 99.999375169965646 0.499996875778798
0.210700000000000 1.000000000000217 0.500000000000113 -0.000000000000339 99.999375169965845 0.499996875776535
0.210800000000000 1.000000000000216 0.500000000000113 -0.000000000000340 99.999375169965816 0.499996875774299
0.210900000000000 1.000000000000216 0.500000000000112 -0.000000000000340 99.999375169965731 0.499996875772228
0.211000000000000 1.000000000000216 0.500000000000113 -0.000000000000342 99.999375169965788 0.499996875770261
0.211100000000000 1.000000000000217 0.500000000000112 -0.000000000000343 99.999375169965830 0.499996875768460
0.211200000000000 1.000000000000216 0.500000000000112 -0.000000000000343 99.999375169965731 0.499996875766771
0.211300000000000 1.000000000000216 0.500000000000112 -0.000000000000344 99.999375169965759 0.499996875765242
0.211400000000000 1.000000000000218 0.500000000000113 -0.000000000000344 99.999375169965759 0.499996875763855
0.211500000000000 1.000000000000216 0.500000000000112 -0.000000000000343 99.999375169965845 0.499996875762661
0.211600000000000 1.000000000000216 0.500000000000112 -0.000000000000343 99.999375169965703 0.499996875761622
0.211700000000000 1.000000000000216 0.500000000000112 -0.000000000000344 99.999375169965504 0.499996875760755
0.211800000000000 1.000000000000216 0.500000000000112 -0.000000000000345 99.999375169965475 0.499996875760090
0.211900000000000 1.000000000000217 0.500000000000112 -0.000000000000345 99.999375169965617 0.499996875759585
0.212000000000000 1.000000000000216 0.500000000000112 -0.000000000000345 99.999375169965731 0.499996875759261
0.212100000000000 1.000000000000216 0.500000000000112 -0.000000000000345 99.999375169965802 0.499996875759139
0.212200000000000 1.000000000000218 0.500000000000111 -0.000000000000344 99.999375169965518 0.499996875759229
0.212300000000000 1.000000000000216 0.500000000000111 -0.000000000000343 99.999375169965532 0.499996875759468
0.212400000000000 1.000000000000216 0.500000000000112 -0.000000000000341 99.999375169965703 0.499996875759875
0.212500000000000 1.000000000000216 0.500000000000112 -0.000000000000340 99.999375169965703 0.499996875760504
0.212600000000000 1.000000000000215 0.500000000000112 -0.000000000000339 99.999375169965759 0.499996875761307
0.212700000000000 1.000000000000217 0.500000000000112 -0.000000000000338 99.999375169965703 0.499996875762244
0.212800000000000 1.000000000000216 0.500000000000111 -0.000000000000335 99.999375169965845 0.499996875763494
0.212900000000000 1.000000000000217 0.500000000000111 -0.000000000000334 99.999375169965631 0.499996875764779
0.213000000000000 1.000000000000218 0.500000000000111 -0.000000000000332 99.999375169965944 0.499996875766225
0.213100000000000 1.000000000000216 0.500000000000111 -0.000000000000330 99.999375169965745 0.499996875767884
0.213200000000000 1.000000000000216 0.500000000000111 -0.000000000000328 99.999375169965703 0.499996875769673
0.213300000000000 1.000000000000216 0.500000000000111 -0.000000000000327 99.999375169965731 0.499996875771570
0.213400000000000 1.000000000000216 0.500000000000111 -0.000000000000323 99.999375169965759 0.499996875773605
0.213500000000000 1.000000000000218 0.500000000000111 -0.000000000000321 99.999375169965731 0.499996875775790
0.213600000000000 1.000000000000219 0.500000000000111 -0.000000000000318 99.999375169965788 0.499996875778042
0.213700000000000 1.000000000000216 0.500000000000111 -0.000000000000316 99.999375169965802 0.499996875780420
0.213800000000000 1.000000000000217 0.500000000000111 -0.000000000000314 99.999375169965759 0.499996875782884
0.213900000000000 1.000000000000216 0.500000000000111 -0.000000000000311 99.999375169965944 0.499996875785396
0.214000000000000 1.000000000000219 0.500000000000111 -0.000000000000309 99.999375169965774 0.499996875787999
0.214100000000000 1.000000000000217 0.500000000000110 -0.000000000000306 99.999375169965845 0.499996875790692
0.214200000000000 1.000000000000218 0.500000000000110 -0.000000000000301 99.999375169965873 0.499996875793399
0.214300000000000 1.000000000000217 0.500000000000112 -0.000000000000297 99.999375169966456 0.499996875796046
0.214400000000000 1.000000000000218 0.500000000000111 -0.000000000000293 99.999375169966584 0.499996875798833
0.214500000000000 1.000000000000218 0.500000000000110 -0.000000000000289 99.999375169966527 0.499996875801604
0.214600000000000 1.000000000000217 0.500000000000111 -0.000000000000285 99.999375169966058 0.499996875804289
0.214700000000000 1.000000000000218 0.500000000000111 -0.000000000000281 99.999375169965390 0.499996875807049
0.214800000000000 1.000000000000218 0.500000000000110 -0.000000000000277 99.999375169965759 0.499996875809775
0.214900000000000 1.000000000000219 0.500000000000111 -0.000000000000273 99.999375169966015 0.499996875812442
0.215000000000000 1.000000000000218 0.500000000000111 -0.000000000000268 99.999375169966527 0.499996875815020
0.215100000000000 1.000000000000219 0.500000000000111 -0.000000000000264 99.999375169966314 0.499996875817582
0.215200000000000 1.000000000000218 0.500000000000110 -0.000000000000261 99.999375169965887 0.499996875820112
0.215300000000000 1.000000000000218 0.500000000000111 -0.000000000000256 99.999375169965802 0.499996875822473
0.215400000000000 1.000000000000219 0.500000000000111 -0.000000000000251 99.999375169965901 0.499996875824782
0.215500000000000 1.000000000000219 0.500000000000111 -0.000000000000245 99.999375169966470 0.499996875827021
0.215600000000000 1.000000000000219 0.500000000000111 -0.000000000000240 99.999375169965901 0.499996875829185
0.215700000000000 1.000000000000220 0.500000000000111 -0.000000000000235 99.999375169966044 0.499996875831210
0.215800000000000 1.000000000000219 0.500000000000111 -0.000000000000230 99.999375169965845 0.499996875833123
0.215900000000000 1.000000000000219 0.500000000000111 -0.000000000000224 99.999375169966143 0.499996875834924
0.216000000000000 1.000000000000220 0.500000000000110 -0.000000000000219 99.999375169966015 0.499996875836627
0.216100000000000 1.000000000000219 0.500000000000111 -0.000000000000213 99.999375169965830 0.499996875838117
0.216200000000000 1.000000000000218 0.500000000000111 -0.000000000000207 99.999375169965447 0.499996875839591
0.216300000000000 1.000000000000218 0.500000000000111 -0.000000000000202 99.999375169965489 0.499996875840863
0.216400000000000 1.000000000000220 0.500000000000111 -0.000000000000198 99.999375169966541 0.499996875842072
0.216500000000000 1.000000000000219 0.500000000000110 -0.000000000000191 99.999375169966356 0.499996875843135
0.216600000000000 1.000000000000220 0.500000000000111 -0.000000000000185 99.999375169966726 0.499996875844025
0.216700000000000 1.000000000000219 0.500000000000111 -0.000000000000179 99.999375169965944 0.499996875844787
0.216800000000000 1.000000000000221 0.500000000000110 -0.000000000000172 99.999375169965731 0.499996875845480
0.216900000000000 1.000000000000220 0.500000000000110 -0.000000000000166 99.999375169966243 0.499996875846068
0.217000000000000 1.000000000000220 0.500000000000111 -0.000000000000160 99.999375169966100 0.499996875846456
0.217100000000000 1.000000000000219 0.500000000000110 -0.000000000000155 99.999375169966214 0.499996875846798
0.217200000000000 1.000000000000220 0.500000000000110 -0.000000000000149 99.999375169966100 0.499996875847015
0.217300000000000 1.000000000000220 0.500000000000111 -0.000000000000142 99.999375169966299 0.499996875847062
0.217400000000000 1.000000000000221 0.500000000000111 -0.000000000000134 99.999375169966015 0.499996875847053
0.217500000000000 1.000000000000220 0.500000000000111 -0.000000000000127 99.999375169966186 0.499996875846955
0.217600000000000 1.000000000000220 0.500000000000111 -0.000000000000121 99.999375169966015 0.499996875846790
0.217700000000000 1.000000000000220 0.500000000000111 -0.000000000000115 99.999375169965617 0.499996875846564
0.217800000000000 1.000000000000220 0.500000000000110 -0.000000000000108 99.999375169965731 0.499996875846287
0.217900000000000 1.000000000000221 0.500000000000111 -0.000000000000101 99.999375169966200 0.499996875845845
0.218000000000000 1.000000000000220 0.500000000000111 -0.000000000000094 99.999375169966129 0.499996875845435
0.218100000000000 1.000000000000221 0.500000000000111 -0.000000000000088 99.999375169966271 0.499996875844940
0.218200000000000 1.000000000000220 0.500000000000111 -0.000000000000081 99.999375169965219 0.499996875844443
0.218300000000000 1.000000000000223 0.500000000000111 -0.000000000000075 99.999375169967209 0.499996875843923
0.218400000000000 1.000000000000222 0.500000000000110 -0.000000000000069 99.999375169965305 0.499996875843370
0.218500000000000 1.000000000000221 0.500000000000112 -0.000000000000060 99.999375169966299 0.499996875842751
0.218600000000000 1.000000000000223 0.500000000000111 -0.000000000000052 99.999375169965731 0.499996875842183
0.218700000000000 1.000000000000223 0.500000000000111 -0.000000000000044 99.999375169965859 0.499996875841651
0.218800000000000 1.000000000000222 0.500000000000111 -0.000000000000037 99.999375169966754 0.499996875841039
0.218900000000000 1.000000000000220 0.500000000000111 -0.000000000000030 99.999375169966598 0.499996875840509
0.219000000000000 1.000000000000221 0.500000000000111 -0.000000000000022 99.999375169966726 0.499996875840008
0.219100000000000 1.000000000000222 0.500000000000111 -0.000000000000014 99.999375169966029 0.499996875839535
0.219200000000000 1.000000000000220 0.500000000000111 -0.000000000000007 99.999375169966143 0.499996875839043
0.219300000000000 1.000000000000223 0.500000000000111 -0.000000000000000 99.999375169966086 0.499996875838654
0.219400000000000 1.000000000000221 0.500000000000110 0.000000000000007 99.999375169966100 0.499996875838318
0.219500000000000 1.000000000000220 0.500000000000111 0.000000000000015 99.999375169966257 0.499996875837995
0.219600000000000 1.000000000000221 0.500000000000111 0.000000000000021 99.999375169965987 0.499996875837695
0.219700000000000 1.000000000000222 0.500000000000111 0.000000000000027 99.999375169966143 0.499996875837523
0.219800000000000 1.000000000000222 0.500000000000111 0.000000000000036 99.999375169966271 0.499996875837386
0.219900000000000 1.000000000000222 0.500000000000111 0.000000000000042 99.999375169966271 0.499996875837330
0.220000000000000 1.000000000000222 0.500000000000111 0.000000000000049 99.999375169966470 0.499996875837342
0.220100000000000 1.000000000000223 0.500000000000112 0.000000000000056 99.999375169966370 0.499996875837318
0.220200000000000 1.000000000000222 0.500000000000112 0.000000000000062 99.999375169966470 0.499996875837431
0.220300000000000 1.000000000000223 0.500000000000112 0.000000000000069 99.999375169966171 0.499996875837625
0.220400000000000 1.000000000000222 0.500000000000112 0.000000000000077 99.999375169966484 0.499996875837823
0.220500000000000 1.000000000000222 0.500000000000111 0.000000000000084 99.999375169966086 0.499996875838184
0.220600000000000 1.000000000000224 0.500000000000112 0.000000000000091 99.999375169966214 0.499996875838459
0.220700000000000 1.000000000000222 0.500000000000112 0.000000000000098 99.999375169966470 0.499996875838857
0.220800000000000 1.000000000000223 0.500000000000112 0.000000000000105 99.999375169966257 0.499996875839302
0.220900000000000 1.000000000000223 0.500000000000112 0.000000000000112 99.999375169966584 0.499996875839766
0.221000000000000 1.000000000000221 0.500000000000112 0.000000000000118 99.999375169966470 0.499996875840276
0.221100000000000 1.000000000000225 0.500000000000112 0.000000000000123 99.999375169966441 0.499996875840786
0.221200000000000 1.000000000000224 0.500000000000113 0.000000000000130 99.999375169966356 0.499996875841320
0.221300000000000 1.000000000000224 0.500000000000113 0.000000000000137 99.999375169966470 0.499996875841910
0.221400000000000 1.000000000000224 0.500000000000113 0.000000000000144 99.999375169966470 0.499996875842463
0.221500000000000 1.000000000000225 0.500000000000113 0.000000000000150 99.999375169966484 0.499996875843033
0.221600000000000 1.000000000000223 0.500000000000113 0.000000000000155 99.999375169966413 0.499996875843632
0.221700000000000 1.000000000000224 0.500000000000113 0.000000000000161 99.999375169966470 0.499996875844162
0.221800000000000 1.000000000000223 0.500000000000113 0.000000000000167 99.999375169966441 0.499996875844699
0.221900000000000 1.000000000000223 0.500000000000113 0.000000000000174 99.999375169966484 0.499996875845162
0.222000000000000 1.000000000000224 0.500000000000113 0.000000000000179 99.999375169966569 0.499996875845651
0.222100000000000 1.000000000000226 0.500000000000114 0.000000000000185 99.999375169966527 0.499996875846007
0.222200000000000 1.000000000000225 0.500000000000113 0.000000000000190 99.999375169966598 0.499996875846394
0.222300000000000 1.000000000000224 0.500000000000113 0.000000000000196 99.999375169966569 0.499996875846664
0.222400000000000 1.000000000000225 0.500000000000113 0.000000000000202 99.999375169966612 0.499996875846865
0.222500000000000 1.000000000000225 0.500000000000114 0.000000000000207 99.999375169966498 0.499996875846969
0.222600000000000 1.000000000000225 0.500000000000114 0.000000000000213 99.999375169966470 0.499996875846990
0.222700000000000 1.000000000000224 0.500000000000114 0.000000000000218 99.999375169966626 0.499996875846965
0.222800000000000 1.000000000000225 0.500000000000114 0.000000000000222 99.999375169966584 0.499996875846785
0.222900000000000 1.000000000000226 0.500000000000114 0.000000000000228 99.999375169966612 0.499996875846526
0.223000000000000 1.000000000000224 0.500000000000115 0.000000000000233 99.999375169966626 0.499996875846116
0.223100000000000 1.000000000000226 0.500000000000114 0.000000000000237 99.999375169966640 0.499996875845652
0.223200000000000 1.000000000000225 0.500000000000114 0.000000000000243 99.999375169966584 0.499996875845047
0.223300000000000 1.000000000000225 0.500000000000114 0.000000000000248 99.999375169966854 0.499996875844298
0.223400000000000 1.000000000000227 0.500000000000114 0.000000000000253 99.999375169966655 0.499996875843457
0.223500000000000 1.000000000000227 0.500000000000114 0.000000000000260 99.999375169966697 0.499996875842477
0.223600000000000 1.000000000000227 0.500000000000114 0.000000000000264 99.999375169966783 0.499996875841372
0.223700000000000 1.000000000000227 0.500000000000115 0.000000000000268 99.999375169966783 0.499996875840110
0.223800000000000 1.000000000000228 0.500000000000116 0.000000000000273 99.999375169966783 0.499996875838665
0.223900000000000 1.000000000000228 0.500000000000116 0.000000000000279 99.999375169966711 0.499996875837206
0.224000000000000 1.000000000000228 0.500000000000116 0.000000000000283 99.999375169966783 0.499996875835549
0.224100000000000 1.000000000000227 0.500000000000116 0.000000000000287 99.999375169966896 0.499996875833848
0.224200000000000 1.000000000000229 0.500000000000115 0.000000000000292 99.999375169966839 0.499996875831970
0.224300000000000 1.000000000000229 0.500000000000116 0.000000000000295 99.999375169966882 0.499996875829987
0.224400000000000 1.000000000000228 0.500000000000116 0.000000000000299 99.999375169966967 0.499996875827911
0.224500000000000 1.000000000000228 0.500000000000116 0.000000000000303 99.999375169966982 0.499996875825715
0.224600000000000 1.000000000000228 0.500000000000117 0.000000000000306 99.999375169967038 0.499996875823390
0.224700000000000 1.000000000000231 0.500000000000117 0.000000000000309 99.999375169966896 0.499996875821032
0.224800000000000 1.000000000000229 0.500000000000116 0.000000000000312 99.999375169966925 0.499996875818602
0.224900000000000 1.000000000000230 0.500000000000117 0.000000000000317 99.999375169967166 0.499996875816053
0.225000000000000 1.000000000000230 0.500000000000116 0.000000000000321 99.999375169967024 0.499996875813498
0.225100000000000 1.000000000000230 0.500000000000117 0.000000000000324 99.999375169967010 0.499996875810831
0.225200000000000 1.000000000000228 0.500000000000116 0.000000000000328 99.999375169966839 0.499996875808143
0.225300000000000 1.000000000000228 0.500000000000117 0.000000000000332 99.999375169967038 0.499996875805392
0.225400000000000 1.000000000000230 0.500000000000117 0.000000000000335 99.999375169967152 0.499996875802663
0.225500000000000 1.000000000000229 0.500000000000117 0.000000000000338 99.999375169967195 0.499996875799889
0.225600000000000 1.000000000000229 0.500000000000117 0.000000000000341 99.999375169966925 0.499996875797161
0.225700000000000 1.000000000000228 0.500000000000117 0.000000000000345 99.999375169967152 0.499996875794434
0.225800000000000 1.000000000000231 0.500000000000117 0.000000000000348 99.999375169966896 0.499996875791739
0.225900000000000 1.000000000000230 0.500000000000118 0.000000000000350 99.999375169967038 0.499996875789050
0.226000000000000 1.000000000000229 0.500000000000118 0.000000000000350 99.999375169967152 0.499996875786395
0.226100000000000 1.000000000000230 0.500000000000118 0.000000000000353 99.999375169967038 0.499996875783850
0.226200000000000 1.000000000000230 0.500000000000118 0.000000000000355 99.999375169967180 0.499996875781360
0.226300000000000 1.000000000000231 0.500000000000118 0.000000000000357 99.999375169967067 0.499996875778948
0.226400000000000 1.000000000000228 0.500000000000118 0.000000000000359 99.999375169967053 0.499996875776615
0.226500000000000 1.000000000000230 0.500000000000118 0.000000000000360 99.999375169967152 0.499996875774402
0.226600000000000 1.000000000000230 0.500000000000119 0.000000000000361 99.999375169967067 0.499996875772265
0.226700000000000 1.000000000000230 0.500000000000118 0.000000000000362 99.999375169966967 0.499996875770342
0.226800000000000 1.000000000000230 0.500000000000118 0.000000000000364 99.999375169967053 0.499996875768515
0.226900000000000 1.000000000000230 0.500000000000118 0.000000000000366 99.999375169967053 0.499996875766817
0.227000000000000 1.000000000000230 0.500000000000119 0.000000000000367 99.999375169967024 0.499996875765233
0.227100000000000 1.000000000000230 0.500000000000118 0.000000000000366 99.999375169967252 0.499996875763890
0.227200000000000 1.000000000000229 0.500000000000119 0.000000000000367 99.999375169967152 0.499996875762644
0.227300000000000 1.000000000000232 0.500000000000119 0.000000000000367 99.999375169966953 0.499996875761588
0.227400000000000 1.000000000000231 0.500000000000119 0.000000000000367 99.999375169967152 0.499996875760690
0.227500000000000 1.000000000000231 0.500000000000119 0.000000000000368 99.999375169967152 0.499996875759972
0.227600000000000 1.000000000000231 0.500000000000119 0.000000000000368 99.999375169967095 0.499996875759483
0.227700000000000 1.000000000000230 0.500000000000121 0.000000000000369 99.999375169967053 0.499996875759081
0.227800000000000 1.000000000000233 0.500000000000120 0.000000000000369 99.999375169967223 0.499996875758987
0.227900000000000 1.000000000000233 0.500000000000120 0.000000000000369 99.999375169967067 0.499996875759023
0.228000000000000 1.000000000000232 0.500000000000120 0.000000000000369 99.999375169967323 0.499996875759277
0.228100000000000 1.000000000000232 0.500000000000120 0.000000000000367 99.999375169967365 0.499996875759671
0.228200000000000 1.000000000000232 0.500000000000120 0.000000000000366 99.999375169967408 0.499996875760283
0.228300000000000 1.000000000000233 0.500000000000121 0.000000000000364 99.999375169967180 0.499996875761001
0.228400000000000 1.000000000000232 0.500000000000121 0.000000000000363 99.999375169967180 0.499996875761981
0.228500000000000 1.000000000000232 0.500000000000121 0.000000000000361 99.999375169967337 0.499996875763111
0.228600000000000 1.000000000000232 0.500000000000120 0.000000000000360 99.999375169967323 0.499996875764444
0.228700000000000 1.000000000000232 0.500000000000121 0.000000000000359 99.999375169967067 0.499996875765857
0.228800000000000 1.000000000000233 0.500000000000121 0.000000000000357 99.999375169967351 0.499996875767465
0.228900000000000 1.000000000000233 0.500000000000121 0.000000000000356 99.999375169967095 0.499996875769256
0.229000000000000 1.000000000000232 0.500000000000121 0.000000000000353 99.999375169967323 0.499996875771124
0.229100000000000 1.000000000000232 0.500000000000121 0.000000000000352 99.999375169967351 0.499996875773189
0.229200000000000 1.000000000000233 0.500000000000122 0.000000000000351 99.999375169967450 0.499996875775297
0.229300000000000 1.000000000000232 0.500000000000122 0.000000000000349 99.999375169967266 0.499996875777565
0.229400000000000 1.000000000000232 0.500000000000122 0.000000000000346 99.999375169967436 0.499996875779927
0.229500000000000 1.000000000000233 0.500000000000122 0.000000000000343 99.999375169967337 0.499996875782378
0.229600000000000 1.000000000000234 0.500000000000122 0.000000000000342 99.999375169967436 0.499996875784904
0.229700000000000 1.000000000000234 0.500000000000122 0.000000000000337 99.999375169967522 0.499996875787510
0.229800000000000 1.000000000000233 0.500000000000122 0.000000000000334 99.999375169967465 0.499996875790174
0.229900000000000 1.000000000000234 0.500000000000123 0.000000000000330 99.999375169967436 0.499996875792813
0.230000000000000 1.000000000000235 0.500000000000123 0.000000000000326 99.999375169967564 0.499996875795546
0.230100000000000 1.000000000000235 0.500000000000123 0.000000000000323 99.999375169968147 0.499996875798312
0.230200000000000 1.000000000000234 0.500000000000123 0.000000000000321 99.999375169966868 0.499996875801018
0.230300000000000 1.000000000000234 0.500000000000123 0.000000000000317 99.999375169967578 0.499996875803797
0.230400000000000 1.000000000000234 0.500000000000124 0.000000000000314 99.999375169966740 0.499996875806474
0.230500000000000 1.000000000000234 0.500000000000123 0.000000000000310 99.999375169967209 0.499996875809220
0.230600000000000 1.000000000000235 0.500000000000123 0.000000000000306 99.999375169967180 0.499996875811896
0.230700000000000 1.000000000000233 0.500000000000123 0.000000000000302 99.999375169967195 0.499996875814543
0.230800000000000 1.000000000000235 0.500000000000124 0.000000000000298 99.999375169967593 0.499996875817048
0.230900000000000 1.000000000000235 0.500000000000124 0.000000000000294 99.999375169967550 0.499996875819574
0.231000000000000 1.000000000000235 0.500000000000124 0.000000000000291 99.999375169968033 0.499996875822008
0.231100000000000 1.000000000000235 0.500000000000124 0.000000000000286 99.999375169967607 0.499996875824322
0.231200000000000 1.000000000000235 0.500000000000125 0.000000000000280 99.999375169967479 0.499996875826548
0.231300000000000 1.000000000000236 0.500000000000125 0.000000000000275 99.999375169967635 0.499996875828684
0.231400000000000 1.000000000000236 0.500000000000124 0.000000000000269 99.999375169967891 0.499996875830779
0.231500000000000 1.000000000000236 0.500000000000124 0.000000000000264 99.999375169967962 0.499996875832709
0.231600000000000 1.000000000000235 0.500000000000125 0.000000000000258 99.999375169966868 0.499996875834493
0.231700000000000 1.000000000000235 0.500000000000124 0.000000000000252 99.999375169967209 0.499996875836215
0.231800000000000 1.000000000000234 0.500000000000125 0.000000000000246 99.999375169967493 0.499996875837770
0.231900000000000 1.000000000000236 0.500000000000124 0.000000000000240 99.999375169967550 0.499996875839241
0.232000000000000 1.000000000000235 0.500000000000125 0.000000000000236 99.999375169967664 0.499996875840548
0.232100000000000 1.000000000000237 0.500000000000124 0.000000000000230 99.999375169967081 0.499996875841760
0.232200000000000 1.000000000000237 0.500000000000125 0.000000000000224 99.999375169968289 0.499996875842800
0.232300000000000 1.000000000000237 0.500000000000125 0.000000000000219 99.999375169967749 0.499996875843731
0.232400000000000 1.000000000000235 0.500000000000125 0.000000000000213 99.999375169967607 0.499996875844533
0.232500000000000 1.000000000000238 0.500000000000125 0.000000000000207 99.999375169968388 0.499996875845219
0.232600000000000 1.000000000000236 0.500000000000125 0.000000000000201 99.999375169967053 0.499996875845756
0.232700000000000 1.000000000000237 0.500000000000125 0.000000000000195 99.999375169967237 0.499996875846218
0.232800000000000 1.000000000000237 0.500000000000125 0.000000000000189 99.999375169967820 0.499996875846522
0.232900000000000 1.000000000000236 0.500000000000126 0.000000000000183 99.999375169967678 0.499996875846724
0.233000000000000 1.000000000000237 0.500000000000125 0.000000000000177 99.999375169967777 0.499996875846891
0.233100000000000 1.000000000000236 0.500000000000126 0.000000000000170 99.999375169967806 0.499996875846861
0.233200000000000 1.000000000000237 0.500000000000126 0.000000000000162 99.999375169967863 0.499996875846780
0.233300000000000 1.000000000000238 0.500000000000126 0.000000000000157 99.999375169967706 0.499996875846637
0.233400000000000 1.000000000000238 0.500000000000126 0.000000000000147 99.999375169967891 0.499996875846388
0.233500000000000 1.000000000000238 0.500000000000126 0.000000000000140 99.999375169967806 0.499996875846106
0.233600000000000 1.000000000000237 0.500000000000126 0.000000000000134 99.999375169967905 0.499996875845692
0.233700000000000 1.000000000000238 0.500000000000126 0.000000000000127 99.999375169967948 0.499996875845292
0.233800000000000 1.000000000000237 0.500000000000126 0.000000000000121 99.999375169967806 0.499996875844834
0.233900000000000 1.000000000000239 0.500000000000127 0.000000000000114 99.999375169967905 0.499996875844321
0.234000000000000 1.000000000000240 0.500000000000126 0.000000000000107 99.999375169967948 0.499996875843776
0.234100000000000 1.000000000000239 0.500000000000127 0.000000000000100 99.999375169967806 0.499996875843201
0.234200000000000 1.000000000000238 0.500000000000126 0.000000000000094 99.999375169967990 0.499996875842660
0.234300000000000 1.000000000000239 0.500000000000127 0.000000000000087 99.999375169967848 0.499996875842072
0.234400000000000 1.000000000000238 0.500000000000127 0.000000000000080 99.999375169967891 0.499996875841468
0.234500000000000 1.000000000000240 0.500000000000128 0.000000000000072 99.999375169968005 0.499996875840902
0.234600000000000 1.000000000000238 0.500000000000127 0.000000000000064 99.999375169968033 0.499996875840374
0.234700000000000 1.000000000000239 0.500000000000127 0.000000000000056 99.999375169967834 0.499996875839875
0.234800000000000 1.000000000000239 0.500000000000127 0.000000000000050 99.999375169967976 0.499996875839370
0.234900000000000 1.000000000000240 0.500000000000127 0.000000000000043 99.999375169968005 0.499996875838933
0.235000000000000 1.000000000000240 0.500000000000128 0.000000000000036 99.999375169967948 0.499996875838467
0.235100000000000 1.000000000000240 0.500000000000128 0.000000000000028 99.999375169968118 0.499996875838101
0.235200000000000 1.000000000000242 0.500000000000127 0.000000000000022 99.999375169968147 0.499996875837810
0.235300000000000 1.000000000000240 0.500000000000128 0.000000000000014 99.999375169968118 0.499996875837537
0.235400000000000 1.000000000000241 0.500000000000128 0.000000000000007 99.999375169968062 0.499996875837294
0.235500000000000 1.000000000000242 0.500000000000127 -0.000000000000000 99.999375169968090 0.499996875837203
0.235600000000000 1.000000000000240 0.500000000000128 -0.000000000000008 99.999375169968204 0.499996875837099
0.235700000000000 1.000000000000240 0.500000000000128 -0.000000000000015 99.999375169968118 0.499996875837079
0.235800000000000 1.000000000000240 0.500000000000129 -0.000000000000023 99.999375169968175 0.499996875837069
0.235900000000000 1.000000000000242 0.500000000000128 -0.000000000000031 99.999375169968189 0.499996875837209
0.236000000000000 1.000000000000242 0.500000000000129 -0.000000000000038 99.999375169968161 0.499996875837350
0.236100000000000 1.000000000000240 0.500000000000128 -0.000000000000045 99.999375169968118 0.499996875837595
0.236200000000000 1.000000000000241 0.500000000000128 -0.000000000000052 99.999375169968260 0.499996875837893
0.236300000000000 1.000000000000242 0.500000000000129 -0.000000000000061 99.999375169968204 0.499996875838190
0.236400000000000 1.000000000000243 0.500000000000128 -0.000000000000068 99.999375169968133 0.499996875838573
0.236500000000000 1.000000000000241 0.500000000000129 -0.000000000000077 99.999375169968232 0.499996875838993
0.236600000000000 1.000000000000240 0.500000000000128 -0.000000000000085 99.999375169968260 0.499996875839496
0.236700000000000 1.000000000000241 0.500000000000128 -0.000000000000092 99.999375169968204 0.499996875839958
0.236800000000000 1.000000000000241 0.500000000000128 -0.000000000000100 99.999375169968218 0.499996875840520
0.236900000000000 1.000000000000242 0.500000000000128 -0.000000000000106 99.999375169968104 0.499996875841046
0.237000000000000 1.000000000000242 0.500000000000129 -0.000000000000113 99.999375169968232 0.499996875841584
0.237100000000000 1.000000000000242 0.500000000000129 -0.000000000000119 99.999375169968204 0.499996875842171
0.237200000000000 1.000000000000242 0.500000000000129 -0.000000000000125 99.999375169968289 0.499996875842746
0.237300000000000 1.000000000000242 0.500000000000128 -0.000000000000131 99.999375169968374 0.499996875843342
0.237400000000000 1.000000000000243 0.500000000000128 -0.000000000000138 99.999375169968332 0.499996875843899
0.237500000000000 1.000000000000242 0.500000000000128 -0.000000000000145 99.999375169968346 0.499996875844435
0.237600000000000 1.000000000000242 0.500000000000129 -0.000000000000152 99.999375169968317 0.499996875844848
0.237700000000000 1.000000000000243 0.500000000000128 -0.000000000000158 99.999375169968431 0.499996875845375
0.237800000000000 1.000000000000243 0.500000000000128 -0.000000000000165 99.999375169968289 0.499996875845776
0.237900000000000 1.000000000000242 0.500000000000129 -0.000000000000172 99.999375169968332 0.499996875846105
0.238000000000000 1.000000000000243 0.500000000000129 -0.000000000000176 99.999375169968403 0.499996875846385
0.238100000000000 1.000000000000243 0.500000000000129 -0.000000000000182 99.999375169968502 0.499996875846631
0.238200000000000 1.000000000000244 0.500000000000129 -0.000000000000189 99.999375169968431 0.499996875846741
0.238300000000000 1.000000000000243 0.500000000000129 -0.000000000000195 99.999375169968431 0.499996875846788
0.238400000000000 1.000000000000244 0.500000000000129 -0.000000000000202 99.999375169968431 0.499996875846746
0.238500000000000 1.000000000000244 0.500000000000129 -0.000000000000208 99.999375169968403 0.499996875846597
0.238600000000000 1.000000000000244 0.500000000000129 -0.000000000000214 99.999375169968431 0.499996875846362
0.238700000000000 1.000000000000243 0.500000000000129 -0.000000000000220 99.999375169968459 0.499996875845981
0.238800000000000 1.000000000000244 0.500000000000129 -0.000000000000226 99.999375169968388 0.499996875845518
0.238900000000000 1.000000000000243 0.500000000000129 -0.000000000000231 99.999375169968346 0.499996875844911
0.239000000000000 1.000000000000246 0.500000000000129 -0.000000000000236 99.999375169968388 0.499996875844172
0.239100000000000 1.000000000000243 0.500000000000128 -0.000000000000241 99.999375169968516 0.499996875843351
0.239200000000000 1.000000000000244 0.500000000000129 -0.000000000000247 99.999375169968459 0.499996875842379
0.239300000000000 1.000000000000245 0.500000000000128 -0.000000000000251 99.999375169968545 0.499996875841281
0.239400000000000 1.000000000000244 0.500000000000128 -0.000000000000255 99.999375169968530 0.499996875840080
0.239500000000000 1.000000000000243 0.500000000000129 -0.000000000000260 99.999375169968516 0.499996875838682
0.239600000000000 1.000000000000243 0.500000000000129 -0.000000000000266 99.999375169968516 0.499996875837195
0.239700000000000 1.000000000000245 0.500000000000128 -0.000000000000269 99.999375169968630 0.499996875835596
0.239800000000000 1.000000000000246 0.500000000000128 -0.000000000000274 99.999375169968431 0.499996875833878
0.239900000000000 1.000000000000244 0.500000000000128 -0.000000000000279 99.999375169968545 0.499996875832002
0.240000000000000 1.000000000000245 0.500000000000128 -0.000000000000284 99.999375169968403 0.499996875830034
0.240100000000000 1.000000000000245 0.500000000000129 -0.000000000000288 99.999375169968431 0.499996875827935
0.240200000000000 1.000000000000245 0.500000000000128 -0.000000000000293 99.999375169968545 0.499996875825795
0.240300000000000 1.000000000000246 0.500000000000129 -0.000000000000297 99.999375169968715 0.499996875823504
0.240400000000000 1.000000000000246 0.500000000000128 -0.000000000000301 99.999375169968729 0.499996875821165
0.240500000000000 1.000000000000246 0.500000000000129 -0.000000000000305 99.999375169968488 0.499996875818661
0.240600000000000 1.000000000000246 0.500000000000129 -0.000000000000308 99.999375169968658 0.499996875816163
0.240700000000000 1.000000000000246 0.500000000000129 -0.000000000000311 99.999375169968630 0.499996875813594
0.240800000000000 1.000000000000246 0.500000000000129 -0.000000000000314 99.999375169968715 0.499996875810956
0.240900000000000 1.000000000000248 0.500000000000128 -0.000000000000318 99.999375169968687 0.499996875808280
0.241000000000000 1.000000000000246 0.500000000000130 -0.000000000000322 99.999375169968744 0.499996875805503
0.241100000000000 1.000000000000245 0.500000000000129 -0.000000000000325 99.999375169968772 0.499996875802789
0.241200000000000 1.000000000000247 0.500000000000129 -0.000000000000329 99.999375169968715 0.499996875800035
0.241300000000000 1.000000000000248 0.500000000000129 -0.000000000000331 99.999375169968872 0.499996875797263
0.241400000000000 1.000000000000248 0.500000000000129 -0.000000000000335 99.999375169968687 0.499996875794553
0.241500000000000 1.000000000000249 0.500000000000128 -0.000000000000338 99.999375169968815 0.499996875791848
0.241600000000000 1.000000000000248 0.500000000000129 -0.000000000000340 99.999375169968914 0.499996875789155
0.241700000000000 1.000000000000248 0.500000000000128 -0.000000000000342 99.999375169968829 0.499996875786561
0.241800000000000 1.000000000000247 0.500000000000128 -0.000000000000344 99.999375169968616 0.499996875783957
0.241900000000000 1.000000000000247 0.500000000000128 -0.000000000000346 99.999375169968857 0.499996875781484
0.242000000000000 1.000000000000248 0.500000000000129 -0.000000000000348 99.999375169968687 0.499996875779004
0.242100000000000 1.000000000000246 0.500000000000128 -0.000000000000350 99.999375169968943 0.499996875776710
0.242200000000000 1.000000000000246 0.500000000000128 -0.000000000000351 99.999375169968900 0.499996875774457
0.242300000000000 1.000000000000248 0.500000000000128 -0.000000000000353 99.999375169968602 0.499996875772364
0.242400000000000 1.000000000000248 0.500000000000128 -0.000000000000354 99.999375169968800 0.499996875770383
0.242500000000000 1.000000000000246 0.500000000000128 -0.000000000000356 99.999375169968886 0.499996875768519
0.242600000000000 1.000000000000246 0.500000000000128 -0.000000000000356 99.999375169968772 0.499996875766786
0.242700000000000 1.000000000000248 0.500000000000128 -0.000000000000357 99.999375169968673 0.499996875765259
0.242800000000000 1.000000000000247 0.500000000000128 -0.000000000000357 99.999375169968999 0.499996875763818
0.242900000000000 1.000000000000247 0.500000000000128 -0.000000000000357 99.999375169968800 0.499996875762590
0.243000000000000 1.000000000000248 0.500000000000128 -0.000000000000358 99.999375169968971 0.499996875761492
0.243100000000000 1.000000000000247 0.500000000000128 -0.000000000000358 99.999375169968829 0.499996875760550
0.243200000000000 1.000000000000248 0.500000000000128 -0.000000000000358 99.999375169968843 0.499996875759861
0.243300000000000 1.000000000000248 0.500000000000128 -0.000000000000359 99.999375169968928 0.499996875759298
0.243400000000000 1.000000000000246 0.500000000000128 -0.000000000000359 99.999375169968744 0.499996875758889
0.243500000000000 1.000000000000248 0.500000000000128 -0.000000000000360 99.999375169968928 0.499996875758795
0.243600000000000 1.000000000000248 0.500000000000128 -0.000000000000360 99.999375169968957 0.499996875758790
0.243700000000000 1.000000000000247 0.500000000000127 -0.000000000000358 99.999375169968815 0.499996875759010
0.243800000000000 1.000000000000250 0.500000000000128 -0.000000000000357 99.999375169968701 0.499996875759377
0.243900000000000 1.000000000000248 0.500000000000127 -0.000000000000356 99.999375169968772 0.499996875760006
0.244000000000000 1.000000000000248 0.500000000000128 -0.000000000000355 99.999375169968886 0.499996875760731
0.244100000000000 1.000000000000249 0.500000000000128 -0.000000000000353 99.999375169968758 0.499996875761662
0.244200000000000 1.000000000000248 0.500000000000127 -0.000000000000352 99.999375169969198 0.499996875762780
0.244300000000000 1.000000000000249 0.500000000000128 -0.000000000000350 99.999375169969227 0.499996875764022
0.244400000000000 1.000000000000249 0.500000000000128 -0.000000000000349 99.999375169968715 0.499996875765456
0.244500000000000 1.000000000000249 0.500000000000127 -0.000000000000348 99.999375169968829 0.499996875767079
0.244600000000000 1.000000000000249 0.500000000000128 -0.000000000000345 99.999375169969227 0.499996875768778
0.244700000000000 1.000000000000251 0.500000000000128 -0.000000000000341 99.999375169968914 0.499996875770697
0.244800000000000 1.000000000000250 0.500000000000128 -0.000000000000339 99.999375169968957 0.499996875772704
0.244900000000000 1.000000000000250 0.500000000000128 -0.000000000000335 99.999375169969028 0.499996875774818
0.245000000000000 1.000000000000250 0.500000000000128 -0.000000000000334 99.999375169968971 0.499996875777060
0.245100000000000 1.000000000000251 0.500000000000127 -0.000000000000332 99.999375169969099 0.499996875779450
0.245200000000000 1.000000000000250 0.500000000000128 -0.000000000000330 99.999375169969085 0.499996875781869
0.245300000000000 1.000000000000251 0.500000000000128 -0.000000000000326 99.999375169969198 0.499996875784362
0.245400000000000 1.000000000000250 0.500000000000127 -0.000000000000323 99.999375169969198 0.499996875786997
0.245500000000000 1.000000000000252 0.500000000000128 -0.000000000000320 99.999375169969127 0.499996875789607
0.245600000000000 1.000000000000251 0.500000000000128 -0.000000000000316 99.999375169969085 0.499996875792289
0.245700000000000 1.000000000000252 0.500000000000127 -0.000000000000313 99.999375169968758 0.499996875795019
0.245800000000000 1.000000000000252 0.500000000000128 -0.000000000000309 99.999375169968985 0.499996875797737
0.245900000000000 1.000000000000251 0.500000000000127 -0.000000000000305 99.999375169968729 0.499996875800507
0.246000000000000 1.000000000000253 0.500000000000127 -0.000000000000300 99.999375169969312 0.499996875803247
0.246100000000000 1.000000000000250 0.500000000000127 -0.000000000000295 99.999375169969113 0.499996875805989
0.246200000000000 1.000000000000251 0.500000000000127 -0.000000000000290 99.999375169969284 0.499996875808712
0.246300000000000 1.000000000000251 0.500000000000127 -0.000000000000285 99.999375169969284 0.499996875811356
0.246400000000000 1.000000000000250 0.500000000000128 -0.000000000000281 99.999375169969483 0.499996875813958
0.246500000000000 1.000000000000251 0.500000000000128 -0.000000000000276 99.999375169969198 0.499996875816554
0.246600000000000 1.000000000000251 0.500000000000128 -0.000000000000271 99.999375169969241 0.499996875819062
0.246700000000000 1.000000000000252 0.500000000000128 -0.000000000000266 99.999375169969255 0.499996875821494
0.246800000000000 1.000000000000252 0.500000000000128 -0.000000000000261 99.999375169968687 0.499996875823839
0.246900000000000 1.000000000000252 0.500000000000127 -0.000000000000255 99.999375169969667 0.499996875826126
0.247000000000000 1.000000000000251 0.500000000000128 -0.000000000000250 99.999375169968943 0.499996875828252
0.247100000000000 1.000000000000252 0.500000000000128 -0.000000000000245 99.999375169968602 0.499996875830318
0.247200000000000 1.000000000000252 0.500000000000127 -0.000000000000241 99.999375169969326 0.499996875832275
0.247300000000000 1.000000000000252 0.500000000000126 -0.000000000000235 99.999375169969312 0.499996875834141
0.247400000000000 1.000000000000252 0.500000000000127 -0.000000000000230 99.999375169969170 0.499996875835813
0.247500000000000 1.000000000000253 0.500000000000127 -0.000000000000224 99.999375169969213 0.499996875837397
0.247600000000000 1.000000000000252 0.500000000000128 -0.000000000000219 99.999375169969227 0.499996875838829
0.247700000000000 1.000000000000253 0.500000000000127 -0.000000000000213 99.999375169969383 0.499996875840212
0.247800000000000 1.000000000000253 0.500000000000127 -0.000000000000206 99.999375169969298 0.499996875841385
0.247900000000000 1.000000000000253 0.500000000000128 -0.000000000000201 99.999375169969355 0.499996875842467
0.248000000000000 1.000000000000253 0.500000000000128 -0.000000000000195 99.999375169969284 0.499996875843413
0.248100000000000 1.000000000000253 0.500000000000128 -0.000000000000187 99.999375169969596 0.499996875844240
0.248200000000000 1.000000000000254 0.500000000000128 -0.000000000000181 99.999375169969142 0.499996875844915
0.248300000000000 1.000000000000253 0.500000000000127 -0.000000000000175 99.999375169969809 0.499996875845506
0.248400000000000 1.000000000000254 0.500000000000128 -0.000000000000169 99.999375169969198 0.499996875845911
0.248500000000000 1.000000000000254 0.500000000000128 -0.000000000000162 99.999375169969255 0.499996875846290
0.248600000000000 1.000000000000253 0.500000000000128 -0.000000000000155 99.999375169969625 0.499996875846470
0.248700000000000 1.000000000000254 0.500000000000128 -0.000000000000150 99.999375169969881 0.499996875846642
0.248800000000000 1.000000000000254 0.500000000000128 -0.000000000000144 99.999375169970023 0.499996875846662
0.248900000000000 1.000000000000254 0.500000000000128 -0.000000000000137 99.999375169969852 0.499996875846597
0.249000000000000 1.000000000000255 0.500000000000127 -0.000000000000131 99.999375169969909 0.499996875846488
0.249100000000000 1.000000000000253 0.500000000000127 -0.000000000000123 99.999375169969341 0.499996875846253
0.249200000000000 1.000000000000254 0.500000000000128 -0.000000000000115 99.999375169969426 0.499996875845916
0.249300000000000 1.000000000000255 0.500000000000128 -0.000000000000108 99.999375169969483 0.499996875845586
0.249400000000000 1.000000000000256 0.500000000000127 -0.000000000000102 99.999375169969596 0.499996875845173
0.249500000000000 1.000000000000254 0.500000000000128 -0.000000000000095 99.999375169969568 0.499996875844683
0.249600000000000 1.000000000000256 0.500000000000128 -0.000000000000089 99.999375169969738 0.499996875844177
0.249700000000000 1.000000000000255 0.500000000000128 -0.000000000000082 99.999375169969397 0.499996875843626
0.249800000000000 1.000000000000257 0.500000000000129 -0.000000000000076 99.999375169969511 0.499996875843045
0.249900000000000 1.000000000000256 0.500000000000128 -0.000000000000069 99.999375169969767 0.499996875842528
0.250000000000000 1.000000000000256 0.500000000000128 -0.000000000000062 99.999375169969284 0.499996875841932
0.250100000000000 1.000000000000255 0.500000000000129 -0.000000000000055 99.999375169969980 0.499996875841350
0.250200000000000 1.000000000000256 0.500000000000128 -0.000000000000048 99.999375169969369 0.499996875840824
0.250300000000000 1.000000000000257 0.500000000000129 -0.000000000000041 99.999375169969241 0.499996875840227
0.250400000000000 1.000000000000257 0.500000000000129 -0.000000000000034 99.999375169969511 0.499996875839649
0.250500000000000 1.000000000000258 0.500000000000129 -0.000000000000027 99.999375169968744 0.499996875839207
0.250600000000000 1.000000000000257 0.500000000000129 -0.000000000000019 99.999375169970918 0.499996875838727
0.250700000000000 1.000000000000257 0.500000000000129 -0.000000000000012 99.999375169970477 0.499996875838334
0.250800000000000 1.000000000000257 0.500000000000129 -0.000000000000005 99.999375169970534 0.499996875837973
0.250900000000000 1.000000000000256 0.500000000000129 0.000000000000002 99.999375169969653 0.499996875837608
0.251000000000000 1.000000000000256 0.500000000000129 0.000000000000009 99.999375169970534 0.499996875837362
0.251100000000000 1.000000000000258 0.500000000000129 0.000000000000016 99.999375169968758 0.499996875837140
0.251200000000000 1.000000000000256 0.500000000000129 0.000000000000025 99.999375169968758 0.499996875837009
0.251300000000000 1.000000000000257 0.500000000000129 0.000000000000032 99.999375169969909 0.499996875836895
0.251400000000000 1.000000000000258 0.500000000000129 0.000000000000039 99.999375169969923 0.499996875836865
0.251500000000000 1.000000000000259 0.500000000000130 0.000000000000046 99.999375169969838 0.499996875836865
0.251600000000000 1.000000000000256 0.500000000000129 0.000000000000052 99.999375169969937 0.499996875837010
0.251700000000000 1.000000000000258 0.500000000000130 0.000000000000059 99.999375169969653 0.499996875837139
0.251800000000000 1.000000000000259 0.500000000000129 0.000000000000066 99.999375169970008 0.499996875837382
0.251900000000000 1.000000000000258 0.500000000000129 0.000000000000074 99.999375169969653 0.499996875837635
0.252000000000000 1.000000000000259 0.500000000000130 0.000000000000082 99.999375169970023 0.499996875837934
0.252100000000000 1.000000000000258 0.500000000000129 0.000000000000089 99.999375169968999 0.499996875838356
0.252200000000000 1.000000000000258 0.500000000000129 0.000000000000097 99.999375169970833 0.499996875838781
0.252300000000000 1.000000000000260 0.500000000000130 0.000000000000105 99.999375169969483 0.499996875839216
0.252400000000000 1.000000000000258 0.500000000000130 0.000000000000111 99.999375169970406 0.499996875839691
0.252500000000000 1.000000000000259 0.500000000000130 0.000000000000118 99.999375169969696 0.499996875840213
0.252600000000000 1.000000000000258 0.500000000000130 0.000000000000124 99.999375169969539 0.499996875840799
0.252700000000000 1.000000000000259 0.500000000000130 0.000000000000130 99.999375169970151 0.499996875841335
0.252800000000000 1.000000000000259 0.500000000000130 0.000000000000136 99.999375169969852 0.499996875841937
0.252900000000000 1.000000000000260 0.500000000000130 0.000000000000142 99.999375169969923 0.499996875842515
0.253000000000000 1.000000000000260 0.500000000000130 0.000000000000149 99.999375169970079 0.499996875843036
0.253100000000000 1.000000000000259 0.500000000000130 0.000000000000155 99.999375169970079 0.499996875843670
0.253200000000000 1.000000000000258 0.500000000000130 0.000000000000162 99.999375169969909 0.499996875844144
0.253300000000000 1.000000000000260 0.500000000000131 0.000000000000167 99.999375169969937 0.499996875844601
0.253400000000000 1.000000000000258 0.500000000000130 0.000000000000174 99.999375169969980 0.499996875845121
0.253500000000000 1.000000000000261 0.500000000000131 0.000000000000181 99.999375169970037 0.499996875845518
0.253600000000000 1.000000000000259 0.500000000000131 0.000000000000187 99.999375169970065 0.499996875845845
0.253700000000000 1.000000000000260 0.500000000000131 0.000000000000194 99.999375169970023 0.499996875846174
0.253800000000000 1.000000000000261 0.500000000000131 0.000000000000199 99.999375169970222 0.499996875846391
0.253900000000000 1.000000000000260 0.500000000000131 0.000000000000206 99.999375169970037 0.499996875846520
0.254000000000000 1.000000000000261 0.500000000000131 0.000000000000212 99.999375169970122 0.499996875846603
0.254100000000000 1.000000000000261 0.500000000000131 0.000000000000217 99.999375169970122 0.499996875846568
0.254200000000000 1.000000000000260 0.500000000000131 0.000000000000222 99.999375169970136 0.499996875846445
0.254300000000000 1.000000000000261 0.500000000000131 0.000000000000228 99.999375169970122 0.499996875846191
0.254400000000000 1.000000000000260 0.500000000000131 0.000000000000233 99.999375169970278 0.499996875845854
0.254500000000000 1.000000000000260 0.500000000000132 0.000000000000239 99.999375169970165 0.499996875845391
0.254600000000000 1.000000000000262 0.500000000000131 0.000000000000245 99.999375169970108 0.499996875844808
0.254700000000000 1.000000000000260 0.500000000000132 0.000000000000251 99.999375169970136 0.499996875844087
0.254800000000000 1.000000000000261 0.500000000000132 0.000000000000255 99.999375169970136 0.499996875843257
0.254900000000000 1.000000000000261 0.500000000000132 0.000000000000261 99.999375169970193 0.499996875842301
0.255000000000000 1.000000000000262 0.500000000000132 0.000000000000267 99.999375169970179 0.499996875841242
0.255100000000000 1.000000000000261 0.500000000000132 0.000000000000272 99.999375169970165 0.499996875840001
0.255200000000000 1.000000000000263 0.500000000000132 0.000000000000278 99.999375169970108 0.499996875838650
0.255300000000000 1.000000000000261 0.500000000000132 0.000000000000283 99.999375169970207 0.499996875837218
0.255400000000000 1.000000000000262 0.500000000000133 0.000000000000287 99.999375169970349 0.499996875835570
0.255500000000000 1.000000000000261 0.500000000000132 0.000000000000292 99.999375169970151 0.499996875833880
0.255600000000000 1.000000000000263 0.500000000000133 0.000000000000296 99.999375169970165 0.499996875832036
0.255700000000000 1.000000000000260 0.500000000000134 0.000000000000300 99.999375169970293 0.499996875830050
0.255800000000000 1.000000000000261 0.500000000000133 0.000000000000305 99.999375169970136 0.499996875828029
0.255900000000000 1.000000000000262 0.500000000000133 0.000000000000309 99.999375169970165 0.499996875825840
0.256000000000000 1.000000000000263 0.500000000000133 0.000000000000313 99.999375169970591 0.499996875823556
0.256100000000000 1.000000000000262 0.500000000000134 0.000000000000316 99.999375169970548 0.499996875821218
0.256200000000000 1.000000000000263 0.500000000000133 0.000000000000319 99.999375169970250 0.499996875818807
0.256300000000000 1.000000000000262 0.500000000000134 0.000000000000322 99.999375169970506 0.499996875816267
0.256400000000000 1.000000000000262 0.500000000000134 0.000000000000326 99.999375169970207 0.499996875813689
0.256500000000000 1.000000000000263 0.500000000000134 0.000000000000330 99.999375169970335 0.499996875811058
0.256600000000000 1.000000000000264 0.500000000000134 0.000000000000333 99.999375169970136 0.499996875808410
0.256700000000000 1.000000000000265 0.500000000000134 0.000000000000336 99.999375169970349 0.499996875805672
0.256800000000000 1.000000000000264 0.500000000000134 0.000000000000339 99.999375169970421 0.499996875802916
0.256900000000000 1.000000000000265 0.500000000000134 0.000000000000342 99.999375169970520 0.499996875800207
0.257000000000000 1.000000000000264 0.500000000000135 0.000000000000344 99.999375169970619 0.499996875797406
0.257100000000000 1.000000000000264 0.500000000000135 0.000000000000346 99.999375169970278 0.499996875794686
0.257200000000000 1.000000000000264 0.500000000000135 0.000000000000349 99.999375169970548 0.499996875791970
0.257300000000000 1.000000000000264 0.500000000000135 0.000000000000351 99.999375169970506 0.499996875789282
0.257400000000000 1.000000000000265 0.500000000000135 0.000000000000353 99.999375169970321 0.499996875786627
0.257500000000000 1.000000000000264 0.500000000000136 0.000000000000355 99.999375169970648 0.499996875784025
0.257600000000000 1.000000000000264 0.500000000000136 0.000000000000357 99.999375169970534 0.499996875781537
0.257700000000000 1.000000000000264 0.500000000000136 0.000000000000358 99.999375169970591 0.499996875779081
0.257800000000000 1.000000000000264 0.500000000000136 0.000000000000360 99.999375169970548 0.499996875776774
0.257900000000000 1.000000000000266 0.500000000000136 0.000000000000360 99.999375169970605 0.499996875774519
0.258000000000000 1.000000000000266 0.500000000000136 0.000000000000363 99.999375169970648 0.499996875772409
0.258100000000000 1.000000000000266 0.500000000000137 0.000000000000364 99.999375169970648 0.499996875770311
0.258200000000000 1.000000000000265 0.500000000000136 0.000000000000365 99.999375169970619 0.499996875768508
0.258300000000000 1.000000000000263 0.500000000000136 0.000000000000365 99.999375169970676 0.499996875766817
0.258400000000000 1.000000000000266 0.500000000000136 0.000000000000366 99.999375169970591 0.499996875765199
0.258500000000000 1.000000000000266 0.500000000000137 0.000000000000367 99.999375169970705 0.499996875763761
0.258600000000000 1.000000000000267 0.500000000000137 0.000000000000367 99.999375169970449 0.499996875762483
0.258700000000000 1.000000000000266 0.500000000000136 0.000000000000368 99.999375169970449 0.499996875761409
0.258800000000000 1.000000000000266 0.500000000000137 0.000000000000366 99.999375169970676 0.499996875760468
0.258900000000000 1.000000000000266 0.500000000000136 0.000000000000366 99.999375169970648 0.499996875759742
0.259000000000000 1.000000000000266 0.500000000000137 0.000000000000366 99.999375169970563 0.499996875759150
0.259100000000000 1.000000000000266 0.500000000000137 0.000000000000367 99.999375169970733 0.499996875758785
0.259200000000000 1.000000000000266 0.500000000000138 0.000000000000366 99.999375169970563 0.499996875758550
0.259300000000000 1.000000000000264 0.500000000000138 0.000000000000365 99.999375169970705 0.499996875758549
0.259400000000000 1.000000000000266 0.500000000000137 0.000000000000364 99.999375169970349 0.499996875758757
0.259500000000000 1.000000000000266 0.500000000000138 0.000000000000364 99.999375169970506 0.499996875759098
0.259600000000000 1.000000000000267 0.500000000000138 0.000000000000362 99.999375169970421 0.499996875759672
0.259700000000000 1.000000000000266 0.500000000000137 0.000000000000361 99.999375169970790 0.499996875760417
0.259800000000000 1.000000000000266 0.500000000000138 0.000000000000359 99.999375169970776 0.499996875761325
0.259900000000000 1.000000000000267 0.500000000000138 0.000000000000357 99.999375169970605 0.499996875762407
0.260000000000000 1.000000000000266 0.500000000000138 0.000000000000354 99.999375169970776 0.499996875763663
0.260100000000000 1.000000000000267 0.500000000000138 0.000000000000350 99.999375169970577 0.499996875765058
0.260200000000000 1.000000000000266 0.500000000000138 0.000000000000347 99.999375169970477 0.499996875766685
0.260300000000000 1.000000000000265 0.500000000000138 0.000000000000345 99.999375169970691 0.499996875768367
0.260400000000000 1.000000000000266 0.500000000000139 0.000000000000343 99.999375169970662 0.499996875770205
0.260500000000000 1.000000000000267 0.500000000000138 0.000000000000341 99.999375169970577 0.499996875772271
0.260600000000000 1.000000000000266 0.500000000000139 0.000000000000339 99.999375169970790 0.499996875774365
0.260700000000000 1.000000000000266 0.500000000000139 0.000000000000337 99.999375169970904 0.499996875776601
0.260800000000000 1.000000000000267 0.500000000000139 0.000000000000334 99.999375169970492 0.499996875778927
0.260900000000000 1.000000000000267 0.500000000000139 0.000000000000332 99.999375169970961 0.499996875781347
0.261000000000000 1.000000000000265 0.500000000000139 0.000000000000330 99.999375169970918 0.499996875783878
0.261100000000000 1.000000000000267 0.500000000000139 0.000000000000326 99.999375169970762 0.499996875786462
0.261200000000000 1.000000000000268 0.500000000000140 0.000000000000323 99.999375169970591 0.499996875789052
0.261300000000000 1.000000000000269 0.500000000000139 0.000000000000320 99.999375169970847 0.499996875791768
0.261400000000000 1.000000000000267 0.500000000000139 0.000000000000315 99.999375169970293 0.499996875794473
0.261500000000000 1.000000000000267 0.500000000000139 0.000000000000311 99.999375169970861 0.499996875797248
0.261600000000000 1.000000000000266 0.500000000000139 0.000000000000309 99.999375169970250 0.499996875799975
0.261700000000000 1.000000000000267 0.500000000000139 0.000000000000304 99.999375169970904 0.499996875802740
0.261800000000000 1.000000000000267 0.500000000000140 0.000000000000301 99.999375169970889 0.499996875805460
0.261900000000000 1.000000000000268 0.500000000000140 0.000000000000297 99.999375169970463 0.499996875808133
0.262000000000000 1.000000000000267 0.500000000000140 0.000000000000292 99.999375169970676 0.499996875810831
0.262100000000000 1.000000000000268 0.500000000000140 0.000000000000287 99.999375169970705 0.499996875813480
0.262200000000000 1.000000000000268 0.500000000000140 0.000000000000283 99.999375169971387 0.499996875816064
0.262300000000000 1.000000000000269 0.500000000000141 0.000000000000277 99.999375169971501 0.499996875818562
0.262400000000000 1.000000000000268 0.500000000000141 0.000000000000273 99.999375169971188 0.499996875821006
0.262500000000000 1.000000000000269 0.500000000000140 0.000000000000268 99.999375169970818 0.499996875823378
0.262600000000000 1.000000000000269 0.500000000000140 0.000000000000264 99.999375169970847 0.499996875825649
0.262700000000000 1.000000000000267 0.500000000000141 0.000000000000260 99.999375169970904 0.499996875827804
0.262800000000000 1.000000000000269 0.500000000000141 0.000000000000255 99.999375169970961 0.499996875829852
0.262900000000000 1.000000000000267 0.500000000000141 0.000000000000249 99.999375169971060 0.499996875831813
0.263000000000000 1.000000000000269 0.500000000000141 0.000000000000243 99.999375169970961 0.499996875833674
0.263100000000000 1.000000000000269 0.500000000000141 0.000000000000237 99.999375169971046 0.499996875835424
0.263200000000000 1.000000000000270 0.500000000000141 0.000000000000231 99.999375169971273 0.499996875836993
0.263300000000000 1.000000000000268 0.500000000000141 0.000000000000226 99.999375169970563 0.499996875838463
0.263400000000000 1.000000000000269 0.500000000000141 0.000000000000220 99.999375169971643 0.499996875839828
0.263500000000000 1.000000000000270 0.500000000000141 0.000000000000214 99.999375169971302 0.499996875841075
0.263600000000000 1.000000000000269 0.500000000000141 0.000000000000208 99.999375169971017 0.499996875842146
0.263700000000000 1.000000000000269 0.500000000000142 0.000000000000202 99.999375169970747 0.499996875843045
0.263800000000000 1.000000000000269 0.500000000000142 0.000000000000196 99.999375169971060 0.499996875843906
0.263900000000000 1.000000000000268 0.500000000000141 0.000000000000190 99.999375169971188 0.499996875844682
0.264000000000000 1.000000000000268 0.500000000000142 0.000000000000185 99.999375169970747 0.499996875845242
0.264100000000000 1.000000000000270 0.500000000000141 0.000000000000179 99.999375169970790 0.499996875845738
0.264200000000000 1.000000000000270 0.500000000000142 0.000000000000174 99.999375169971117 0.499996875846056
0.264300000000000 1.000000000000271 0.500000000000141 0.000000000000168 99.999375169970861 0.499996875846321
0.264400000000000 1.000000000000269 0.500000000000142 0.000000000000161 99.999375169971174 0.499996875846459
0.264500000000000 1.000000000000270 0.500000000000142 0.000000000000155 99.999375169971188 0.499996875846459
0.264600000000000 1.000000000000271 0.500000000000143 0.000000000000149 99.999375169970591 0.499996875846401
0.264700000000000 1.000000000000270 0.500000000000142 0.000000000000142 99.999375169970506 0.499996875846293
0.264800000000000 1.000000000000268 0.500000000000143 0.000000000000135 99.999375169971955 0.499996875846047
0.264900000000000 1.000000000000270 0.500000000000142 0.000000000000129 99.999375169971245 0.499996875845798
0.265000000000000 1.000000000000271 0.500000000000142 0.000000000000122 99.999375169971202 0.499996875845428
0.265100000000000 1.000000000000270 0.500000000000143 0.000000000000115 99.999375169971472 0.499996875844994
0.265200000000000 1.000000000000271 0.500000000000143 0.000000000000109 99.999375169971557 0.499996875844530
0.265300000000000 1.000000000000270 0.500000000000142 0.000000000000102 99.999375169971813 0.499996875844067
0.265400000000000 1.000000000000270 0.500000000000143 0.000000000000095 99.999375169970932 0.499996875843515
0.265500000000000 1.000000000000271 0.500000000000143 0.000000000000089 99.999375169971003 0.499996875842947
0.265600000000000 1.000000000000272 0.500000000000143 0.000000000000082 99.999375169971302 0.499996875842369
0.265700000000000 1.000000000000272 0.500000000000144 0.000000000000074 99.999375169971103 0.499996875841782
0.265800000000000 1.000000000000271 0.500000000000143 0.000000000000066 99.999375169971159 0.499996875841248
0.265900000000000 1.000000000000270 0.500000000000143 0.000000000000059 99.999375169971529 0.499996875840693
0.266000000000000 1.000000000000273 0.500000000000143 0.000000000000052 99.999375169971131 0.499996875840099
0.266100000000000 1.000000000000270 0.500000000000143 0.000000000000045 99.999375169970918 0.499996875839590
0.266200000000000 1.000000000000272 0.500000000000143 0.000000000000038 99.999375169971273 0.499996875839121
0.266300000000000 1.000000000000272 0.500000000000143 0.000000000000031 99.999375169971103 0.499996875838620
0.266400000000000 1.000000000000271 0.500000000000143 0.000000000000023 99.999375169971458 0.499996875838210
0.266500000000000 1.000000000000271 0.500000000000143 0.000000000000016 99.999375169971216 0.499996875837825
0.266600000000000 1.000000000000273 0.500000000000144 0.000000000000008 99.999375169971316 0.499996875837483
0.266700000000000 1.000000000000273 0.500000000000144 0.000000000000002 99.999375169971330 0.499996875837226
0.266800000000000 1.000000000000272 0.500000000000144 -0.000000000000007 99.999375169971316 0.499996875836985
0.266900000000000 1.000000000000272 0.500000000000144 -0.000000000000014 99.999375169971188 0.499996875836821
0.267000000000000 1.000000000000272 0.500000000000144 -0.000000000000020 99.999375169971188 0.499996875836734
0.267100000000000 1.000000000000272 0.500000000000144 -0.000000000000027 99.999375169971415 0.499996875836703
0.267200000000000 1.000000000000273 0.500000000000144 -0.000000000000035 99.999375169971628 0.499996875836713
0.267300000000000 1.000000000000274 0.500000000000144 -0.000000000000042 99.999375169971387 0.499996875836792
0.267400000000000 1.000000000000273 0.500000000000144 -0.000000000000050 99.999375169971671 0.499996875836938
0.267500000000000 1.000000000000273 0.500000000000144 -0.000000000000057 99.999375169971557 0.499996875837145
0.267600000000000 1.000000000000272 0.500000000000144 -0.000000000000065 99.999375169971358 0.499996875837434
0.267700000000000 1.000000000000274 0.500000000000143 -0.000000000000073 99.999375169971614 0.499996875837780
0.267800000000000 1.000000000000274 0.500000000000144 -0.000000000000078 99.999375169971103 0.499996875838085
0.267900000000000 1.000000000000273 0.500000000000144 -0.000000000000084 99.999375169971358 0.499996875838551
0.268000000000000 1.000000000000274 0.500000000000143 -0.000000000000090 99.999375169971344 0.499996875839009
0.268100000000000 1.000000000000274 0.500000000000144 -0.000000000000097 99.999375169971415 0.499996875839499
0.268200000000000 1.000000000000274 0.500000000000144 -0.000000000000103 99.999375169971245 0.499996875840007
0.268300000000000 1.000000000000272 0.500000000000144 -0.000000000000109 99.999375169971273 0.499996875840522
0.268400000000000 1.000000000000274 0.500000000000144 -0.000000000000116 99.999375169971330 0.499996875841088
0.268500000000000 1.000000000000273 0.500000000000144 -0.000000000000123 99.999375169971472 0.499996875841694
0.268600000000000 1.000000000000273 0.500000000000144 -0.000000000000131 99.999375169971358 0.499996875842257
0.268700000000000 1.000000000000275 0.500000000000144 -0.000000000000137 99.999375169971330 0.499996875842834
0.268800000000000 1.000000000000274 0.500000000000145 -0.000000000000143 99.999375169971714 0.499996875843348
0.268900000000000 1.000000000000273 0.500000000000145 -0.000000000000150 99.999375169971430 0.499996875843892
0.269000000000000 1.000000000000273 0.500000000000144 -0.000000000000157 99.999375169971614 0.499996875844419
0.269100000000000 1.000000000000274 0.500000000000144 -0.000000000000164 99.999375169971472 0.499996875844906
0.269200000000000 1.000000000000275 0.500000000000144 -0.000000000000170 99.999375169971557 0.499996875845296
0.269300000000000 1.000000000000272 0.500000000000145 -0.000000000000177 99.999375169971529 0.499996875845629
0.269400000000000 1.000000000000275 0.500000000000144 -0.000000000000183 99.999375169971586 0.499996875845965
0.269500000000000 1.000000000000274 0.500000000000145 -0.000000000000190 99.999375169971444 0.499996875846179
0.269600000000000 1.000000000000275 0.500000000000144 -0.000000000000196 99.999375169971458 0.499996875846371
0.269700000000000 1.000000000000275 0.500000000000144 -0.000000000000202 99.999375169971557 0.499996875846415
0.269800000000000 1.000000000000275 0.500000000000144 -0.000000000000209 99.999375169971501 0.499996875846385
0.269900000000000 1.000000000000275 0.500000000000145 -0.000000000000214 99.999375169971529 0.499996875846266
0.270000000000000 1.000000000000276 0.500000000000144 -0.000000000000220 99.999375169971401 0.499996875846047
0.270100000000000 1.000000000000275 0.500000000000144 -0.000000000000225 99.999375169971557 0.499996875845733
0.270200000000000 1.000000000000275 0.500000000000144 -0.000000000000230 99.999375169971572 0.499996875845291
0.270300000000000 1.000000000000276 0.500000000000145 -0.000000000000236 99.999375169971614 0.499996875844682
0.270400000000000 1.000000000000276 0.500000000000144 -0.000000000000241 99.999375169971572 0.499996875844008
0.270500000000000 1.000000000000276 0.500000000000144 -0.000000000000247 99.999375169971529 0.499996875843187
0.270600000000000 1.000000000000276 0.500000000000144 -0.000000000000252 99.999375169971671 0.499996875842240
0.270700000000000 1.000000000000276 0.500000000000144 -0.000000000000256 99.999375169971671 0.499996875841188
0.270800000000000 1.000000000000276 0.500000000000144 -0.000000000000260 99.999375169971643 0.499996875839976
0.270900000000000 1.000000000000276 0.500000000000144 -0.000000000000264 99.999375169971728 0.499996875838653
0.271000000000000 1.000000000000274 0.500000000000144 -0.000000000000270 99.999375169971728 0.499996875837208
0.271100000000000 1.000000000000276 0.500000000000144 -0.000000000000273 99.999375169971700 0.499996875835629
0.271200000000000 1.000000000000276 0.500000000000145 -0.000000000000277 99.999375169971614 0.499996875833898
0.271300000000000 1.000000000000278 0.500000000000144 -0.000000000000281 99.999375169971756 0.499996875832117
0.271400000000000 1.000000000000277 0.500000000000145 -0.000000000000286 99.999375169971572 0.499996875830134
0.271500000000000 1.000000000000276 0.500000000000144 -0.000000000000290 99.999375169971870 0.499996875828133
0.271600000000000 1.000000000000276 0.500000000000145 -0.000000000000294 99.999375169971714 0.499996875825924
0.271700000000000 1.000000000000278 0.500000000000144 -0.000000000000297 99.999375169971671 0.499996875823695
0.271800000000000 1.000000000000278 0.500000000000144 -0.000000000000300 99.999375169971898 0.499996875821371
0.271900000000000 1.000000000000278 0.500000000000144 -0.000000000000302 99.999375169971785 0.499996875818900
0.272000000000000 1.000000000000278 0.500000000000145 -0.000000000000306 99.999375169971984 0.499996875816392
0.272100000000000 1.000000000000280 0.500000000000145 -0.000000000000308 99.999375169971756 0.499996875813823
0.272200000000000 1.000000000000277 0.500000000000145 -0.000000000000311 99.999375169971827 0.499996875811191
0.272300000000000 1.000000000000278 0.500000000000144 -0.000000000000314 99.999375169971955 0.499996875808563
0.272400000000000 1.000000000000277 0.500000000000145 -0.000000000000317 99.999375169971742 0.499996875805824
0.272500000000000 1.000000000000278 0.500000000000144 -0.000000000000320 99.999375169972012 0.499996875803097
0.272600000000000 1.000000000000280 0.500000000000144 -0.000000000000324 99.999375169971870 0.499996875800331
0.272700000000000 1.000000000000278 0.500000000000145 -0.000000000000326 99.999375169972069 0.499996875797566
0.272800000000000 1.000000000000278 0.500000000000144 -0.000000000000328 99.999375169972041 0.499996875794877
0.272900000000000 1.000000000000279 0.500000000000144 -0.000000000000330 99.999375169971970 0.499996875792159
0.273000000000000 1.000000000000280 0.500000000000144 -0.000000000000332 99.999375169972041 0.499996875789428
0.273100000000000 1.000000000000278 0.500000000000144 -0.000000000000332 99.999375169971827 0.499996875786815
0.273200000000000 1.000000000000278 0.500000000000144 -0.000000000000334 99.999375169971643 0.499996875784194
0.273300000000000 1.000000000000279 0.500000000000144 -0.000000000000335 99.999375169971898 0.499996875781689
0.273400000000000 1.000000000000278 0.500000000000144 -0.000000000000336 99.999375169971728 0.499996875779245
0.273500000000000 1.000000000000280 0.500000000000144 -0.000000000000337 99.999375169971898 0.499996875776889
0.273600000000000 1.000000000000279 0.500000000000143 -0.000000000000338 99.999375169971813 0.499996875774667
0.273700000000000 1.000000000000279 0.500000000000145 -0.000000000000340 99.999375169971955 0.499996875772440
0.273800000000000 1.000000000000280 0.500000000000143 -0.000000000000341 99.999375169972041 0.499996875770490
0.273900000000000 1.000000000000279 0.500000000000144 -0.000000000000343 99.999375169971984 0.499996875768584
0.274000000000000 1.000000000000280 0.500000000000143 -0.000000000000343 99.999375169971799 0.499996875766834
0.274100000000000 1.000000000000282 0.500000000000144 -0.000000000000344 99.999375169972268 0.499996875765236
0.274200000000000 1.000000000000280 0.500000000000144 -0.000000000000345 99.999375169971955 0.499996875763753
0.274300000000000 1.000000000000280 0.500000000000144 -0.000000000000346 99.999375169972154 0.499996875762480
0.274400000000000 1.000000000000280 0.500000000000144 -0.000000000000345 99.999375169972240 0.499996875761316
0.274500000000000 1.000000000000280 0.500000000000144 -0.000000000000345 99.999375169971898 0.499996875760384
0.274600000000000 1.000000000000281 0.500000000000144 -0.000000000000345 99.999375169972112 0.499996875759626
0.274700000000000 1.000000000000282 0.500000000000144 -0.000000000000345 99.999375169972041 0.499996875759030
0.274800000000000 1.000000000000281 0.500000000000144 -0.000000000000345 99.999375169972097 0.499996875758625
0.274900000000000 1.000000000000282 0.500000000000144 -0.000000000000344 99.999375169972026 0.499996875758427
0.275000000000000 1.000000000000281 0.500000000000144 -0.000000000000342 99.999375169972268 0.499996875758385
0.275100000000000 1.000000000000282 0.500000000000144 -0.000000000000342 99.999375169972183 0.499996875758528
0.275200000000000 1.000000000000282 0.500000000000144 -0.000000000000342 99.999375169972183 0.499996875758878
0.275300000000000 1.000000000000282 0.500000000000144 -0.000000000000340 99.999375169972154 0.499996875759381
0.275400000000000 1.000000000000281 0.500000000000144 -0.000000000000339 99.999375169972126 0.499996875760128
0.275500000000000 1.000000000000281 0.500000000000144 -0.000000000000338 99.999375169972140 0.499996875761002
0.275600000000000 1.000000000000282 0.500000000000143 -0.000000000000337 99.999375169972041 0.499996875762105
0.275700000000000 1.000000000000282 0.500000000000145 -0.000000000000335 99.999375169972097 0.499996875763269
0.275800000000000 1.000000000000282 0.500000000000144 -0.000000000000332 99.999375169972524 0.499996875764661
0.275900000000000 1.000000000000281 0.500000000000145 -0.000000000000331 99.999375169972154 0.499996875766202
0.276000000000000 1.000000000000281 0.500000000000144 -0.000000000000328 99.999375169972041 0.499996875767934
0.276100000000000 1.000000000000283 0.500000000000143 -0.000000000000325 99.999375169972225 0.499996875769860
0.276200000000000 1.000000000000282 0.500000000000143 -0.000000000000323 99.999375169972211 0.499996875771804
0.276300000000000 1.000000000000281 0.500000000000143 -0.000000000000322 99.999375169972154 0.499996875773909
0.276400000000000 1.000000000000283 0.500000000000143 -0.000000000000321 99.999375169972325 0.499996875776177
0.276500000000000 1.000000000000282 0.500000000000143 -0.000000000000318 99.999375169972353 0.499996875778462
0.276600000000000 1.000000000000283 0.500000000000143 -0.000000000000314 99.999375169972325 0.499996875780883
0.276700000000000 1.000000000000281 0.500000000000143 -0.000000000000311 99.999375169972325 0.499996875783353
0.276800000000000 1.000000000000282 0.500000000000143 -0.000000000000307 99.999375169972296 0.499996875785959
0.276900000000000 1.000000000000282 0.500000000000144 -0.000000000000303 99.999375169972197 0.499996875788535
0.277000000000000 1.000000000000282 0.500000000000144 -0.000000000000298 99.999375169972069 0.499996875791205
0.277100000000000 1.000000000000282 0.500000000000143 -0.000000000000292 99.999375169972893 0.499996875793960
0.277200000000000 1.000000000000283 0.500000000000143 -0.000000000000289 99.999375169972396 0.499996875796685
0.277300000000000 1.000000000000282 0.500000000000143 -0.000000000000284 99.999375169972268 0.499996875799471
0.277400000000000 1.000000000000282 0.500000000000143 -0.000000000000281 99.999375169972438 0.499996875802209
0.277500000000000 1.000000000000282 0.500000000000143 -0.000000000000277 99.999375169972211 0.499996875804929
0.277600000000000 1.000000000000282 0.500000000000143 -0.000000000000272 99.999375169972311 0.499996875807675
0.277700000000000 1.000000000000282 0.500000000000143 -0.000000000000269 99.999375169972495 0.499996875810342
0.277800000000000 1.000000000000283 0.500000000000143 -0.000000000000264 99.999375169971728 0.499996875812995
0.277900000000000 1.000000000000282 0.500000000000143 -0.000000000000260 99.999375169972737 0.499996875815558
0.278000000000000 1.000000000000284 0.500000000000143 -0.000000000000255 99.999375169972382 0.499996875818065
0.278100000000000 1.000000000000283 0.500000000000143 -0.000000000000250 99.999375169972453 0.499996875820512
0.278200000000000 1.000000000000282 0.500000000000144 -0.000000000000244 99.999375169972438 0.499996875822862
0.278300000000000 1.000000000000284 0.500000000000143 -0.000000000000237 99.999375169972382 0.499996875825168
0.278400000000000 1.000000000000283 0.500000000000143 -0.000000000000232 99.999375169972893 0.499996875827380
0.278500000000000 1.000000000000283 0.500000000000143 -0.000000000000227 99.999375169972041 0.499996875829444
0.278600000000000 1.000000000000284 0.500000000000143 -0.000000000000221 99.999375169972467 0.499996875831408
0.278700000000000 1.000000000000285 0.500000000000144 -0.000000000000215 99.999375169971984 0.499996875833226
0.278800000000000 1.000000000000284 0.500000000000143 -0.000000000000211 99.999375169972382 0.499996875835034
0.278900000000000 1.000000000000284 0.500000000000144 -0.000000000000205 99.999375169971614 0.499996875836597
0.279000000000000 1.000000000000285 0.500000000000143 -0.000000000000200 99.999375169972083 0.499996875838128
0.279100000000000 1.000000000000284 0.500000000000143 -0.000000000000194 99.999375169972495 0.499996875839491
0.279200000000000 1.000000000000286 0.500000000000143 -0.000000000000187 99.999375169972524 0.499996875840743
0.279300000000000 1.000000000000285 0.500000000000143 -0.000000000000181 99.999375169972950 0.499996875841854
0.279400000000000 1.000000000000284 0.500000000000143 -0.000000000000175 99.999375169972069 0.499996875842830
0.279500000000000 1.000000000000286 0.500000000000143 -0.000000000000170 99.999375169972012 0.499996875843664
0.279600000000000 1.000000000000285 0.500000000000143 -0.000000000000164 99.999375169973064 0.499996875844387
0.279700000000000 1.000000000000285 0.500000000000143 -0.000000000000158 99.999375169971984 0.499996875844984
0.279800000000000 1.000000000000284 0.500000000000142 -0.000000000000152 99.999375169972424 0.499996875845527
0.279900000000000 1.000000000000284 0.500000000000143 -0.000000000000145 99.999375169972069 0.499996875845835
0.280000000000000 1.000000000000286 0.500000000000143 -0.000000000000139 99.999375169972922 0.499996875846087
0.280100000000000 1.000000000000285 0.500000000000143 -0.000000000000132 99.999375169972524 0.499996875846230
0.280200000000000 1.000000000000286 0.500000000000144 -0.000000000000127 99.999375169972538 0.499996875846301
0.280300000000000 1.000000000000286 0.500000000000142 -0.000000000000120 99.999375169972694 0.499996875846292
0.280400000000000 1.000000000000285 0.500000000000143 -0.000000000000113 99.999375169972780 0.499996875846141
0.280500000000000 1.000000000000285 0.500000000000144 -0.000000000000104 99.999375169972126 0.499996875845898
0.280600000000000 1.000000000000287 0.500000000000143 -0.000000000000098 99.999375169973149 0.499996875845629
0.280700000000000 1.000000000000286 0.500000000000143 -0.000000000000093 99.999375169972268 0.499996875845283
0.280800000000000 1.000000000000286 0.500000000000143 -0.000000000000086 99.999375169971756 0.499996875844908
0.280900000000000 1.000000000000287 0.500000000000144 -0.000000000000080 99.999375169973490 0.499996875844403
0.281000000000000 1.000000000000286 0.500000000000143 -0.000000000000073 99.999375169972765 0.499996875843931
0.281100000000000 1.000000000000285 0.500000000000144 -0.000000000000065 99.999375169973632 0.499996875843388
0.281200000000000 1.000000000000288 0.500000000000143 -0.000000000000057 99.999375169972637 0.499996875842874
0.281300000000000 1.000000000000286 0.500000000000144 -0.000000000000052 99.999375169973689 0.499996875842262
0.281400000000000 1.000000000000286 0.500000000000144 -0.000000000000046 99.999375169971842 0.499996875841683
0.281500000000000 1.000000000000287 0.500000000000144 -0.000000000000038 99.999375169972723 0.499996875841097
0.281600000000000 1.000000000000288 0.500000000000143 -0.000000000000032 99.999375169973746 0.499996875840571
0.281700000000000 1.000000000000287 0.500000000000144 -0.000000000000024 99.999375169972552 0.499996875840024
0.281800000000000 1.000000000000288 0.500000000000144 -0.000000000000017 99.999375169972780 0.499996875839449
0.281900000000000 1.000000000000286 0.500000000000144 -0.000000000000010 99.999375169973192 0.499996875838955
0.282000000000000 1.000000000000287 0.500000000000144 -0.000000000000003 99.999375169972424 0.499996875838495
0.282100000000000 1.000000000000288 0.500000000000144 0.000000000000003 99.999375169973121 0.499996875838056
0.282200000000000 1.000000000000289 0.500000000000143 0.000000000000010 99.999375169972510 0.499996875837725
0.282300000000000 1.000000000000287 0.500000000000144 0.000000000000017 99.999375169973320 0.499996875837345
0.282400000000000 1.000000000000289 0.500000000000143 0.000000000000025 99.999375169973177 0.499996875837068
0.282500000000000 1.000000000000287 0.500000000000144 0.000000000000031 99.999375169972240 0.499996875836807
0.282600000000000 1.000000000000287 0.500000000000144 0.000000000000038 99.999375169973391 0.499996875836678
0.282700000000000 1.000000000000287 0.500000000000144 0.000000000000046 99.999375169973291 0.499996875836536
0.282800000000000 1.000000000000288 0.500000000000144 0.000000000000053 99.999375169972410 0.499996875836509
0.282900000000000 1.000000000000289 0.500000000000144 0.000000000000060 99.999375169972254 0.499996875836500
0.283000000000000 1.000000000000288 0.500000000000145 0.000000000000065 99.999375169972325 0.499996875836561
0.283100000000000 1.000000000000289 0.500000000000145 0.000000000000072 99.999375169972296 0.499996875836723
0.283200000000000 1.000000000000287 0.500000000000144 0.000000000000079 99.999375169972183 0.499996875836972
0.283300000000000 1.000000000000288 0.500000000000144 0.000000000000085 99.999375169972438 0.499996875837213
0.283400000000000 1.000000000000287 0.500000000000145 0.000000000000093 99.999375169973277 0.499996875837506
0.283500000000000 1.000000000000287 0.500000000000144 0.000000000000099 99.999375169973192 0.499996875837915
0.283600000000000 1.000000000000287 0.500000000000144 0.000000000000106 99.999375169972424 0.499996875838324
0.283700000000000 1.000000000000287 0.500000000000144 0.000000000000115 99.999375169973092 0.499996875838741
0.283800000000000 1.000000000000288 0.500000000000145 0.000000000000122 99.999375169972538 0.499996875839209
0.283900000000000 1.000000000000287 0.500000000000144 0.000000000000129 99.999375169972296 0.499996875839793
0.284000000000000 1.000000000000289 0.500000000000144 0.000000000000136 99.999375169973220 0.499996875840304
0.284100000000000 1.000000000000287 0.500000000000144 0.000000000000143 99.999375169973291 0.499996875840873
0.284200000000000 1.000000000000288 0.500000000000144 0.000000000000150 99.999375169972751 0.499996875841448
0.284300000000000 1.000000000000288 0.500000000000145 0.000000000000156 99.999375169972865 0.499996875841995
0.284400000000000 1.000000000000288 0.500000000000145 0.000000000000162 99.999375169972808 0.499996875842569
0.284500000000000 1.000000000000288 0.500000000000145 0.000000000000168 99.999375169972836 0.499996875843123
0.284600000000000 1.000000000000288 0.500000000000145 0.000000000000173 99.999375169972822 0.499996875843670
0.284700000000000 1.000000000000289 0.500000000000145 0.000000000000180 99.999375169972865 0.499996875844165
0.284800000000000 1.000000000000289 0.500000000000145 0.000000000000186 99.999375169972836 0.499996875844625
0.284900000000000 1.000000000000290 0.500000000000145 0.000000000000193 99.999375169972922 0.499996875845082
0.285000000000000 1.000000000000289 0.500000000000145 0.000000000000199 99.999375169972893 0.499996875845456
0.285100000000000 1.000000000000288 0.500000000000145 0.000000000000205 99.999375169972922 0.499996875845787
0.285200000000000 1.000000000000290 0.500000000000145 0.000000000000211 99.999375169972808 0.499996875845997
0.285300000000000 1.000000000000290 0.500000000000145 0.000000000000216 99.999375169972964 0.499996875846174
0.285400000000000 1.000000000000289 0.500000000000145 0.000000000000224 99.999375169972950 0.499996875846250
0.285500000000000 1.000000000000289 0.500000000000146 0.000000000000229 99.999375169973035 0.499996875846235
0.285600000000000 1.000000000000289 0.500000000000144 0.000000000000235 99.999375169972879 0.499996875846175
0.285700000000000 1.000000000000290 0.500000000000146 0.000000000000240 99.999375169972950 0.499996875845895
0.285800000000000 1.000000000000289 0.500000000000146 0.000000000000246 99.999375169973007 0.499996875845599
0.285900000000000 1.000000000000290 0.500000000000146 0.000000000000252 99.999375169972993 0.499996875845141
0.286000000000000 1.000000000000289 0.500000000000146 0.000000000000258 99.999375169972978 0.499996875844578
0.286100000000000 1.000000000000289 0.500000000000147 0.000000000000264 99.999375169973007 0.499996875843881
0.286200000000000 1.000000000000288 0.500000000000146 0.000000000000268 99.999375169972950 0.499996875843120
0.286300000000000 1.000000000000290 0.500000000000146 0.000000000000273 99.999375169973106 0.499996875842242
0.286400000000000 1.000000000000290 0.500000000000147 0.000000000000279 99.999375169972978 0.499996875841148
0.286500000000000 1.000000000000289 0.500000000000147 0.000000000000284 99.999375169973177 0.499996875839952
0.286600000000000 1.000000000000291 0.500000000000146 0.000000000000289 99.999375169973035 0.499996875838678
0.286700000000000 1.000000000000290 0.500000000000147 0.000000000000293 99.999375169973149 0.499996875837180
0.286800000000000 1.000000000000290 0.500000000000147 0.000000000000299 99.999375169973149 0.499996875835618
0.286900000000000 1.000000000000291 0.500000000000147 0.000000000000303 99.999375169973121 0.499996875833961
0.287000000000000 1.000000000000292 0.500000000000148 0.000000000000309 99.999375169973206 0.499996875832110
0.287100000000000 1.000000000000291 0.500000000000148 0.000000000000313 99.999375169973092 0.499996875830211
0.287200000000000 1.000000000000293 0.500000000000148 0.000000000000317 99.999375169973419 0.499996875828172
0.287300000000000 1.000000000000290 0.500000000000148 0.000000000000322 99.999375169973206 0.499996875826033
0.287400000000000 1.000000000000292 0.500000000000148 0.000000000000326 99.999375169973334 0.499996875823796
0.287500000000000 1.000000000000292 0.500000000000149 0.000000000000330 99.999375169973263 0.499996875821421
0.287600000000000 1.000000000000292 0.500000000000148 0.000000000000333 99.999375169973447 0.499996875819031
0.287700000000000 1.000000000000291 0.500000000000148 0.000000000000338 99.999375169973234 0.499996875816570
0.287800000000000 1.000000000000292 0.500000000000148 0.000000000000341 99.999375169973263 0.499996875813978
0.287900000000000 1.000000000000292 0.500000000000148 0.000000000000344 99.999375169973291 0.499996875811384
0.288000000000000 1.000000000000293 0.500000000000149 0.000000000000347 99.999375169973433 0.499996875808699
0.288100000000000 1.000000000000293 0.500000000000148 0.000000000000351 99.999375169973433 0.499996875806009
0.288200000000000 1.000000000000294 0.500000000000149 0.000000000000353 99.999375169973121 0.499996875803249
0.288300000000000 1.000000000000293 0.500000000000150 0.000000000000355 99.999375169973575 0.499996875800487
0.288400000000000 1.000000000000293 0.500000000000149 0.000000000000358 99.999375169973291 0.499996875797777
0.288500000000000 1.000000000000293 0.500000000000149 0.000000000000361 99.999375169973291 0.499996875795034
0.288600000000000 1.000000000000292 0.500000000000150 0.000000000000365 99.999375169973462 0.499996875792260
0.288700000000000 1.000000000000294 0.500000000000149 0.000000000000367 99.999375169973547 0.499996875789608
0.288800000000000 1.000000000000293 0.500000000000150 0.000000000000368 99.999375169973433 0.499996875786942
0.288900000000000 1.000000000000293 0.500000000000150 0.000000000000370 99.999375169973604 0.499996875784350
0.289000000000000 1.000000000000294 0.500000000000150 0.000000000000371 99.999375169973575 0.499996875781788
0.289100000000000 1.000000000000295 0.500000000000150 0.000000000000374 99.999375169973590 0.499996875779341
0.289200000000000 1.000000000000295 0.500000000000151 0.000000000000376 99.999375169973689 0.499996875776978
0.289300000000000 1.000000000000295 0.500000000000150 0.000000000000378 99.999375169973490 0.499996875774755
0.289400000000000 1.000000000000295 0.500000000000151 0.000000000000380 99.999375169973447 0.499996875772565
0.289500000000000 1.000000000000295 0.500000000000151 0.000000000000381 99.999375169973490 0.499996875770528
0.289600000000000 1.000000000000295 0.500000000000151 0.000000000000382 99.999375169973817 0.499996875768618
0.289700000000000 1.000000000000296 0.500000000000151 0.000000000000383 99.999375169973689 0.499996875766857
0.289800000000000 1.000000000000296 0.500000000000150 0.000000000000384 99.999375169973533 0.499996875765241
0.289900000000000 1.000000000000296 0.500000000000152 0.000000000000382 99.999375169973604 0.499996875763716
0.290000000000000 1.000000000000297 0.500000000000152 0.000000000000383 99.999375169973405 0.499996875762422
0.290100000000000 1.000000000000296 0.500000000000152 0.000000000000382 99.999375169973789 0.499996875761249
0.290200000000000 1.000000000000295 0.500000000000151 0.000000000000382 99.999375169973320 0.499996875760350
0.290300000000000 1.000000000000295 0.500000000000152 0.000000000000382 99.999375169973689 0.499996875759534
0.290400000000000 1.000000000000295 0.500000000000152 0.000000000000382 99.999375169973646 0.499996875758908
0.290500000000000 1.000000000000295 0.500000000000152 0.000000000000381 99.999375169973533 0.499996875758488
0.290600000000000 1.000000000000297 0.500000000000152 0.000000000000381 99.999375169973561 0.499996875758251
0.290700000000000 1.000000000000297 0.500000000000152 0.000000000000381 99.999375169973405 0.499996875758191
0.290800000000000 1.000000000000296 0.500000000000152 0.000000000000379 99.999375169973518 0.499996875758349
0.290900000000000 1.000000000000296 0.500000000000152 0.000000000000377 99.999375169973774 0.499996875758658
0.291000000000000 1.000000000000295 0.500000000000153 0.000000000000375 99.999375169973860 0.499996875759162
0.291100000000000 1.000000000000297 0.500000000000153 0.000000000000374 99.999375169973689 0.499996875759839
0.291200000000000 1.000000000000296 0.500000000000153 0.000000000000372 99.999375169973831 0.499996875760728
0.291300000000000 1.000000000000296 0.500000000000153 0.000000000000369 99.999375169973490 0.499996875761754
0.291400000000000 1.000000000000297 0.500000000000153 0.000000000000369 99.999375169973774 0.499996875762972
0.291500000000000 1.000000000000299 0.500000000000153 0.000000000000366 99.999375169973973 0.499996875764342
0.291600000000000 1.000000000000297 0.500000000000154 0.000000000000363 99.999375169973916 0.499996875765854
0.291700000000000 1.000000000000297 0.500000000000154 0.000000000000362 99.999375169973987 0.499996875767559
0.291800000000000 1.000000000000298 0.500000000000154 0.000000000000360 99.999375169973803 0.499996875769388
0.291900000000000 1.000000000000297 0.500000000000154 0.000000000000357 99.999375169973931 0.499996875771343
0.292000000000000 1.000000000000297 0.500000000000154 0.000000000000355 99.999375169973774 0.499996875773451
0.292100000000000 1.000000000000299 0.500000000000154 0.000000000000352 99.999375169973746 0.499996875775673
0.292200000000000 1.000000000000298 0.500000000000154 0.000000000000348 99.999375169973973 0.499996875777980
0.292300000000000 1.000000000000296 0.500000000000154 0.000000000000346 99.999375169973774 0.499996875780360
0.292400000000000 1.000000000000297 0.500000000000155 0.000000000000342 99.999375169973760 0.499996875782846
0.292500000000000 1.000000000000299 0.500000000000155 0.000000000000338 99.999375169973803 0.499996875785398
0.292600000000000 1.000000000000299 0.500000000000155 0.000000000000333 99.999375169973874 0.499996875788020
0.292700000000000 1.000000000000299 0.500000000000154 0.000000000000329 99.999375169973860 0.499996875790759
0.292800000000000 1.000000000000298 0.500000000000155 0.000000000000325 99.999375169973433 0.499996875793431
0.292900000000000 1.000000000000298 0.500000000000155 0.000000000000323 99.999375169973845 0.499996875796152
0.293000000000000 1.000000000000299 0.500000000000155 0.000000000000319 99.999375169973860 0.499996875798922
0.293100000000000 1.000000000000299 0.500000000000155 0.000000000000315 99.999375169974485 0.499996875801662
0.293200000000000 1.000000000000298 0.500000000000156 0.000000000000311 99.999375169973817 0.499996875804369
0.293300000000000 1.000000000000299 0.500000000000156 0.000000000000308 99.999375169973632 0.499996875807107
0.293400000000000 1.000000000000299 0.500000000000155 0.000000000000305 99.999375169974044 0.499996875809850
0.293500000000000 1.000000000000299 0.500000000000156 0.000000000000300 99.999375169974229 0.499996875812434
0.293600000000000 1.000000000000299 0.500000000000156 0.000000000000296 99.999375169973916 0.499996875815044
0.293700000000000 1.000000000000299 0.500000000000156 0.000000000000289 99.999375169973860 0.499996875817554
0.293800000000000 1.000000000000300 0.500000000000155 0.000000000000283 99.999375169974527 0.499996875820071
0.293900000000000 1.000000000000301 0.500000000000156 0.000000000000278 99.999375169974627 0.499996875822434
0.294000000000000 1.000000000000300 0.500000000000156 0.000000000000273 99.999375169973575 0.499996875824714
0.294100000000000 1.000000000000299 0.500000000000157 0.000000000000268 99.999375169974570 0.499996875826916
0.294200000000000 1.000000000000300 0.500000000000157 0.000000000000262 99.999375169974940 0.499996875828997
0.294300000000000 1.000000000000300 0.500000000000157 0.000000000000257 99.999375169973518 0.499996875830971
0.294400000000000 1.000000000000300 0.500000000000157 0.000000000000250 99.999375169974201 0.499996875832854
0.294500000000000 1.000000000000301 0.500000000000157 0.000000000000244 99.999375169973476 0.499996875834570
0.294600000000000 1.000000000000301 0.500000000000156 0.000000000000239 99.999375169974840 0.499996875836261
0.294700000000000 1.000000000000299 0.500000000000157 0.000000000000233 99.999375169974201 0.499996875837752
0.294800000000000 1.000000000000300 0.500000000000157 0.000000000000227 99.999375169973717 0.499996875839129
0.294900000000000 1.000000000000299 0.500000000000157 0.000000000000222 99.999375169974527 0.499996875840397
0.295000000000000 1.000000000000301 0.500000000000157 0.000000000000216 99.999375169974172 0.499996875841516
0.295100000000000 1.000000000000301 0.500000000000157 0.000000000000211 99.999375169974201 0.499996875842511
0.295200000000000 1.000000000000301 0.500000000000158 0.000000000000206 99.999375169974172 0.499996875843348
0.295300000000000 1.000000000000301 0.500000000000158 0.000000000000200 99.999375169974115 0.499996875844102
0.295400000000000 1.000000000000302 0.500000000000158 0.000000000000193 99.999375169974087 0.499996875844719
0.295500000000000 1.000000000000301 0.500000000000158 0.000000000000187 99.999375169973973 0.499996875845215
0.295600000000000 1.000000000000302 0.500000000000158 0.000000000000179 99.999375169974115 0.499996875845620
0.295700000000000 1.000000000000302 0.500000000000158 0.000000000000173 99.999375169974371 0.499996875845879
0.295800000000000 1.000000000000300 0.500000000000158 0.000000000000167 99.999375169973888 0.499996875846036
0.295900000000000 1.000000000000300 0.500000000000158 0.000000000000160 99.999375169974797 0.499996875846093
0.296000000000000 1.000000000000302 0.500000000000158 0.000000000000154 99.999375169975153 0.499996875846078
0.296100000000000 1.000000000000301 0.500000000000159 0.000000000000147 99.999375169974144 0.499996875845922
0.296200000000000 1.000000000000302 0.500000000000158 0.000000000000141 99.999375169974797 0.499996875845742
0.296300000000000 1.000000000000302 0.500000000000158 0.000000000000133 99.999375169974741 0.499996875845506
0.296400000000000 1.000000000000301 0.500000000000159 0.000000000000126 99.999375169974797 0.499996875845109
0.296500000000000 1.000000000000301 0.500000000000158 0.000000000000119 99.999375169974186 0.499996875844765
0.296600000000000 1.000000000000302 0.500000000000159 0.000000000000113 99.999375169974201 0.499996875844249
0.296700000000000 1.000000000000301 0.500000000000159 0.000000000000106 99.999375169974257 0.499996875843783
0.296800000000000 1.000000000000302 0.500000000000158 0.000000000000098 99.999375169974300 0.499996875843298
0.296900000000000 1.000000000000303 0.500000000000158 0.000000000000091 99.999375169974201 0.499996875842729
0.297000000000000 1.000000000000302 0.500000000000158 0.000000000000084 99.999375169974257 0.499996875842165
0.297100000000000 1.000000000000302 0.500000000000159 0.000000000000078 99.999375169974286 0.499996875841559
0.297200000000000 1.000000000000303 0.500000000000159 0.000000000000070 99.999375169974229 0.499996875840977
0.297300000000000 1.000000000000302 0.500000000000159 0.000000000000063 99.999375169974286 0.499996875840433
0.297400000000000 1.000000000000302 0.500000000000158 0.000000000000055 99.999375169974201 0.499996875839914
0.297500000000000 1.000000000000304 0.500000000000159 0.000000000000049 99.999375169974428 0.499996875839336
0.297600000000000 1.000000000000303 0.500000000000160 0.000000000000041 99.999375169974329 0.499996875838793
0.297700000000000 1.000000000000303 0.500000000000159 0.000000000000032 99.999375169974343 0.499996875838365
0.297800000000000 1.000000000000304 0.500000000000158 0.000000000000024 99.999375169974329 0.499996875837959
0.297900000000000 1.000000000000304 0.500000000000159 0.000000000000017 99.999375169974343 0.499996875837522
0.298000000000000 1.000000000000304 0.500000000000159 0.000000000000010 99.999375169974400 0.499996875837175
0.298100000000000 1.000000000000302 0.500000000000159 0.000000000000003 99.999375169974414 0.499996875836888
0.298200000000000 1.000000000000304 0.500000000000159 -0.000000000000003 99.999375169974343 0.499996875836697
0.298300000000000 1.000000000000304 0.500000000000159 -0.000000000000011 99.999375169974414 0.499996875836491
0.298400000000000 1.000000000000303 0.500000000000159 -0.000000000000018 99.999375169974442 0.499996875836399
0.298500000000000 1.000000000000304 0.500000000000159 -0.000000000000024 99.999375169974485 0.499996875836347
0.298600000000000 1.000000000000304 0.500000000000159 -0.000000000000032 99.999375169974513 0.499996875836336
0.298700000000000 1.000000000000304 0.500000000000160 -0.000000000000041 99.999375169974371 0.499996875836427
0.298800000000000 1.000000000000304 0.500000000000160 -0.000000000000048 99.999375169974542 0.499996875836527
0.298900000000000 1.000000000000306 0.500000000000160 -0.000000000000056 99.999375169974456 0.499996875836729
0.299000000000000 1.000000000000304 0.500000000000160 -0.000000000000063 99.999375169974542 0.499996875836954
0.299100000000000 1.000000000000305 0.500000000000160 -0.000000000000070 99.999375169974371 0.499996875837268
0.299200000000000 1.000000000000304 0.500000000000160 -0.000000000000077 99.999375169974456 0.499996875837627
0.299300000000000 1.000000000000304 0.500000000000160 -0.000000000000083 99.999375169974513 0.499996875838034
0.299400000000000 1.000000000000304 0.500000000000160 -0.000000000000091 99.999375169974513 0.499996875838451
0.299500000000000 1.000000000000303 0.500000000000160 -0.000000000000098 99.999375169974499 0.499996875838961
0.299600000000000 1.000000000000304 0.500000000000159 -0.000000000000105 99.999375169974513 0.499996875839517
0.299700000000000 1.000000000000305 0.500000000000160 -0.000000000000112 99.999375169974442 0.499996875840030
0.299800000000000 1.000000000000304 0.500000000000159 -0.000000000000118 99.999375169974471 0.499996875840639
0.299900000000000 1.000000000000304 0.500000000000159 -0.000000000000125 99.999375169974513 0.499996875841173
0.300000000000000 1.000000000000303 0.500000000000159 -0.000000000000131 99.999375169974471 0.499996875841760
0.300100000000000 1.000000000000305 0.500000000000160 -0.000000000000139 99.999375169974471 0.499996875842311
0.300200000000000 1.000000000000304 0.500000000000160 -0.000000000000145 99.999375169974513 0.499996875842859
0.300300000000000 1.000000000000304 0.500000000000160 -0.000000000000151 99.999375169974556 0.499996875843379
0.300400000000000 1.000000000000304 0.500000000000159 -0.000000000000159 99.999375169974485 0.499996875843946
0.300500000000000 1.000000000000305 0.500000000000160 -0.000000000000165 99.999375169974456 0.499996875844385
0.300600000000000 1.000000000000305 0.500000000000160 -0.000000000000171 99.999375169974527 0.499996875844832
0.300700000000000 1.000000000000305 0.500000000000160 -0.000000000000179 99.999375169974570 0.499996875845200
0.300800000000000 1.000000000000305 0.500000000000160 -0.000000000000184 99.999375169974542 0.499996875845507
0.300900000000000 1.000000000000306 0.500000000000159 -0.000000000000191 99.999375169974655 0.499996875845822
0.301000000000000 1.000000000000305 0.500000000000159 -0.000000000000196 99.999375169974599 0.499996875845959
0.301100000000000 1.000000000000305 0.500000000000160 -0.000000000000202 99.999375169974584 0.499996875846029
0.301200000000000 1.000000000000307 0.500000000000160 -0.000000000000207 99.999375169974599 0.499996875846048
0.301300000000000 1.000000000000306 0.500000000000160 -0.000000000000214 99.999375169974655 0.499996875845942
0.301400000000000 1.000000000000307 0.500000000000160 -0.000000000000220 99.999375169974726 0.499996875845752
0.301500000000000 1.000000000000307 0.500000000000160 -0.000000000000226 99.999375169974542 0.499996875845427
0.301600000000000 1.000000000000305 0.500000000000160 -0.000000000000232 99.999375169974456 0.499996875844987
0.301700000000000 1.000000000000305 0.500000000000160 -0.000000000000238 99.999375169974641 0.499996875844495
0.301800000000000 1.000000000000306 0.500000000000160 -0.000000000000243 99.999375169974599 0.499996875843810
0.301900000000000 1.000000000000306 0.500000000000159 -0.000000000000248 99.999375169974428 0.499996875843057
0.302000000000000 1.000000000000306 0.500000000000159 -0.000000000000253 99.999375169974712 0.499996875842171
0.302100000000000 1.000000000000305 0.500000000000159 -0.000000000000260 99.999375169974584 0.499996875841125
0.302200000000000 1.000000000000305 0.500000000000159 -0.000000000000264 99.999375169974684 0.499996875839931
0.302300000000000 1.000000000000305 0.500000000000159 -0.000000000000270 99.999375169974769 0.499996875838650
0.302400000000000 1.000000000000306 0.500000000000159 -0.000000000000274 99.999375169974684 0.499996875837208
0.302500000000000 1.000000000000306 0.500000000000159 -0.000000000000279 99.999375169974641 0.499996875835663
0.302600000000000 1.000000000000306 0.500000000000159 -0.000000000000285 99.999375169974783 0.499996875834035
0.302700000000000 1.000000000000306 0.500000000000159 -0.000000000000288 99.999375169974712 0.499996875832182
0.302800000000000 1.000000000000305 0.500000000000159 -0.000000000000292 99.999375169974599 0.499996875830303
0.302900000000000 1.000000000000309 0.500000000000160 -0.000000000000297 99.999375169974684 0.499996875828263
0.303000000000000 1.000000000000307 0.500000000000159 -0.000000000000300 99.999375169974684 0.499996875826136
0.303100000000000 1.000000000000306 0.500000000000159 -0.000000000000305 99.999375169974726 0.499996875823894
0.303200000000000 1.000000000000306 0.500000000000158 -0.000000000000310 99.999375169974769 0.499996875821615
0.303300000000000 1.000000000000307 0.500000000000159 -0.000000000000313 99.999375169974741 0.499996875819168
0.303400000000000 1.000000000000306 0.500000000000159 -0.000000000000318 99.999375169974712 0.499996875816684
0.303500000000000 1.000000000000307 0.500000000000159 -0.000000000000322 99.999375169974755 0.499996875814125
0.303600000000000 1.000000000000308 0.500000000000159 -0.000000000000326 99.999375169974769 0.499996875811507
0.303700000000000 1.000000000000307 0.500000000000159 -0.000000000000328 99.999375169974769 0.499996875808856
0.303800000000000 1.000000000000307 0.500000000000159 -0.000000000000331 99.999375169974485 0.499996875806190
0.303900000000000 1.000000000000307 0.500000000000159 -0.000000000000335 99.999375169974755 0.499996875803449
0.304000000000000 1.000000000000308 0.500000000000160 -0.000000000000339 99.999375169974883 0.499996875800664
0.304100000000000 1.000000000000307 0.500000000000159 -0.000000000000340 99.999375169974968 0.499996875797907
0.304200000000000 1.000000000000308 0.500000000000159 -0.000000000000342 99.999375169974741 0.499996875795146
0.304300000000000 1.000000000000308 0.500000000000159 -0.000000000000345 99.999375169974883 0.499996875792446
0.304400000000000 1.000000000000308 0.500000000000158 -0.000000000000348 99.999375169974684 0.499996875789791
0.304500000000000 1.000000000000306 0.500000000000159 -0.000000000000351 99.999375169974741 0.499996875787098
0.304600000000000 1.000000000000306 0.500000000000158 -0.000000000000353 99.999375169974684 0.499996875784525
0.304700000000000 1.000000000000306 0.500000000000159 -0.000000000000355 99.999375169974996 0.499996875781967
0.304800000000000 1.000000000000307 0.500000000000159 -0.000000000000357 99.999375169974854 0.499996875779456
0.304900000000000 1.000000000000308 0.500000000000159 -0.000000000000358 99.999375169974982 0.499996875777095
0.305000000000000 1.000000000000308 0.500000000000159 -0.000000000000360 99.999375169974826 0.499996875774825
0.305100000000000 1.000000000000308 0.500000000000159 -0.000000000000360 99.999375169974854 0.499996875772634
0.305200000000000 1.000000000000308 0.500000000000158 -0.000000000000361 99.999375169974741 0.499996875770627
0.305300000000000 1.000000000000308 0.500000000000159 -0.000000000000362 99.999375169974869 0.499996875768661
0.305400000000000 1.000000000000309 0.500000000000159 -0.000000000000365 99.999375169974783 0.499996875766867
0.305500000000000 1.000000000000309 0.500000000000159 -0.000000000000367 99.999375169974940 0.499996875765236
0.305600000000000 1.000000000000308 0.500000000000159 -0.000000000000368 99.999375169974797 0.499996875763753
0.305700000000000 1.000000000000309 0.500000000000159 -0.000000000000368 99.999375169974968 0.499996875762411
0.305800000000000 1.000000000000309 0.500000000000159 -0.000000000000368 99.999375169974968 0.499996875761257
0.305900000000000 1.000000000000310 0.500000000000159 -0.000000000000368 99.999375169974996 0.499996875760250
0.306000000000000 1.000000000000309 0.500000000000158 -0.000000000000369 99.999375169974812 0.499996875759489
0.306100000000000 1.000000000000310 0.500000000000159 -0.000000000000368 99.999375169974783 0.499996875758805
0.306200000000000 1.000000000000309 0.500000000000159 -0.000000000000367 99.999375169974883 0.499996875758395
0.306300000000000 1.000000000000310 0.500000000000158 -0.000000000000368 99.999375169974883 0.499996875758111
0.306400000000000 1.000000000000310 0.500000000000158 -0.000000000000368 99.999375169975110 0.499996875758039
0.306500000000000 1.000000000000309 0.500000000000159 -0.000000000000369 99.999375169974869 0.499996875758121
0.306600000000000 1.000000000000310 0.500000000000158 -0.000000000000368 99.999375169975053 0.499996875758446
0.306700000000000 1.000000000000310 0.500000000000158 -0.000000000000367 99.999375169974769 0.499996875758928
0.306800000000000 1.000000000000311 0.500000000000158 -0.000000000000367 99.999375169974996 0.499996875759600
0.306900000000000 1.000000000000309 0.500000000000159 -0.000000000000366 99.999375169975082 0.499996875760396
0.307000000000000 1.000000000000310 0.500000000000158 -0.000000000000365 99.999375169975082 0.499996875761476
0.307100000000000 1.000000000000312 0.500000000000159 -0.000000000000364 99.999375169975139 0.499996875762625
0.307200000000000 1.000000000000311 0.500000000000159 -0.000000000000364 99.999375169974883 0.499996875764001
0.307300000000000 1.000000000000311 0.500000000000158 -0.000000000000360 99.999375169975053 0.499996875765546
0.307400000000000 1.000000000000312 0.500000000000159 -0.000000000000358 99.999375169975281 0.499996875767165
0.307500000000000 1.000000000000312 0.500000000000158 -0.000000000000355 99.999375169975139 0.499996875769006
0.307600000000000 1.000000000000312 0.500000000000159 -0.000000000000352 99.999375169975124 0.499996875770937
0.307700000000000 1.000000000000311 0.500000000000159 -0.000000000000349 99.999375169975039 0.499996875773034
0.307800000000000 1.000000000000312 0.500000000000160 -0.000000000000347 99.999375169975181 0.499996875775179
0.307900000000000 1.000000000000314 0.500000000000158 -0.000000000000344 99.999375169975536 0.499996875777536
0.308000000000000 1.000000000000314 0.500000000000158 -0.000000000000342 99.999375169975124 0.499996875779932
0.308100000000000 1.000000000000314 0.500000000000159 -0.000000000000338 99.999375169975323 0.499996875782374
0.308200000000000 1.000000000000312 0.500000000000158 -0.000000000000334 99.999375169975281 0.499996875784965
0.308300000000000 1.000000000000312 0.500000000000158 -0.000000000000331 99.999375169975210 0.499996875787553
0.308400000000000 1.000000000000313 0.500000000000158 -0.000000000000328 99.999375169975281 0.499996875790259
0.308500000000000 1.000000000000313 0.500000000000158 -0.000000000000325 99.999375169975195 0.499996875792943
0.308600000000000 1.000000000000312 0.500000000000158 -0.000000000000321 99.999375169975309 0.499996875795680
0.308700000000000 1.000000000000311 0.500000000000159 -0.000000000000316 99.999375169975309 0.499996875798364
0.308800000000000 1.000000000000313 0.500000000000158 -0.000000000000311 99.999375169974655 0.499996875801165
0.308900000000000 1.000000000000312 0.500000000000158 -0.000000000000306 99.999375169975096 0.499996875803871
0.309000000000000 1.000000000000312 0.500000000000158 -0.000000000000301 99.999375169974499 0.499996875806631
0.309100000000000 1.000000000000313 0.500000000000158 -0.000000000000298 99.999375169975323 0.499996875809330
0.309200000000000 1.000000000000314 0.500000000000158 -0.000000000000293 99.999375169974442 0.499996875811939
0.309300000000000 1.000000000000312 0.500000000000158 -0.000000000000287 99.999375169974869 0.499996875814577
0.309400000000000 1.000000000000314 0.500000000000159 -0.000000000000283 99.999375169974897 0.499996875817066
0.309500000000000 1.000000000000314 0.500000000000158 -0.000000000000278 99.999375169974485 0.499996875819567
0.309600000000000 1.000000000000313 0.500000000000158 -0.000000000000271 99.999375169975849 0.499996875821982
0.309700000000000 1.000000000000314 0.500000000000158 -0.000000000000265 99.999375169975991 0.499996875824263
0.309800000000000 1.000000000000314 0.500000000000158 -0.000000000000259 99.999375169975309 0.499996875826479
0.309900000000000 1.000000000000313 0.500000000000157 -0.000000000000253 99.999375169976389 0.499996875828621
0.310000000000000 1.000000000000313 0.500000000000159 -0.000000000000247 99.999375169975792 0.499996875830559
0.310100000000000 1.000000000000312 0.500000000000158 -0.000000000000243 99.999375169975764 0.499996875832493
0.310200000000000 1.000000000000312 0.500000000000158 -0.000000000000237 99.999375169975806 0.499996875834251
0.310300000000000 1.000000000000314 0.500000000000158 -0.000000000000232 99.999375169975991 0.499996875835915
0.310400000000000 1.000000000000313 0.500000000000158 -0.000000000000226 99.999375169975565 0.499996875837405
0.310500000000000 1.000000000000313 0.500000000000158 -0.000000000000221 99.999375169975480 0.499996875838802
0.310600000000000 1.000000000000314 0.500000000000158 -0.000000000000215 99.999375169974897 0.499996875840075
0.310700000000000 1.000000000000313 0.500000000000158 -0.000000000000211 99.999375169975437 0.499996875841219
0.310800000000000 1.000000000000314 0.500000000000158 -0.000000000000205 99.999375169976219 0.499996875842238
0.310900000000000 1.000000000000313 0.500000000000158 -0.000000000000199 99.999375169974812 0.499996875843085
0.311000000000000 1.000000000000314 0.500000000000158 -0.000000000000192 99.999375169976020 0.499996875843868
0.311100000000000 1.000000000000313 0.500000000000158 -0.000000000000185 99.999375169975011 0.499996875844483
0.311200000000000 1.000000000000314 0.500000000000158 -0.000000000000179 99.999375169975963 0.499996875845004
0.311300000000000 1.000000000000314 0.500000000000158 -0.000000000000172 99.999375169975664 0.499996875845406
0.311400000000000 1.000000000000314 0.500000000000158 -0.000000000000166 99.999375169975366 0.499996875845698
0.311500000000000 1.000000000000315 0.500000000000159 -0.000000000000158 99.999375169975536 0.499996875845835
0.311600000000000 1.000000000000314 0.500000000000158 -0.000000000000150 99.999375169975252 0.499996875845953
0.311700000000000 1.000000000000314 0.500000000000158 -0.000000000000144 99.999375169975650 0.499996875845928
0.311800000000000 1.000000000000314 0.500000000000158 -0.000000000000136 99.999375169975650 0.499996875845792
0.311900000000000 1.000000000000314 0.500000000000158 -0.000000000000130 99.999375169975394 0.499996875845622
0.312000000000000 1.000000000000315 0.500000000000158 -0.000000000000125 99.999375169975821 0.499996875845338
0.312100000000000 1.000000000000316 0.500000000000158 -0.000000000000119 99.999375169975465 0.499996875845021
0.312200000000000 1.000000000000314 0.500000000000158 -0.000000000000114 99.999375169975181 0.499996875844620
0.312300000000000 1.000000000000314 0.500000000000157 -0.000000000000106 99.999375169975991 0.499996875844200
0.312400000000000 1.000000000000315 0.500000000000158 -0.000000000000099 99.999375169975991 0.499996875843695
0.312500000000000 1.000000000000316 0.500000000000159 -0.000000000000092 99.999375169974954 0.499996875843140
0.312600000000000 1.000000000000315 0.500000000000157 -0.000000000000084 99.999375169975963 0.499996875842669
0.312700000000000 1.000000000000314 0.500000000000157 -0.000000000000075 99.999375169974996 0.499996875842090
0.312800000000000 1.000000000000315 0.500000000000158 -0.000000000000070 99.999375169975650 0.499996875841484
0.312900000000000 1.000000000000314 0.500000000000158 -0.000000000000062 99.999375169975622 0.499996875840914
0.313000000000000 1.000000000000314 0.500000000000158 -0.000000000000055 99.999375169975821 0.499996875840337
0.313100000000000 1.000000000000315 0.500000000000157 -0.000000000000048 99.999375169975764 0.499996875839811
0.313200000000000 1.000000000000316 0.500000000000158 -0.000000000000040 99.999375169975565 0.499996875839245
0.313300000000000 1.000000000000316 0.500000000000159 -0.000000000000034 99.999375169975963 0.499996875838700
0.313400000000000 1.000000000000314 0.500000000000157 -0.000000000000027 99.999375169975139 0.499996875838288
0.313500000000000 1.000000000000315 0.500000000000158 -0.000000000000018 99.999375169974883 0.499996875837825
0.313600000000000 1.000000000000315 0.500000000000158 -0.000000000000010 99.999375169975195 0.499996875837452
0.313700000000000 1.000000000000316 0.500000000000158 -0.000000000000003 99.999375169976119 0.499996875837079
0.313800000000000 1.000000000000314 0.500000000000158 0.000000000000005 99.999375169974996 0.499996875836791
0.313900000000000 1.000000000000315 0.500000000000158 0.000000000000013 99.999375169976076 0.499996875836541
0.314000000000000 1.000000000000316 0.500000000000158 0.000000000000020 99.999375169974911 0.499996875836358
0.314100000000000 1.000000000000314 0.500000000000158 0.000000000000026 99.999375169975764 0.499996875836201
0.314200000000000 1.000000000000316 0.500000000000158 0.000000000000033 99.999375169976162 0.499996875836173
0.314300000000000 1.000000000000315 0.500000000000158 0.000000000000041 99.999375169975195 0.499996875836169
0.314400000000000 1.000000000000315 0.500000000000158 0.000000000000048 99.999375169975821 0.499996875836229
0.314500000000000 1.000000000000316 0.500000000000158 0.000000000000054 99.999375169975266 0.499996875836349
0.314600000000000 1.000000000000316 0.500000000000158 0.000000000000062 99.999375169975337 0.499996875836569
0.314700000000000 1.000000000000317 0.500000000000158 0.000000000000069 99.999375169976162 0.499996875836833
0.314800000000000 1.000000000000314 0.500000000000158 0.000000000000076 99.999375169976076 0.499996875837111
0.314900000000000 1.000000000000316 0.500000000000158 0.000000000000082 99.999375169975735 0.499996875837433
0.315000000000000 1.000000000000315 0.500000000000158 0.000000000000090 99.999375169974812 0.499996875837861
0.315100000000000 1.000000000000317 0.500000000000159 0.000000000000098 99.999375169975906 0.499996875838252
0.315200000000000 1.000000000000316 0.500000000000158 0.000000000000106 99.999375169975522 0.499996875838757
0.315300000000000 1.000000000000316 0.500000000000159 0.000000000000113 99.999375169975934 0.499996875839262
0.315400000000000 1.000000000000318 0.500000000000159 0.000000000000121 99.999375169975565 0.499996875839810
0.315500000000000 1.000000000000316 0.500000000000159 0.000000000000129 99.999375169975877 0.499996875840355
0.315600000000000 1.000000000000319 0.500000000000158 0.000000000000136 99.999375169975551 0.499996875840956
0.315700000000000 1.000000000000317 0.500000000000159 0.000000000000144 99.999375169975551 0.499996875841524
0.315800000000000 1.000000000000319 0.500000000000159 0.000000000000152 99.999375169975622 0.499996875842094
0.315900000000000 1.000000000000318 0.500000000000160 0.000000000000157 99.999375169975821 0.499996875842638
0.316000000000000 1.000000000000319 0.500000000000159 0.000000000000163 99.999375169975920 0.499996875843192
0.316100000000000 1.000000000000318 0.500000000000159 0.000000000000172 99.999375169975906 0.499996875843728
0.316200000000000 1.000000000000318 0.500000000000159 0.000000000000180 99.999375169975906 0.499996875844188
0.316300000000000 1.000000000000318 0.500000000000159 0.000000000000187 99.999375169975849 0.499996875844631
0.316400000000000 1.000000000000316 0.500000000000160 0.000000000000195 99.999375169975849 0.499996875845015
0.316500000000000 1.000000000000318 0.500000000000160 0.000000000000201 99.999375169975707 0.499996875845335
0.316600000000000 1.000000000000318 0.500000000000160 0.000000000000207 99.999375169975934 0.499996875845597
0.316700000000000 1.000000000000319 0.500000000000160 0.000000000000213 99.999375169975963 0.499996875845801
0.316800000000000 1.000000000000318 0.500000000000160 0.000000000000218 99.999375169975906 0.499996875845912
0.316900000000000 1.000000000000319 0.500000000000160 0.000000000000224 99.999375169975849 0.499996875845886
0.317000000000000 1.000000000000318 0.500000000000160 0.000000000000229 99.999375169975934 0.499996875845836
0.317100000000000 1.000000000000318 0.500000000000160 0.000000000000236 99.999375169975949 0.499996875845643
0.317200000000000 1.000000000000320 0.500000000000161 0.000000000000242 99.999375169975877 0.499996875845331
0.317300000000000 1.000000000000320 0.500000000000161 0.000000000000247 99.999375169975934 0.499996875844897
0.317400000000000 1.000000000000319 0.500000000000161 0.000000000000254 99.999375169975963 0.499996875844369
0.317500000000000 1.000000000000318 0.500000000000161 0.000000000000258 99.999375169975920 0.499996875843741
0.317600000000000 1.000000000000320 0.500000000000160 0.000000000000265 99.999375169975906 0.499996875843027
0.317700000000000 1.000000000000318 0.500000000000161 0.000000000000272 99.999375169975906 0.499996875842099
0.317800000000000 1.000000000000319 0.500000000000161 0.000000000000275 99.999375169975934 0.499996875841067
0.317900000000000 1.000000000000321 0.500000000000162 0.000000000000281 99.999375169976020 0.499996875839909
0.318000000000000 1.000000000000320 0.500000000000161 0.000000000000285 99.999375169975963 0.499996875838654
0.318100000000000 1.000000000000319 0.500000000000161 0.000000000000289 99.999375169976020 0.499996875837228
0.318200000000000 1.000000000000319 0.500000000000162 0.000000000000294 99.999375169976076 0.499996875835697
0.318300000000000 1.000000000000319 0.500000000000161 0.000000000000298 99.999375169975991 0.499996875834047
0.318400000000000 1.000000000000319 0.500000000000161 0.000000000000302 99.999375169976162 0.499996875832276
0.318500000000000 1.000000000000320 0.500000000000161 0.000000000000307 99.999375169976219 0.499996875830403
0.318600000000000 1.000000000000321 0.500000000000162 0.000000000000312 99.999375169976219 0.499996875828369
0.318700000000000 1.000000000000321 0.500000000000162 0.000000000000315 99.999375169976048 0.499996875826251
0.318800000000000 1.000000000000320 0.500000000000163 0.000000000000319 99.999375169976162 0.499996875823977
0.318900000000000 1.000000000000322 0.500000000000162 0.000000000000321 99.999375169976048 0.499996875821695
0.319000000000000 1.000000000000321 0.500000000000162 0.000000000000324 99.999375169976190 0.499996875819319
0.319100000000000 1.000000000000321 0.500000000000163 0.000000000000327 99.999375169976361 0.499996875816798
0.319200000000000 1.000000000000322 0.500000000000163 0.000000000000330 99.999375169976105 0.499996875814293
0.319300000000000 1.000000000000321 0.500000000000162 0.000000000000334 99.999375169976219 0.499996875811686
0.319400000000000 1.000000000000322 0.500000000000162 0.000000000000337 99.999375169976389 0.499996875809050
0.319500000000000 1.000000000000322 0.500000000000163 0.000000000000340 99.999375169976275 0.499996875806303
0.319600000000000 1.000000000000323 0.500000000000164 0.000000000000344 99.999375169976190 0.499996875803582
0.319700000000000 1.000000000000324 0.500000000000164 0.000000000000347 99.999375169976233 0.499996875800823
0.319800000000000 1.000000000000322 0.500000000000164 0.000000000000351 99.999375169976318 0.499996875798079
0.319900000000000 1.000000000000322 0.500000000000164 0.000000000000353 99.999375169976048 0.499996875795306
0.320000000000000 1.000000000000322 0.500000000000164 0.000000000000358 99.999375169976247 0.499996875792579
0.320100000000000 1.000000000000323 0.500000000000163 0.000000000000360 99.999375169976261 0.499996875789907
0.320200000000000 1.000000000000322 0.500000000000164 0.000000000000363 99.999375169976275 0.499996875787249
0.320300000000000 1.000000000000321 0.500000000000164 0.000000000000365 99.999375169976275 0.499996875784623
0.320400000000000 1.000000000000322 0.500000000000164 0.000000000000368 99.999375169976375 0.499996875782086
0.320500000000000 1.000000000000323 0.500000000000165 0.000000000000370 99.999375169976219 0.499996875779583
0.320600000000000 1.000000000000323 0.500000000000164 0.000000000000372 99.999375169976247 0.499996875777215
0.320700000000000 1.000000000000323 0.500000000000165 0.000000000000374 99.999375169976332 0.499996875774902
0.320800000000000 1.000000000000322 0.500000000000165 0.000000000000374 99.999375169976403 0.499996875772730
0.320900000000000 1.000000000000323 0.500000000000165 0.000000000000375 99.999375169976389 0.499996875770648
0.321000000000000 1.000000000000324 0.500000000000166 0.000000000000376 99.999375169976332 0.499996875768681
0.321100000000000 1.000000000000325 0.500000000000165 0.000000000000377 99.999375169976474 0.499996875766933
0.321200000000000 1.000000000000324 0.500000000000165 0.000000000000379 99.999375169976460 0.499996875765280
0.321300000000000 1.000000000000325 0.500000000000166 0.000000000000379 99.999375169976474 0.499996875763754
0.321400000000000 1.000000000000323 0.500000000000166 0.000000000000379 99.999375169976545 0.499996875762390
0.321500000000000 1.000000000000324 0.500000000000166 0.000000000000380 99.999375169976275 0.499996875761209
0.321600000000000 1.000000000000324 0.500000000000165 0.000000000000380 99.999375169976446 0.499996875760230
0.321700000000000 1.000000000000324 0.500000000000165 0.000000000000381 99.999375169976503 0.499996875759399
0.321800000000000 1.000000000000323 0.500000000000167 0.000000000000381 99.999375169976418 0.499996875758669
0.321900000000000 1.000000000000324 0.500000000000166 0.000000000000380 99.999375169976517 0.499996875758215
0.322000000000000 1.000000000000323 0.500000000000166 0.000000000000380 99.999375169976616 0.499996875757961
0.322100000000000 1.000000000000323 0.500000000000166 0.000000000000379 99.999375169976531 0.499996875757873
0.322200000000000 1.000000000000325 0.500000000000166 0.000000000000378 99.999375169976574 0.499996875757959
0.322300000000000 1.000000000000324 0.500000000000167 0.000000000000377 99.999375169976247 0.499996875758207
0.322400000000000 1.000000000000324 0.500000000000166 0.000000000000375 99.999375169976446 0.499996875758682
0.322500000000000 1.000000000000325 0.500000000000166 0.000000000000374 99.999375169976602 0.499996875759352
0.322600000000000 1.000000000000324 0.500000000000167 0.000000000000372 99.999375169976418 0.499996875760137
0.322700000000000 1.000000000000324 0.500000000000167 0.000000000000371 99.999375169976645 0.499996875761164
0.322800000000000 1.000000000000324 0.500000000000167 0.000000000000370 99.999375169976616 0.499996875762316
0.322900000000000 1.000000000000326 0.500000000000167 0.000000000000368 99.999375169976616 0.499996875763679
0.323000000000000 1.000000000000324 0.500000000000166 0.000000000000367 99.999375169976460 0.499996875765200
0.323100000000000 1.000000000000326 0.500000000000168 0.000000000000366 99.999375169976446 0.499996875766816
0.323200000000000 1.000000000000324 0.500000000000168 0.000000000000364 99.999375169976716 0.499996875768582
0.323300000000000 1.000000000000326 0.500000000000168 0.000000000000362 99.999375169976531 0.499996875770529
0.323400000000000 1.000000000000326 0.500000000000168 0.000000000000358 99.999375169976574 0.499996875772607
0.323500000000000 1.000000000000327 0.500000000000168 0.000000000000356 99.999375169976673 0.499996875774766
0.323600000000000 1.000000000000326 0.500000000000168 0.000000000000354 99.999375169976645 0.499996875777063
0.323700000000000 1.000000000000327 0.500000000000169 0.000000000000351 99.999375169976702 0.499996875779426
0.323800000000000 1.000000000000325 0.500000000000169 0.000000000000348 99.999375169976844 0.499996875781903
0.323900000000000 1.000000000000326 0.500000000000169 0.000000000000346 99.999375169976673 0.499996875784451
0.324000000000000 1.000000000000326 0.500000000000169 0.000000000000342 99.999375169976744 0.499996875787083
0.324100000000000 1.000000000000326 0.500000000000169 0.000000000000339 99.999375169976801 0.499996875789734
0.324200000000000 1.000000000000326 0.500000000000169 0.000000000000335 99.999375169976943 0.499996875792425
0.324300000000000 1.000000000000328 0.500000000000169 0.000000000000330 99.999375169976702 0.499996875795156
0.324400000000000 1.000000000000326 0.500000000000170 0.000000000000325 99.999375169977256 0.499996875797883
0.324500000000000 1.000000000000328 0.500000000000169 0.000000000000323 99.999375169977185 0.499996875800620
0.324600000000000 1.000000000000328 0.500000000000170 0.000000000000318 99.999375169976233 0.499996875803346
0.324700000000000 1.000000000000327 0.500000000000170 0.000000000000314 99.999375169977071 0.499996875806094
0.324800000000000 1.000000000000330 0.500000000000170 0.000000000000311 99.999375169976616 0.499996875808804
0.324900000000000 1.000000000000329 0.500000000000170 0.000000000000308 99.999375169977355 0.499996875811464
0.325000000000000 1.000000000000327 0.500000000000170 0.000000000000304 99.999375169976844 0.499996875814063
0.325100000000000 1.000000000000328 0.500000000000170 0.000000000000299 99.999375169976489 0.499996875816609
0.325200000000000 1.000000000000328 0.500000000000170 0.000000000000295 99.999375169976929 0.499996875819100
0.325300000000000 1.000000000000328 0.500000000000171 0.000000000000290 99.999375169977341 0.499996875821481
0.325400000000000 1.000000000000329 0.500000000000170 0.000000000000285 99.999375169976815 0.499996875823823
0.325500000000000 1.000000000000330 0.500000000000170 0.000000000000279 99.999375169976915 0.499996875826049
0.325600000000000 1.000000000000328 0.500000000000171 0.000000000000274 99.999375169976673 0.499996875828150
0.325700000000000 1.000000000000328 0.500000000000171 0.000000000000269 99.999375169976872 0.499996875830154
0.325800000000000 1.000000000000328 0.500000000000170 0.000000000000264 99.999375169977839 0.499996875832097
0.325900000000000 1.000000000000327 0.500000000000171 0.000000000000259 99.999375169977355 0.499996875833855
0.326000000000000 1.000000000000329 0.500000000000171 0.000000000000253 99.999375169976958 0.499996875835504
0.326100000000000 1.000000000000329 0.500000000000171 0.000000000000248 99.999375169976901 0.499996875837056
0.326200000000000 1.000000000000329 0.500000000000171 0.000000000000241 99.999375169977213 0.499996875838477
0.326300000000000 1.000000000000329 0.500000000000172 0.000000000000235 99.999375169976801 0.499996875839727
0.326400000000000 1.000000000000331 0.500000000000172 0.000000000000228 99.999375169976560 0.499996875840862
0.326500000000000 1.000000000000330 0.500000000000171 0.000000000000223 99.999375169977498 0.499996875841933
0.326600000000000 1.000000000000328 0.500000000000172 0.000000000000216 99.999375169976773 0.499996875842830
0.326700000000000 1.000000000000329 0.500000000000173 0.000000000000209 99.999375169977000 0.499996875843537
0.326800000000000 1.000000000000331 0.500000000000172 0.000000000000203 99.999375169977114 0.499996875844238
0.326900000000000 1.000000000000330 0.500000000000172 0.000000000000198 99.999375169977199 0.499996875844749
0.327000000000000 1.000000000000330 0.500000000000172 0.000000000000190 99.999375169976915 0.499996875845192
0.327100000000000 1.000000000000330 0.500000000000173 0.000000000000184 99.999375169976901 0.499996875845446
0.327200000000000 1.000000000000330 0.500000000000172 0.000000000000179 99.999375169977299 0.499996875845645
0.327300000000000 1.000000000000330 0.500000000000173 0.000000000000172 99.999375169976972 0.499996875845740
0.327400000000000 1.000000000000331 0.500000000000172 0.000000000000164 99.999375169977299 0.499996875845764
0.327500000000000 1.000000000000331 0.500000000000173 0.000000000000159 99.999375169977142 0.499996875845604
0.327600000000000 1.000000000000330 0.500000000000173 0.000000000000153 99.999375169977512 0.499996875845476
0.327700000000000 1.000000000000331 0.500000000000173 0.000000000000146 99.999375169977725 0.499996875845191
0.327800000000000 1.000000000000332 0.500000000000173 0.000000000000141 99.999375169977654 0.499996875844879
0.327900000000000 1.000000000000331 0.500000000000173 0.000000000000134 99.999375169976815 0.499996875844492
0.328000000000000 1.000000000000332 0.500000000000173 0.000000000000127 99.999375169976688 0.499996875844043
0.328100000000000 1.000000000000331 0.500000000000173 0.000000000000119 99.999375169977611 0.499996875843559
0.328200000000000 1.000000000000331 0.500000000000173 0.000000000000111 99.999375169977583 0.499996875843045
0.328300000000000 1.000000000000331 0.500000000000174 0.000000000000103 99.999375169976588 0.499996875842485
0.328400000000000 1.000000000000332 0.500000000000173 0.000000000000096 99.999375169977668 0.499996875841946
0.328500000000000 1.000000000000331 0.500000000000173 0.000000000000088 99.999375169977270 0.499996875841380
0.328600000000000 1.000000000000333 0.500000000000173 0.000000000000081 99.999375169977327 0.499996875840802
0.328700000000000 1.000000000000331 0.500000000000174 0.000000000000075 99.999375169977128 0.499996875840210
0.328800000000000 1.000000000000333 0.500000000000173 0.000000000000067 99.999375169978023 0.499996875839704
0.328900000000000 1.000000000000332 0.500000000000173 0.000000000000060 99.999375169978180 0.499996875839132
0.329000000000000 1.000000000000333 0.500000000000173 0.000000000000053 99.999375169976503 0.499996875838623
0.329100000000000 1.000000000000333 0.500000000000173 0.000000000000045 99.999375169976844 0.499996875838136
0.329200000000000 1.000000000000334 0.500000000000174 0.000000000000039 99.999375169977839 0.499996875837665
0.329300000000000 1.000000000000333 0.500000000000173 0.000000000000031 99.999375169977867 0.499996875837310
0.329400000000000 1.000000000000334 0.500000000000175 0.000000000000024 99.999375169977014 0.499996875836862
0.329500000000000 1.000000000000333 0.500000000000174 0.000000000000016 99.999375169977682 0.499996875836615
0.329600000000000 1.000000000000332 0.500000000000174 0.000000000000008 99.999375169977895 0.499996875836371
0.329700000000000 1.000000000000333 0.500000000000175 0.000000000000001 99.999375169977043 0.499996875836154
0.329800000000000 1.000000000000335 0.500000000000175 -0.000000000000007 99.999375169977000 0.499996875836016
0.329900000000000 1.000000000000335 0.500000000000175 -0.000000000000015 99.999375169977867 0.499996875835966
0.330000000000000 1.000000000000334 0.500000000000174 -0.000000000000023 99.999375169977981 0.499996875835989
0.330100000000000 1.000000000000335 0.500000000000174 -0.000000000000029 99.999375169977029 0.499996875836034
0.330200000000000 1.000000000000336 0.500000000000175 -0.000000000000037 99.999375169976986 0.499996875836128
0.330300000000000 1.000000000000335 0.500000000000174 -0.000000000000043 99.999375169976901 0.499996875836322
0.330400000000000 1.000000000000334 0.500000000000175 -0.000000000000051 99.999375169977981 0.499996875836563
0.330500000000000 1.000000000000335 0.500000000000175 -0.000000000000058 99.999375169977981 0.499996875836853
0.330600000000000 1.000000000000335 0.500000000000175 -0.000000000000065 99.999375169978038 0.499996875837171
0.330700000000000 1.000000000000335 0.500000000000174 -0.000000000000073 99.999375169977043 0.499996875837598
0.330800000000000 1.000000000000336 0.500000000000175 -0.000000000000080 99.999375169977981 0.499996875838018
0.330900000000000 1.000000000000334 0.500000000000174 -0.000000000000086 99.999375169977114 0.499996875838486
0.331000000000000 1.000000000000335 0.500000000000175 -0.000000000000094 99.999375169977924 0.499996875838979
0.331100000000000 1.000000000000334 0.500000000000175 -0.000000000000101 99.999375169977171 0.499996875839541
0.331200000000000 1.000000000000335 0.500000000000175 -0.000000000000109 99.999375169977185 0.499996875840100
0.331300000000000 1.000000000000335 0.500000000000175 -0.000000000000116 99.999375169977611 0.499996875840648
0.331400000000000 1.000000000000334 0.500000000000174 -0.000000000000122 99.999375169977412 0.499996875841275
0.331500000000000 1.000000000000334 0.500000000000175 -0.000000000000129 99.999375169977668 0.499996875841781
0.331600000000000 1.000000000000334 0.500000000000175 -0.000000000000135 99.999375169977569 0.499996875842344
0.331700000000000 1.000000000000335 0.500000000000174 -0.000000000000142 99.999375169977696 0.499996875842955
0.331800000000000 1.000000000000338 0.500000000000176 -0.000000000000147 99.999375169977583 0.499996875843390
0.331900000000000 1.000000000000336 0.500000000000174 -0.000000000000152 99.999375169977583 0.499996875843939
0.332000000000000 1.000000000000336 0.500000000000175 -0.000000000000159 99.999375169977583 0.499996875844360
0.332100000000000 1.000000000000336 0.500000000000175 -0.000000000000166 99.999375169977611 0.499996875844749
0.332200000000000 1.000000000000337 0.500000000000175 -0.000000000000173 99.999375169977753 0.499996875845059
0.332300000000000 1.000000000000338 0.500000000000176 -0.000000000000178 99.999375169977711 0.499996875845333
0.332400000000000 1.000000000000337 0.500000000000176 -0.000000000000185 99.999375169977739 0.499996875845524
0.332500000000000 1.000000000000338 0.500000000000175 -0.000000000000192 99.999375169977753 0.499996875845638
0.332600000000000 1.000000000000337 0.500000000000175 -0.000000000000198 99.999375169977725 0.499996875845668
0.332700000000000 1.000000000000336 0.500000000000175 -0.000000000000203 99.999375169977753 0.499996875845593
0.332800000000000 1.000000000000337 0.500000000000175 -0.000000000000210 99.999375169977782 0.499996875845434
0.332900000000000 1.000000000000337 0.500000000000176 -0.000000000000215 99.999375169977682 0.499996875845124
0.333000000000000 1.000000000000338 0.500000000000176 -0.000000000000221 99.999375169977725 0.499996875844767
0.333100000000000 1.000000000000335 0.500000000000176 -0.000000000000227 99.999375169977839 0.499996875844211
0.333200000000000 1.000000000000338 0.500000000000175 -0.000000000000233 99.999375169977725 0.499996875843629
0.333300000000000 1.000000000000337 0.500000000000175 -0.000000000000240 99.999375169977839 0.499996875842865
0.333400000000000 1.000000000000338 0.500000000000176 -0.000000000000246 99.999375169977824 0.499996875841983
0.333500000000000 1.000000000000338 0.500000000000176 -0.000000000000251 99.999375169977853 0.499996875840952
0.333600000000000 1.000000000000339 0.500000000000175 -0.000000000000257 99.999375169977725 0.499996875839852
0.333700000000000 1.000000000000338 0.500000000000175 -0.000000000000262 99.999375169977895 0.499996875838576
0.333800000000000 1.000000000000337 0.500000000000175 -0.000000000000268 99.999375169977924 0.499996875837189
0.333900000000000 1.000000000000338 0.500000000000176 -0.000000000000274 99.999375169977881 0.499996875835644
0.334000000000000 1.000000000000337 0.500000000000176 -0.000000000000280 99.999375169977810 0.499996875834015
0.334100000000000 1.000000000000338 0.500000000000176 -0.000000000000286 99.999375169977952 0.499996875832226
0.334200000000000 1.000000000000338 0.500000000000175 -0.000000000000290 99.999375169977952 0.499996875830412
0.334300000000000 1.000000000000339 0.500000000000175 -0.000000000000294 99.999375169978023 0.499996875828382
0.334400000000000 1.000000000000340 0.500000000000176 -0.000000000000298 99.999375169977952 0.499996875826259
0.334500000000000 1.000000000000340 0.500000000000175 -0.000000000000302 99.999375169978009 0.499996875824104
0.334600000000000 1.000000000000339 0.500000000000176 -0.000000000000307 99.999375169978066 0.499996875821758
0.334700000000000 1.000000000000341 0.500000000000176 -0.000000000000312 99.999375169978066 0.499996875819363
0.334800000000000 1.000000000000340 0.500000000000176 -0.000000000000317 99.999375169977810 0.499996875816912
0.334900000000000 1.000000000000341 0.500000000000176 -0.000000000000320 99.999375169978265 0.499996875814343
0.335000000000000 1.000000000000341 0.500000000000176 -0.000000000000323 99.999375169978023 0.499996875811733
0.335100000000000 1.000000000000340 0.500000000000176 -0.000000000000327 99.999375169977981 0.499996875809126
0.335200000000000 1.000000000000340 0.500000000000176 -0.000000000000329 99.999375169978123 0.499996875806408
0.335300000000000 1.000000000000340 0.500000000000176 -0.000000000000332 99.999375169978009 0.499996875803667
0.335400000000000 1.000000000000342 0.500000000000176 -0.000000000000334 99.999375169978236 0.499996875800926
0.335500000000000 1.000000000000340 0.500000000000176 -0.000000000000336 99.999375169977938 0.499996875798196
0.335600000000000 1.000000000000340 0.500000000000176 -0.000000000000338 99.999375169978180 0.499996875795459
0.335700000000000 1.000000000000340 0.500000000000175 -0.000000000000339 99.999375169978123 0.499996875792761
0.335800000000000 1.000000000000341 0.500000000000175 -0.000000000000342 99.999375169977867 0.499996875790007
0.335900000000000 1.000000000000341 0.500000000000175 -0.000000000000344 99.999375169978094 0.499996875787352
0.336000000000000 1.000000000000341 0.500000000000175 -0.000000000000346 99.999375169978165 0.499996875784728
0.336100000000000 1.000000000000342 0.500000000000176 -0.000000000000348 99.999375169978350 0.499996875782168
0.336200000000000 1.000000000000341 0.500000000000175 -0.000000000000349 99.999375169977995 0.499996875779673
0.336300000000000 1.000000000000342 0.500000000000175 -0.000000000000351 99.999375169978080 0.499996875777271
0.336400000000000 1.000000000000342 0.500000000000175 -0.000000000000352 99.999375169977895 0.499996875775006
0.336500000000000 1.000000000000341 0.500000000000175 -0.000000000000354 99.999375169978208 0.499996875772782
0.336600000000000 1.000000000000341 0.500000000000175 -0.000000000000355 99.999375169977952 0.499996875770677
0.336700000000000 1.000000000000342 0.500000000000175 -0.000000000000356 99.999375169978151 0.499996875768740
0.336800000000000 1.000000000000341 0.500000000000175 -0.000000000000356 99.999375169978123 0.499996875766910
0.336900000000000 1.000000000000341 0.500000000000175 -0.000000000000357 99.999375169978407 0.499996875765240
0.337000000000000 1.000000000000342 0.500000000000175 -0.000000000000358 99.999375169978094 0.499996875763723
0.337100000000000 1.000000000000343 0.500000000000175 -0.000000000000358 99.999375169978208 0.499996875762320
0.337200000000000 1.000000000000341 0.500000000000175 -0.000000000000359 99.999375169978123 0.499996875761131
0.337300000000000 1.000000000000341 0.500000000000175 -0.000000000000358 99.999375169978236 0.499996875760089
0.337400000000000 1.000000000000341 0.500000000000174 -0.000000000000358 99.999375169978094 0.499996875759291
0.337500000000000 1.000000000000342 0.500000000000175 -0.000000000000358 99.999375169978549 0.499996875758571
0.337600000000000 1.000000000000342 0.500000000000175 -0.000000000000359 99.999375169978208 0.499996875758056
0.337700000000000 1.000000000000342 0.500000000000175 -0.000000000000359 99.999375169978023 0.499996875757762
0.337800000000000 1.000000000000343 0.500000000000174 -0.000000000000359 99.999375169978364 0.499996875757657
0.337900000000000 1.000000000000342 0.500000000000175 -0.000000000000357 99.999375169978293 0.499996875757664
0.338000000000000 1.000000000000343 0.500000000000175 -0.000000000000354 99.999375169978165 0.499996875757925
0.338100000000000 1.000000000000342 0.500000000000175 -0.000000000000353 99.999375169978350 0.499996875758389
0.338200000000000 1.000000000000342 0.500000000000175 -0.000000000000352 99.999375169978393 0.499996875758997
0.338300000000000 1.000000000000341 0.500000000000175 -0.000000000000351 99.999375169978350 0.499996875759785
0.338400000000000 1.000000000000343 0.500000000000175 -0.000000000000349 99.999375169978350 0.499996875760796
0.338500000000000 1.000000000000343 0.500000000000175 -0.000000000000346 99.999375169978350 0.499996875761943
0.338600000000000 1.000000000000344 0.500000000000175 -0.000000000000345 99.999375169978407 0.499996875763254
0.338700000000000 1.000000000000344 0.500000000000176 -0.000000000000343 99.999375169978322 0.499996875764736
0.338800000000000 1.000000000000344 0.500000000000175 -0.000000000000342 99.999375169978322 0.499996875766356
0.338900000000000 1.000000000000344 0.500000000000175 -0.000000000000340 99.999375169978407 0.499996875768142
0.339000000000000 1.000000000000342 0.500000000000174 -0.000000000000338 99.999375169978322 0.499996875770130
0.339100000000000 1.000000000000343 0.500000000000175 -0.000000000000335 99.999375169978322 0.499996875772087
0.339200000000000 1.000000000000344 0.500000000000174 -0.000000000000335 99.999375169978450 0.499996875774299
0.339300000000000 1.000000000000344 0.500000000000175 -0.000000000000332 99.999375169978379 0.499996875776534
0.339400000000000 1.000000000000343 0.500000000000175 -0.000000000000330 99.999375169978464 0.499996875778934
0.339500000000000 1.000000000000345 0.500000000000174 -0.000000000000327 99.999375169978535 0.499996875781397
0.339600000000000 1.000000000000346 0.500000000000175 -0.000000000000324 99.999375169978634 0.499996875783914
0.339700000000000 1.000000000000344 0.500000000000175 -0.000000000000319 99.999375169978450 0.499996875786510
0.339800000000000 1.000000000000345 0.500000000000174 -0.000000000000317 99.999375169978634 0.499996875789175
0.339900000000000 1.000000000000344 0.500000000000175 -0.000000000000314 99.999375169978464 0.499996875791835
0.340000000000000 1.000000000000346 0.500000000000175 -0.000000000000310 99.999375169978975 0.499996875794569
0.340100000000000 1.000000000000345 0.500000000000174 -0.000000000000307 99.999375169978634 0.499996875797381
0.340200000000000 1.000000000000346 0.500000000000175 -0.000000000000302 99.999375169978606 0.499996875800078
0.340300000000000 1.000000000000344 0.500000000000174 -0.000000000000298 99.999375169979032 0.499996875802854
0.340400000000000 1.000000000000346 0.500000000000174 -0.000000000000294 99.999375169978421 0.499996875805562
0.340500000000000 1.000000000000345 0.500000000000174 -0.000000000000290 99.999375169978620 0.499996875808271
0.340600000000000 1.000000000000346 0.500000000000175 -0.000000000000286 99.999375169978762 0.499996875810912
0.340700000000000 1.000000000000345 0.500000000000175 -0.000000000000280 99.999375169979174 0.499996875813522
0.340800000000000 1.000000000000346 0.500000000000174 -0.000000000000276 99.999375169978265 0.499996875816098
0.340900000000000 1.000000000000345 0.500000000000175 -0.000000000000270 99.999375169978791 0.499996875818549
0.341000000000000 1.000000000000346 0.500000000000175 -0.000000000000265 99.999375169978308 0.499996875821003
0.341100000000000 1.000000000000346 0.500000000000175 -0.000000000000261 99.999375169978421 0.499996875823314
0.341200000000000 1.000000000000346 0.500000000000174 -0.000000000000257 99.999375169978720 0.499996875825550
0.341300000000000 1.000000000000347 0.500000000000173 -0.000000000000253 99.999375169978720 0.499996875827739
0.341400000000000 1.000000000000346 0.500000000000175 -0.000000000000248 99.999375169978691 0.499996875829692
0.341500000000000 1.000000000000346 0.500000000000174 -0.000000000000243 99.999375169978748 0.499996875831621
0.341600000000000 1.000000000000346 0.500000000000174 -0.000000000000238 99.999375169978805 0.499996875833420
0.341700000000000 1.000000000000347 0.500000000000175 -0.000000000000233 99.999375169978975 0.499996875835093
0.341800000000000 1.000000000000347 0.500000000000174 -0.000000000000228 99.999375169978151 0.499996875836672
0.341900000000000 1.000000000000347 0.500000000000175 -0.000000000000221 99.999375169978890 0.499996875838063
0.342000000000000 1.000000000000347 0.500000000000174 -0.000000000000213 99.999375169978663 0.499996875839405
0.342100000000000 1.000000000000347 0.500000000000174 -0.000000000000206 99.999375169979089 0.499996875840588
0.342200000000000 1.000000000000348 0.500000000000175 -0.000000000000200 99.999375169979032 0.499996875841556
0.342300000000000 1.000000000000347 0.500000000000175 -0.000000000000195 99.999375169978578 0.499996875842459
0.342400000000000 1.000000000000346 0.500000000000174 -0.000000000000189 99.999375169978833 0.499996875843318
0.342500000000000 1.000000000000347 0.500000000000175 -0.000000000000183 99.999375169978947 0.499996875843948
0.342600000000000 1.000000000000348 0.500000000000174 -0.000000000000177 99.999375169979274 0.499996875844513
0.342700000000000 1.000000000000346 0.500000000000174 -0.000000000000171 99.999375169979444 0.499996875844950
0.342800000000000 1.000000000000348 0.500000000000175 -0.000000000000165 99.999375169978492 0.499996875845220
0.342900000000000 1.000000000000349 0.500000000000175 -0.000000000000160 99.999375169978549 0.499996875845416
0.343000000000000 1.000000000000349 0.500000000000174 -0.000000000000153 99.999375169978549 0.499996875845545
0.343100000000000 1.000000000000349 0.500000000000174 -0.000000000000147 99.999375169978379 0.499996875845552
0.343200000000000 1.000000000000347 0.500000000000174 -0.000000000000140 99.999375169979203 0.499996875845482
0.343300000000000 1.000000000000349 0.500000000000175 -0.000000000000133 99.999375169978578 0.499996875845276
0.343400000000000 1.000000000000349 0.500000000000175 -0.000000000000126 99.999375169978919 0.499996875845003
0.343500000000000 1.000000000000348 0.500000000000175 -0.000000000000119 99.999375169979203 0.499996875844689
0.343600000000000 1.000000000000349 0.500000000000174 -0.000000000000112 99.999375169978947 0.499996875844338
0.343700000000000 1.000000000000348 0.500000000000175 -0.000000000000105 99.999375169978791 0.499996875843898
0.343800000000000 1.000000000000348 0.500000000000174 -0.000000000000098 99.999375169978919 0.499996875843446
0.343900000000000 1.000000000000350 0.500000000000175 -0.000000000000090 99.999375169979032 0.499996875842918
0.344000000000000 1.000000000000348 0.500000000000174 -0.000000000000084 99.999375169978805 0.499996875842377
0.344100000000000 1.000000000000348 0.500000000000175 -0.000000000000076 99.999375169978862 0.499996875841807
0.344200000000000 1.000000000000347 0.500000000000174 -0.000000000000069 99.999375169978848 0.499996875841247
0.344300000000000 1.000000000000349 0.500000000000175 -0.000000000000064 99.999375169978848 0.499996875840655
0.344400000000000 1.000000000000349 0.500000000000174 -0.000000000000056 99.999375169978919 0.499996875840107
0.344500000000000 1.000000000000350 0.500000000000174 -0.000000000000049 99.999375169978890 0.499996875839551
0.344600000000000 1.000000000000348 0.500000000000175 -0.000000000000041 99.999375169978947 0.499996875838954
0.344700000000000 1.000000000000349 0.500000000000174 -0.000000000000033 99.999375169978890 0.499996875838498
0.344800000000000 1.000000000000348 0.500000000000175 -0.000000000000025 99.999375169979004 0.499996875837967
0.344900000000000 1.000000000000350 0.500000000000175 -0.000000000000018 99.999375169978819 0.499996875837518
0.345000000000000 1.000000000000350 0.500000000000175 -0.000000000000010 99.999375169979018 0.499996875837098
0.345100000000000 1.000000000000350 0.500000000000175 -0.000000000000003 99.999375169979118 0.499996875836758
0.345200000000000 1.000000000000350 0.500000000000175 0.000000000000005 99.999375169978947 0.499996875836432
0.345300000000000 1.000000000000351 0.500000000000176 0.000000000000012 99.999375169979061 0.499996875836168
0.345400000000000 1.000000000000352 0.500000000000175 0.000000000000019 99.999375169979075 0.499996875836019
0.345500000000000 1.000000000000352 0.500000000000176 0.000000000000026 99.999375169979061 0.499996875835831
0.345600000000000 1.000000000000353 0.500000000000176 0.000000000000034 99.999375169979118 0.499996875835764
0.345700000000000 1.000000000000351 0.500000000000176 0.000000000000041 99.999375169979231 0.499996875835769
0.345800000000000 1.000000000000351 0.500000000000176 0.000000000000048 99.999375169979174 0.499996875835789
0.345900000000000 1.000000000000351 0.500000000000176 0.000000000000055 99.999375169979132 0.499996875835906
0.346000000000000 1.000000000000352 0.500000000000176 0.000000000000061 99.999375169979174 0.499996875836094
0.346100000000000 1.000000000000353 0.500000000000176 0.000000000000067 99.999375169979118 0.499996875836306
0.346200000000000 1.000000000000352 0.500000000000176 0.000000000000074 99.999375169979061 0.499996875836597
0.346300000000000 1.000000000000351 0.500000000000176 0.000000000000083 99.999375169979231 0.499996875836936
0.346400000000000 1.000000000000352 0.500000000000176 0.000000000000091 99.999375169979260 0.499996875837342
0.346500000000000 1.000000000000352 0.500000000000176 0.000000000000098 99.999375169979345 0.499996875837773
0.346600000000000 1.000000000000351 0.500000000000177 0.000000000000105 99.999375169979217 0.499996875838188
0.346700000000000 1.000000000000352 0.500000000000177 0.000000000000111 99.999375169979345 0.499996875838709
0.346800000000000 1.000000000000354 0.500000000000177 0.000000000000119 99.999375169979331 0.499996875839254
0.346900000000000 1.000000000000351 0.500000000000177 0.000000000000125 99.999375169979317 0.499996875839821
0.347000000000000 1.000000000000352 0.500000000000177 0.000000000000133 99.999375169979459 0.499996875840337
0.347100000000000 1.000000000000353 0.500000000000177 0.000000000000140 99.999375169979373 0.499996875840928
0.347200000000000 1.000000000000353 0.500000000000177 0.000000000000146 99.999375169979274 0.499996875841480
0.347300000000000 1.000000000000353 0.500000000000177 0.000000000000153 99.999375169979317 0.499996875842114
0.347400000000000 1.000000000000353 0.500000000000177 0.000000000000160 99.999375169979430 0.499996875842642
0.347500000000000 1.000000000000353 0.500000000000177 0.000000000000168 99.999375169979402 0.499996875843184
0.347600000000000 1.000000000000355 0.500000000000178 0.000000000000174 99.999375169979572 0.499996875843649
0.347700000000000 1.000000000000353 0.500000000000177 0.000000000000181 99.999375169979345 0.499996875844128
0.347800000000000 1.000000000000355 0.500000000000178 0.000000000000188 99.999375169979515 0.499996875844490
0.347900000000000 1.000000000000353 0.500000000000178 0.000000000000194 99.999375169979430 0.499996875844832
0.348000000000000 1.000000000000354 0.500000000000178 0.000000000000202 99.999375169979459 0.499996875845109
0.348100000000000 1.000000000000353 0.500000000000178 0.000000000000208 99.999375169979373 0.499996875845321
0.348200000000000 1.000000000000354 0.500000000000178 0.000000000000214 99.999375169979444 0.499996875845468
0.348300000000000 1.000000000000353 0.500000000000177 0.000000000000221 99.999375169979473 0.499996875845515
0.348400000000000 1.000000000000354 0.500000000000178 0.000000000000227 99.999375169979473 0.499996875845390
0.348500000000000 1.000000000000354 0.500000000000178 0.000000000000232 99.999375169979487 0.499996875845258
0.348600000000000 1.000000000000355 0.500000000000178 0.000000000000238 99.999375169979402 0.499996875844970
0.348700000000000 1.000000000000355 0.500000000000178 0.000000000000243 99.999375169979473 0.499996875844638
0.348800000000000 1.000000000000355 0.500000000000179 0.000000000000248 99.999375169979430 0.499996875844108
0.348900000000000 1.000000000000355 0.500000000000178 0.000000000000252 99.999375169979317 0.499996875843500
0.349000000000000 1.000000000000354 0.500000000000179 0.000000000000258 99.999375169979515 0.499996875842757
0.349100000000000 1.000000000000356 0.500000000000178 0.000000000000263 99.999375169979572 0.499996875841928
0.349200000000000 1.000000000000355 0.500000000000179 0.000000000000267 99.999375169979686 0.499996875840875
0.349300000000000 1.000000000000354 0.500000000000179 0.000000000000271 99.999375169979615 0.499996875839787
0.349400000000000 1.000000000000357 0.500000000000179 0.000000000000276 99.999375169979515 0.499996875838531
0.349500000000000 1.000000000000356 0.500000000000180 0.000000000000282 99.999375169979558 0.499996875837119
0.349600000000000 1.000000000000356 0.500000000000180 0.000000000000288 99.999375169979714 0.499996875835638
0.349700000000000 1.000000000000355 0.500000000000180 0.000000000000292 99.999375169979643 0.499996875834033
0.349800000000000 1.000000000000356 0.500000000000180 0.000000000000296 99.999375169979800 0.499996875832246
0.349900000000000 1.000000000000357 0.500000000000180 0.000000000000301 99.999375169979857 0.499996875830385
0.350000000000000 1.000000000000357 0.500000000000180 0.000000000000304 99.999375169979942 0.499996875828405
0.350100000000000 1.000000000000358 0.500000000000181 0.000000000000308 99.999375169979729 0.499996875826309
0.350200000000000 1.000000000000357 0.500000000000180 0.000000000000312 99.999375169979857 0.499996875824137
0.350300000000000 1.000000000000358 0.500000000000181 0.000000000000316 99.999375169979857 0.499996875821809
0.350400000000000 1.000000000000358 0.500000000000181 0.000000000000320 99.999375169979942 0.499996875819451
0.350500000000000 1.000000000000358 0.500000000000181 0.000000000000325 99.999375169979842 0.499996875816983
0.350600000000000 1.000000000000358 0.500000000000181 0.000000000000328 99.999375169979771 0.499996875814479
0.350700000000000 1.000000000000360 0.500000000000182 0.000000000000331 99.999375169979785 0.499996875811858
0.350800000000000 1.000000000000359 0.500000000000182 0.000000000000334 99.999375169979913 0.499996875809177
0.350900000000000 1.000000000000359 0.500000000000181 0.000000000000336 99.999375169980070 0.499996875806576
0.351000000000000 1.000000000000359 0.500000000000182 0.000000000000339 99.999375169979942 0.499996875803823
0.351100000000000 1.000000000000358 0.500000000000182 0.000000000000343 99.999375169979942 0.499996875801067
0.351200000000000 1.000000000000358 0.500000000000182 0.000000000000345 99.999375169979942 0.499996875798322
0.351300000000000 1.000000000000358 0.500000000000181 0.000000000000346 99.999375169979999 0.499996875795616
0.351400000000000 1.000000000000357 0.500000000000182 0.000000000000349 99.999375169979672 0.499996875792831
0.351500000000000 1.000000000000358 0.500000000000182 0.000000000000351 99.999375169979842 0.499996875790137
0.351600000000000 1.000000000000359 0.500000000000182 0.000000000000354 99.999375169979800 0.499996875787439
0.351700000000000 1.000000000000359 0.500000000000183 0.000000000000355 99.999375169980169 0.499996875784811
0.351800000000000 1.000000000000359 0.500000000000182 0.000000000000357 99.999375169980141 0.499996875782299
0.351900000000000 1.000000000000360 0.500000000000183 0.000000000000358 99.999375169979999 0.499996875779762
0.352000000000000 1.000000000000359 0.500000000000183 0.000000000000359 99.999375169979686 0.499996875777350
0.352100000000000 1.000000000000360 0.500000000000183 0.000000000000361 99.999375169979857 0.499996875775039
0.352200000000000 1.000000000000359 0.500000000000183 0.000000000000363 99.999375169980084 0.499996875772827
0.352300000000000 1.000000000000359 0.500000000000183 0.000000000000364 99.999375169979785 0.499996875770745
0.352400000000000 1.000000000000361 0.500000000000183 0.000000000000365 99.999375169979857 0.499996875768763
0.352500000000000 1.000000000000359 0.500000000000184 0.000000000000365 99.999375169980169 0.499996875766899
0.352600000000000 1.000000000000359 0.500000000000183 0.000000000000365 99.999375169979970 0.499996875765207
0.352700000000000 1.000000000000360 0.500000000000183 0.000000000000366 99.999375169980084 0.499996875763678
0.352800000000000 1.000000000000360 0.500000000000183 0.000000000000366 99.999375169979885 0.499996875762301
0.352900000000000 1.000000000000360 0.500000000000183 0.000000000000366 99.999375169980198 0.499996875761066
0.353000000000000 1.000000000000360 0.500000000000184 0.000000000000367 99.999375169980141 0.499996875759959
0.353100000000000 1.000000000000360 0.500000000000184 0.000000000000366 99.999375169980169 0.499996875759136
0.353200000000000 1.000000000000361 0.500000000000184 0.000000000000366 99.999375169980127 0.499996875758420
0.353300000000000 1.000000000000361 0.500000000000184 0.000000000000365 99.999375169980169 0.499996875757916
0.353400000000000 1.000000000000362 0.500000000000185 0.000000000000365 99.999375169980112 0.499996875757552
0.353500000000000 1.000000000000361 0.500000000000185 0.000000000000365 99.999375169980141 0.499996875757416
0.353600000000000 1.000000000000361 0.500000000000185 0.000000000000364 99.999375169980226 0.499996875757458
0.353700000000000 1.000000000000362 0.500000000000185 0.000000000000363 99.999375169980397 0.499996875757704
0.353800000000000 1.000000000000360 0.500000000000185 0.000000000000361 99.999375169980269 0.499996875758120
0.353900000000000 1.000000000000362 0.500000000000186 0.000000000000360 99.999375169980269 0.499996875758699
0.354000000000000 1.000000000000364 0.500000000000186 0.000000000000358 99.999375169980368 0.499996875759490
0.354100000000000 1.000000000000363 0.500000000000186 0.000000000000357 99.999375169980368 0.499996875760430
0.354200000000000 1.000000000000364 0.500000000000186 0.000000000000354 99.999375169980610 0.499996875761578
0.354300000000000 1.000000000000363 0.500000000000186 0.000000000000353 99.999375169980368 0.499996875762874
0.354400000000000 1.000000000000365 0.500000000000186 0.000000000000350 99.999375169980297 0.499996875764325
0.354500000000000 1.000000000000363 0.500000000000186 0.000000000000349 99.999375169980453 0.499996875765974
0.354600000000000 1.000000000000363 0.500000000000187 0.000000000000348 99.999375169980482 0.499996875767704
0.354700000000000 1.000000000000363 0.500000000000187 0.000000000000345 99.999375169980397 0.499996875769568
0.354800000000000 1.000000000000363 0.500000000000187 0.000000000000344 99.999375169980425 0.499996875771615
0.354900000000000 1.000000000000365 0.500000000000187 0.000000000000341 99.999375169980226 0.499996875773784
0.355000000000000 1.000000000000363 0.500000000000186 0.000000000000339 99.999375169980311 0.499996875776072
0.355100000000000 1.000000000000364 0.500000000000188 0.000000000000337 99.999375169980311 0.499996875778359
0.355200000000000 1.000000000000364 0.500000000000187 0.000000000000334 99.999375169980510 0.499996875780889
0.355300000000000 1.000000000000363 0.500000000000188 0.000000000000331 99.999375169980482 0.499996875783341
0.355400000000000 1.000000000000364 0.500000000000187 0.000000000000326 99.999375169980468 0.499996875785964
0.355500000000000 1.000000000000363 0.500000000000187 0.000000000000324 99.999375169980482 0.499996875788637
0.355600000000000 1.000000000000365 0.500000000000187 0.000000000000321 99.999375169979970 0.499996875791325
0.355700000000000 1.000000000000363 0.500000000000188 0.000000000000318 99.999375169980510 0.499996875794015
0.355800000000000 1.000000000000363 0.500000000000188 0.000000000000315 99.999375169980866 0.499996875796772
0.355900000000000 1.000000000000363 0.500000000000188 0.000000000000310 99.999375169980553 0.499996875799516
0.356000000000000 1.000000000000363 0.500000000000187 0.000000000000306 99.999375169980269 0.499996875802301
0.356100000000000 1.000000000000363 0.500000000000187 0.000000000000302 99.999375169980084 0.499996875805034
0.356200000000000 1.000000000000363 0.500000000000188 0.000000000000298 99.999375169980411 0.499996875807700
0.356300000000000 1.000000000000363 0.500000000000188 0.000000000000293 99.999375169980496 0.499996875810350
0.356400000000000 1.000000000000364 0.500000000000188 0.000000000000288 99.999375169980539 0.499996875812985
0.356500000000000 1.000000000000363 0.500000000000188 0.000000000000284 99.999375169979970 0.499996875815574
0.356600000000000 1.000000000000365 0.500000000000188 0.000000000000278 99.999375169981434 0.499996875818074
0.356700000000000 1.000000000000363 0.500000000000189 0.000000000000273 99.999375169981050 0.499996875820461
0.356800000000000 1.000000000000364 0.500000000000189 0.000000000000267 99.999375169980468 0.499996875822805
0.356900000000000 1.000000000000365 0.500000000000189 0.000000000000262 99.999375169980084 0.499996875825064
0.357000000000000 1.000000000000364 0.500000000000189 0.000000000000258 99.999375169980397 0.499996875827206
0.357100000000000 1.000000000000365 0.500000000000189 0.000000000000252 99.999375169980269 0.499996875829247
0.357200000000000 1.000000000000363 0.500000000000189 0.000000000000247 99.999375169980354 0.499996875831177
0.357300000000000 1.000000000000366 0.500000000000189 0.000000000000243 99.999375169980141 0.499996875832994
0.357400000000000 1.000000000000365 0.500000000000189 0.000000000000239 99.999375169979970 0.499996875834662
0.357500000000000 1.000000000000366 0.500000000000189 0.000000000000233 99.999375169980439 0.499996875836224
0.357600000000000 1.000000000000366 0.500000000000189 0.000000000000227 99.999375169980766 0.499996875837722
0.357700000000000 1.000000000000365 0.500000000000190 0.000000000000221 99.999375169980894 0.499996875839011
0.357800000000000 1.000000000000365 0.500000000000190 0.000000000000215 99.999375169980240 0.499996875840176
0.357900000000000 1.000000000000366 0.500000000000190 0.000000000000209 99.999375169980766 0.499996875841224
0.358000000000000 1.000000000000365 0.500000000000190 0.000000000000204 99.999375169980652 0.499996875842141
0.358100000000000 1.000000000000365 0.500000000000189 0.000000000000198 99.999375169980567 0.499996875842997
0.358200000000000 1.000000000000364 0.500000000000189 0.000000000000191 99.999375169980624 0.499996875843675
0.358300000000000 1.000000000000366 0.500000000000189 0.000000000000185 99.999375169980198 0.499996875844210
0.358400000000000 1.000000000000365 0.500000000000190 0.000000000000180 99.999375169979970 0.499996875844664
0.358500000000000 1.000000000000366 0.500000000000190 0.000000000000173 99.999375169980624 0.499996875844983
0.358600000000000 1.000000000000366 0.500000000000190 0.000000000000167 99.999375169980311 0.499996875845187
0.358700000000000 1.000000000000365 0.500000000000190 0.000000000000162 99.999375169980866 0.499996875845321
0.358800000000000 1.000000000000367 0.500000000000191 0.000000000000156 99.999375169980638 0.499996875845291
0.358900000000000 1.000000000000366 0.500000000000191 0.000000000000149 99.999375169980652 0.499996875845234
0.359000000000000 1.000000000000367 0.500000000000190 0.000000000000143 99.999375169980482 0.499996875845090
0.359100000000000 1.000000000000366 0.500000000000191 0.000000000000137 99.999375169980169 0.499996875844828
0.359200000000000 1.000000000000366 0.500000000000191 0.000000000000130 99.999375169980027 0.499996875844527
0.359300000000000 1.000000000000367 0.500000000000190 0.000000000000124 99.999375169980397 0.499996875844175
0.359400000000000 1.000000000000367 0.500000000000191 0.000000000000116 99.999375169980425 0.499996875843727
0.359500000000000 1.000000000000368 0.500000000000190 0.000000000000109 99.999375169981306 0.499996875843290
0.359600000000000 1.000000000000367 0.500000000000191 0.000000000000103 99.999375169980624 0.499996875842721
0.359700000000000 1.000000000000368 0.500000000000191 0.000000000000096 99.999375169980681 0.499996875842206
0.359800000000000 1.000000000000367 0.500000000000191 0.000000000000089 99.999375169980851 0.499996875841654
0.359900000000000 1.000000000000367 0.500000000000191 0.000000000000082 99.999375169980780 0.499996875841089
0.360000000000000 1.000000000000369 0.500000000000191 0.000000000000076 99.999375169980624 0.499996875840510
0.360100000000000 1.000000000000367 0.500000000000191 0.000000000000069 99.999375169980951 0.499996875839921
0.360200000000000 1.000000000000367 0.500000000000191 0.000000000000063 99.999375169980823 0.499996875839355
0.360300000000000 1.000000000000368 0.500000000000191 0.000000000000056 99.999375169980823 0.499996875838830
0.360400000000000 1.000000000000368 0.500000000000192 0.000000000000049 99.999375169980823 0.499996875838258
0.360500000000000 1.000000000000368 0.500000000000192 0.000000000000042 99.999375169980453 0.499996875837805
0.360600000000000 1.000000000000369 0.500000000000191 0.000000000000035 99.999375169980567 0.499996875837371
0.360700000000000 1.000000000000368 0.500000000000192 0.000000000000029 99.999375169981391 0.499996875836938
0.360800000000000 1.000000000000369 0.500000000000191 0.000000000000021 99.999375169981377 0.499996875836593
0.360900000000000 1.000000000000369 0.500000000000192 0.000000000000015 99.999375169980510 0.499996875836229
0.361000000000000 1.000000000000369 0.500000000000192 0.000000000000009 99.999375169980596 0.499996875836010
0.361100000000000 1.000000000000370 0.500000000000192 0.000000000000000 99.999375169981477 0.499996875835797
0.361200000000000 1.000000000000369 0.500000000000191 -0.000000000000006 99.999375169980510 0.499996875835669
0.361300000000000 1.000000000000368 0.500000000000192 -0.000000000000013 99.999375169980496 0.499996875835563
0.361400000000000 1.000000000000370 0.500000000000191 -0.000000000000021 99.999375169980482 0.499996875835574
0.361500000000000 1.000000000000370 0.500000000000192 -0.000000000000027 99.999375169981448 0.499996875835578
0.361600000000000 1.000000000000369 0.500000000000192 -0.000000000000034 99.999375169981533 0.499996875835689
0.361700000000000 1.000000000000371 0.500000000000193 -0.000000000000042 99.999375169981334 0.499996875835812
0.361800000000000 1.000000000000369 0.500000000000192 -0.000000000000047 99.999375169980752 0.499996875836074
0.361900000000000 1.000000000000370 0.500000000000193 -0.000000000000054 99.999375169981505 0.499996875836321
0.362000000000000 1.000000000000371 0.500000000000193 -0.000000000000061 99.999375169980553 0.499996875836636
0.362100000000000 1.000000000000370 0.500000000000193 -0.000000000000067 99.999375169981448 0.499996875837066
0.362200000000000 1.000000000000371 0.500000000000193 -0.000000000000074 99.999375169981136 0.499996875837444
0.362300000000000 1.000000000000371 0.500000000000193 -0.000000000000081 99.999375169981249 0.499996875837925
0.362400000000000 1.000000000000370 0.500000000000192 -0.000000000000089 99.999375169981107 0.499996875838465
0.362500000000000 1.000000000000371 0.500000000000193 -0.000000000000097 99.999375169981121 0.499996875838953
0.362600000000000 1.000000000000370 0.500000000000193 -0.000000000000104 99.999375169981050 0.499996875839475
0.362700000000000 1.000000000000371 0.500000000000193 -0.000000000000110 99.999375169981136 0.499996875840060
0.362800000000000 1.000000000000373 0.500000000000193 -0.000000000000117 99.999375169981079 0.499996875840632
0.362900000000000 1.000000000000371 0.500000000000193 -0.000000000000122 99.999375169981164 0.499996875841251
0.363000000000000 1.000000000000371 0.500000000000193 -0.000000000000129 99.999375169980993 0.499996875841803
0.363100000000000 1.000000000000370 0.500000000000193 -0.000000000000136 99.999375169981121 0.499996875842346
0.363200000000000 1.000000000000372 0.500000000000193 -0.000000000000142 99.999375169981192 0.499996875842861
0.363300000000000 1.000000000000372 0.500000000000193 -0.000000000000148 99.999375169981221 0.499996875843369
0.363400000000000 1.000000000000369 0.500000000000192 -0.000000000000155 99.999375169981136 0.499996875843827
0.363500000000000 1.000000000000371 0.500000000000192 -0.000000000000162 99.999375169981079 0.499996875844275
0.363600000000000 1.000000000000371 0.500000000000193 -0.000000000000168 99.999375169981107 0.499996875844574
0.363700000000000 1.000000000000371 0.500000000000193 -0.000000000000174 99.999375169981136 0.499996875844864
0.363800000000000 1.000000000000371 0.500000000000193 -0.000000000000180 99.999375169981136 0.499996875845071
0.363900000000000 1.000000000000372 0.500000000000192 -0.000000000000187 99.999375169981107 0.499996875845231
0.364000000000000 1.000000000000372 0.500000000000192 -0.000000000000193 99.999375169981192 0.499996875845297
0.364100000000000 1.000000000000371 0.500000000000193 -0.000000000000198 99.999375169981221 0.499996875845209
0.364200000000000 1.000000000000371 0.500000000000192 -0.000000000000203 99.999375169981221 0.499996875845077
0.364300000000000 1.000000000000371 0.500000000000193 -0.000000000000209 99.999375169981064 0.499996875844818
0.364400000000000 1.000000000000372 0.500000000000192 -0.000000000000215 99.999375169981107 0.499996875844475
0.364500000000000 1.000000000000371 0.500000000000193 -0.000000000000222 99.999375169981164 0.499996875843943
0.364600000000000 1.000000000000370 0.500000000000192 -0.000000000000227 99.999375169981292 0.499996875843370
0.364700000000000 1.000000000000372 0.500000000000192 -0.000000000000234 99.999375169981292 0.499996875842637
0.364800000000000 1.000000000000372 0.500000000000193 -0.000000000000238 99.999375169981263 0.499996875841794
0.364900000000000 1.000000000000372 0.500000000000193 -0.000000000000243 99.999375169981420 0.499996875840818
0.365000000000000 1.000000000000372 0.500000000000192 -0.000000000000249 99.999375169981278 0.499996875839742
0.365100000000000 1.000000000000372 0.500000000000193 -0.000000000000254 99.999375169981320 0.499996875838484
0.365200000000000 1.000000000000373 0.500000000000193 -0.000000000000259 99.999375169981391 0.499996875837113
0.365300000000000 1.000000000000372 0.500000000000193 -0.000000000000264 99.999375169981235 0.499996875835636
0.365400000000000 1.000000000000372 0.500000000000192 -0.000000000000268 99.999375169981263 0.499996875834066
0.365500000000000 1.000000000000372 0.500000000000192 -0.000000000000273 99.999375169981448 0.499996875832336
0.365600000000000 1.000000000000372 0.500000000000192 -0.000000000000278 99.999375169981306 0.499996875830461
0.365700000000000 1.000000000000374 0.500000000000193 -0.000000000000283 99.999375169981349 0.499996875828470
0.365800000000000 1.000000000000372 0.500000000000192 -0.000000000000286 99.999375169981263 0.499996875826416
0.365900000000000 1.000000000000373 0.500000000000192 -0.000000000000291 99.999375169981420 0.499996875824246
0.366000000000000 1.000000000000373 0.500000000000192 -0.000000000000294 99.999375169981306 0.499996875821947
0.366100000000000 1.000000000000374 0.500000000000193 -0.000000000000298 99.999375169981249 0.499996875819535
0.366200000000000 1.000000000000372 0.500000000000192 -0.000000000000302 99.999375169981278 0.499996875817155
0.366300000000000 1.000000000000372 0.500000000000192 -0.000000000000305 99.999375169981306 0.499996875814612
0.366400000000000 1.000000000000373 0.500000000000192 -0.000000000000308 99.999375169981420 0.499996875812014
0.366500000000000 1.000000000000374 0.500000000000193 -0.000000000000312 99.999375169981377 0.499996875809341
0.366600000000000 1.000000000000374 0.500000000000193 -0.000000000000315 99.999375169981619 0.499996875806652
0.366700000000000 1.000000000000373 0.500000000000192 -0.000000000000318 99.999375169981320 0.499996875803973
0.366800000000000 1.000000000000375 0.500000000000192 -0.000000000000322 99.999375169981590 0.499996875801259
0.366900000000000 1.000000000000372 0.500000000000193 -0.000000000000324 99.999375169981562 0.499996875798456
0.367000000000000 1.000000000000373 0.500000000000193 -0.000000000000327 99.999375169981562 0.499996875795666
0.367100000000000 1.000000000000374 0.500000000000193 -0.000000000000329 99.999375169981491 0.499996875792965
0.367200000000000 1.000000000000375 0.500000000000192 -0.000000000000330 99.999375169981860 0.499996875790283
0.367300000000000 1.000000000000374 0.500000000000193 -0.000000000000332 99.999375169981533 0.499996875787566
0.367400000000000 1.000000000000375 0.500000000000192 -0.000000000000334 99.999375169981704 0.499996875784966
0.367500000000000 1.000000000000375 0.500000000000193 -0.000000000000337 99.999375169981590 0.499996875782362
0.367600000000000 1.000000000000376 0.500000000000192 -0.000000000000339 99.999375169981619 0.499996875779873
0.367700000000000 1.000000000000375 0.500000000000193 -0.000000000000340 99.999375169981619 0.499996875777452
0.367800000000000 1.000000000000376 0.500000000000193 -0.000000000000341 99.999375169981789 0.499996875775122
0.367900000000000 1.000000000000375 0.500000000000193 -0.000000000000343 99.999375169981633 0.499996875772882
0.368000000000000 1.000000000000376 0.500000000000192 -0.000000000000343 99.999375169981761 0.499996875770788
0.368100000000000 1.000000000000375 0.500000000000192 -0.000000000000344 99.999375169981590 0.499996875768789
0.368200000000000 1.000000000000377 0.500000000000193 -0.000000000000344 99.999375169981590 0.499996875766925
0.368300000000000 1.000000000000377 0.500000000000192 -0.000000000000345 99.999375169981704 0.499996875765219
0.368400000000000 1.000000000000376 0.500000000000193 -0.000000000000345 99.999375169981619 0.499996875763635
0.368500000000000 1.000000000000376 0.500000000000192 -0.000000000000347 99.999375169981718 0.499996875762238
0.368600000000000 1.000000000000377 0.500000000000192 -0.000000000000348 99.999375169981761 0.499996875761007
0.368700000000000 1.000000000000376 0.500000000000193 -0.000000000000349 99.999375169981704 0.499996875759898
0.368800000000000 1.000000000000376 0.500000000000192 -0.000000000000348 99.999375169981647 0.499996875759009
0.368900000000000 1.000000000000378 0.500000000000193 -0.000000000000347 99.999375169981903 0.499996875758281
0.369000000000000 1.000000000000377 0.500000000000191 -0.000000000000347 99.999375169981676 0.499996875757812
0.369100000000000 1.000000000000376 0.500000000000193 -0.000000000000348 99.999375169981633 0.499996875757385
0.369200000000000 1.000000000000376 0.500000000000192 -0.000000000000347 99.999375169981690 0.499996875757271
0.369300000000000 1.000000000000377 0.500000000000192 -0.000000000000345 99.999375169981818 0.499996875757240
0.369400000000000 1.000000000000377 0.500000000000192 -0.000000000000345 99.999375169981590 0.499996875757433
0.369500000000000 1.000000000000377 0.500000000000193 -0.000000000000343 99.999375169981704 0.499996875757839
0.369600000000000 1.000000000000378 0.500000000000192 -0.000000000000342 99.999375169981818 0.499996875758419
0.369700000000000 1.000000000000377 0.500000000000192 -0.000000000000340 99.999375169981747 0.499996875759212
0.369800000000000 1.000000000000378 0.500000000000193 -0.000000000000340 99.999375169981874 0.499996875760095
0.369900000000000 1.000000000000379 0.500000000000192 -0.000000000000339 99.999375169981931 0.499996875761225
0.370000000000000 1.000000000000377 0.500000000000192 -0.000000000000337 99.999375169981789 0.499996875762506
0.370100000000000 1.000000000000377 0.500000000000192 -0.000000000000335 99.999375169982116 0.499996875763940
0.370200000000000 1.000000000000379 0.500000000000193 -0.000000000000334 99.999375169981747 0.499996875765518
0.370300000000000 1.000000000000379 0.500000000000192 -0.000000000000332 99.999375169982017 0.499996875767306
0.370400000000000 1.000000000000379 0.500000000000191 -0.000000000000330 99.999375169981818 0.499996875769221
0.370500000000000 1.000000000000378 0.500000000000191 -0.000000000000329 99.999375169981860 0.499996875771219
0.370600000000000 1.000000000000378 0.500000000000192 -0.000000000000327 99.999375169981931 0.499996875773332
0.370700000000000 1.000000000000379 0.500000000000192 -0.000000000000324 99.999375169981988 0.499996875775577
0.370800000000000 1.000000000000377 0.500000000000192 -0.000000000000321 99.999375169981874 0.499996875777924
0.370900000000000 1.000000000000378 0.500000000000191 -0.000000000000316 99.999375169981903 0.499996875780394
0.371000000000000 1.000000000000378 0.500000000000192 -0.000000000000313 99.999375169982073 0.499996875782848
0.371100000000000 1.000000000000379 0.500000000000192 -0.000000000000311 99.999375169981789 0.499996875785462
0.371200000000000 1.000000000000379 0.500000000000191 -0.000000000000307 99.999375169982045 0.499996875788124
0.371300000000000 1.000000000000379 0.500000000000191 -0.000000000000304 99.999375169981846 0.499996875790823
0.371400000000000 1.000000000000379 0.500000000000193 -0.000000000000302 99.999375169981533 0.499996875793493
0.371500000000000 1.000000000000379 0.500000000000192 -0.000000000000299 99.999375169982017 0.499996875796265
0.371600000000000 1.000000000000378 0.500000000000192 -0.000000000000296 99.999375169981619 0.499996875799004
0.371700000000000 1.000000000000379 0.500000000000192 -0.000000000000292 99.999375169981874 0.499996875801746
0.371800000000000 1.000000000000379 0.500000000000192 -0.000000000000290 99.999375169982457 0.499996875804482
0.371900000000000 1.000000000000378 0.500000000000191 -0.000000000000285 99.999375169982045 0.499996875807214
0.372000000000000 1.000000000000379 0.500000000000192 -0.000000000000281 99.999375169981832 0.499996875809863
0.372100000000000 1.000000000000381 0.500000000000192 -0.000000000000277 99.999375169981988 0.499996875812449
0.372200000000000 1.000000000000380 0.500000000000191 -0.000000000000275 99.999375169981420 0.499996875815070
0.372300000000000 1.000000000000378 0.500000000000191 -0.000000000000270 99.999375169982230 0.499996875817583
0.372400000000000 1.000000000000380 0.500000000000192 -0.000000000000266 99.999375169981960 0.499996875819986
0.372500000000000 1.000000000000381 0.500000000000192 -0.000000000000261 99.999375169982216 0.499996875822357
0.372600000000000 1.000000000000380 0.500000000000192 -0.000000000000256 99.999375169982216 0.499996875824573
0.372700000000000 1.000000000000381 0.500000000000191 -0.000000000000251 99.999375169982073 0.499996875826782
0.372800000000000 1.000000000000380 0.500000000000192 -0.000000000000247 99.999375169981732 0.499996875828813
0.372900000000000 1.000000000000381 0.500000000000191 -0.000000000000242 99.999375169982784 0.499996875830767
0.373000000000000 1.000000000000381 0.500000000000192 -0.000000000000236 99.999375169982386 0.499996875832578
0.373100000000000 1.000000000000381 0.500000000000192 -0.000000000000230 99.999375169982386 0.499996875834264
0.373200000000000 1.000000000000381 0.500000000000191 -0.000000000000223 99.999375169982187 0.499996875835882
0.373300000000000 1.000000000000381 0.500000000000192 -0.000000000000218 99.999375169982315 0.499996875837327
0.373400000000000 1.000000000000380 0.500000000000191 -0.000000000000214 99.999375169982017 0.499996875838691
0.373500000000000 1.000000000000380 0.500000000000191 -0.000000000000209 99.999375169982230 0.499996875839902
0.373600000000000 1.000000000000381 0.500000000000192 -0.000000000000203 99.999375169982159 0.499996875840916
0.373700000000000 1.000000000000382 0.500000000000191 -0.000000000000197 99.999375169982130 0.499996875841905
0.373800000000000 1.000000000000380 0.500000000000192 -0.000000000000191 99.999375169982613 0.499996875842680
0.373900000000000 1.000000000000381 0.500000000000191 -0.000000000000186 99.999375169981732 0.499996875843398
0.374000000000000 1.000000000000381 0.500000000000192 -0.000000000000180 99.999375169982585 0.499996875843956
0.374100000000000 1.000000000000380 0.500000000000192 -0.000000000000172 99.999375169982656 0.499996875844414
0.374200000000000 1.000000000000381 0.500000000000191 -0.000000000000166 99.999375169981846 0.499996875844757
0.374300000000000 1.000000000000381 0.500000000000191 -0.000000000000160 99.999375169982684 0.499996875844996
0.374400000000000 1.000000000000381 0.500000000000192 -0.000000000000153 99.999375169982727 0.499996875845102
0.374500000000000 1.000000000000380 0.500000000000191 -0.000000000000146 99.999375169982272 0.499996875845173
0.374600000000000 1.000000000000382 0.500000000000192 -0.000000000000139 99.999375169982258 0.499996875845047
0.374700000000000 1.000000000000383 0.500000000000192 -0.000000000000133 99.999375169982329 0.499996875844905
0.374800000000000 1.000000000000382 0.500000000000192 -0.000000000000127 99.999375169982216 0.499996875844684
0.374900000000000 1.000000000000383 0.500000000000192 -0.000000000000120 99.999375169982301 0.499996875844357
0.375000000000000 1.000000000000383 0.500000000000192 -0.000000000000112 99.999375169982244 0.499996875844012
0.375100000000000 1.000000000000383 0.500000000000192 -0.000000000000105 99.999375169982343 0.499996875843580
0.375200000000000 1.000000000000383 0.500000000000191 -0.000000000000097 99.999375169982358 0.499996875843188
0.375300000000000 1.000000000000384 0.500000000000192 -0.000000000000089 99.999375169982457 0.499996875842620
0.375400000000000 1.000000000000383 0.500000000000192 -0.000000000000082 99.999375169982358 0.499996875842100
0.375500000000000 1.000000000000382 0.500000000000192 -0.000000000000075 99.999375169982329 0.499996875841546
0.375600000000000 1.000000000000383 0.500000000000192 -0.000000000000067 99.999375169982216 0.499996875840991
0.375700000000000 1.000000000000381 0.500000000000192 -0.000000000000059 99.999375169981818 0.499996875840384
0.375800000000000 1.000000000000383 0.500000000000192 -0.000000000000052 99.999375169981931 0.499996875839794
0.375900000000000 1.000000000000381 0.500000000000192 -0.000000000000044 99.999375169982784 0.499996875839264
0.376000000000000 1.000000000000382 0.500000000000192 -0.000000000000036 99.999375169981903 0.499996875838691
0.376100000000000 1.000000000000382 0.500000000000191 -0.000000000000030 99.999375169981874 0.499996875838212
0.376200000000000 1.000000000000382 0.500000000000192 -0.000000000000023 99.999375169982287 0.499996875837676
0.376300000000000 1.000000000000382 0.500000000000191 -0.000000000000016 99.999375169982216 0.499996875837244
0.376400000000000 1.000000000000383 0.500000000000191 -0.000000000000009 99.999375169982329 0.499996875836836
0.376500000000000 1.000000000000383 0.500000000000192 -0.000000000000003 99.999375169981420 0.499996875836431
0.376600000000000 1.000000000000384 0.500000000000192 0.000000000000005 99.999375169983153 0.499996875836104
0.376700000000000 1.000000000000382 0.500000000000192 0.000000000000013 99.999375169982329 0.499996875835838
0.376800000000000 1.000000000000382 0.500000000000192 0.000000000000018 99.999375169981434 0.499996875835630
0.376900000000000 1.000000000000383 0.500000000000192 0.000000000000025 99.999375169982329 0.499996875835501
0.377000000000000 1.000000000000383 0.500000000000192 0.000000000000032 99.999375169982329 0.499996875835394
0.377100000000000 1.000000000000383 0.500000000000192 0.000000000000038 99.999375169982414 0.499996875835356
0.377200000000000 1.000000000000383 0.500000000000192 0.000000000000044 99.999375169981533 0.499996875835417
0.377300000000000 1.000000000000385 0.500000000000192 0.000000000000050 99.999375169982358 0.499996875835509
0.377400000000000 1.000000000000382 0.500000000000192 0.000000000000058 99.999375169983367 0.499996875835651
0.377500000000000 1.000000000000383 0.500000000000193 0.000000000000064 99.999375169983281 0.499996875835846
0.377600000000000 1.000000000000384 0.500000000000192 0.000000000000071 99.999375169982443 0.499996875836134
0.377700000000000 1.000000000000383 0.500000000000192 0.000000000000078 99.999375169982443 0.499996875836484
0.377800000000000 1.000000000000383 0.500000000000193 0.000000000000086 99.999375169983296 0.499996875836832
0.377900000000000 1.000000000000384 0.500000000000192 0.000000000000094 99.999375169982002 0.499996875837301
0.378000000000000 1.000000000000386 0.500000000000193 0.000000000000102 99.999375169981960 0.499996875837695
0.378100000000000 1.000000000000384 0.500000000000193 0.000000000000108 99.999375169982144 0.499996875838210
0.378200000000000 1.000000000000384 0.500000000000193 0.000000000000116 99.999375169982784 0.499996875838708
0.378300000000000 1.000000000000383 0.500000000000193 0.000000000000122 99.999375169982045 0.499996875839294
0.378400000000000 1.000000000000384 0.500000000000193 0.000000000000129 99.999375169982471 0.499996875839842
0.378500000000000 1.000000000000385 0.500000000000192 0.000000000000136 99.999375169982429 0.499996875840458
0.378600000000000 1.000000000000384 0.500000000000193 0.000000000000143 99.999375169982500 0.499996875841013
0.378700000000000 1.000000000000385 0.500000000000193 0.000000000000150 99.999375169982528 0.499996875841572
0.378800000000000 1.000000000000384 0.500000000000193 0.000000000000156 99.999375169982500 0.499996875842131
0.378900000000000 1.000000000000384 0.500000000000193 0.000000000000164 99.999375169982471 0.499996875842654
0.379000000000000 1.000000000000384 0.500000000000193 0.000000000000171 99.999375169982471 0.499996875843174
0.379100000000000 1.000000000000384 0.500000000000193 0.000000000000177 99.999375169982571 0.499996875843618
0.379200000000000 1.000000000000385 0.500000000000194 0.000000000000185 99.999375169982500 0.499996875843986
0.379300000000000 1.000000000000384 0.500000000000193 0.000000000000193 99.999375169982557 0.499996875844402
0.379400000000000 1.000000000000385 0.500000000000193 0.000000000000199 99.999375169982571 0.499996875844704
0.379500000000000 1.000000000000385 0.500000000000193 0.000000000000204 99.999375169982585 0.499996875844914
0.379600000000000 1.000000000000385 0.500000000000193 0.000000000000211 99.999375169982628 0.499996875845064
0.379700000000000 1.000000000000386 0.500000000000195 0.000000000000217 99.999375169982727 0.499996875845063
0.379800000000000 1.000000000000385 0.500000000000194 0.000000000000222 99.999375169982727 0.499996875845042
0.379900000000000 1.000000000000387 0.500000000000194 0.000000000000227 99.999375169982613 0.499996875844902
0.380000000000000 1.000000000000386 0.500000000000194 0.000000000000232 99.999375169982756 0.499996875844692
0.380100000000000 1.000000000000386 0.500000000000194 0.000000000000236 99.999375169982756 0.499996875844306
0.380200000000000 1.000000000000386 0.500000000000195 0.000000000000240 99.999375169982684 0.499996875843853
0.380300000000000 1.000000000000386 0.500000000000194 0.000000000000245 99.999375169982827 0.499996875843308
0.380400000000000 1.000000000000386 0.500000000000195 0.000000000000250 99.999375169982585 0.499996875842575
0.380500000000000 1.000000000000387 0.500000000000195 0.000000000000254 99.999375169982642 0.499996875841724
0.380600000000000 1.000000000000385 0.500000000000195 0.000000000000259 99.999375169982670 0.499996875840771
0.380700000000000 1.000000000000386 0.500000000000195 0.000000000000265 99.999375169982784 0.499996875839686
0.380800000000000 1.000000000000385 0.500000000000195 0.000000000000269 99.999375169982699 0.499996875838475
0.380900000000000 1.000000000000387 0.500000000000195 0.000000000000273 99.999375169982670 0.499996875837134
0.381000000000000 1.000000000000386 0.500000000000195 0.000000000000277 99.999375169982756 0.499996875835675
0.381100000000000 1.000000000000386 0.500000000000195 0.000000000000282 99.999375169982812 0.499996875834082
0.381200000000000 1.000000000000387 0.500000000000195 0.000000000000286 99.999375169982784 0.499996875832359
0.381300000000000 1.000000000000388 0.500000000000195 0.000000000000291 99.999375169982784 0.499996875830522
0.381400000000000 1.000000000000387 0.500000000000195 0.000000000000294 99.999375169982841 0.499996875828560
0.381500000000000 1.000000000000386 0.500000000000196 0.000000000000298 99.999375169982756 0.499996875826461
0.381600000000000 1.000000000000386 0.500000000000196 0.000000000000303 99.999375169982670 0.499996875824292
0.381700000000000 1.000000000000386 0.500000000000196 0.000000000000306 99.999375169982599 0.499996875822050
0.381800000000000 1.000000000000388 0.500000000000196 0.000000000000310 99.999375169982599 0.499996875819678
0.381900000000000 1.000000000000387 0.500000000000196 0.000000000000312 99.999375169982756 0.499996875817259
0.382000000000000 1.000000000000388 0.500000000000196 0.000000000000316 99.999375169982955 0.499996875814749
0.382100000000000 1.000000000000389 0.500000000000196 0.000000000000319 99.999375169983011 0.499996875812182
0.382200000000000 1.000000000000388 0.500000000000197 0.000000000000322 99.999375169982955 0.499996875809533
0.382300000000000 1.000000000000390 0.500000000000197 0.000000000000325 99.999375169983068 0.499996875806823
0.382400000000000 1.000000000000387 0.500000000000197 0.000000000000329 99.999375169982940 0.499996875804138
0.382500000000000 1.000000000000389 0.500000000000198 0.000000000000331 99.999375169983040 0.499996875801363
0.382600000000000 1.000000000000388 0.500000000000197 0.000000000000334 99.999375169983097 0.499996875798636
0.382700000000000 1.000000000000389 0.500000000000198 0.000000000000336 99.999375169982955 0.499996875795841
0.382800000000000 1.000000000000389 0.500000000000197 0.000000000000339 99.999375169982926 0.499996875793155
0.382900000000000 1.000000000000389 0.500000000000197 0.000000000000342 99.999375169983082 0.499996875790481
0.383000000000000 1.000000000000389 0.500000000000197 0.000000000000344 99.999375169982727 0.499996875787769
0.383100000000000 1.000000000000388 0.500000000000197 0.000000000000348 99.999375169983040 0.499996875785107
0.383200000000000 1.000000000000389 0.500000000000197 0.000000000000349 99.999375169982756 0.499996875782548
0.383300000000000 1.000000000000390 0.500000000000198 0.000000000000351 99.999375169983097 0.499996875780006
0.383400000000000 1.000000000000389 0.500000000000197 0.000000000000352 99.999375169982983 0.499996875777625
0.383500000000000 1.000000000000390 0.500000000000198 0.000000000000352 99.999375169982812 0.499996875775219
0.383600000000000 1.000000000000390 0.500000000000198 0.000000000000353 99.999375169982955 0.499996875773013
0.383700000000000 1.000000000000390 0.500000000000198 0.000000000000354 99.999375169983040 0.499996875770904
0.383800000000000 1.000000000000390 0.500000000000198 0.000000000000355 99.999375169982969 0.499996875768886
0.383900000000000 1.000000000000389 0.500000000000198 0.000000000000355 99.999375169982940 0.499996875766975
0.384000000000000 1.000000000000389 0.500000000000198 0.000000000000355 99.999375169982898 0.499996875765280
0.384100000000000 1.000000000000389 0.500000000000198 0.000000000000355 99.999375169983097 0.499996875763685
0.384200000000000 1.000000000000390 0.500000000000198 0.000000000000357 99.999375169982983 0.499996875762267
0.384300000000000 1.000000000000389 0.500000000000198 0.000000000000359 99.999375169982926 0.499996875760998
0.384400000000000 1.000000000000390 0.500000000000199 0.000000000000359 99.999375169982912 0.499996875759868
0.384500000000000 1.000000000000389 0.500000000000199 0.000000000000360 99.999375169983011 0.499996875758951
0.384600000000000 1.000000000000390 0.500000000000199 0.000000000000359 99.999375169982841 0.499996875758241
0.384700000000000 1.000000000000389 0.500000000000199 0.000000000000359 99.999375169982955 0.499996875757640
0.384800000000000 1.000000000000389 0.500000000000198 0.000000000000360 99.999375169982812 0.499996875757289
0.384900000000000 1.000000000000391 0.500000000000199 0.000000000000359 99.999375169982883 0.499996875757097
0.385000000000000 1.000000000000389 0.500000000000199 0.000000000000359 99.999375169983040 0.499996875757103
0.385100000000000 1.000000000000391 0.500000000000200 0.000000000000358 99.999375169982898 0.499996875757249
0.385200000000000 1.000000000000390 0.500000000000199 0.000000000000357 99.999375169982997 0.499996875757663
0.385300000000000 1.000000000000390 0.500000000000199 0.000000000000356 99.999375169982855 0.499996875758201
0.385400000000000 1.000000000000389 0.500000000000200 0.000000000000355 99.999375169982926 0.499996875758907
0.385500000000000 1.000000000000390 0.500000000000199 0.000000000000353 99.999375169983068 0.499996875759862
0.385600000000000 1.000000000000390 0.500000000000199 0.000000000000352 99.999375169983011 0.499996875760969
0.385700000000000 1.000000000000389 0.500000000000200 0.000000000000350 99.999375169983011 0.499996875762186
0.385800000000000 1.000000000000389 0.500000000000200 0.000000000000347 99.999375169982983 0.499996875763625
0.385900000000000 1.000000000000390 0.500000000000200 0.000000000000346 99.999375169983068 0.499996875765200
0.386000000000000 1.000000000000392 0.500000000000201 0.000000000000345 99.999375169983111 0.499996875766893
0.386100000000000 1.000000000000391 0.500000000000200 0.000000000000344 99.999375169982983 0.499996875768801
0.386200000000000 1.000000000000389 0.500000000000200 0.000000000000343 99.999375169983011 0.499996875770779
0.386300000000000 1.000000000000391 0.500000000000200 0.000000000000341 99.999375169983068 0.499996875772906
0.386400000000000 1.000000000000391 0.500000000000200 0.000000000000339 99.999375169983253 0.499996875775169
0.386500000000000 1.000000000000389 0.500000000000201 0.000000000000337 99.999375169982926 0.499996875777464
0.386600000000000 1.000000000000391 0.500000000000201 0.000000000000334 99.999375169983239 0.499996875779895
0.386700000000000 1.000000000000392 0.500000000000201 0.000000000000331 99.999375169983196 0.499996875782399
0.386800000000000 1.000000000000391 0.500000000000201 0.000000000000329 99.999375169983111 0.499996875785010
0.386900000000000 1.000000000000390 0.500000000000202 0.000000000000325 99.999375169983125 0.499996875787607
0.387000000000000 1.000000000000390 0.500000000000201 0.000000000000323 99.999375169983239 0.499996875790325
0.387100000000000 1.000000000000392 0.500000000000201 0.000000000000320 99.999375169983040 0.499996875793058
0.387200000000000 1.000000000000392 0.500000000000201 0.000000000000318 99.999375169983182 0.499996875795786
0.387300000000000 1.000000000000392 0.500000000000202 0.000000000000313 99.999375169983210 0.499996875798510
0.387400000000000 1.000000000000391 0.500000000000202 0.000000000000309 99.999375169983182 0.499996875801260
0.387500000000000 1.000000000000393 0.500000000000203 0.000000000000305 99.999375169983210 0.499996875803963
0.387600000000000 1.000000000000391 0.500000000000202 0.000000000000302 99.999375169984106 0.499996875806734
0.387700000000000 1.000000000000391 0.500000000000202 0.000000000000298 99.999375169983338 0.499996875809382
0.387800000000000 1.000000000000391 0.500000000000203 0.000000000000293 99.999375169983523 0.499996875812008
0.387900000000000 1.000000000000391 0.500000000000202 0.000000000000287 99.999375169982770 0.499996875814589
0.388000000000000 1.000000000000392 0.500000000000202 0.000000000000284 99.999375169983665 0.499996875817127
0.388100000000000 1.000000000000391 0.500000000000202 0.000000000000278 99.999375169983281 0.499996875819601
0.388200000000000 1.000000000000392 0.500000000000203 0.000000000000273 99.999375169982912 0.499996875821904
0.388300000000000 1.000000000000391 0.500000000000203 0.000000000000269 99.999375169984162 0.499996875824192
0.388400000000000 1.000000000000393 0.500000000000203 0.000000000000262 99.999375169983836 0.499996875826303
0.388500000000000 1.000000000000393 0.500000000000203 0.000000000000257 99.999375169983708 0.499996875828412
0.388600000000000 1.000000000000393 0.500000000000204 0.000000000000251 99.999375169983338 0.499996875830318
0.388700000000000 1.000000000000393 0.500000000000203 0.000000000000245 99.999375169983409 0.499996875832221
0.388800000000000 1.000000000000394 0.500000000000204 0.000000000000239 99.999375169983409 0.499996875833901
0.388900000000000 1.000000000000393 0.500000000000204 0.000000000000234 99.999375169983011 0.499996875835515
0.389000000000000 1.000000000000395 0.500000000000204 0.000000000000228 99.999375169983125 0.499996875836991
0.389100000000000 1.000000000000394 0.500000000000204 0.000000000000223 99.999375169983153 0.499996875838321
0.389200000000000 1.000000000000395 0.500000000000204 0.000000000000219 99.999375169983310 0.499996875839567
0.389300000000000 1.000000000000393 0.500000000000204 0.000000000000212 99.999375169984020 0.499996875840651
0.389400000000000 1.000000000000394 0.500000000000204 0.000000000000206 99.999375169983125 0.499996875841609
0.389500000000000 1.000000000000394 0.500000000000204 0.000000000000201 99.999375169983836 0.499996875842452
0.389600000000000 1.000000000000393 0.500000000000204 0.000000000000194 99.999375169983438 0.499996875843189
0.389700000000000 1.000000000000394 0.500000000000205 0.000000000000188 99.999375169984006 0.499996875843742
0.389800000000000 1.000000000000394 0.500000000000204 0.000000000000182 99.999375169983836 0.499996875844211
0.389900000000000 1.000000000000395 0.500000000000204 0.000000000000177 99.999375169983125 0.499996875844592
0.390000000000000 1.000000000000395 0.500000000000205 0.000000000000170 99.999375169983153 0.499996875844798
0.390100000000000 1.000000000000393 0.500000000000204 0.000000000000164 99.999375169983466 0.499996875844982
0.390200000000000 1.000000000000394 0.500000000000204 0.000000000000157 99.999375169983551 0.499996875844982
0.390300000000000 1.000000000000394 0.500000000000205 0.000000000000150 99.999375169984006 0.499996875844892
0.390400000000000 1.000000000000395 0.500000000000204 0.000000000000142 99.999375169983026 0.499996875844799
0.390500000000000 1.000000000000393 0.500000000000204 0.000000000000135 99.999375169983551 0.499996875844595
0.390600000000000 1.000000000000396 0.500000000000205 0.000000000000129 99.999375169984432 0.499996875844251
0.390700000000000 1.000000000000394 0.500000000000205 0.000000000000122 99.999375169984347 0.499996875843940
0.390800000000000 1.000000000000394 0.500000000000205 0.000000000000116 99.999375169982613 0.499996875843523
0.390900000000000 1.000000000000395 0.500000000000204 0.000000000000109 99.999375169983495 0.499996875843074
0.391000000000000 1.000000000000396 0.500000000000205 0.000000000000102 99.999375169984063 0.499996875842558
0.391100000000000 1.000000000000396 0.500000000000206 0.000000000000095 99.999375169984035 0.499996875842004
0.391200000000000 1.000000000000395 0.500000000000205 0.000000000000089 99.999375169984205 0.499996875841441
0.391300000000000 1.000000000000396 0.500000000000205 0.000000000000083 99.999375169984091 0.499996875840895
0.391400000000000 1.000000000000396 0.500000000000205 0.000000000000076 99.999375169983708 0.499996875840337
0.391500000000000 1.000000000000395 0.500000000000206 0.000000000000070 99.999375169983594 0.499996875839703
0.391600000000000 1.000000000000397 0.500000000000206 0.000000000000063 99.999375169983608 0.499996875839144
0.391700000000000 1.000000000000398 0.500000000000206 0.000000000000055 99.999375169983551 0.499996875838628
0.391800000000000 1.000000000000396 0.500000000000206 0.000000000000048 99.999375169983836 0.499996875838074
0.391900000000000 1.000000000000396 0.500000000000206 0.000000000000041 99.999375169983821 0.499996875837566
0.392000000000000 1.000000000000396 0.500000000000206 0.000000000000034 99.999375169983864 0.499996875837121
0.392100000000000 1.000000000000398 0.500000000000206 0.000000000000028 99.999375169983807 0.499996875836671
0.392200000000000 1.000000000000397 0.500000000000206 0.000000000000022 99.999375169983892 0.499996875836280
0.392300000000000 1.000000000000397 0.500000000000206 0.000000000000014 99.999375169983892 0.499996875835958
0.392400000000000 1.000000000000398 0.500000000000206 0.000000000000009 99.999375169983978 0.499996875835720
0.392500000000000 1.000000000000398 0.500000000000206 0.000000000000003 99.999375169983907 0.499996875835471
0.392600000000000 1.000000000000399 0.500000000000206 -0.000000000000004 99.999375169983693 0.499996875835341
0.392700000000000 1.000000000000397 0.500000000000206 -0.000000000000012 99.999375169983708 0.499996875835236
0.392800000000000 1.000000000000397 0.500000000000206 -0.000000000000020 99.999375169983978 0.499996875835184
0.392900000000000 1.000000000000397 0.500000000000206 -0.000000000000028 99.999375169983779 0.499996875835226
0.393000000000000 1.000000000000398 0.500000000000206 -0.000000000000034 99.999375169983665 0.499996875835309
0.393100000000000 1.000000000000399 0.500000000000206 -0.000000000000041 99.999375169983921 0.499996875835454
0.393200000000000 1.000000000000397 0.500000000000206 -0.000000000000048 99.999375169983921 0.499996875835678
0.393300000000000 1.000000000000398 0.500000000000207 -0.000000000000055 99.999375169983878 0.499996875835912
0.393400000000000 1.000000000000401 0.500000000000206 -0.000000000000061 99.999375169984035 0.499996875836255
0.393500000000000 1.000000000000397 0.500000000000206 -0.000000000000067 99.999375169983907 0.499996875836644
0.393600000000000 1.000000000000398 0.500000000000207 -0.000000000000073 99.999375169984205 0.499996875837034
0.393700000000000 1.000000000000399 0.500000000000207 -0.000000000000079 99.999375169983949 0.499996875837481
0.393800000000000 1.000000000000400 0.500000000000207 -0.000000000000085 99.999375169984035 0.499996875837968
0.393900000000000 1.000000000000399 0.500000000000207 -0.000000000000091 99.999375169983935 0.499996875838513
0.394000000000000 1.000000000000399 0.500000000000207 -0.000000000000098 99.999375169983949 0.499996875839018
0.394100000000000 1.000000000000400 0.500000000000207 -0.000000000000105 99.999375169983949 0.499996875839599
0.394200000000000 1.000000000000401 0.500000000000207 -0.000000000000112 99.999375169984006 0.499996875840179
0.394300000000000 1.000000000000399 0.500000000000207 -0.000000000000117 99.999375169983949 0.499996875840748
0.394400000000000 1.000000000000400 0.500000000000207 -0.000000000000124 99.999375169984035 0.499996875841324
0.394500000000000 1.000000000000399 0.500000000000208 -0.000000000000130 99.999375169983978 0.499996875841851
0.394600000000000 1.000000000000400 0.500000000000207 -0.000000000000135 99.999375169984148 0.499996875842399
0.394700000000000 1.000000000000401 0.500000000000208 -0.000000000000142 99.999375169984120 0.499996875842859
0.394800000000000 1.000000000000400 0.500000000000207 -0.000000000000149 99.999375169984077 0.499996875843380
0.394900000000000 1.000000000000402 0.500000000000207 -0.000000000000154 99.999375169984177 0.499996875843814
0.395000000000000 1.000000000000401 0.500000000000208 -0.000000000000159 99.999375169984106 0.499996875844139
0.395100000000000 1.000000000000400 0.500000000000208 -0.000000000000165 99.999375169984148 0.499996875844458
0.395200000000000 1.000000000000400 0.500000000000207 -0.000000000000172 99.999375169984134 0.499996875844691
0.395300000000000 1.000000000000401 0.500000000000207 -0.000000000000178 99.999375169984106 0.499996875844843
0.395400000000000 1.000000000000401 0.500000000000207 -0.000000000000182 99.999375169984177 0.499996875844890
0.395500000000000 1.000000000000400 0.500000000000207 -0.000000000000188 99.999375169984091 0.499996875844909
0.395600000000000 1.000000000000401 0.500000000000207 -0.000000000000194 99.999375169984205 0.499996875844774
0.395700000000000 1.000000000000400 0.500000000000207 -0.000000000000200 99.999375169984091 0.499996875844531
0.395800000000000 1.000000000000400 0.500000000000207 -0.000000000000206 99.999375169984162 0.499996875844195
0.395900000000000 1.000000000000401 0.500000000000207 -0.000000000000212 99.999375169984248 0.499996875843768
0.396000000000000 1.000000000000401 0.500000000000207 -0.000000000000218 99.999375169984233 0.499996875843207
0.396100000000000 1.000000000000400 0.500000000000207 -0.000000000000223 99.999375169984162 0.499996875842502
0.396200000000000 1.000000000000401 0.500000000000207 -0.000000000000228 99.999375169984106 0.499996875841713
0.396300000000000 1.000000000000401 0.500000000000207 -0.000000000000233 99.999375169984177 0.499996875840723
0.396400000000000 1.000000000000400 0.500000000000207 -0.000000000000239 99.999375169984035 0.499996875839656
0.396500000000000 1.000000000000402 0.500000000000207 -0.000000000000245 99.999375169984091 0.499996875838448
0.396600000000000 1.000000000000401 0.500000000000207 -0.000000000000249 99.999375169984219 0.499996875837130
0.396700000000000 1.000000000000401 0.500000000000207 -0.000000000000254 99.999375169984162 0.499996875835689
0.396800000000000 1.000000000000401 0.500000000000206 -0.000000000000258 99.999375169984262 0.499996875834118
0.396900000000000 1.000000000000402 0.500000000000207 -0.000000000000263 99.999375169984205 0.499996875832394
0.397000000000000 1.000000000000401 0.500000000000207 -0.000000000000268 99.999375169984106 0.499996875830554
0.397100000000000 1.000000000000400 0.500000000000207 -0.000000000000273 99.999375169984290 0.499996875828623
0.397200000000000 1.000000000000401 0.500000000000207 -0.000000000000278 99.999375169983921 0.499996875826559
0.397300000000000 1.000000000000402 0.500000000000206 -0.000000000000282 99.999375169984134 0.499996875824456
0.397400000000000 1.000000000000401 0.500000000000207 -0.000000000000285 99.999375169984120 0.499996875822200
0.397500000000000 1.000000000000402 0.500000000000207 -0.000000000000289 99.999375169984262 0.499996875819814
0.397600000000000 1.000000000000401 0.500000000000207 -0.000000000000294 99.999375169984376 0.499996875817385
0.397700000000000 1.000000000000402 0.500000000000207 -0.000000000000299 99.999375169984063 0.499996875814865
0.397800000000000 1.000000000000402 0.500000000000207 -0.000000000000301 99.999375169984177 0.499996875812293
0.397900000000000 1.000000000000401 0.500000000000207 -0.000000000000304 99.999375169984262 0.499996875809672
0.398000000000000 1.000000000000403 0.500000000000207 -0.000000000000309 99.999375169984091 0.499996875806994
0.398100000000000 1.000000000000401 0.500000000000206 -0.000000000000313 99.999375169984290 0.499996875804338
0.398200000000000 1.000000000000402 0.500000000000206 -0.000000000000315 99.999375169984219 0.499996875801563
0.398300000000000 1.000000000000402 0.500000000000207 -0.000000000000318 99.999375169984063 0.499996875798793
0.398400000000000 1.000000000000402 0.500000000000207 -0.000000000000322 99.999375169984248 0.499996875796040
0.398500000000000 1.000000000000402 0.500000000000206 -0.000000000000325 99.999375169984233 0.499996875793332
0.398600000000000 1.000000000000402 0.500000000000206 -0.000000000000327 99.999375169984503 0.499996875790606
0.398700000000000 1.000000000000403 0.500000000000206 -0.000000000000330 99.999375169984205 0.499996875787921
0.398800000000000 1.000000000000403 0.500000000000206 -0.000000000000332 99.999375169984461 0.499996875785284
0.398900000000000 1.000000000000402 0.500000000000206 -0.000000000000334 99.999375169984319 0.499996875782696
0.399000000000000 1.000000000000402 0.500000000000206 -0.000000000000337 99.999375169984376 0.499996875780178
0.399100000000000 1.000000000000403 0.500000000000206 -0.000000000000338 99.999375169984376 0.499996875777715
0.399200000000000 1.000000000000402 0.500000000000206 -0.000000000000340 99.999375169984205 0.499996875775389
0.399300000000000 1.000000000000402 0.500000000000206 -0.000000000000342 99.999375169984233 0.499996875773104
0.399400000000000 1.000000000000402 0.500000000000206 -0.000000000000344 99.999375169984233 0.499996875770945
0.399500000000000 1.000000000000402 0.500000000000205 -0.000000000000345 99.999375169984262 0.499996875768971
0.399600000000000 1.000000000000402 0.500000000000205 -0.000000000000345 99.999375169984205 0.499996875767085
0.399700000000000 1.000000000000403 0.500000000000205 -0.000000000000346 99.999375169984347 0.499996875765342
0.399800000000000 1.000000000000402 0.500000000000206 -0.000000000000347 99.999375169984262 0.499996875763686
0.399900000000000 1.000000000000401 0.500000000000205 -0.000000000000348 99.999375169984262 0.499996875762259
0.400000000000000 1.000000000000401 0.500000000000205 -0.000000000000350 99.999375169984290 0.499996875760994
0.400100000000000 1.000000000000404 0.500000000000205 -0.000000000000350 99.999375169984106 0.499996875759870
0.400200000000000 1.000000000000402 0.500000000000205 -0.000000000000350 99.999375169984205 0.499996875758933
0.400300000000000 1.000000000000402 0.500000000000205 -0.000000000000350 99.999375169984106 0.499996875758166
0.400400000000000 1.000000000000403 0.500000000000205 -0.000000000000350 99.999375169984432 0.499996875757551
0.400500000000000 1.000000000000403 0.500000000000205 -0.000000000000350 99.999375169984319 0.499996875757193
0.400600000000000 1.000000000000403 0.500000000000205 -0.000000000000350 99.999375169984262 0.499996875756963
0.400700000000000 1.000000000000401 0.500000000000205 -0.000000000000349 99.999375169984660 0.499996875756940
0.400800000000000 1.000000000000403 0.500000000000205 -0.000000000000348 99.999375169984262 0.499996875757074
0.400900000000000 1.000000000000403 0.500000000000205 -0.000000000000346 99.999375169984461 0.499996875757452
0.401000000000000 1.000000000000404 0.500000000000205 -0.000000000000345 99.999375169984276 0.499996875757981
0.401100000000000 1.000000000000403 0.500000000000205 -0.000000000000344 99.999375169984631 0.499996875758666
0.401200000000000 1.000000000000403 0.500000000000205 -0.000000000000342 99.999375169984631 0.499996875759587
0.401300000000000 1.000000000000403 0.500000000000205 -0.000000000000340 99.999375169984461 0.499996875760632
0.401400000000000 1.000000000000403 0.500000000000205 -0.000000000000337 99.999375169984603 0.499996875761892
0.401500000000000 1.000000000000405 0.500000000000205 -0.000000000000336 99.999375169984489 0.499996875763267
0.401600000000000 1.000000000000404 0.500000000000205 -0.000000000000334 99.999375169984319 0.499996875764834
0.401700000000000 1.000000000000405 0.500000000000204 -0.000000000000332 99.999375169984432 0.499996875766567
0.401800000000000 1.000000000000404 0.500000000000205 -0.000000000000327 99.999375169984617 0.499996875768383
0.401900000000000 1.000000000000404 0.500000000000204 -0.000000000000325 99.999375169984404 0.499996875770392
0.402000000000000 1.000000000000405 0.500000000000205 -0.000000000000322 99.999375169984461 0.499996875772465
0.402100000000000 1.000000000000406 0.500000000000205 -0.000000000000320 99.999375169984660 0.499996875774689
0.402200000000000 1.000000000000406 0.500000000000205 -0.000000000000319 99.999375169984432 0.499996875776997
0.402300000000000 1.000000000000404 0.500000000000205 -0.000000000000316 99.999375169984631 0.499996875779408
0.402400000000000 1.000000000000405 0.500000000000205 -0.000000000000312 99.999375169984631 0.499996875781945
0.402500000000000 1.000000000000404 0.500000000000205 -0.000000000000309 99.999375169984404 0.499996875784508
0.402600000000000 1.000000000000404 0.500000000000205 -0.000000000000305 99.999375169984404 0.499996875787142
0.402700000000000 1.000000000000405 0.500000000000204 -0.000000000000301 99.999375169984688 0.499996875789824
0.402800000000000 1.000000000000404 0.500000000000205 -0.000000000000299 99.999375169983992 0.499996875792537
0.402900000000000 1.000000000000405 0.500000000000205 -0.000000000000296 99.999375169984447 0.499996875795261
0.403000000000000 1.000000000000406 0.500000000000205 -0.000000000000293 99.999375169983850 0.499996875798003
0.403100000000000 1.000000000000405 0.500000000000205 -0.000000000000290 99.999375169984233 0.499996875800747
0.403200000000000 1.000000000000405 0.500000000000205 -0.000000000000285 99.999375169984717 0.499996875803479
0.403300000000000 1.000000000000405 0.500000000000204 -0.000000000000281 99.999375169984532 0.499996875806235
0.403400000000000 1.000000000000407 0.500000000000205 -0.000000000000276 99.999375169983693 0.499996875808869
0.403500000000000 1.000000000000405 0.500000000000205 -0.000000000000272 99.999375169985058 0.499996875811498
0.403600000000000 1.000000000000406 0.500000000000204 -0.000000000000267 99.999375169983765 0.499996875814146
0.403700000000000 1.000000000000406 0.500000000000204 -0.000000000000261 99.999375169984688 0.499996875816659
0.403800000000000 1.000000000000407 0.500000000000205 -0.000000000000254 99.999375169984660 0.499996875819072
0.403900000000000 1.000000000000407 0.500000000000205 -0.000000000000250 99.999375169984916 0.499996875821454
0.404000000000000 1.000000000000406 0.500000000000205 -0.000000000000245 99.999375169984816 0.499996875823740
0.404100000000000 1.000000000000407 0.500000000000205 -0.000000000000241 99.999375169984148 0.499996875825922
0.404200000000000 1.000000000000406 0.500000000000205 -0.000000000000235 99.999375169984418 0.499996875828022
0.404300000000000 1.000000000000406 0.500000000000205 -0.000000000000230 99.999375169984916 0.499996875829970
0.404400000000000 1.000000000000406 0.500000000000205 -0.000000000000225 99.999375169984788 0.499996875831826
0.404500000000000 1.000000000000408 0.500000000000206 -0.000000000000219 99.999375169984802 0.499996875833513
0.404600000000000 1.000000000000407 0.500000000000205 -0.000000000000215 99.999375169983736 0.499996875835163
0.404700000000000 1.000000000000405 0.500000000000205 -0.000000000000211 99.999375169984333 0.499996875836667
0.404800000000000 1.000000000000408 0.500000000000205 -0.000000000000205 99.999375169985200 0.499996875837990
0.404900000000000 1.000000000000407 0.500000000000205 -0.000000000000199 99.999375169984845 0.499996875839276
0.405000000000000 1.000000000000407 0.500000000000205 -0.000000000000194 99.999375169984916 0.499996875840328
0.405100000000000 1.000000000000408 0.500000000000205 -0.000000000000187 99.999375169984575 0.499996875841327
0.405200000000000 1.000000000000408 0.500000000000205 -0.000000000000181 99.999375169985143 0.499996875842192
0.405300000000000 1.000000000000408 0.500000000000205 -0.000000000000175 99.999375169985086 0.499996875842898
0.405400000000000 1.000000000000410 0.500000000000205 -0.000000000000168 99.999375169985143 0.499996875843522
0.405500000000000 1.000000000000406 0.500000000000205 -0.000000000000162 99.999375169985626 0.499996875844011
0.405600000000000 1.000000000000408 0.500000000000206 -0.000000000000156 99.999375169984887 0.499996875844331
0.405700000000000 1.000000000000409 0.500000000000205 -0.000000000000151 99.999375169984816 0.499996875844603
0.405800000000000 1.000000000000409 0.500000000000205 -0.000000000000145 99.999375169985257 0.499996875844745
0.405900000000000 1.000000000000408 0.500000000000205 -0.000000000000139 99.999375169984546 0.499996875844831
0.406000000000000 1.000000000000410 0.500000000000206 -0.000000000000132 99.999375169985385 0.499996875844744
0.406100000000000 1.000000000000408 0.500000000000205 -0.000000000000126 99.999375169985512 0.499996875844665
0.406200000000000 1.000000000000410 0.500000000000206 -0.000000000000120 99.999375169984916 0.499996875844408
0.406300000000000 1.000000000000409 0.500000000000205 -0.000000000000114 99.999375169985029 0.499996875844144
0.406400000000000 1.000000000000409 0.500000000000205 -0.000000000000106 99.999375169985058 0.499996875843801
0.406500000000000 1.000000000000410 0.500000000000205 -0.000000000000100 99.999375169984972 0.499996875843405
0.406600000000000 1.000000000000411 0.500000000000206 -0.000000000000093 99.999375169985058 0.499996875842890
0.406700000000000 1.000000000000410 0.500000000000205 -0.000000000000086 99.999375169985100 0.499996875842441
0.406800000000000 1.000000000000411 0.500000000000206 -0.000000000000079 99.999375169985143 0.499996875841896
0.406900000000000 1.000000000000411 0.500000000000206 -0.000000000000073 99.999375169985100 0.499996875841343
0.407000000000000 1.000000000000411 0.500000000000206 -0.000000000000067 99.999375169985129 0.499996875840770
0.407100000000000 1.000000000000411 0.500000000000205 -0.000000000000061 99.999375169985029 0.499996875840258
0.407200000000000 1.000000000000410 0.500000000000206 -0.000000000000055 99.999375169985115 0.499996875839599
0.407300000000000 1.000000000000410 0.500000000000206 -0.000000000000049 99.999375169985143 0.499996875839048
0.407400000000000 1.000000000000411 0.500000000000206 -0.000000000000041 99.999375169985115 0.499996875838481
0.407500000000000 1.000000000000411 0.500000000000206 -0.000000000000034 99.999375169985043 0.499996875838005
0.407600000000000 1.000000000000409 0.500000000000207 -0.000000000000027 99.999375169985143 0.499996875837426
0.407700000000000 1.000000000000411 0.500000000000206 -0.000000000000019 99.999375169985143 0.499996875837019
0.407800000000000 1.000000000000412 0.500000000000206 -0.000000000000010 99.999375169985228 0.499996875836560
0.407900000000000 1.000000000000412 0.500000000000206 -0.000000000000002 99.999375169985257 0.499996875836168
0.408000000000000 1.000000000000411 0.500000000000206 0.000000000000004 99.999375169985214 0.499996875835826
0.408100000000000 1.000000000000412 0.500000000000207 0.000000000000012 99.999375169985143 0.499996875835522
0.408200000000000 1.000000000000413 0.500000000000207 0.000000000000020 99.999375169985171 0.499996875835315
0.408300000000000 1.000000000000412 0.500000000000207 0.000000000000026 99.999375169985171 0.499996875835159
0.408400000000000 1.000000000000412 0.500000000000206 0.000000000000035 99.999375169985143 0.499996875835079
0.408500000000000 1.000000000000411 0.500000000000207 0.000000000000042 99.999375169985186 0.499996875834990
0.408600000000000 1.000000000000412 0.500000000000206 0.000000000000050 99.999375169985257 0.499996875835049
0.408700000000000 1.000000000000412 0.500000000000206 0.000000000000057 99.999375169985285 0.499996875835135
0.408800000000000 1.000000000000411 0.500000000000207 0.000000000000064 99.999375169985200 0.499996875835240
0.408900000000000 1.000000000000413 0.500000000000206 0.000000000000071 99.999375169985271 0.499996875835466
0.409000000000000 1.000000000000412 0.500000000000206 0.000000000000080 99.999375169985257 0.499996875835730
0.409100000000000 1.000000000000411 0.500000000000207 0.000000000000086 99.999375169985314 0.499996875836012
0.409200000000000 1.000000000000411 0.500000000000207 0.000000000000094 99.999375169985200 0.499996875836371
0.409300000000000 1.000000000000412 0.500000000000207 0.000000000000102 99.999375169985314 0.499996875836791
0.409400000000000 1.000000000000412 0.500000000000207 0.000000000000108 99.999375169985314 0.499996875837273
0.409500000000000 1.000000000000413 0.500000000000207 0.000000000000115 99.999375169985200 0.499996875837735
0.409600000000000 1.000000000000413 0.500000000000207 0.000000000000122 99.999375169985257 0.499996875838270
0.409700000000000 1.000000000000413 0.500000000000207 0.000000000000129 99.999375169985314 0.499996875838767
0.409800000000000 1.000000000000412 0.500000000000207 0.000000000000135 99.999375169985257 0.499996875839363
0.409900000000000 1.000000000000412 0.500000000000206 0.000000000000143 99.999375169985285 0.499996875839979
0.410000000000000 1.000000000000413 0.500000000000207 0.000000000000150 99.999375169985356 0.499996875840521
0.410100000000000 1.000000000000412 0.500000000000207 0.000000000000155 99.999375169985342 0.499996875841104
0.410200000000000 1.000000000000413 0.500000000000207 0.000000000000162 99.999375169985200 0.499996875841642
0.410300000000000 1.000000000000412 0.500000000000207 0.000000000000168 99.999375169985356 0.499996875842183
0.410400000000000 1.000000000000413 0.500000000000207 0.000000000000175 99.999375169985399 0.499996875842705
0.410500000000000 1.000000000000415 0.500000000000207 0.000000000000181 99.999375169985328 0.499996875843187
0.410600000000000 1.000000000000414 0.500000000000208 0.000000000000187 99.999375169985370 0.499996875843546
0.410700000000000 1.000000000000414 0.500000000000208 0.000000000000193 99.999375169985484 0.499996875843959
0.410800000000000 1.000000000000413 0.500000000000208 0.000000000000199 99.999375169985399 0.499996875844278
0.410900000000000 1.000000000000414 0.500000000000208 0.000000000000206 99.999375169985427 0.499996875844516
0.411000000000000 1.000000000000414 0.500000000000208 0.000000000000212 99.999375169985427 0.499996875844638
0.411100000000000 1.000000000000414 0.500000000000208 0.000000000000218 99.999375169985456 0.499996875844748
0.411200000000000 1.000000000000414 0.500000000000209 0.000000000000224 99.999375169985399 0.499996875844707
0.411300000000000 1.000000000000414 0.500000000000208 0.000000000000231 99.999375169985427 0.499996875844639
0.411400000000000 1.000000000000414 0.500000000000208 0.000000000000237 99.999375169985541 0.499996875844405
0.411500000000000 1.000000000000416 0.500000000000209 0.000000000000244 99.999375169985612 0.499996875844039
0.411600000000000 1.000000000000414 0.500000000000208 0.000000000000247 99.999375169985484 0.499996875843676
0.411700000000000 1.000000000000415 0.500000000000209 0.000000000000253 99.999375169985498 0.499996875843064
0.411800000000000 1.000000000000415 0.500000000000208 0.000000000000259 99.999375169985413 0.499996875842432
0.411900000000000 1.000000000000415 0.500000000000209 0.000000000000264 99.999375169985470 0.499996875841591
0.412000000000000 1.000000000000414 0.500000000000209 0.000000000000269 99.999375169985456 0.499996875840687
0.412100000000000 1.000000000000415 0.500000000000209 0.000000000000273 99.999375169985512 0.499996875839622
0.412200000000000 1.000000000000414 0.500000000000209 0.000000000000277 99.999375169985626 0.499996875838429
0.412300000000000 1.000000000000414 0.500000000000209 0.000000000000283 99.999375169985569 0.499996875837167
0.412400000000000 1.000000000000416 0.500000000000209 0.000000000000287 99.999375169985569 0.499996875835705
0.412500000000000 1.000000000000415 0.500000000000209 0.000000000000292 99.999375169985655 0.499996875834116
0.412600000000000 1.000000000000415 0.500000000000210 0.000000000000297 99.999375169985541 0.499996875832454
0.412700000000000 1.000000000000415 0.500000000000209 0.000000000000301 99.999375169985655 0.499996875830639
0.412800000000000 1.000000000000417 0.500000000000210 0.000000000000304 99.999375169985825 0.499996875828709
0.412900000000000 1.000000000000416 0.500000000000209 0.000000000000307 99.999375169985456 0.499996875826673
0.413000000000000 1.000000000000416 0.500000000000210 0.000000000000310 99.999375169985882 0.499996875824542
0.413100000000000 1.000000000000417 0.500000000000210 0.000000000000314 99.999375169985683 0.499996875822253
0.413200000000000 1.000000000000415 0.500000000000211 0.000000000000318 99.999375169985740 0.499996875819890
0.413300000000000 1.000000000000417 0.500000000000211 0.000000000000322 99.999375169985697 0.499996875817499
0.413400000000000 1.000000000000417 0.500000000000211 0.000000000000326 99.999375169985910 0.499996875815004
0.413500000000000 1.000000000000416 0.500000000000211 0.000000000000330 99.999375169985569 0.499996875812450
0.413600000000000 1.000000000000416 0.500000000000211 0.000000000000333 99.999375169985825 0.499996875809856
0.413700000000000 1.000000000000416 0.500000000000212 0.000000000000337 99.999375169985640 0.499996875807109
0.413800000000000 1.000000000000416 0.500000000000211 0.000000000000342 99.999375169985797 0.499996875804431
0.413900000000000 1.000000000000417 0.500000000000212 0.000000000000344 99.999375169985811 0.499996875801694
0.414000000000000 1.000000000000417 0.500000000000211 0.000000000000346 99.999375169985782 0.499996875798983
0.414100000000000 1.000000000000417 0.500000000000212 0.000000000000350 99.999375169985868 0.499996875796196
0.414200000000000 1.000000000000418 0.500000000000212 0.000000000000353 99.999375169985754 0.499996875793449
0.414300000000000 1.000000000000417 0.500000000000212 0.000000000000355 99.999375169985882 0.499996875790716
0.414400000000000 1.000000000000418 0.500000000000212 0.000000000000357 99.999375169985910 0.499996875788072
0.414500000000000 1.000000000000418 0.500000000000212 0.000000000000360 99.999375169985811 0.499996875785406
0.414600000000000 1.000000000000419 0.500000000000212 0.000000000000363 99.999375169985811 0.499996875782789
0.414700000000000 1.000000000000419 0.500000000000212 0.000000000000363 99.999375169985939 0.499996875780258
0.414800000000000 1.000000000000418 0.500000000000212 0.000000000000364 99.999375169985740 0.499996875777815
0.414900000000000 1.000000000000417 0.500000000000212 0.000000000000365 99.999375169985882 0.499996875775484
0.415000000000000 1.000000000000419 0.500000000000212 0.000000000000365 99.999375169985612 0.499996875773237
0.415100000000000 1.000000000000418 0.500000000000212 0.000000000000365 99.999375169985655 0.499996875771065
0.415200000000000 1.000000000000419 0.500000000000213 0.000000000000365 99.999375169985996 0.499996875768995
0.415300000000000 1.000000000000419 0.500000000000213 0.000000000000366 99.999375169985925 0.499996875767070
0.415400000000000 1.000000000000418 0.500000000000213 0.000000000000366 99.999375169985825 0.499996875765316
0.415500000000000 1.000000000000419 0.500000000000213 0.000000000000366 99.999375169985882 0.499996875763724
0.415600000000000 1.000000000000419 0.500000000000213 0.000000000000367 99.999375169985925 0.499996875762242
0.415700000000000 1.000000000000420 0.500000000000213 0.000000000000367 99.999375169985868 0.499996875760904
0.415800000000000 1.000000000000418 0.500000000000213 0.000000000000368 99.999375169985939 0.499996875759825
0.415900000000000 1.000000000000418 0.500000000000213 0.000000000000367 99.999375169985939 0.499996875758852
0.416000000000000 1.000000000000419 0.500000000000214 0.000000000000367 99.999375169985939 0.499996875758019
0.416100000000000 1.000000000000419 0.500000000000214 0.000000000000367 99.999375169986081 0.499996875757400
0.416200000000000 1.000000000000419 0.500000000000214 0.000000000000366 99.999375169986052 0.499996875757000
0.416300000000000 1.000000000000419 0.500000000000214 0.000000000000366 99.999375169986138 0.499996875756747
0.416400000000000 1.000000000000419 0.500000000000213 0.000000000000364 99.999375169985740 0.499996875756758
0.416500000000000 1.000000000000419 0.500000000000214 0.000000000000364 99.999375169986067 0.499996875756852
0.416600000000000 1.000000000000419 0.500000000000214 0.000000000000363 99.999375169985896 0.499996875757173
0.416700000000000 1.000000000000420 0.500000000000214 0.000000000000363 99.999375169986067 0.499996875757686
0.416800000000000 1.000000000000419 0.500000000000214 0.000000000000362 99.999375169985825 0.499996875758372
0.416900000000000 1.000000000000420 0.500000000000214 0.000000000000361 99.999375169986109 0.499996875759253
0.417000000000000 1.000000000000420 0.500000000000215 0.000000000000360 99.999375169985967 0.499996875760286
0.417100000000000 1.000000000000420 0.500000000000214 0.000000000000357 99.999375169986180 0.499996875761526
0.417200000000000 1.000000000000419 0.500000000000215 0.000000000000356 99.999375169986052 0.499996875762889
0.417300000000000 1.000000000000420 0.500000000000215 0.000000000000353 99.999375169986038 0.499996875764433
0.417400000000000 1.000000000000420 0.500000000000216 0.000000000000351 99.999375169986081 0.499996875766077
0.417500000000000 1.000000000000419 0.500000000000216 0.000000000000351 99.999375169986081 0.499996875767913
0.417600000000000 1.000000000000421 0.500000000000215 0.000000000000348 99.999375169986138 0.499996875769958
0.417700000000000 1.000000000000419 0.500000000000215 0.000000000000344 99.999375169986209 0.499996875772074
0.417800000000000 1.000000000000420 0.500000000000215 0.000000000000340 99.999375169985854 0.499996875774230
0.417900000000000 1.000000000000420 0.500000000000216 0.000000000000336 99.999375169986166 0.499996875776532
0.418000000000000 1.000000000000420 0.500000000000215 0.000000000000332 99.999375169985882 0.499996875778952
0.418100000000000 1.000000000000421 0.500000000000215 0.000000000000328 99.999375169985996 0.499996875781441
0.418200000000000 1.000000000000420 0.500000000000216 0.000000000000325 99.999375169985967 0.499996875783997
0.418300000000000 1.000000000000421 0.500000000000216 0.000000000000322 99.999375169986109 0.499996875786620
0.418400000000000 1.000000000000421 0.500000000000216 0.000000000000317 99.999375169986109 0.499996875789304
0.418500000000000 1.000000000000421 0.500000000000217 0.000000000000313 99.999375169985541 0.499996875791987
0.418600000000000 1.000000000000421 0.500000000000216 0.000000000000308 99.999375169986081 0.499996875794756
0.418700000000000 1.000000000000422 0.500000000000216 0.000000000000303 99.999375169985910 0.499996875797491
0.418800000000000 1.000000000000423 0.500000000000216 0.000000000000300 99.999375169986251 0.499996875800228
0.418900000000000 1.000000000000423 0.500000000000217 0.000000000000296 99.999375169986166 0.499996875802970
0.419000000000000 1.000000000000422 0.500000000000217 0.000000000000291 99.999375169986095 0.499996875805708
0.419100000000000 1.000000000000423 0.500000000000217 0.000000000000287 99.999375169986521 0.499996875808360
0.419200000000000 1.000000000000422 0.500000000000216 0.000000000000284 99.999375169986450 0.499996875811048
0.419300000000000 1.000000000000423 0.500000000000217 0.000000000000279 99.999375169986223 0.499996875813639
0.419400000000000 1.000000000000423 0.500000000000217 0.000000000000274 99.999375169986990 0.499996875816154
0.419500000000000 1.000000000000422 0.500000000000217 0.000000000000269 99.999375169986791 0.499996875818590
0.419600000000000 1.000000000000423 0.500000000000217 0.000000000000264 99.999375169985882 0.499996875821006
0.419700000000000 1.000000000000422 0.500000000000218 0.000000000000260 99.999375169986422 0.499996875823270
0.419800000000000 1.000000000000422 0.500000000000218 0.000000000000254 99.999375169986337 0.499996875825448
0.419900000000000 1.000000000000424 0.500000000000218 0.000000000000250 99.999375169987033 0.499996875827552
0.420000000000000 1.000000000000424 0.500000000000218 0.000000000000243 99.999375169985399 0.499996875829511
0.420100000000000 1.000000000000422 0.500000000000217 0.000000000000238 99.999375169987019 0.499996875831458
0.420200000000000 1.000000000000424 0.500000000000218 0.000000000000232 99.999375169986365 0.499996875833182
0.420300000000000 1.000000000000423 0.500000000000218 0.000000000000226 99.999375169986962 0.499996875834793
0.420400000000000 1.000000000000424 0.500000000000219 0.000000000000221 99.999375169986820 0.499996875836308
0.420500000000000 1.000000000000424 0.500000000000219 0.000000000000215 99.999375169985925 0.499996875837667
0.420600000000000 1.000000000000424 0.500000000000219 0.000000000000210 99.999375169985967 0.499996875838919
0.420700000000000 1.000000000000423 0.500000000000219 0.000000000000204 99.999375169987360 0.499996875840053
0.420800000000000 1.000000000000423 0.500000000000219 0.000000000000198 99.999375169986052 0.499996875840985
0.420900000000000 1.000000000000423 0.500000000000219 0.000000000000193 99.999375169986905 0.499996875841897
0.421000000000000 1.000000000000423 0.500000000000219 0.000000000000186 99.999375169986621 0.499996875842638
0.421100000000000 1.000000000000424 0.500000000000219 0.000000000000179 99.999375169986365 0.499996875843247
0.421200000000000 1.000000000000424 0.500000000000219 0.000000000000173 99.999375169986536 0.499996875843773
0.421300000000000 1.000000000000425 0.500000000000219 0.000000000000167 99.999375169987019 0.499996875844132
0.421400000000000 1.000000000000425 0.500000000000219 0.000000000000159 99.999375169985967 0.499996875844407
0.421500000000000 1.000000000000424 0.500000000000220 0.000000000000152 99.999375169987047 0.499996875844561
0.421600000000000 1.000000000000424 0.500000000000220 0.000000000000145 99.999375169985996 0.499996875844623
0.421700000000000 1.000000000000425 0.500000000000219 0.000000000000139 99.999375169986109 0.499996875844609
0.421800000000000 1.000000000000425 0.500000000000220 0.000000000000132 99.999375169986877 0.499996875844452
0.421900000000000 1.000000000000426 0.500000000000220 0.000000000000127 99.999375169987104 0.499996875844254
0.422000000000000 1.000000000000425 0.500000000000220 0.000000000000120 99.999375169986308 0.499996875843972
0.422100000000000 1.000000000000425 0.500000000000221 0.000000000000113 99.999375169986450 0.499996875843608
0.422200000000000 1.000000000000424 0.500000000000220 0.000000000000106 99.999375169986337 0.499996875843263
0.422300000000000 1.000000000000426 0.500000000000220 0.000000000000100 99.999375169986848 0.499996875842804
0.422400000000000 1.000000000000427 0.500000000000221 0.000000000000093 99.999375169986962 0.499996875842302
0.422500000000000 1.000000000000426 0.500000000000220 0.000000000000085 99.999375169985981 0.499996875841794
0.422600000000000 1.000000000000427 0.500000000000220 0.000000000000078 99.999375169986862 0.499996875841248
0.422700000000000 1.000000000000425 0.500000000000221 0.000000000000071 99.999375169986251 0.499996875840650
0.422800000000000 1.000000000000427 0.500000000000220 0.000000000000063 99.999375169986408 0.499996875840088
0.422900000000000 1.000000000000425 0.500000000000220 0.000000000000055 99.999375169987047 0.499996875839506
0.423000000000000 1.000000000000427 0.500000000000221 0.000000000000048 99.999375169987061 0.499996875838923
0.423100000000000 1.000000000000427 0.500000000000221 0.000000000000040 99.999375169986195 0.499996875838356
0.423200000000000 1.000000000000427 0.500000000000220 0.000000000000031 99.999375169986195 0.499996875837846
0.423300000000000 1.000000000000428 0.500000000000221 0.000000000000024 99.999375169986422 0.499996875837321
0.423400000000000 1.000000000000426 0.500000000000221 0.000000000000018 99.999375169986308 0.499996875836856
0.423500000000000 1.000000000000428 0.500000000000221 0.000000000000012 99.999375169986990 0.499996875836425
0.423600000000000 1.000000000000427 0.500000000000221 0.000000000000006 99.999375169986536 0.499996875836048
0.423700000000000 1.000000000000427 0.500000000000222 -0.000000000000001 99.999375169987445 0.499996875835672
0.423800000000000 1.000000000000429 0.500000000000221 -0.000000000000008 99.999375169987388 0.499996875835406
0.423900000000000 1.000000000000429 0.500000000000221 -0.000000000000014 99.999375169986962 0.499996875835186
0.424000000000000 1.000000000000429 0.500000000000222 -0.000000000000022 99.999375169986095 0.499996875834934
0.424100000000000 1.000000000000429 0.500000000000222 -0.000000000000030 99.999375169986891 0.499996875834848
0.424200000000000 1.000000000000427 0.500000000000222 -0.000000000000038 99.999375169987132 0.499996875834804
0.424300000000000 1.000000000000428 0.500000000000222 -0.000000000000046 99.999375169987559 0.499996875834836
0.424400000000000 1.000000000000429 0.500000000000222 -0.000000000000053 99.999375169987104 0.499996875834902
0.424500000000000 1.000000000000429 0.500000000000222 -0.000000000000060 99.999375169987445 0.499996875835063
0.424600000000000 1.000000000000429 0.500000000000222 -0.000000000000066 99.999375169986479 0.499996875835208
0.424700000000000 1.000000000000429 0.500000000000222 -0.000000000000072 99.999375169986877 0.499996875835460
0.424800000000000 1.000000000000430 0.500000000000222 -0.000000000000079 99.999375169987204 0.499996875835789
0.424900000000000 1.000000000000429 0.500000000000222 -0.000000000000086 99.999375169986692 0.499996875836129
0.425000000000000 1.000000000000429 0.500000000000222 -0.000000000000092 99.999375169986735 0.499996875836535
0.425100000000000 1.000000000000430 0.500000000000221 -0.000000000000098 99.999375169987218 0.499996875837020
0.425200000000000 1.000000000000430 0.500000000000222 -0.000000000000105 99.999375169986791 0.499996875837465
0.425300000000000 1.000000000000430 0.500000000000222 -0.000000000000111 99.999375169987076 0.499996875838013
0.425400000000000 1.000000000000431 0.500000000000222 -0.000000000000119 99.999375169987218 0.499996875838531
0.425500000000000 1.000000000000430 0.500000000000223 -0.000000000000126 99.999375169987132 0.499996875839070
0.425600000000000 1.000000000000431 0.500000000000223 -0.000000000000132 99.999375169986948 0.499996875839631
0.425700000000000 1.000000000000431 0.500000000000223 -0.000000000000139 99.999375169987246 0.499996875840213
0.425800000000000 1.000000000000431 0.500000000000222 -0.000000000000146 99.999375169986990 0.499996875840835
0.425900000000000 1.000000000000430 0.500000000000223 -0.000000000000152 99.999375169987161 0.499996875841360
0.426000000000000 1.000000000000430 0.500000000000222 -0.000000000000158 99.999375169987104 0.499996875841934
0.426100000000000 1.000000000000431 0.500000000000224 -0.000000000000164 99.999375169987232 0.499996875842380
0.426200000000000 1.000000000000431 0.500000000000223 -0.000000000000170 99.999375169987246 0.499996875842861
0.426300000000000 1.000000000000431 0.500000000000223 -0.000000000000177 99.999375169987132 0.499996875843306
0.426400000000000 1.000000000000433 0.500000000000222 -0.000000000000184 99.999375169987189 0.499996875843696
0.426500000000000 1.000000000000432 0.500000000000222 -0.000000000000189 99.999375169987246 0.499996875844044
0.426600000000000 1.000000000000433 0.500000000000223 -0.000000000000196 99.999375169987104 0.499996875844258
0.426700000000000 1.000000000000433 0.500000000000223 -0.000000000000201 99.999375169987218 0.499996875844452
0.426800000000000 1.000000000000433 0.500000000000223 -0.000000000000206 99.999375169987246 0.499996875844519
0.426900000000000 1.000000000000432 0.500000000000222 -0.000000000000212 99.999375169987331 0.499996875844543
0.427000000000000 1.000000000000431 0.500000000000223 -0.000000000000218 99.999375169987175 0.499996875844406
0.427100000000000 1.000000000000432 0.500000000000223 -0.000000000000223 99.999375169987431 0.499996875844220
0.427200000000000 1.000000000000432 0.500000000000223 -0.000000000000228 99.999375169987431 0.499996875843921
0.427300000000000 1.000000000000433 0.500000000000223 -0.000000000000232 99.999375169987275 0.499996875843485
0.427400000000000 1.000000000000433 0.500000000000222 -0.000000000000237 99.999375169987331 0.499996875842962
0.427500000000000 1.000000000000433 0.500000000000222 -0.000000000000243 99.999375169987232 0.499996875842325
0.427600000000000 1.000000000000433 0.500000000000224 -0.000000000000248 99.999375169987403 0.499996875841470
0.427700000000000 1.000000000000433 0.500000000000223 -0.000000000000253 99.999375169987388 0.499996875840585
0.427800000000000 1.000000000000434 0.500000000000223 -0.000000000000257 99.999375169987317 0.499996875839532
0.427900000000000 1.000000000000433 0.500000000000223 -0.000000000000262 99.999375169987331 0.499996875838376
0.428000000000000 1.000000000000432 0.500000000000223 -0.000000000000266 99.999375169987417 0.499996875837073
0.428100000000000 1.000000000000433 0.500000000000223 -0.000000000000270 99.999375169987417 0.499996875835641
0.428200000000000 1.000000000000436 0.500000000000223 -0.000000000000274 99.999375169987616 0.499996875834105
0.428300000000000 1.000000000000434 0.500000000000223 -0.000000000000278 99.999375169987502 0.499996875832446
0.428400000000000 1.000000000000433 0.500000000000223 -0.000000000000282 99.999375169987658 0.499996875830653
0.428500000000000 1.000000000000434 0.500000000000223 -0.000000000000286 99.999375169987658 0.499996875828749
0.428600000000000 1.000000000000434 0.500000000000223 -0.000000000000291 99.999375169987388 0.499996875826698
0.428700000000000 1.000000000000435 0.500000000000223 -0.000000000000295 99.999375169987516 0.499996875824550
0.428800000000000 1.000000000000434 0.500000000000223 -0.000000000000299 99.999375169987431 0.499996875822322
0.428900000000000 1.000000000000434 0.500000000000223 -0.000000000000302 99.999375169987616 0.499996875820023
0.429000000000000 1.000000000000435 0.500000000000223 -0.000000000000304 99.999375169987431 0.499996875817587
0.429100000000000 1.000000000000435 0.500000000000223 -0.000000000000307 99.999375169987445 0.499996875815096
0.429200000000000 1.000000000000436 0.500000000000224 -0.000000000000310 99.999375169987687 0.499996875812531
0.429300000000000 1.000000000000436 0.500000000000224 -0.000000000000313 99.999375169987573 0.499996875809874
0.429400000000000 1.000000000000435 0.500000000000223 -0.000000000000317 99.999375169987530 0.499996875807277
0.429500000000000 1.000000000000435 0.500000000000223 -0.000000000000319 99.999375169987673 0.499996875804589
0.429600000000000 1.000000000000435 0.500000000000223 -0.000000000000322 99.999375169987530 0.499996875801840
0.429700000000000 1.000000000000437 0.500000000000223 -0.000000000000324 99.999375169987815 0.499996875799102
0.429800000000000 1.000000000000435 0.500000000000223 -0.000000000000327 99.999375169987758 0.499996875796344
0.429900000000000 1.000000000000434 0.500000000000223 -0.000000000000329 99.999375169987758 0.499996875793582
0.430000000000000 1.000000000000437 0.500000000000223 -0.000000000000333 99.999375169987857 0.499996875790865
0.430100000000000 1.000000000000436 0.500000000000223 -0.000000000000335 99.999375169987587 0.499996875788162
0.430200000000000 1.000000000000434 0.500000000000223 -0.000000000000338 99.999375169987644 0.499996875785498
0.430300000000000 1.000000000000436 0.500000000000223 -0.000000000000340 99.999375169987616 0.499996875782880
0.430400000000000 1.000000000000438 0.500000000000222 -0.000000000000341 99.999375169987673 0.499996875780403
0.430500000000000 1.000000000000436 0.500000000000223 -0.000000000000342 99.999375169987758 0.499996875777881
0.430600000000000 1.000000000000436 0.500000000000222 -0.000000000000343 99.999375169987530 0.499996875775561
0.430700000000000 1.000000000000437 0.500000000000223 -0.000000000000343 99.999375169987601 0.499996875773235
0.430800000000000 1.000000000000435 0.500000000000223 -0.000000000000345 99.999375169987673 0.499996875771066
0.430900000000000 1.000000000000436 0.500000000000222 -0.000000000000346 99.999375169987701 0.499996875769045
0.431000000000000 1.000000000000435 0.500000000000222 -0.000000000000345 99.999375169987758 0.499996875767102
0.431100000000000 1.000000000000437 0.500000000000223 -0.000000000000347 99.999375169987673 0.499996875765299
0.431200000000000 1.000000000000437 0.500000000000223 -0.000000000000348 99.999375169987673 0.499996875763682
0.431300000000000 1.000000000000436 0.500000000000222 -0.000000000000348 99.999375169987559 0.499996875762214
0.431400000000000 1.000000000000437 0.500000000000222 -0.000000000000349 99.999375169987871 0.499996875760875
0.431500000000000 1.000000000000437 0.500000000000223 -0.000000000000349 99.999375169987772 0.499996875759691
0.431600000000000 1.000000000000438 0.500000000000223 -0.000000000000349 99.999375169987871 0.499996875758701
0.431700000000000 1.000000000000437 0.500000000000222 -0.000000000000348 99.999375169987871 0.499996875757915
0.431800000000000 1.000000000000437 0.500000000000223 -0.000000000000348 99.999375169987701 0.499996875757264
0.431900000000000 1.000000000000437 0.500000000000222 -0.000000000000347 99.999375169987786 0.499996875756837
0.432000000000000 1.000000000000436 0.500000000000222 -0.000000000000346 99.999375169987729 0.499996875756610
0.432100000000000 1.000000000000437 0.500000000000222 -0.000000000000345 99.999375169987857 0.499996875756515
0.432200000000000 1.000000000000437 0.500000000000222 -0.000000000000344 99.999375169987587 0.499996875756594
0.432300000000000 1.000000000000438 0.500000000000222 -0.000000000000343 99.999375169987573 0.499996875756925
0.432400000000000 1.000000000000439 0.500000000000223 -0.000000000000340 99.999375169987985 0.499996875757362
0.432500000000000 1.000000000000438 0.500000000000222 -0.000000000000341 99.999375169987673 0.499996875758064
0.432600000000000 1.000000000000438 0.500000000000222 -0.000000000000340 99.999375169987914 0.499996875758896
0.432700000000000 1.000000000000440 0.500000000000222 -0.000000000000338 99.999375169987985 0.499996875759941
0.432800000000000 1.000000000000438 0.500000000000222 -0.000000000000336 99.999375169988070 0.499996875761125
0.432900000000000 1.000000000000439 0.500000000000222 -0.000000000000333 99.999375169988014 0.499996875762509
0.433000000000000 1.000000000000438 0.500000000000222 -0.000000000000330 99.999375169987843 0.499996875764032
0.433100000000000 1.000000000000439 0.500000000000222 -0.000000000000328 99.999375169987957 0.499996875765685
0.433200000000000 1.000000000000439 0.500000000000222 -0.000000000000326 99.999375169987957 0.499996875767508
0.433300000000000 1.000000000000439 0.500000000000221 -0.000000000000324 99.999375169988099 0.499996875769501
0.433400000000000 1.000000000000439 0.500000000000222 -0.000000000000321 99.999375169987815 0.499996875771555
0.433500000000000 1.000000000000439 0.500000000000222 -0.000000000000317 99.999375169988070 0.499996875773725
0.433600000000000 1.000000000000440 0.500000000000222 -0.000000000000314 99.999375169988099 0.499996875776024
0.433700000000000 1.000000000000439 0.500000000000222 -0.000000000000311 99.999375169987985 0.499996875778406
0.433800000000000 1.000000000000440 0.500000000000222 -0.000000000000307 99.999375169987971 0.499996875780928
0.433900000000000 1.000000000000440 0.500000000000222 -0.000000000000304 99.999375169987985 0.499996875783438
0.434000000000000 1.000000000000440 0.500000000000222 -0.000000000000301 99.999375169988127 0.499996875786071
0.434100000000000 1.000000000000440 0.500000000000222 -0.000000000000297 99.999375169987829 0.499996875788752
0.434200000000000 1.000000000000438 0.500000000000222 -0.000000000000295 99.999375169987900 0.499996875791439
0.434300000000000 1.000000000000439 0.500000000000222 -0.000000000000291 99.999375169988880 0.499996875794165
0.434400000000000 1.000000000000441 0.500000000000222 -0.000000000000289 99.999375169988852 0.499996875796886
0.434500000000000 1.000000000000441 0.500000000000222 -0.000000000000286 99.999375169987957 0.499996875799649
0.434600000000000 1.000000000000441 0.500000000000222 -0.000000000000282 99.999375169988426 0.499996875802401
0.434700000000000 1.000000000000439 0.500000000000221 -0.000000000000278 99.999375169988582 0.499996875805162
0.434800000000000 1.000000000000440 0.500000000000222 -0.000000000000275 99.999375169988014 0.499996875807819
0.434900000000000 1.000000000000440 0.500000000000222 -0.000000000000270 99.999375169987729 0.499996875810446
0.435000000000000 1.000000000000439 0.500000000000222 -0.000000000000265 99.999375169988454 0.499996875813067
0.435100000000000 1.000000000000440 0.500000000000222 -0.000000000000261 99.999375169988241 0.499996875815597
0.435200000000000 1.000000000000440 0.500000000000222 -0.000000000000257 99.999375169988326 0.499996875818090
0.435300000000000 1.000000000000440 0.500000000000221 -0.000000000000253 99.999375169987914 0.499996875820523
0.435400000000000 1.000000000000439 0.500000000000222 -0.000000000000248 99.999375169988213 0.499996875822774
0.435500000000000 1.000000000000440 0.500000000000221 -0.000000000000243 99.999375169988184 0.499996875824989
0.435600000000000 1.000000000000440 0.500000000000222 -0.000000000000239 99.999375169988070 0.499996875827086
0.435700000000000 1.000000000000440 0.500000000000221 -0.000000000000233 99.999375169987530 0.499996875829103
0.435800000000000 1.000000000000439 0.500000000000221 -0.000000000000228 99.999375169988582 0.499996875830958
0.435900000000000 1.000000000000440 0.500000000000221 -0.000000000000223 99.999375169987815 0.499996875832742
0.436000000000000 1.000000000000440 0.500000000000221 -0.000000000000217 99.999375169987871 0.499996875834407
0.436100000000000 1.000000000000440 0.500000000000222 -0.000000000000211 99.999375169987928 0.499996875835904
0.436200000000000 1.000000000000440 0.500000000000221 -0.000000000000206 99.999375169988895 0.499996875837276
0.436300000000000 1.000000000000441 0.500000000000221 -0.000000000000200 99.999375169987587 0.499996875838560
0.436400000000000 1.000000000000441 0.500000000000222 -0.000000000000194 99.999375169988028 0.499996875839698
0.436500000000000 1.000000000000441 0.500000000000220 -0.000000000000189 99.999375169988383 0.499996875840757
0.436600000000000 1.000000000000442 0.500000000000222 -0.000000000000183 99.999375169988085 0.499996875841591
0.436700000000000 1.000000000000441 0.500000000000221 -0.000000000000178 99.999375169988156 0.499996875842369
0.436800000000000 1.000000000000442 0.500000000000221 -0.000000000000172 99.999375169988241 0.499996875842982
0.436900000000000 1.000000000000441 0.500000000000221 -0.000000000000164 99.999375169988070 0.499996875843511
0.437000000000000 1.000000000000441 0.500000000000221 -0.000000000000157 99.999375169987985 0.499996875843890
0.437100000000000 1.000000000000441 0.500000000000221 -0.000000000000151 99.999375169988099 0.499996875844220
0.437200000000000 1.000000000000441 0.500000000000222 -0.000000000000145 99.999375169988298 0.499996875844313
0.437300000000000 1.000000000000442 0.500000000000222 -0.000000000000137 99.999375169988355 0.499996875844405
0.437400000000000 1.000000000000442 0.500000000000221 -0.000000000000130 99.999375169988355 0.499996875844400
0.437500000000000 1.000000000000442 0.500000000000221 -0.000000000000124 99.999375169988440 0.499996875844300
0.437600000000000 1.000000000000442 0.500000000000222 -0.000000000000118 99.999375169988213 0.499996875844081
0.437700000000000 1.000000000000442 0.500000000000223 -0.000000000000112 99.999375169988141 0.499996875843781
0.437800000000000 1.000000000000442 0.500000000000221 -0.000000000000104 99.999375169987985 0.499996875843510
0.437900000000000 1.000000000000443 0.500000000000222 -0.000000000000095 99.999375169987786 0.499996875843070
0.438000000000000 1.000000000000444 0.500000000000222 -0.000000000000088 99.999375169988639 0.499996875842648
0.438100000000000 1.000000000000442 0.500000000000222 -0.000000000000082 99.999375169989293 0.499996875842156
0.438200000000000 1.000000000000444 0.500000000000221 -0.000000000000075 99.999375169988298 0.499996875841685
0.438300000000000 1.000000000000443 0.500000000000222 -0.000000000000068 99.999375169987474 0.499996875841073
0.438400000000000 1.000000000000443 0.500000000000221 -0.000000000000061 99.999375169988141 0.499996875840543
0.438500000000000 1.000000000000444 0.500000000000221 -0.000000000000054 99.999375169988497 0.499996875839977
0.438600000000000 1.000000000000445 0.500000000000222 -0.000000000000046 99.999375169988298 0.499996875839389
0.438700000000000 1.000000000000442 0.500000000000222 -0.000000000000040 99.999375169988326 0.499996875838797
0.438800000000000 1.000000000000442 0.500000000000222 -0.000000000000033 99.999375169987189 0.499996875838233
0.438900000000000 1.000000000000442 0.500000000000222 -0.000000000000025 99.999375169989392 0.499996875837724
0.439000000000000 1.000000000000445 0.500000000000222 -0.000000000000019 99.999375169987331 0.499996875837215
0.439100000000000 1.000000000000445 0.500000000000223 -0.000000000000012 99.999375169988127 0.499996875836701
0.439200000000000 1.000000000000444 0.500000000000222 -0.000000000000006 99.999375169989108 0.499996875836278
0.439300000000000 1.000000000000445 0.500000000000223 0.000000000000001 99.999375169989435 0.499996875835876
0.439400000000000 1.000000000000444 0.500000000000223 0.000000000000008 99.999375169988468 0.499996875835508
0.439500000000000 1.000000000000443 0.500000000000222 0.000000000000015 99.999375169988582 0.499996875835228
0.439600000000000 1.000000000000444 0.500000000000222 0.000000000000022 99.999375169987559 0.499996875834976
0.439700000000000 1.000000000000444 0.500000000000223 0.000000000000028 99.999375169988383 0.499996875834808
0.439800000000000 1.000000000000445 0.500000000000222 0.000000000000035 99.999375169988127 0.499996875834699
0.439900000000000 1.000000000000445 0.500000000000223 0.000000000000043 99.999375169988781 0.499996875834628
0.440000000000000 1.000000000000443 0.500000000000223 0.000000000000051 99.999375169989392 0.499996875834639
0.440100000000000 1.000000000000444 0.500000000000223 0.000000000000056 99.999375169987417 0.499996875834670
0.440200000000000 1.000000000000444 0.500000000000223 0.000000000000063 99.999375169988753 0.499996875834843
0.440300000000000 1.000000000000443 0.500000000000222 0.000000000000069 99.999375169988582 0.499996875835014
0.440400000000000 1.000000000000444 0.500000000000222 0.000000000000075 99.999375169988269 0.499996875835310
0.440500000000000 1.000000000000444 0.500000000000222 0.000000000000084 99.999375169988653 0.499996875835575
0.440600000000000 1.000000000000445 0.500000000000222 0.000000000000091 99.999375169988312 0.499996875835935
0.440700000000000 1.000000000000444 0.500000000000223 0.000000000000099 99.999375169987587 0.499996875836321
0.440800000000000 1.000000000000443 0.500000000000223 0.000000000000106 99.999375169988994 0.499996875836751
0.440900000000000 1.000000000000445 0.500000000000222 0.000000000000114 99.999375169988269 0.499996875837250
0.441000000000000 1.000000000000444 0.500000000000223 0.000000000000120 99.999375169987729 0.499996875837711
0.441100000000000 1.000000000000444 0.500000000000223 0.000000000000126 99.999375169987871 0.499996875838281
0.441200000000000 1.000000000000445 0.500000000000224 0.000000000000134 99.999375169988127 0.499996875838793
0.441300000000000 1.000000000000445 0.500000000000223 0.000000000000141 99.999375169988355 0.499996875839446
0.441400000000000 1.000000000000445 0.500000000000223 0.000000000000147 99.999375169988497 0.499996875839984
0.441500000000000 1.000000000000443 0.500000000000223 0.000000000000154 99.999375169988326 0.499996875840555
0.441600000000000 1.000000000000444 0.500000000000223 0.000000000000159 99.999375169988738 0.499996875841140
0.441700000000000 1.000000000000444 0.500000000000223 0.000000000000164 99.999375169988639 0.499996875841691
0.441800000000000 1.000000000000443 0.500000000000224 0.000000000000170 99.999375169988539 0.499996875842159
0.441900000000000 1.000000000000443 0.500000000000223 0.000000000000176 99.999375169988525 0.499996875842679
0.442000000000000 1.000000000000444 0.500000000000222 0.000000000000182 99.999375169988497 0.499996875843142
0.442100000000000 1.000000000000444 0.500000000000223 0.000000000000189 99.999375169988326 0.499996875843487
0.442200000000000 1.000000000000444 0.500000000000223 0.000000000000195 99.999375169988468 0.499996875843830
0.442300000000000 1.000000000000445 0.500000000000224 0.000000000000201 99.999375169988539 0.499996875844058
0.442400000000000 1.000000000000446 0.500000000000223 0.000000000000207 99.999375169988610 0.499996875844305
0.442500000000000 1.000000000000446 0.500000000000224 0.000000000000212 99.999375169988582 0.499996875844359
0.442600000000000 1.000000000000446 0.500000000000224 0.000000000000219 99.999375169988582 0.499996875844377
0.442700000000000 1.000000000000444 0.500000000000224 0.000000000000225 99.999375169988554 0.499996875844280
0.442800000000000 1.000000000000445 0.500000000000224 0.000000000000232 99.999375169988525 0.499996875844100
0.442900000000000 1.000000000000446 0.500000000000225 0.000000000000238 99.999375169988667 0.499996875843765
0.443000000000000 1.000000000000446 0.500000000000224 0.000000000000243 99.999375169988639 0.499996875843379
0.443100000000000 1.000000000000445 0.500000000000225 0.000000000000249 99.999375169988681 0.499996875842859
0.443200000000000 1.000000000000447 0.500000000000224 0.000000000000254 99.999375169988625 0.499996875842250
0.443300000000000 1.000000000000447 0.500000000000224 0.000000000000259 99.999375169988795 0.499996875841468
0.443400000000000 1.000000000000445 0.500000000000225 0.000000000000264 99.999375169988639 0.499996875840559
0.443500000000000 1.000000000000446 0.500000000000225 0.000000000000268 99.999375169988781 0.499996875839543
0.443600000000000 1.000000000000445 0.500000000000225 0.000000000000273 99.999375169988681 0.499996875838381
0.443700000000000 1.000000000000448 0.500000000000224 0.000000000000277 99.999375169988681 0.499996875837129
0.443800000000000 1.000000000000447 0.500000000000225 0.000000000000283 99.999375169988696 0.499996875835695
0.443900000000000 1.000000000000447 0.500000000000225 0.000000000000288 99.999375169988809 0.499996875834144
0.444000000000000 1.000000000000448 0.500000000000225 0.000000000000292 99.999375169988966 0.499996875832523
0.444100000000000 1.000000000000448 0.500000000000225 0.000000000000296 99.999375169988738 0.499996875830711
0.444200000000000 1.000000000000447 0.500000000000225 0.000000000000299 99.999375169988639 0.499996875828820
0.444300000000000 1.000000000000447 0.500000000000225 0.000000000000304 99.999375169988639 0.499996875826825
0.444400000000000 1.000000000000448 0.500000000000226 0.000000000000307 99.999375169988980 0.499996875824649
0.444500000000000 1.000000000000447 0.500000000000226 0.000000000000310 99.999375169988895 0.499996875822450
0.444600000000000 1.000000000000448 0.500000000000226 0.000000000000313 99.999375169988866 0.499996875820138
0.444700000000000 1.000000000000447 0.500000000000226 0.000000000000318 99.999375169988781 0.499996875817742
0.444800000000000 1.000000000000447 0.500000000000227 0.000000000000322 99.999375169988696 0.499996875815246
0.444900000000000 1.000000000000448 0.500000000000226 0.000000000000324 99.999375169988980 0.499996875812731
0.445000000000000 1.000000000000448 0.500000000000226 0.000000000000327 99.999375169988681 0.499996875810101
0.445100000000000 1.000000000000448 0.500000000000227 0.000000000000330 99.999375169988866 0.499996875807430
0.445200000000000 1.000000000000448 0.500000000000227 0.000000000000332 99.999375169988980 0.499996875804730
0.445300000000000 1.000000000000449 0.500000000000227 0.000000000000335 99.999375169988951 0.499996875802031
0.445400000000000 1.000000000000449 0.500000000000227 0.000000000000338 99.999375169989094 0.499996875799276
0.445500000000000 1.000000000000449 0.500000000000227 0.000000000000339 99.999375169988951 0.499996875796525
0.445600000000000 1.000000000000449 0.500000000000228 0.000000000000342 99.999375169988966 0.499996875793767
0.445700000000000 1.000000000000450 0.500000000000227 0.000000000000344 99.999375169989179 0.499996875791036
0.445800000000000 1.000000000000451 0.500000000000228 0.000000000000347 99.999375169989122 0.499996875788351
0.445900000000000 1.000000000000450 0.500000000000228 0.000000000000347 99.999375169989150 0.499996875785652
0.446000000000000 1.000000000000451 0.500000000000228 0.000000000000347 99.999375169988951 0.499996875783062
0.446100000000000 1.000000000000451 0.500000000000228 0.000000000000349 99.999375169989037 0.499996875780546
0.446200000000000 1.000000000000449 0.500000000000228 0.000000000000352 99.999375169989122 0.499996875778062
0.446300000000000 1.000000000000451 0.500000000000229 0.000000000000353 99.999375169988923 0.499996875775654
0.446400000000000 1.000000000000450 0.500000000000229 0.000000000000355 99.999375169989122 0.499996875773327
0.446500000000000 1.000000000000451 0.500000000000229 0.000000000000355 99.999375169988895 0.499996875771163
0.446600000000000 1.000000000000450 0.500000000000229 0.000000000000355 99.999375169989179 0.499996875769089
0.446700000000000 1.000000000000451 0.500000000000229 0.000000000000356 99.999375169988909 0.499996875767150
0.446800000000000 1.000000000000450 0.500000000000228 0.000000000000357 99.999375169988951 0.499996875765397
0.446900000000000 1.000000000000451 0.500000000000229 0.000000000000357 99.999375169989150 0.499996875763714
0.447000000000000 1.000000000000450 0.500000000000229 0.000000000000356 99.999375169989065 0.499996875762190
0.447100000000000 1.000000000000450 0.500000000000229 0.000000000000357 99.999375169988951 0.499996875760870
0.447200000000000 1.000000000000451 0.500000000000229 0.000000000000356 99.999375169989150 0.499996875759652
0.447300000000000 1.000000000000451 0.500000000000229 0.000000000000357 99.999375169988895 0.499996875758682
0.447400000000000 1.000000000000451 0.500000000000229 0.000000000000357 99.999375169989278 0.499996875757849
0.447500000000000 1.000000000000452 0.500000000000229 0.000000000000356 99.999375169988923 0.499996875757206
0.447600000000000 1.000000000000453 0.500000000000230 0.000000000000354 99.999375169989378 0.499996875756713
0.447700000000000 1.000000000000451 0.500000000000230 0.000000000000353 99.999375169989463 0.499996875756412
0.447800000000000 1.000000000000452 0.500000000000229 0.000000000000352 99.999375169989051 0.499996875756356
0.447900000000000 1.000000000000451 0.500000000000230 0.000000000000351 99.999375169989349 0.499996875756422
0.448000000000000 1.000000000000450 0.500000000000230 0.000000000000350 99.999375169989051 0.499996875756723
0.448100000000000 1.000000000000451 0.500000000000231 0.000000000000348 99.999375169988980 0.499996875757133
0.448200000000000 1.000000000000452 0.500000000000230 0.000000000000346 99.999375169989278 0.499996875757864
0.448300000000000 1.000000000000452 0.500000000000230 0.000000000000346 99.999375169989150 0.499996875758656
0.448400000000000 1.000000000000453 0.500000000000231 0.000000000000344 99.999375169989150 0.499996875759620
0.448500000000000 1.000000000000452 0.500000000000230 0.000000000000342 99.999375169989321 0.499996875760844
0.448600000000000 1.000000000000453 0.500000000000231 0.000000000000340 99.999375169989321 0.499996875762174
0.448700000000000 1.000000000000453 0.500000000000231 0.000000000000338 99.999375169989236 0.499996875763659
0.448800000000000 1.000000000000453 0.500000000000231 0.000000000000335 99.999375169989378 0.499996875765336
0.448900000000000 1.000000000000453 0.500000000000232 0.000000000000333 99.999375169989193 0.499996875767094
0.449000000000000 1.000000000000452 0.500000000000231 0.000000000000332 99.999375169989406 0.499996875769047
0.449100000000000 1.000000000000453 0.500000000000232 0.000000000000329 99.999375169989321 0.499996875771110
0.449200000000000 1.000000000000453 0.500000000000231 0.000000000000327 99.999375169989449 0.499996875773344
0.449300000000000 1.000000000000453 0.500000000000232 0.000000000000323 99.999375169989264 0.499996875775533
0.449400000000000 1.000000000000456 0.500000000000232 0.000000000000319 99.999375169989506 0.499996875777941
0.449500000000000 1.000000000000455 0.500000000000231 0.000000000000316 99.999375169989378 0.499996875780463
0.449600000000000 1.000000000000455 0.500000000000233 0.000000000000314 99.999375169989506 0.499996875782934
0.449700000000000 1.000000000000454 0.500000000000233 0.000000000000310 99.999375169989378 0.499996875785575
0.449800000000000 1.000000000000454 0.500000000000233 0.000000000000307 99.999375169989420 0.499996875788234
0.449900000000000 1.000000000000453 0.500000000000233 0.000000000000303 99.999375169989435 0.499996875790937
0.450000000000000 1.000000000000454 0.500000000000233 0.000000000000300 99.999375169989008 0.499996875793663
0.450100000000000 1.000000000000455 0.500000000000233 0.000000000000296 99.999375169989491 0.499996875796424
0.450200000000000 1.000000000000455 0.500000000000233 0.000000000000291 99.999375169989520 0.499996875799178
0.450300000000000 1.000000000000455 0.500000000000233 0.000000000000287 99.999375169989008 0.499996875801891
0.450400000000000 1.000000000000454 0.500000000000232 0.000000000000282 99.999375169989847 0.499996875804656
0.450500000000000 1.000000000000454 0.500000000000233 0.000000000000279 99.999375169989491 0.499996875807324
0.450600000000000 1.000000000000454 0.500000000000233 0.000000000000275 99.999375169989321 0.499996875809958
0.450700000000000 1.000000000000455 0.500000000000232 0.000000000000271 99.999375169989520 0.499996875812620
0.450800000000000 1.000000000000453 0.500000000000233 0.000000000000266 99.999375169989463 0.499996875815172
0.450900000000000 1.000000000000454 0.500000000000233 0.000000000000260 99.999375169988923 0.499996875817630
0.451000000000000 1.000000000000454 0.500000000000233 0.000000000000256 99.999375169989861 0.499996875820026
0.451100000000000 1.000000000000453 0.500000000000234 0.000000000000252 99.999375169990429 0.499996875822334
0.451200000000000 1.000000000000454 0.500000000000233 0.000000000000247 99.999375169989861 0.499996875824572
0.451300000000000 1.000000000000454 0.500000000000234 0.000000000000241 99.999375169988923 0.499996875826659
0.451400000000000 1.000000000000454 0.500000000000233 0.000000000000235 99.999375169990003 0.499996875828690
0.451500000000000 1.000000000000454 0.500000000000234 0.000000000000230 99.999375169988909 0.499996875830569
0.451600000000000 1.000000000000453 0.500000000000234 0.000000000000225 99.999375169990159 0.499996875832355
0.451700000000000 1.000000000000454 0.500000000000233 0.000000000000220 99.999375169989293 0.499996875834030
0.451800000000000 1.000000000000453 0.500000000000234 0.000000000000216 99.999375169989435 0.499996875835564
0.451900000000000 1.000000000000453 0.500000000000234 0.000000000000210 99.999375169989435 0.499996875836972
0.452000000000000 1.000000000000455 0.500000000000233 0.000000000000206 99.999375169989349 0.499996875838268
0.452100000000000 1.000000000000455 0.500000000000233 0.000000000000201 99.999375169989321 0.499996875839427
0.452200000000000 1.000000000000453 0.500000000000234 0.000000000000195 99.999375169989534 0.499996875840422
0.452300000000000 1.000000000000454 0.500000000000234 0.000000000000189 99.999375169989648 0.499996875841347
0.452400000000000 1.000000000000455 0.500000000000234 0.000000000000183 99.999375169989406 0.499996875842119
0.452500000000000 1.000000000000455 0.500000000000235 0.000000000000179 99.999375169990131 0.499996875842724
0.452600000000000 1.000000000000455 0.500000000000234 0.000000000000175 99.999375169989207 0.499996875843279
0.452700000000000 1.000000000000454 0.500000000000235 0.000000000000168 99.999375169990117 0.499996875843664
0.452800000000000 1.000000000000453 0.500000000000235 0.000000000000164 99.999375169990032 0.499996875843953
0.452900000000000 1.000000000000455 0.500000000000235 0.000000000000157 99.999375169989719 0.499996875844166
0.453000000000000 1.000000000000457 0.500000000000235 0.000000000000150 99.999375169989605 0.499996875844221
0.453100000000000 1.000000000000456 0.500000000000235 0.000000000000144 99.999375169989605 0.499996875844225
0.453200000000000 1.000000000000457 0.500000000000235 0.000000000000137 99.999375169989563 0.499996875844125
0.453300000000000 1.000000000000456 0.500000000000235 0.000000000000132 99.999375169990032 0.499996875843948
0.453400000000000 1.000000000000456 0.500000000000235 0.000000000000125 99.999375169990032 0.499996875843726
0.453500000000000 1.000000000000456 0.500000000000234 0.000000000000120 99.999375169989094 0.499996875843400
0.453600000000000 1.000000000000456 0.500000000000234 0.000000000000114 99.999375169988951 0.499996875843022
0.453700000000000 1.000000000000456 0.500000000000235 0.000000000000106 99.999375169989960 0.499996875842556
0.453800000000000 1.000000000000455 0.500000000000236 0.000000000000098 99.999375169989946 0.499996875842040
0.453900000000000 1.000000000000456 0.500000000000236 0.000000000000092 99.999375169989136 0.499996875841520
0.454000000000000 1.000000000000457 0.500000000000236 0.000000000000085 99.999375169990344 0.499996875840996
0.454100000000000 1.000000000000458 0.500000000000235 0.000000000000078 99.999375169990174 0.499996875840456
0.454200000000000 1.000000000000455 0.500000000000236 0.000000000000070 99.999375169989236 0.499996875839816
0.454300000000000 1.000000000000458 0.500000000000236 0.000000000000063 99.999375169989406 0.499996875839287
0.454400000000000 1.000000000000457 0.500000000000236 0.000000000000056 99.999375169989349 0.499996875838697
0.454500000000000 1.000000000000457 0.500000000000236 0.000000000000050 99.999375169989520 0.499996875838139
0.454600000000000 1.000000000000457 0.500000000000236 0.000000000000044 99.999375169989491 0.499996875837597
0.454700000000000 1.000000000000457 0.500000000000235 0.000000000000037 99.999375169990032 0.499996875837115
0.454800000000000 1.000000000000458 0.500000000000235 0.000000000000030 99.999375169990003 0.499996875836646
0.454900000000000 1.000000000000458 0.500000000000237 0.000000000000024 99.999375169989861 0.499996875836102
0.455000000000000 1.000000000000457 0.500000000000237 0.000000000000016 99.999375169989747 0.499996875835740
0.455100000000000 1.000000000000457 0.500000000000237 0.000000000000010 99.999375169990060 0.499996875835384
0.455200000000000 1.000000000000456 0.500000000000237 0.000000000000004 99.999375169989747 0.499996875835086
0.455300000000000 1.000000000000457 0.500000000000237 -0.000000000000003 99.999375169989946 0.499996875834854
0.455400000000000 1.000000000000458 0.500000000000237 -0.000000000000010 99.999375169990060 0.499996875834627
0.455500000000000 1.000000000000458 0.500000000000236 -0.000000000000015 99.999375169990032 0.499996875834597
0.455600000000000 1.000000000000458 0.500000000000236 -0.000000000000022 99.999375169989790 0.499996875834473
0.455700000000000 1.000000000000459 0.500000000000238 -0.000000000000028 99.999375169989875 0.499996875834398
0.455800000000000 1.000000000000457 0.500000000000237 -0.000000000000034 99.999375169989946 0.499996875834516
0.455900000000000 1.000000000000459 0.500000000000237 -0.000000000000040 99.999375169989747 0.499996875834632
0.456000000000000 1.000000000000460 0.500000000000237 -0.000000000000047 99.999375169990060 0.499996875834821
0.456100000000000 1.000000000000458 0.500000000000237 -0.000000000000055 99.999375169989804 0.499996875835046
0.456200000000000 1.000000000000459 0.500000000000236 -0.000000000000061 99.999375169989818 0.499996875835383
0.456300000000000 1.000000000000458 0.500000000000236 -0.000000000000068 99.999375169989719 0.499996875835740
0.456400000000000 1.000000000000461 0.500000000000237 -0.000000000000075 99.999375169990074 0.499996875836086
0.456500000000000 1.000000000000458 0.500000000000237 -0.000000000000083 99.999375169989889 0.499996875836512
0.456600000000000 1.000000000000460 0.500000000000237 -0.000000000000089 99.999375169989889 0.499996875836974
0.456700000000000 1.000000000000460 0.500000000000237 -0.000000000000096 99.999375169990202 0.499996875837547
0.456800000000000 1.000000000000460 0.500000000000237 -0.000000000000104 99.999375169990088 0.499996875838040
0.456900000000000 1.000000000000460 0.500000000000237 -0.000000000000109 99.999375169989932 0.499996875838575
0.457000000000000 1.000000000000459 0.500000000000237 -0.000000000000117 99.999375169990003 0.499996875839177
0.457100000000000 1.000000000000459 0.500000000000237 -0.000000000000124 99.999375169990202 0.499996875839717
0.457200000000000 1.000000000000460 0.500000000000236 -0.000000000000129 99.999375169989762 0.499996875840380
0.457300000000000 1.000000000000460 0.500000000000237 -0.000000000000136 99.999375169990202 0.499996875840889
0.457400000000000 1.000000000000460 0.500000000000237 -0.000000000000144 99.999375169989861 0.499996875841425
0.457500000000000 1.000000000000458 0.500000000000237 -0.000000000000150 99.999375169990145 0.499996875841948
0.457600000000000 1.000000000000459 0.500000000000237 -0.000000000000156 99.999375169989918 0.499996875842435
0.457700000000000 1.000000000000460 0.500000000000237 -0.000000000000163 99.999375169990017 0.499996875842842
0.457800000000000 1.000000000000459 0.500000000000236 -0.000000000000169 99.999375169989975 0.499996875843304
0.457900000000000 1.000000000000459 0.500000000000237 -0.000000000000175 99.999375169990088 0.499996875843602
0.458000000000000 1.000000000000460 0.500000000000237 -0.000000000000181 99.999375169990003 0.499996875843877
0.458100000000000 1.000000000000460 0.500000000000236 -0.000000000000187 99.999375169990131 0.499996875844095
0.458200000000000 1.000000000000460 0.500000000000237 -0.000000000000193 99.999375169990032 0.499996875844165
0.458300000000000 1.000000000000458 0.500000000000237 -0.000000000000199 99.999375169990017 0.499996875844179
0.458400000000000 1.000000000000458 0.500000000000237 -0.000000000000205 99.999375169989918 0.499996875844118
0.458500000000000 1.000000000000461 0.500000000000237 -0.000000000000210 99.999375169989960 0.499996875843940
0.458600000000000 1.000000000000459 0.500000000000236 -0.000000000000217 99.999375169990003 0.499996875843702
0.458700000000000 1.000000000000459 0.500000000000236 -0.000000000000222 99.999375169990174 0.499996875843279
0.458800000000000 1.000000000000460 0.500000000000237 -0.000000000000228 99.999375169990003 0.499996875842736
0.458900000000000 1.000000000000460 0.500000000000236 -0.000000000000233 99.999375169990117 0.499996875842156
0.459000000000000 1.000000000000460 0.500000000000237 -0.000000000000239 99.999375169989946 0.499996875841370
0.459100000000000 1.000000000000460 0.500000000000236 -0.000000000000243 99.999375169990103 0.499996875840515
0.459200000000000 1.000000000000461 0.500000000000236 -0.000000000000247 99.999375169990088 0.499996875839487
0.459300000000000 1.000000000000461 0.500000000000236 -0.000000000000251 99.999375169990174 0.499996875838385
0.459400000000000 1.000000000000459 0.500000000000236 -0.000000000000256 99.999375169990145 0.499996875837099
0.459500000000000 1.000000000000461 0.500000000000236 -0.000000000000260 99.999375169990145 0.499996875835691
0.459600000000000 1.000000000000459 0.500000000000236 -0.000000000000264 99.999375169990046 0.499996875834190
0.459700000000000 1.000000000000461 0.500000000000237 -0.000000000000269 99.999375169990174 0.499996875832512
0.459800000000000 1.000000000000461 0.500000000000237 -0.000000000000273 99.999375169990117 0.499996875830736
0.459900000000000 1.000000000000462 0.500000000000236 -0.000000000000277 99.999375169990174 0.499996875828887
0.460000000000000 1.000000000000462 0.500000000000236 -0.000000000000281 99.999375169990287 0.499996875826909
0.460100000000000 1.000000000000461 0.500000000000237 -0.000000000000284 99.999375169990600 0.499996875824759
0.460200000000000 1.000000000000463 0.500000000000237 -0.000000000000288 99.999375169990273 0.499996875822544
0.460300000000000 1.000000000000462 0.500000000000236 -0.000000000000293 99.999375169990003 0.499996875820265
0.460400000000000 1.000000000000462 0.500000000000236 -0.000000000000295 99.999375169989889 0.499996875817912
0.460500000000000 1.000000000000462 0.500000000000236 -0.000000000000298 99.999375169989989 0.499996875815452
0.460600000000000 1.000000000000462 0.500000000000237 -0.000000000000301 99.999375169990444 0.499996875812851
0.460700000000000 1.000000000000463 0.500000000000237 -0.000000000000305 99.999375169990202 0.499996875810258
0.460800000000000 1.000000000000461 0.500000000000237 -0.000000000000309 99.999375169990259 0.499996875807600
0.460900000000000 1.000000000000464 0.500000000000237 -0.000000000000311 99.999375169990387 0.499996875804891
0.461000000000000 1.000000000000462 0.500000000000237 -0.000000000000314 99.999375169990302 0.499996875802202
0.461100000000000 1.000000000000463 0.500000000000237 -0.000000000000316 99.999375169990188 0.499996875799402
0.461200000000000 1.000000000000462 0.500000000000237 -0.000000000000317 99.999375169990287 0.499996875796698
0.461300000000000 1.000000000000463 0.500000000000237 -0.000000000000320 99.999375169990202 0.499996875793920
0.461400000000000 1.000000000000462 0.500000000000236 -0.000000000000322 99.999375169990344 0.499996875791240
0.461500000000000 1.000000000000463 0.500000000000236 -0.000000000000323 99.999375169990088 0.499996875788516
0.461600000000000 1.000000000000464 0.500000000000236 -0.000000000000326 99.999375169990401 0.499996875785851
0.461700000000000 1.000000000000463 0.500000000000236 -0.000000000000328 99.999375169990444 0.499996875783225
0.461800000000000 1.000000000000463 0.500000000000236 -0.000000000000330 99.999375169990572 0.499996875780666
0.461900000000000 1.000000000000464 0.500000000000236 -0.000000000000330 99.999375169990543 0.499996875778202
0.462000000000000 1.000000000000465 0.500000000000236 -0.000000000000333 99.999375169990316 0.499996875775774
0.462100000000000 1.000000000000465 0.500000000000236 -0.000000000000333 99.999375169990387 0.499996875773512
0.462200000000000 1.000000000000463 0.500000000000236 -0.000000000000334 99.999375169990714 0.499996875771277
0.462300000000000 1.000000000000462 0.500000000000235 -0.000000000000336 99.999375169990486 0.499996875769252
0.462400000000000 1.000000000000463 0.500000000000236 -0.000000000000337 99.999375169990415 0.499996875767247
0.462500000000000 1.000000000000465 0.500000000000236 -0.000000000000338 99.999375169990373 0.499996875765432
0.462600000000000 1.000000000000464 0.500000000000236 -0.000000000000339 99.999375169990344 0.499996875763770
0.462700000000000 1.000000000000464 0.500000000000237 -0.000000000000338 99.999375169990714 0.499996875762218
0.462800000000000 1.000000000000464 0.500000000000236 -0.000000000000339 99.999375169990387 0.499996875760858
0.462900000000000 1.000000000000464 0.500000000000237 -0.000000000000338 99.999375169990444 0.499996875759581
0.463000000000000 1.000000000000465 0.500000000000236 -0.000000000000337 99.999375169990842 0.499996875758625
0.463100000000000 1.000000000000465 0.500000000000236 -0.000000000000337 99.999375169990756 0.499996875757752
0.463200000000000 1.000000000000465 0.500000000000236 -0.000000000000336 99.999375169990529 0.499996875757098
0.463300000000000 1.000000000000465 0.500000000000237 -0.000000000000336 99.999375169990429 0.499996875756557
0.463400000000000 1.000000000000465 0.500000000000236 -0.000000000000334 99.999375169990543 0.499996875756312
0.463500000000000 1.000000000000465 0.500000000000236 -0.000000000000334 99.999375169990728 0.499996875756151
0.463600000000000 1.000000000000465 0.500000000000235 -0.000000000000333 99.999375169990316 0.499996875756260
0.463700000000000 1.000000000000465 0.500000000000236 -0.000000000000332 99.999375169990586 0.499996875756498
0.463800000000000 1.000000000000465 0.500000000000235 -0.000000000000332 99.999375169990415 0.499996875756979
0.463900000000000 1.000000000000464 0.500000000000236 -0.000000000000331 99.999375169990600 0.499996875757544
0.464000000000000 1.000000000000466 0.500000000000235 -0.000000000000330 99.999375169990699 0.499996875758389
0.464100000000000 1.000000000000466 0.500000000000235 -0.000000000000328 99.999375169990515 0.499996875759379
0.464200000000000 1.000000000000464 0.500000000000236 -0.000000000000327 99.999375169990302 0.499996875760462
0.464300000000000 1.000000000000465 0.500000000000236 -0.000000000000325 99.999375169990515 0.499996875761798
0.464400000000000 1.000000000000465 0.500000000000235 -0.000000000000323 99.999375169990515 0.499996875763362
0.464500000000000 1.000000000000465 0.500000000000236 -0.000000000000320 99.999375169990600 0.499996875764900
0.464600000000000 1.000000000000465 0.500000000000235 -0.000000000000317 99.999375169990486 0.499996875766718
0.464700000000000 1.000000000000465 0.500000000000236 -0.000000000000316 99.999375169990714 0.499996875768621
0.464800000000000 1.000000000000465 0.500000000000235 -0.000000000000313 99.999375169990429 0.499996875770686
0.464900000000000 1.000000000000465 0.500000000000235 -0.000000000000310 99.999375169990714 0.499996875772863
0.465000000000000 1.000000000000467 0.500000000000235 -0.000000000000308 99.999375169990628 0.499996875775119
0.465100000000000 1.000000000000466 0.500000000000235 -0.000000000000305 99.999375169990557 0.499996875777518
0.465200000000000 1.000000000000467 0.500000000000235 -0.000000000000302 99.999375169990628 0.499996875779993
0.465300000000000 1.000000000000467 0.500000000000235 -0.000000000000299 99.999375169990529 0.499996875782504
0.465400000000000 1.000000000000465 0.500000000000235 -0.000000000000296 99.999375169990742 0.499996875785103
0.465500000000000 1.000000000000465 0.500000000000235 -0.000000000000293 99.999375169990714 0.499996875787742
0.465600000000000 1.000000000000468 0.500000000000235 -0.000000000000291 99.999375169990572 0.499996875790474
0.465700000000000 1.000000000000468 0.500000000000236 -0.000000000000285 99.999375169990628 0.499996875793132
0.465800000000000 1.000000000000466 0.500000000000236 -0.000000000000283 99.999375169991197 0.499996875795897
0.465900000000000 1.000000000000466 0.500000000000235 -0.000000000000279 99.999375169991211 0.499996875798666
0.466000000000000 1.000000000000467 0.500000000000235 -0.000000000000274 99.999375169990685 0.499996875801410
0.466100000000000 1.000000000000466 0.500000000000235 -0.000000000000270 99.999375169990600 0.499996875804169
0.466200000000000 1.000000000000467 0.500000000000235 -0.000000000000266 99.999375169990486 0.499996875806844
0.466300000000000 1.000000000000467 0.500000000000235 -0.000000000000262 99.999375169990813 0.499996875809510
0.466400000000000 1.000000000000467 0.500000000000235 -0.000000000000257 99.999375169991112 0.499996875812142
0.466500000000000 1.000000000000468 0.500000000000235 -0.000000000000251 99.999375169990799 0.499996875814691
0.466600000000000 1.000000000000468 0.500000000000235 -0.000000000000248 99.999375169990799 0.499996875817173
0.466700000000000 1.000000000000467 0.500000000000236 -0.000000000000243 99.999375169990785 0.499996875819545
0.466800000000000 1.000000000000467 0.500000000000235 -0.000000000000238 99.999375169990628 0.499996875821901
0.466900000000000 1.000000000000468 0.500000000000236 -0.000000000000234 99.999375169990685 0.499996875824106
0.467000000000000 1.000000000000467 0.500000000000235 -0.000000000000229 99.999375169990600 0.499996875826268
0.467100000000000 1.000000000000467 0.500000000000235 -0.000000000000224 99.999375169990984 0.499996875828276
0.467200000000000 1.000000000000468 0.500000000000235 -0.000000000000218 99.999375169990671 0.499996875830197
0.467300000000000 1.000000000000468 0.500000000000235 -0.000000000000212 99.999375169991012 0.499996875831995
0.467400000000000 1.000000000000469 0.500000000000235 -0.000000000000205 99.999375169990856 0.499996875833675
0.467500000000000 1.000000000000469 0.500000000000236 -0.000000000000200 99.999375169990799 0.499996875835190
0.467600000000000 1.000000000000467 0.500000000000235 -0.000000000000194 99.999375169991239 0.499996875836655
0.467700000000000 1.000000000000468 0.500000000000235 -0.000000000000188 99.999375169990429 0.499996875837952
0.467800000000000 1.000000000000468 0.500000000000235 -0.000000000000181 99.999375169990884 0.499996875839120
0.467900000000000 1.000000000000467 0.500000000000235 -0.000000000000175 99.999375169990827 0.499996875840146
0.468000000000000 1.000000000000467 0.500000000000235 -0.000000000000170 99.999375169990884 0.499996875841075
0.468100000000000 1.000000000000468 0.500000000000235 -0.000000000000165 99.999375169990543 0.499996875841857
0.468200000000000 1.000000000000467 0.500000000000235 -0.000000000000160 99.999375169990458 0.499996875842535
0.468300000000000 1.000000000000468 0.500000000000235 -0.000000000000153 99.999375169991339 0.499996875843046
0.468400000000000 1.000000000000469 0.500000000000235 -0.000000000000146 99.999375169991325 0.499996875843475
0.468500000000000 1.000000000000468 0.500000000000235 -0.000000000000139 99.999375169990458 0.499996875843800
0.468600000000000 1.000000000000470 0.500000000000236 -0.000000000000133 99.999375169991495 0.499996875843968
0.468700000000000 1.000000000000470 0.500000000000236 -0.000000000000125 99.999375169990600 0.499996875844058
0.468800000000000 1.000000000000469 0.500000000000235 -0.000000000000120 99.999375169990984 0.499996875844079
0.468900000000000 1.000000000000470 0.500000000000235 -0.000000000000114 99.999375169991055 0.499996875844033
0.469000000000000 1.000000000000470 0.500000000000236 -0.000000000000106 99.999375169990884 0.499996875843802
0.469100000000000 1.000000000000469 0.500000000000236 -0.000000000000099 99.999375169990998 0.499996875843528
0.469200000000000 1.000000000000470 0.500000000000236 -0.000000000000093 99.999375169991097 0.499996875843225
0.469300000000000 1.000000000000469 0.500000000000236 -0.000000000000087 99.999375169991225 0.499996875842844
0.469400000000000 1.000000000000471 0.500000000000235 -0.000000000000081 99.999375169990941 0.499996875842436
0.469500000000000 1.000000000000470 0.500000000000237 -0.000000000000073 99.999375169991197 0.499996875841896
0.469600000000000 1.000000000000470 0.500000000000236 -0.000000000000067 99.999375169991140 0.499996875841462
0.469700000000000 1.000000000000471 0.500000000000236 -0.000000000000061 99.999375169991083 0.499996875840890
0.469800000000000 1.000000000000470 0.500000000000236 -0.000000000000054 99.999375169991055 0.499996875840333
0.469900000000000 1.000000000000471 0.500000000000236 -0.000000000000047 99.999375169991225 0.499996875839768
0.470000000000000 1.000000000000470 0.500000000000236 -0.000000000000039 99.999375169991055 0.499996875839187
0.470100000000000 1.000000000000471 0.500000000000236 -0.000000000000034 99.999375169991154 0.499996875838613
0.470200000000000 1.000000000000471 0.500000000000236 -0.000000000000027 99.999375169991282 0.499996875838040
0.470300000000000 1.000000000000470 0.500000000000236 -0.000000000000020 99.999375169991339 0.499996875837497
0.470400000000000 1.000000000000472 0.500000000000235 -0.000000000000012 99.999375169991026 0.499996875837032
0.470500000000000 1.000000000000471 0.500000000000236 -0.000000000000006 99.999375169990955 0.499996875836507
0.470600000000000 1.000000000000471 0.500000000000236 -0.000000000000000 99.999375169991453 0.499996875836069
0.470700000000000 1.000000000000471 0.500000000000236 0.000000000000007 99.999375169991112 0.499996875835657
0.470800000000000 1.000000000000472 0.500000000000236 0.000000000000014 99.999375169991367 0.499996875835306
0.470900000000000 1.000000000000471 0.500000000000236 0.000000000000020 99.999375169991254 0.499996875834994
0.471000000000000 1.000000000000471 0.500000000000236 0.000000000000026 99.999375169991296 0.499996875834749
0.471100000000000 1.000000000000472 0.500000000000237 0.000000000000034 99.999375169991168 0.499996875834501
0.471200000000000 1.000000000000472 0.500000000000237 0.000000000000040 99.999375169991438 0.499996875834377
0.471300000000000 1.000000000000473 0.500000000000236 0.000000000000047 99.999375169991453 0.499996875834313
0.471400000000000 1.000000000000471 0.500000000000237 0.000000000000053 99.999375169991424 0.499996875834299
0.471500000000000 1.000000000000473 0.500000000000237 0.000000000000060 99.999375169991396 0.499996875834341
0.471600000000000 1.000000000000473 0.500000000000237 0.000000000000066 99.999375169991296 0.499996875834447
0.471700000000000 1.000000000000473 0.500000000000237 0.000000000000073 99.999375169991211 0.499996875834614
0.471800000000000 1.000000000000474 0.500000000000237 0.000000000000080 99.999375169991112 0.499996875834852
0.471900000000000 1.000000000000473 0.500000000000237 0.000000000000087 99.999375169991325 0.499996875835136
0.472000000000000 1.000000000000474 0.500000000000237 0.000000000000094 99.999375169991367 0.499996875835479
0.472100000000000 1.000000000000475 0.500000000000237 0.000000000000101 99.999375169991310 0.499996875835876
0.472200000000000 1.000000000000474 0.500000000000237 0.000000000000108 99.999375169991623 0.499996875836326
0.472300000000000 1.000000000000474 0.500000000000238 0.000000000000114 99.999375169991282 0.499996875836771
0.472400000000000 1.000000000000475 0.500000000000238 0.000000000000122 99.999375169991595 0.499996875837272
0.472500000000000 1.000000000000474 0.500000000000238 0.000000000000128 99.999375169991538 0.499996875837784
0.472600000000000 1.000000000000475 0.500000000000238 0.000000000000135 99.999375169991538 0.499996875838364
0.472700000000000 1.000000000000474 0.500000000000238 0.000000000000142 99.999375169991595 0.499996875838914
0.472800000000000 1.000000000000474 0.500000000000238 0.000000000000149 99.999375169991396 0.499996875839489
0.472900000000000 1.000000000000474 0.500000000000237 0.000000000000155 99.999375169991325 0.499996875840099
0.473000000000000 1.000000000000474 0.500000000000238 0.000000000000162 99.999375169991424 0.499996875840620
0.473100000000000 1.000000000000474 0.500000000000239 0.000000000000167 99.999375169991595 0.499996875841148
0.473200000000000 1.000000000000474 0.500000000000238 0.000000000000173 99.999375169991438 0.499996875841721
0.473300000000000 1.000000000000473 0.500000000000238 0.000000000000179 99.999375169991453 0.499996875842214
0.473400000000000 1.000000000000474 0.500000000000238 0.000000000000186 99.999375169991595 0.499996875842656
0.473500000000000 1.000000000000475 0.500000000000238 0.000000000000192 99.999375169991453 0.499996875843041
0.473600000000000 1.000000000000476 0.500000000000238 0.000000000000199 99.999375169991609 0.499996875843407
0.473700000000000 1.000000000000475 0.500000000000239 0.000000000000204 99.999375169991552 0.499996875843641
0.473800000000000 1.000000000000475 0.500000000000238 0.000000000000211 99.999375169991566 0.499996875843879
0.473900000000000 1.000000000000475 0.500000000000238 0.000000000000216 99.999375169991652 0.499996875843993
0.474000000000000 1.000000000000475 0.500000000000239 0.000000000000222 99.999375169991580 0.499996875844006
0.474100000000000 1.000000000000475 0.500000000000239 0.000000000000228 99.999375169991538 0.499996875843927
0.474200000000000 1.000000000000475 0.500000000000239 0.000000000000233 99.999375169991481 0.499996875843784
0.474300000000000 1.000000000000475 0.500000000000238 0.000000000000239 99.999375169991509 0.499996875843561
0.474400000000000 1.000000000000475 0.500000000000239 0.000000000000245 99.999375169991595 0.499996875843155
0.474500000000000 1.000000000000477 0.500000000000239 0.000000000000249 99.999375169991595 0.499996875842657
0.474600000000000 1.000000000000476 0.500000000000239 0.000000000000254 99.999375169991580 0.499996875842032
0.474700000000000 1.000000000000475 0.500000000000240 0.000000000000260 99.999375169991453 0.499996875841257
0.474800000000000 1.000000000000474 0.500000000000239 0.000000000000265 99.999375169991566 0.499996875840425
0.474900000000000 1.000000000000476 0.500000000000239 0.000000000000270 99.999375169991538 0.499996875839439
0.475000000000000 1.000000000000475 0.500000000000239 0.000000000000274 99.999375169991538 0.499996875838314
0.475100000000000 1.000000000000475 0.500000000000239 0.000000000000278 99.999375169991538 0.499996875837091
0.475200000000000 1.000000000000476 0.500000000000240 0.000000000000282 99.999375169991694 0.499996875835668
0.475300000000000 1.000000000000476 0.500000000000240 0.000000000000286 99.999375169991566 0.499996875834192
0.475400000000000 1.000000000000476 0.500000000000240 0.000000000000290 99.999375169991424 0.499996875832564
0.475500000000000 1.000000000000476 0.500000000000240 0.000000000000294 99.999375169991765 0.499996875830809
0.475600000000000 1.000000000000476 0.500000000000240 0.000000000000299 99.999375169991666 0.499996875828924
0.475700000000000 1.000000000000478 0.500000000000240 0.000000000000302 99.999375169991794 0.499996875826953
0.475800000000000 1.000000000000475 0.500000000000240 0.000000000000306 99.999375169991481 0.499996875824851
0.475900000000000 1.000000000000476 0.500000000000240 0.000000000000309 99.999375169991751 0.499996875822655
0.476000000000000 1.000000000000476 0.500000000000240 0.000000000000313 99.999375169991751 0.499996875820394
0.476100000000000 1.000000000000476 0.500000000000240 0.000000000000317 99.999375169991822 0.499996875818044
0.476200000000000 1.000000000000477 0.500000000000241 0.000000000000320 99.999375169991850 0.499996875815552
0.476300000000000 1.000000000000477 0.500000000000241 0.000000000000323 99.999375169991538 0.499996875813002
0.476400000000000 1.000000000000477 0.500000000000242 0.000000000000325 99.999375169991879 0.499996875810379
0.476500000000000 1.000000000000478 0.500000000000242 0.000000000000328 99.999375169991850 0.499996875807711
0.476600000000000 1.000000000000478 0.500000000000241 0.000000000000329 99.999375169991879 0.499996875805065
0.476700000000000 1.000000000000478 0.500000000000242 0.000000000000333 99.999375169991794 0.499996875802336
0.476800000000000 1.000000000000479 0.500000000000242 0.000000000000336 99.999375169991794 0.499996875799573
0.476900000000000 1.000000000000479 0.500000000000242 0.000000000000338 99.999375169991822 0.499996875796847
0.477000000000000 1.000000000000479 0.500000000000242 0.000000000000341 99.999375169991936 0.499996875794093
0.477100000000000 1.000000000000480 0.500000000000243 0.000000000000343 99.999375169992049 0.499996875791332
0.477200000000000 1.000000000000478 0.500000000000243 0.000000000000345 99.999375169991964 0.499996875788630
0.477300000000000 1.000000000000479 0.500000000000242 0.000000000000346 99.999375169991850 0.499996875785991
0.477400000000000 1.000000000000477 0.500000000000243 0.000000000000347 99.999375169992192 0.499996875783355
0.477500000000000 1.000000000000480 0.500000000000243 0.000000000000348 99.999375169991993 0.499996875780804
0.477600000000000 1.000000000000480 0.500000000000244 0.000000000000349 99.999375169991907 0.499996875778245
0.477700000000000 1.000000000000479 0.500000000000243 0.000000000000351 99.999375169991978 0.499996875775885
0.477800000000000 1.000000000000479 0.500000000000243 0.000000000000352 99.999375169992135 0.499996875773538
0.477900000000000 1.000000000000479 0.500000000000243 0.000000000000353 99.999375169991964 0.499996875771355
0.478000000000000 1.000000000000478 0.500000000000243 0.000000000000354 99.999375169991993 0.499996875769247
0.478100000000000 1.000000000000480 0.500000000000244 0.000000000000356 99.999375169991964 0.499996875767273
0.478200000000000 1.000000000000481 0.500000000000243 0.000000000000356 99.999375169992248 0.499996875765461
0.478300000000000 1.000000000000479 0.500000000000244 0.000000000000358 99.999375169991907 0.499996875763765
0.478400000000000 1.000000000000480 0.500000000000244 0.000000000000358 99.999375169992177 0.499996875762163
0.478500000000000 1.000000000000480 0.500000000000244 0.000000000000358 99.999375169992064 0.499996875760829
0.478600000000000 1.000000000000480 0.500000000000244 0.000000000000358 99.999375169992092 0.499996875759591
0.478700000000000 1.000000000000482 0.500000000000245 0.000000000000358 99.999375169991964 0.499996875758515
0.478800000000000 1.000000000000480 0.500000000000244 0.000000000000358 99.999375169992149 0.499996875757662
0.478900000000000 1.000000000000481 0.500000000000244 0.000000000000357 99.999375169992106 0.499996875756965
0.479000000000000 1.000000000000481 0.500000000000245 0.000000000000356 99.999375169992135 0.499996875756447
0.479100000000000 1.000000000000482 0.500000000000245 0.000000000000355 99.999375169992135 0.499996875756126
0.479200000000000 1.000000000000481 0.500000000000245 0.000000000000355 99.999375169992092 0.499996875755986
0.479300000000000 1.000000000000481 0.500000000000245 0.000000000000354 99.999375169992206 0.499996875756014
0.479400000000000 1.000000000000481 0.500000000000245 0.000000000000352 99.999375169992049 0.499996875756261
0.479500000000000 1.000000000000481 0.500000000000244 0.000000000000350 99.999375169992078 0.499996875756700
0.479600000000000 1.000000000000481 0.500000000000245 0.000000000000349 99.999375169992362 0.499996875757298
0.479700000000000 1.000000000000481 0.500000000000245 0.000000000000348 99.999375169992078 0.499996875758052
0.479800000000000 1.000000000000481 0.500000000000246 0.000000000000347 99.999375169992192 0.499996875759008
0.479900000000000 1.000000000000481 0.500000000000246 0.000000000000345 99.999375169992135 0.499996875760131
0.480000000000000 1.000000000000480 0.500000000000245 0.000000000000344 99.999375169992220 0.499996875761489
0.480100000000000 1.000000000000482 0.500000000000246 0.000000000000342 99.999375169992362 0.499996875762927
0.480200000000000 1.000000000000483 0.500000000000245 0.000000000000339 99.999375169992391 0.499996875764560
0.480300000000000 1.000000000000481 0.500000000000246 0.000000000000337 99.999375169992334 0.499996875766295
0.480400000000000 1.000000000000483 0.500000000000246 0.000000000000334 99.999375169992334 0.499996875768193
0.480500000000000 1.000000000000482 0.500000000000246 0.000000000000333 99.999375169992277 0.499996875770232
0.480600000000000 1.000000000000484 0.500000000000247 0.000000000000330 99.999375169992319 0.499996875772383
0.480700000000000 1.000000000000483 0.500000000000247 0.000000000000327 99.999375169992391 0.499996875774649
0.480800000000000 1.000000000000482 0.500000000000247 0.000000000000324 99.999375169992419 0.499996875776977
0.480900000000000 1.000000000000483 0.500000000000247 0.000000000000322 99.999375169992305 0.499996875779467
0.481000000000000 1.000000000000484 0.500000000000247 0.000000000000319 99.999375169992206 0.499996875781982
0.481100000000000 1.000000000000482 0.500000000000246 0.000000000000316 99.999375169992277 0.499996875784597
0.481200000000000 1.000000000000483 0.500000000000246 0.000000000000314 99.999375169992504 0.499996875787264
0.481300000000000 1.000000000000482 0.500000000000247 0.000000000000310 99.999375169992305 0.499996875789891
0.481400000000000 1.000000000000483 0.500000000000248 0.000000000000307 99.999375169992561 0.499996875792615
0.481500000000000 1.000000000000483 0.500000000000248 0.000000000000302 99.999375169992334 0.499996875795372
0.481600000000000 1.000000000000482 0.500000000000247 0.000000000000299 99.999375169991652 0.499996875798175
0.481700000000000 1.000000000000483 0.500000000000248 0.000000000000294 99.999375169992419 0.499996875800854
0.481800000000000 1.000000000000483 0.500000000000247 0.000000000000291 99.999375169992334 0.499996875803633
0.481900000000000 1.000000000000483 0.500000000000248 0.000000000000286 99.999375169992888 0.499996875806312
0.482000000000000 1.000000000000482 0.500000000000247 0.000000000000282 99.999375169992319 0.499996875808994
0.482100000000000 1.000000000000483 0.500000000000248 0.000000000000277 99.999375169992362 0.499996875811600
0.482200000000000 1.000000000000481 0.500000000000248 0.000000000000271 99.999375169992817 0.499996875814160
0.482300000000000 1.000000000000482 0.500000000000248 0.000000000000266 99.999375169992376 0.499996875816671
0.482400000000000 1.000000000000483 0.500000000000248 0.000000000000261 99.999375169992391 0.499996875819081
0.482500000000000 1.000000000000482 0.500000000000248 0.000000000000256 99.999375169992746 0.499996875821441
0.482600000000000 1.000000000000483 0.500000000000247 0.000000000000250 99.999375169991950 0.499996875823701
0.482700000000000 1.000000000000483 0.500000000000248 0.000000000000244 99.999375169992305 0.499996875825811
0.482800000000000 1.000000000000485 0.500000000000248 0.000000000000240 99.999375169992391 0.499996875827868
0.482900000000000 1.000000000000483 0.500000000000248 0.000000000000234 99.999375169992561 0.499996875829792
0.483000000000000 1.000000000000483 0.500000000000248 0.000000000000230 99.999375169991993 0.499996875831622
0.483100000000000 1.000000000000484 0.500000000000249 0.000000000000224 99.999375169992959 0.499996875833243
0.483200000000000 1.000000000000484 0.500000000000248 0.000000000000217 99.999375169992248 0.499996875834842
0.483300000000000 1.000000000000483 0.500000000000249 0.000000000000211 99.999375169992419 0.499996875836296
0.483400000000000 1.000000000000483 0.500000000000248 0.000000000000205 99.999375169992319 0.499996875837620
0.483500000000000 1.000000000000484 0.500000000000248 0.000000000000201 99.999375169992220 0.499996875838800
0.483600000000000 1.000000000000482 0.500000000000249 0.000000000000194 99.999375169992462 0.499996875839841
0.483700000000000 1.000000000000484 0.500000000000248 0.000000000000188 99.999375169992334 0.499996875840778
0.483800000000000 1.000000000000484 0.500000000000249 0.000000000000181 99.999375169992362 0.499996875841569
0.483900000000000 1.000000000000483 0.500000000000249 0.000000000000176 99.999375169992476 0.499996875842239
0.484000000000000 1.000000000000484 0.500000000000248 0.000000000000169 99.999375169992618 0.499996875842831
0.484100000000000 1.000000000000485 0.500000000000249 0.000000000000163 99.999375169992291 0.499996875843235
0.484200000000000 1.000000000000484 0.500000000000249 0.000000000000158 99.999375169992490 0.499996875843590
0.484300000000000 1.000000000000485 0.500000000000248 0.000000000000151 99.999375169992646 0.499996875843813
0.484400000000000 1.000000000000484 0.500000000000249 0.000000000000144 99.999375169992504 0.499996875843896
0.484500000000000 1.000000000000484 0.500000000000250 0.000000000000136 99.999375169991779 0.499996875843884
0.484600000000000 1.000000000000484 0.500000000000250 0.000000000000131 99.999375169993030 0.499996875843802
0.484700000000000 1.000000000000485 0.500000000000250 0.000000000000126 99.999375169992845 0.499996875843619
0.484800000000000 1.000000000000485 0.500000000000250 0.000000000000119 99.999375169992447 0.499996875843401
0.484900000000000 1.000000000000484 0.500000000000249 0.000000000000113 99.999375169993414 0.499996875843109
0.485000000000000 1.000000000000485 0.500000000000249 0.000000000000107 99.999375169993016 0.499996875842760
0.485100000000000 1.000000000000485 0.500000000000250 0.000000000000099 99.999375169992220 0.499996875842338
0.485200000000000 1.000000000000484 0.500000000000250 0.000000000000095 99.999375169993101 0.499996875841832
0.485300000000000 1.000000000000485 0.500000000000249 0.000000000000088 99.999375169992732 0.499996875841336
0.485400000000000 1.000000000000485 0.500000000000250 0.000000000000082 99.999375169992504 0.499996875840784
0.485500000000000 1.000000000000486 0.500000000000249 0.000000000000075 99.999375169992476 0.499996875840269
0.485600000000000 1.000000000000488 0.500000000000251 0.000000000000069 99.999375169992746 0.499996875839597
0.485700000000000 1.000000000000484 0.500000000000250 0.000000000000062 99.999375169992760 0.499996875839054
0.485800000000000 1.000000000000486 0.500000000000250 0.000000000000054 99.999375169992675 0.499996875838501
0.485900000000000 1.000000000000486 0.500000000000251 0.000000000000048 99.999375169992732 0.499996875837931
0.486000000000000 1.000000000000486 0.500000000000250 0.000000000000041 99.999375169992831 0.499996875837403
0.486100000000000 1.000000000000486 0.500000000000251 0.000000000000034 99.999375169993158 0.499996875836881
0.486200000000000 1.000000000000487 0.500000000000251 0.000000000000028 99.999375169992391 0.499996875836362
0.486300000000000 1.000000000000487 0.500000000000251 0.000000000000022 99.999375169992163 0.499996875835901
0.486400000000000 1.000000000000486 0.500000000000251 0.000000000000015 99.999375169992192 0.499996875835513
0.486500000000000 1.000000000000486 0.500000000000250 0.000000000000008 99.999375169992234 0.499996875835163
0.486600000000000 1.000000000000487 0.500000000000251 0.000000000000001 99.999375169992234 0.499996875834835
0.486700000000000 1.000000000000486 0.500000000000251 -0.000000000000007 99.999375169993186 0.499996875834547
0.486800000000000 1.000000000000486 0.500000000000251 -0.000000000000014 99.999375169993243 0.499996875834343
0.486900000000000 1.000000000000488 0.500000000000251 -0.000000000000021 99.999375169992419 0.499996875834213
0.487000000000000 1.000000000000488 0.500000000000252 -0.000000000000028 99.999375169993158 0.499996875834112
0.487100000000000 1.000000000000487 0.500000000000252 -0.000000000000035 99.999375169993257 0.499996875834087
0.487200000000000 1.000000000000488 0.500000000000251 -0.000000000000043 99.999375169992305 0.499996875834170
0.487300000000000 1.000000000000490 0.500000000000252 -0.000000000000050 99.999375169993144 0.499996875834243
0.487400000000000 1.000000000000488 0.500000000000251 -0.000000000000057 99.999375169993186 0.499996875834412
0.487500000000000 1.000000000000489 0.500000000000251 -0.000000000000064 99.999375169993243 0.499996875834666
0.487600000000000 1.000000000000487 0.500000000000251 -0.000000000000070 99.999375169993186 0.499996875834942
0.487700000000000 1.000000000000487 0.500000000000251 -0.000000000000078 99.999375169992376 0.499996875835237
0.487800000000000 1.000000000000487 0.500000000000251 -0.000000000000086 99.999375169992362 0.499996875835651
0.487900000000000 1.000000000000488 0.500000000000252 -0.000000000000094 99.999375169992874 0.499996875836049
0.488000000000000 1.000000000000488 0.500000000000251 -0.000000000000100 99.999375169992902 0.499996875836545
0.488100000000000 1.000000000000487 0.500000000000251 -0.000000000000106 99.999375169992874 0.499996875837045
0.488200000000000 1.000000000000488 0.500000000000251 -0.000000000000113 99.999375169992760 0.499996875837591
0.488300000000000 1.000000000000488 0.500000000000252 -0.000000000000120 99.999375169992902 0.499996875838105
0.488400000000000 1.000000000000487 0.500000000000252 -0.000000000000127 99.999375169992845 0.499996875838664
0.488500000000000 1.000000000000488 0.500000000000252 -0.000000000000133 99.999375169992788 0.499996875839251
0.488600000000000 1.000000000000487 0.500000000000251 -0.000000000000142 99.999375169992845 0.499996875839845
0.488700000000000 1.000000000000488 0.500000000000251 -0.000000000000149 99.999375169992902 0.499996875840416
0.488800000000000 1.000000000000488 0.500000000000252 -0.000000000000154 99.999375169992902 0.499996875840930
0.488900000000000 1.000000000000489 0.500000000000251 -0.000000000000161 99.999375169992732 0.499996875841455
0.489000000000000 1.000000000000489 0.500000000000251 -0.000000000000166 99.999375169992874 0.499996875841974
0.489100000000000 1.000000000000487 0.500000000000251 -0.000000000000172 99.999375169992902 0.499996875842424
0.489200000000000 1.000000000000488 0.500000000000251 -0.000000000000177 99.999375169992845 0.499996875842875
0.489300000000000 1.000000000000488 0.500000000000251 -0.000000000000185 99.999375169992859 0.499996875843212
0.489400000000000 1.000000000000489 0.500000000000250 -0.000000000000190 99.999375169992817 0.499996875843510
0.489500000000000 1.000000000000488 0.500000000000251 -0.000000000000196 99.999375169992760 0.499996875843677
0.489600000000000 1.000000000000489 0.500000000000251 -0.000000000000202 99.999375169992817 0.499996875843800
0.489700000000000 1.000000000000487 0.500000000000252 -0.000000000000207 99.999375169992945 0.499996875843824
0.489800000000000 1.000000000000488 0.500000000000251 -0.000000000000213 99.999375169992945 0.499996875843809
0.489900000000000 1.000000000000488 0.500000000000251 -0.000000000000220 99.999375169992874 0.499996875843669
0.490000000000000 1.000000000000488 0.500000000000250 -0.000000000000225 99.999375169992874 0.499996875843415
0.490100000000000 1.000000000000489 0.500000000000251 -0.000000000000231 99.999375169992845 0.499996875843039
0.490200000000000 1.000000000000488 0.500000000000251 -0.000000000000236 99.999375169992916 0.499996875842571
0.490300000000000 1.000000000000488 0.500000000000251 -0.000000000000241 99.999375169992902 0.499996875841962
0.490400000000000 1.000000000000489 0.500000000000250 -0.000000000000247 99.999375169992902 0.499996875841256
0.490500000000000 1.000000000000488 0.500000000000251 -0.000000000000252 99.999375169993044 0.499996875840353
0.490600000000000 1.000000000000489 0.500000000000250 -0.000000000000256 99.999375169993016 0.499996875839457
0.490700000000000 1.000000000000489 0.500000000000251 -0.000000000000261 99.999375169992931 0.499996875838309
0.490800000000000 1.000000000000488 0.500000000000251 -0.000000000000265 99.999375169992859 0.499996875837077
0.490900000000000 1.000000000000488 0.500000000000251 -0.000000000000269 99.999375169992931 0.499996875835718
0.491000000000000 1.000000000000490 0.500000000000251 -0.000000000000272 99.999375169993058 0.499996875834233
0.491100000000000 1.000000000000490 0.500000000000251 -0.000000000000277 99.999375169992987 0.499996875832610
0.491200000000000 1.000000000000490 0.500000000000251 -0.000000000000282 99.999375169993101 0.499996875830859
0.491300000000000 1.000000000000490 0.500000000000251 -0.000000000000285 99.999375169993073 0.499996875829017
0.491400000000000 1.000000000000491 0.500000000000251 -0.000000000000289 99.999375169993243 0.499996875827039
0.491500000000000 1.000000000000490 0.500000000000251 -0.000000000000292 99.999375169993058 0.499996875824977
0.491600000000000 1.000000000000490 0.500000000000252 -0.000000000000297 99.999375169993101 0.499996875822763
0.491700000000000 1.000000000000490 0.500000000000251 -0.000000000000301 99.999375169993300 0.499996875820513
0.491800000000000 1.000000000000488 0.500000000000251 -0.000000000000304 99.999375169993058 0.499996875818116
0.491900000000000 1.000000000000491 0.500000000000251 -0.000000000000309 99.999375169993215 0.499996875815679
0.492000000000000 1.000000000000491 0.500000000000251 -0.000000000000313 99.999375169993357 0.499996875813175
0.492100000000000 1.000000000000491 0.500000000000251 -0.000000000000317 99.999375169992902 0.499996875810571
0.492200000000000 1.000000000000492 0.500000000000251 -0.000000000000321 99.999375169993286 0.499996875807928
0.492300000000000 1.000000000000490 0.500000000000251 -0.000000000000323 99.999375169993371 0.499996875805264
0.492400000000000 1.000000000000492 0.500000000000251 -0.000000000000327 99.999375169993229 0.499996875802520
0.492500000000000 1.000000000000493 0.500000000000251 -0.000000000000329 99.999375169993044 0.499996875799767
0.492600000000000 1.000000000000492 0.500000000000251 -0.000000000000333 99.999375169993357 0.499996875797049
0.492700000000000 1.000000000000493 0.500000000000251 -0.000000000000336 99.999375169993186 0.499996875794286
0.492800000000000 1.000000000000493 0.500000000000252 -0.000000000000337 99.999375169993371 0.499996875791521
0.492900000000000 1.000000000000492 0.500000000000252 -0.000000000000339 99.999375169993243 0.499996875788784
0.493000000000000 1.000000000000492 0.500000000000251 -0.000000000000342 99.999375169993328 0.499996875786153
0.493100000000000 1.000000000000493 0.500000000000251 -0.000000000000345 99.999375169993129 0.499996875783517
0.493200000000000 1.000000000000493 0.500000000000251 -0.000000000000347 99.999375169993186 0.499996875780945
0.493300000000000 1.000000000000492 0.500000000000251 -0.000000000000349 99.999375169993513 0.499996875778432
0.493400000000000 1.000000000000493 0.500000000000251 -0.000000000000352 99.999375169993272 0.499996875776024
0.493500000000000 1.000000000000492 0.500000000000252 -0.000000000000354 99.999375169993385 0.499996875773659
0.493600000000000 1.000000000000494 0.500000000000251 -0.000000000000356 99.999375169993343 0.499996875771476
0.493700000000000 1.000000000000493 0.500000000000251 -0.000000000000358 99.999375169993172 0.499996875769346
0.493800000000000 1.000000000000494 0.500000000000251 -0.000000000000359 99.999375169993584 0.499996875767368
0.493900000000000 1.000000000000495 0.500000000000250 -0.000000000000361 99.999375169993527 0.499996875765550
0.494000000000000 1.000000000000493 0.500000000000251 -0.000000000000364 99.999375169993328 0.499996875763805
0.494100000000000 1.000000000000493 0.500000000000251 -0.000000000000364 99.999375169993641 0.499996875762200
0.494200000000000 1.000000000000495 0.500000000000252 -0.000000000000364 99.999375169993357 0.499996875760796
0.494300000000000 1.000000000000494 0.500000000000251 -0.000000000000364 99.999375169993414 0.499996875759580
0.494400000000000 1.000000000000492 0.500000000000251 -0.000000000000365 99.999375169993471 0.499996875758525
0.494500000000000 1.000000000000495 0.500000000000251 -0.000000000000364 99.999375169993456 0.499996875757589
0.494600000000000 1.000000000000494 0.500000000000252 -0.000000000000364 99.999375169993471 0.499996875756842
0.494700000000000 1.000000000000495 0.500000000000251 -0.000000000000363 99.999375169993499 0.499996875756338
0.494800000000000 1.000000000000494 0.500000000000251 -0.000000000000362 99.999375169993300 0.499996875756008
0.494900000000000 1.000000000000494 0.500000000000251 -0.000000000000361 99.999375169993527 0.499996875755824
0.495000000000000 1.000000000000493 0.500000000000250 -0.000000000000363 99.999375169993442 0.499996875755858
0.495100000000000 1.000000000000495 0.500000000000250 -0.000000000000361 99.999375169993669 0.499996875756054
0.495200000000000 1.000000000000494 0.500000000000251 -0.000000000000359 99.999375169993385 0.499996875756434
0.495300000000000 1.000000000000494 0.500000000000250 -0.000000000000357 99.999375169993343 0.499996875757033
0.495400000000000 1.000000000000496 0.500000000000251 -0.000000000000356 99.999375169993471 0.499996875757776
0.495500000000000 1.000000000000496 0.500000000000250 -0.000000000000355 99.999375169993399 0.499996875758742
0.495600000000000 1.000000000000495 0.500000000000250 -0.000000000000353 99.999375169993272 0.499996875759874
0.495700000000000 1.000000000000494 0.500000000000251 -0.000000000000351 99.999375169993812 0.499996875761112
0.495800000000000 1.000000000000494 0.500000000000250 -0.000000000000351 99.999375169993414 0.499996875762598
0.495900000000000 1.000000000000494 0.500000000000251 -0.000000000000350 99.999375169993328 0.499996875764150
0.496000000000000 1.000000000000496 0.500000000000250 -0.000000000000347 99.999375169993783 0.499996875765937
0.496100000000000 1.000000000000495 0.500000000000251 -0.000000000000345 99.999375169993712 0.499996875767780
0.496200000000000 1.000000000000496 0.500000000000250 -0.000000000000342 99.999375169993527 0.499996875769835
0.496300000000000 1.000000000000496 0.500000000000251 -0.000000000000340 99.999375169993698 0.499996875771926
0.496400000000000 1.000000000000495 0.500000000000251 -0.000000000000337 99.999375169993698 0.499996875774166
0.496500000000000 1.000000000000497 0.500000000000250 -0.000000000000335 99.999375169993598 0.499996875776548
0.496600000000000 1.000000000000495 0.500000000000250 -0.000000000000331 99.999375169993655 0.499996875778978
0.496700000000000 1.000000000000496 0.500000000000250 -0.000000000000328 99.999375169993726 0.499996875781514
0.496800000000000 1.000000000000495 0.500000000000250 -0.000000000000325 99.999375169993584 0.499996875784104
0.496900000000000 1.000000000000496 0.500000000000250 -0.000000000000321 99.999375169993584 0.499996875786752
0.497000000000000 1.000000000000496 0.500000000000251 -0.000000000000316 99.999375169993385 0.499996875789375
0.497100000000000 1.000000000000496 0.500000000000250 -0.000000000000314 99.999375169993073 0.499996875792148
0.497200000000000 1.000000000000498 0.500000000000250 -0.000000000000312 99.999375169993613 0.499996875794908
0.497300000000000 1.000000000000497 0.500000000000250 -0.000000000000307 99.999375169993129 0.499996875797629
0.497400000000000 1.000000000000496 0.500000000000250 -0.000000000000302 99.999375169993556 0.499996875800356
0.497500000000000 1.000000000000497 0.500000000000250 -0.000000000000298 99.999375169993300 0.499996875803126
0.497600000000000 1.000000000000495 0.500000000000250 -0.000000000000294 99.999375169993797 0.499996875805845
0.497700000000000 1.000000000000498 0.500000000000250 -0.000000000000290 99.999375169993328 0.499996875808471
0.497800000000000 1.000000000000496 0.500000000000250 -0.000000000000285 99.999375169994067 0.499996875811135
0.497900000000000 1.000000000000498 0.500000000000250 -0.000000000000280 99.999375169993868 0.499996875813684
0.498000000000000 1.000000000000499 0.500000000000251 -0.000000000000275 99.999375169993826 0.499996875816170
0.498100000000000 1.000000000000498 0.500000000000251 -0.000000000000271 99.999375169994323 0.499996875818593
0.498200000000000 1.000000000000498 0.500000000000250 -0.000000000000266 99.999375169993328 0.499996875820973
0.498300000000000 1.000000000000498 0.500000000000250 -0.000000000000260 99.999375169994352 0.499996875823236
0.498400000000000 1.000000000000498 0.500000000000251 -0.000000000000255 99.999375169993712 0.499996875825367
0.498500000000000 1.000000000000499 0.500000000000250 -0.000000000000248 99.999375169993897 0.499996875827438
0.498600000000000 1.000000000000498 0.500000000000250 -0.000000000000244 99.999375169993783 0.499996875829385
0.498700000000000 1.000000000000498 0.500000000000250 -0.000000000000238 99.999375169993826 0.499996875831202
0.498800000000000 1.000000000000498 0.500000000000249 -0.000000000000232 99.999375169993812 0.499996875832927
0.498900000000000 1.000000000000498 0.500000000000250 -0.000000000000225 99.999375169993698 0.499996875834459
0.499000000000000 1.000000000000497 0.500000000000250 -0.000000000000219 99.999375169993442 0.499996875835946
0.499100000000000 1.000000000000500 0.500000000000250 -0.000000000000213 99.999375169994380 0.499996875837247
0.499200000000000 1.000000000000497 0.500000000000250 -0.000000000000207 99.999375169994394 0.499996875838464
0.499300000000000 1.000000000000498 0.500000000000250 -0.000000000000200 99.999375169993499 0.499996875839561
0.499400000000000 1.000000000000500 0.500000000000250 -0.000000000000194 99.999375169994408 0.499996875840496
0.499500000000000 1.000000000000499 0.500000000000250 -0.000000000000186 99.999375169993854 0.499996875841303
0.499600000000000 1.000000000000499 0.500000000000250 -0.000000000000180 99.999375169993982 0.499996875841990
0.499700000000000 1.000000000000500 0.500000000000250 -0.000000000000174 99.999375169993769 0.499996875842558
0.499800000000000 1.000000000000498 0.500000000000250 -0.000000000000167 99.999375169993357 0.499996875843009
0.499900000000000 1.000000000000498 0.500000000000250 -0.000000000000161 99.999375169993698 0.499996875843372
0.500000000000000 1.000000000000498 0.500000000000249 -0.000000000000155 99.999375169994323 0.499996875843615
