# t  Norma  <x>  <p>  <H>  DeltaX*DeltaP
0.000000000000000 1.000000000000000 0.400000000000001 0.000000000000000 100.001238845015763 0.500006194183365
0.000100000000000 0.999999999999999 0.399999999999999 -0.000000000000004 100.001238845015706 0.500006194183127
0.000200000000000 0.999999999999996 0.399999999999999 -0.000000000000008 100.001238845015436 0.500006194182471
0.000300000000000 0.999999999999995 0.399999999999998 -0.000000000000011 100.001238845015308 0.500006194181573
0.000400000000000 0.999999999999993 0.399999999999997 -0.000000000000014 100.001238845015138 0.500006194180506
0.000500000000000 0.999999999999994 0.399999999999997 -0.000000000000017 100.001238845015038 0.500006194179196
0.000600000000000 0.999999999999991 0.399999999999996 -0.000000000000021 100.001238845014669 0.500006194177656
0.000700000000000 0.999999999999988 0.399999999999996 -0.000000000000026 100.001238845014768 0.500006194175881
0.000800000000000 0.999999999999986 0.399999999999995 -0.000000000000029 100.001238845014612 0.500006194173881
0.000900000000000 0.999999999999987 0.399999999999994 -0.000000000000032 100.001238845014370 0.500006194171663
0.001000000000000 0.999999999999983 0.399999999999994 -0.000000000000036 100.001238845014228 0.500006194169148
0.001100000000000 0.999999999999982 0.399999999999993 -0.000000000000041 100.001238845014186 0.500006194166361
0.001200000000000 0.999999999999980 0.399999999999992 -0.000000000000045 100.001238845014072 0.500006194163301
0.001300000000000 0.999999999999979 0.399999999999992 -0.000000000000049 100.001238845013688 0.500006194159923
0.001400000000000 0.999999999999978 0.399999999999992 -0.000000000000053 100.001238845013603 0.500006194156224
0.001500000000000 0.999999999999978 0.399999999999991 -0.000000000000055 100.001238845013376 0.500006194152245
0.001600000000000 0.999999999999976 0.399999999999990 -0.000000000000058 100.001238845013177 0.500006194147922
0.001700000000000 0.999999999999973 0.399999999999989 -0.000000000000061 100.001238845013233 0.500006194143238
0.001800000000000 0.999999999999970 0.399999999999988 -0.000000000000066 100.001238845013006 0.500006194138171
0.001900000000000 0.999999999999968 0.399999999999988 -0.000000000000068 100.001238845012807 0.500006194132720
0.002000000000000 0.999999999999967 0.399999999999987 -0.000000000000071 100.001238845012580 0.500006194126886
0.002100000000000 0.999999999999967 0.399999999999986 -0.000000000000074 100.001238845012267 0.500006194120640
0.002200000000000 0.999999999999963 0.399999999999986 -0.000000000000078 100.001238845012509 0.500006194113996
0.002300000000000 0.999999999999964 0.399999999999985 -0.000000000000082 100.001238845012267 0.500006194106901
0.002400000000000 0.999999999999962 0.399999999999985 -0.000000000000085 100.001238845011983 0.500006194099355
0.002500000000000 0.999999999999959 0.399999999999984 -0.000000000000087 100.001238845011784 0.500006194091391
0.002600000000000 0.999999999999958 0.399999999999983 -0.000000000000090 100.001238845011670 0.500006194082970
0.002700000000000 0.999999999999956 0.399999999999982 -0.000000000000095 100.001238845011386 0.500006194074080
0.002800000000000 0.999999999999956 0.399999999999982 -0.000000000000097 100.001238845011272 0.500006194064751
0.002900000000000 0.999999999999951 0.399999999999981 -0.000000000000101 100.001238845011130 0.500006194054922
0.003000000000000 0.999999999999952 0.399999999999981 -0.000000000000104 100.001238845011159 0.500006194044631
0.003100000000000 0.999999999999949 0.399999999999979 -0.000000000000107 100.001238845010931 0.500006194033931
0.003200000000000 0.999999999999948 0.399999999999979 -0.000000000000111 100.001238845010690 0.500006194022752
0.003300000000000 0.999999999999946 0.399999999999979 -0.000000000000114 100.001238845010391 0.500006194011079
0.003400000000000 0.999999999999945 0.399999999999978 -0.000000000000117 100.001238845010477 0.500006193999001
0.003500000000000 0.999999999999942 0.399999999999977 -0.000000000000121 100.001238845010164 0.500006193986475
0.003600000000000 0.999999999999943 0.399999999999976 -0.000000000000124 100.001238845010107 0.500006193973548
0.003700000000000 0.999999999999941 0.399999999999976 -0.000000000000126 100.001238845009922 0.500006193960178
0.003800000000000 0.999999999999937 0.399999999999975 -0.000000000000129 100.001238845009709 0.500006193946466
0.003900000000000 0.999999999999938 0.399999999999974 -0.000000000000132 100.001238845009595 0.500006193932414
0.004000000000000 0.999999999999935 0.399999999999974 -0.000000000000135 100.001238845009340 0.500006193917961
0.004100000000000 0.999999999999933 0.399999999999973 -0.000000000000139 100.001238845009283 0.500006193903191
0.004200000000000 0.999999999999931 0.399999999999972 -0.000000000000142 100.001238845008913 0.500006193888166
0.004300000000000 0.999999999999930 0.399999999999972 -0.000000000000144 100.001238845008942 0.500006193872847
0.004400000000000 0.999999999999929 0.399999999999971 -0.000000000000148 100.001238845008530 0.500006193857298
0.004500000000000 0.999999999999929 0.399999999999970 -0.000000000000149 100.001238845008402 0.500006193841554
0.004600000000000 0.999999999999925 0.399999999999970 -0.000000000000152 100.001238845008260 0.500006193825664
0.004700000000000 0.999999999999923 0.399999999999969 -0.000000000000154 100.001238845008231 0.500006193809706
0.004800000000000 0.999999999999921 0.399999999999968 -0.000000000000157 100.001238845008231 0.500006193793550
0.004900000000000 0.999999999999921 0.399999999999968 -0.000000000000160 100.001238845007975 0.500006193777230
0.005000000000000 0.999999999999920 0.399999999999967 -0.000000000000163 100.001238845007506 0.500006193760887
0.005100000000000 0.999999999999918 0.399999999999966 -0.000000000000165 100.001238845007634 0.500006193744737
0.005200000000000 0.999999999999917 0.399999999999966 -0.000000000000166 100.001238845007521 0.500006193728879
0.005300000000000 0.999999999999914 0.399999999999965 -0.000000000000168 100.001238845007435 0.500006193713134
0.005400000000000 0.999999999999912 0.399999999999964 -0.000000000000168 100.001238845007435 0.500006193697139
0.005500000000000 0.999999999999912 0.399999999999963 -0.000000000000170 100.001238845006810 0.500006193680879
0.005600000000000 0.999999999999911 0.399999999999963 -0.000000000000172 100.001238845006952 0.500006193664706
0.005700000000000 0.999999999999907 0.399999999999962 -0.000000000000175 100.001238845006498 0.500006193648995
0.005800000000000 0.999999999999906 0.399999999999961 -0.000000000000176 100.001238845006100 0.500006193633850
0.005900000000000 0.999999999999903 0.399999999999960 -0.000000000000178 100.001238845006327 0.500006193619136
0.006000000000000 0.999999999999902 0.399999999999960 -0.000000000000180 100.001238845006014 0.500006193604997
0.006100000000000 0.999999999999900 0.399999999999959 -0.000000000000182 100.001238845005986 0.500006193591551
0.006200000000000 0.999999999999898 0.399999999999959 -0.000000000000184 100.001238845006014 0.500006193578482
0.006300000000000 0.999999999999897 0.399999999999958 -0.000000000000186 100.001238845005503 0.500006193565714
0.006400000000000 0.999999999999894 0.399999999999957 -0.000000000000187 100.001238845005503 0.500006193553431
0.006500000000000 0.999999999999895 0.399999999999956 -0.000000000000191 100.001238845005361 0.500006193541645
0.006600000000000 0.999999999999891 0.399999999999956 -0.000000000000193 100.001238845005147 0.500006193530263
0.006700000000000 0.999999999999889 0.399999999999954 -0.000000000000193 100.001238845005034 0.500006193519416
0.006800000000000 0.999999999999889 0.399999999999954 -0.000000000000194 100.001238845004735 0.500006193509338
0.006900000000000 0.999999999999886 0.399999999999954 -0.000000000000195 100.001238845004508 0.500006193500071
0.007000000000000 0.999999999999885 0.399999999999954 -0.000000000000197 100.001238845004366 0.500006193491634
0.007100000000000 0.999999999999882 0.399999999999952 -0.000000000000197 100.001238845004266 0.500006193484245
0.007200000000000 0.999999999999883 0.399999999999952 -0.000000000000199 100.001238845004139 0.500006193477902
0.007300000000000 0.999999999999882 0.399999999999951 -0.000000000000201 100.001238845003911 0.500006193472540
0.007400000000000 0.999999999999877 0.399999999999950 -0.000000000000202 100.001238845003826 0.500006193468168
0.007500000000000 0.999999999999876 0.399999999999950 -0.000000000000203 100.001238845003442 0.500006193464884
0.007600000000000 0.999999999999876 0.399999999999949 -0.000000000000204 100.001238845003456 0.500006193462473
0.007700000000000 0.999999999999875 0.399999999999949 -0.000000000000204 100.001238845003257 0.500006193460935
0.007800000000000 0.999999999999873 0.399999999999947 -0.000000000000206 100.001238845003058 0.500006193460353
0.007900000000000 0.999999999999869 0.399999999999947 -0.000000000000206 100.001238845002945 0.500006193460542
0.008000000000000 0.999999999999870 0.399999999999946 -0.000000000000206 100.001238845002646 0.500006193461480
0.008100000000000 0.999999999999869 0.399999999999946 -0.000000000000206 100.001238845002476 0.500006193463246
0.008200000000000 0.999999999999865 0.399999999999945 -0.000000000000207 100.001238845002518 0.500006193465818
0.008300000000000 0.999999999999865 0.399999999999944 -0.000000000000206 100.001238845002263 0.500006193469104
0.008400000000000 0.999999999999861 0.399999999999943 -0.000000000000206 100.001238845002149 0.500006193473299
0.008500000000000 0.999999999999861 0.399999999999943 -0.000000000000206 100.001238845001978 0.500006193478285
0.008600000000000 0.999999999999860 0.399999999999942 -0.000000000000206 100.001238845001723 0.500006193484049
0.008700000000000 0.999999999999859 0.399999999999941 -0.000000000000205 100.001238845001481 0.500006193490738
0.008800000000000 0.999999999999854 0.399999999999941 -0.000000000000203 100.001238845001609 0.500006193498319
0.008900000000000 0.999999999999854 0.399999999999940 -0.000000000000205 100.001238845001438 0.500006193506746
0.009000000000000 0.999999999999852 0.399999999999940 -0.000000000000205 100.001238845001154 0.500006193516035
0.009100000000000 0.999999999999852 0.399999999999939 -0.000000000000203 100.001238845000984 0.500006193526241
0.009200000000000 0.999999999999850 0.399999999999938 -0.000000000000203 100.001238845000671 0.500006193537192
0.009300000000000 0.999999999999848 0.399999999999938 -0.000000000000203 100.001238845000870 0.500006193548973
0.009400000000000 0.999999999999846 0.399999999999937 -0.000000000000203 100.001238845000472 0.500006193561524
0.009500000000000 0.999999999999843 0.399999999999936 -0.000000000000204 100.001238845000330 0.500006193574683
0.009600000000000 0.999999999999843 0.399999999999935 -0.000000000000203 100.001238845000131 0.500006193588527
0.009700000000000 0.999999999999843 0.399999999999934 -0.000000000000203 100.001238845000103 0.500006193602888
0.009800000000000 0.999999999999841 0.399999999999934 -0.000000000000202 100.001238844999875 0.500006193617687
0.009900000000000 0.999999999999841 0.399999999999933 -0.000000000000199 100.001238844999733 0.500006193633054
0.010000000000000 0.999999999999839 0.399999999999933 -0.000000000000197 100.001238844999563 0.500006193648880
0.010100000000000 0.999999999999838 0.399999999999932 -0.000000000000197 100.001238844999463 0.500006193664893
0.010200000000000 0.999999999999832 0.399999999999931 -0.000000000000196 100.001238844999236 0.500006193680992
0.010300000000000 0.999999999999830 0.399999999999930 -0.000000000000193 100.001238844999108 0.500006193697025
0.010400000000000 0.999999999999830 0.399999999999930 -0.000000000000193 100.001238844999378 0.500006193713228
0.010500000000000 0.999999999999830 0.399999999999929 -0.000000000000191 100.001238844999079 0.500006193729800
0.010600000000000 0.999999999999827 0.399999999999929 -0.000000000000190 100.001238844999421 0.500006193746556
0.010700000000000 0.999999999999823 0.399999999999928 -0.000000000000188 100.001238844998170 0.500006193763210
0.010800000000000 0.999999999999824 0.399999999999927 -0.000000000000187 100.001238844998440 0.500006193779518
0.010900000000000 0.999999999999821 0.399999999999926 -0.000000000000186 100.001238844997459 0.500006193795482
0.011000000000000 0.999999999999821 0.399999999999926 -0.000000000000183 100.001238844996877 0.500006193811349
0.011100000000000 0.999999999999819 0.399999999999925 -0.000000000000181 100.001238844997857 0.500006193827190
0.011200000000000 0.999999999999815 0.399999999999924 -0.000000000000181 100.001238844997431 0.500006193842830
0.011300000000000 0.999999999999816 0.399999999999924 -0.000000000000179 100.001238844997374 0.500006193858379
0.011400000000000 0.999999999999813 0.399999999999923 -0.000000000000177 100.001238844996692 0.500006193873906
0.011500000000000 0.999999999999813 0.399999999999922 -0.000000000000175 100.001238844997232 0.500006193889254
0.011600000000000 0.999999999999812 0.399999999999922 -0.000000000000175 100.001238844996891 0.500006193904282
0.011700000000000 0.999999999999809 0.399999999999922 -0.000000000000172 100.001238844997246 0.500006193918846
0.011800000000000 0.999999999999808 0.399999999999920 -0.000000000000170 100.001238844996536 0.500006193933074
0.011900000000000 0.999999999999810 0.399999999999920 -0.000000000000169 100.001238844996124 0.500006193946953
0.012000000000000 0.999999999999805 0.399999999999919 -0.000000000000166 100.001238844996337 0.500006193960391
0.012100000000000 0.999999999999803 0.399999999999919 -0.000000000000162 100.001238844996180 0.500006193973403
0.012200000000000 0.999999999999800 0.399999999999917 -0.000000000000159 100.001238844995413 0.500006193986201
0.012300000000000 0.999999999999800 0.399999999999917 -0.000000000000157 100.001238844995314 0.500006193998656
0.012400000000000 0.999999999999797 0.399999999999916 -0.000000000000155 100.001238844995072 0.500006194010800
0.012500000000000 0.999999999999795 0.399999999999915 -0.000000000000151 100.001238844995513 0.500006194022544
0.012600000000000 0.999999999999795 0.399999999999915 -0.000000000000150 100.001238844995299 0.500006194033937
0.012700000000000 0.999999999999792 0.399999999999914 -0.000000000000149 100.001238844994617 0.500006194044904
0.012800000000000 0.999999999999792 0.399999999999913 -0.000000000000146 100.001238844994361 0.500006194055360
0.012900000000000 0.999999999999792 0.399999999999913 -0.000000000000143 100.001238844994873 0.500006194065269
0.013000000000000 0.999999999999789 0.399999999999912 -0.000000000000141 100.001238844994660 0.500006194074738
0.013100000000000 0.999999999999788 0.399999999999911 -0.000000000000137 100.001238844995015 0.500006194083676
0.013200000000000 0.999999999999785 0.399999999999911 -0.000000000000135 100.001238844995385 0.500006194092039
0.013300000000000 0.999999999999783 0.399999999999909 -0.000000000000131 100.001238844994134 0.500006194100045
0.013400000000000 0.999999999999781 0.399999999999910 -0.000000000000128 100.001238844994532 0.500006194107562
0.013500000000000 0.999999999999779 0.399999999999909 -0.000000000000124 100.001238844994518 0.500006194114689
0.013600000000000 0.999999999999778 0.399999999999908 -0.000000000000122 100.001238844993097 0.500006194121365
0.013700000000000 0.999999999999778 0.399999999999907 -0.000000000000120 100.001238844993935 0.500006194127765
0.013800000000000 0.999999999999775 0.399999999999907 -0.000000000000117 100.001238844993466 0.500006194133717
0.013900000000000 0.999999999999774 0.399999999999906 -0.000000000000112 100.001238844991889 0.500006194139313
0.014000000000000 0.999999999999770 0.399999999999905 -0.000000000000110 100.001238844992315 0.500006194144550
0.014100000000000 0.999999999999768 0.399999999999904 -0.000000000000108 100.001238844992315 0.500006194149387
0.014200000000000 0.999999999999767 0.399999999999904 -0.000000000000104 100.001238844992841 0.500006194153809
0.014300000000000 0.999999999999768 0.399999999999902 -0.000000000000100 100.001238844992002 0.500006194157885
0.014400000000000 0.999999999999765 0.399999999999902 -0.000000000000097 100.001238844991889 0.500006194161508
0.014500000000000 0.999999999999760 0.399999999999902 -0.000000000000094 100.001238844992372 0.500006194164799
0.014600000000000 0.999999999999757 0.399999999999901 -0.000000000000091 100.001238844991178 0.500006194167744
0.014700000000000 0.999999999999758 0.399999999999900 -0.000000000000089 100.001238844992244 0.500006194170380
0.014800000000000 0.999999999999758 0.399999999999899 -0.000000000000086 100.001238844991235 0.500006194172713
0.014900000000000 0.999999999999756 0.399999999999899 -0.000000000000081 100.001238844990723 0.500006194174723
0.015000000000000 0.999999999999754 0.399999999999898 -0.000000000000078 100.001238844991832 0.500006194176472
0.015100000000000 0.999999999999754 0.399999999999897 -0.000000000000076 100.001238844990610 0.500006194177956
0.015200000000000 0.999999999999751 0.399999999999896 -0.000000000000071 100.001238844990127 0.500006194179187
0.015300000000000 0.999999999999748 0.399999999999897 -0.000000000000068 100.001238844991576 0.500006194180262
0.015400000000000 0.999999999999747 0.399999999999895 -0.000000000000065 100.001238844990155 0.500006194181196
0.015500000000000 0.999999999999747 0.399999999999894 -0.000000000000062 100.001238844989956 0.500006194181830
0.015600000000000 0.999999999999746 0.399999999999894 -0.000000000000059 100.001238844990752 0.500006194182197
0.015700000000000 0.999999999999743 0.399999999999894 -0.000000000000055 100.001238844990667 0.500006194182286
0.015800000000000 0.999999999999741 0.399999999999892 -0.000000000000052 100.001238844989317 0.500006194182248
0.015900000000000 0.999999999999739 0.399999999999893 -0.000000000000048 100.001238844990553 0.500006194182024
0.016000000000000 0.999999999999738 0.399999999999891 -0.000000000000044 100.001238844989984 0.500006194181638
0.016100000000000 0.999999999999737 0.399999999999891 -0.000000000000041 100.001238844988706 0.500006194180912
0.016200000000000 0.999999999999737 0.399999999999890 -0.000000000000037 100.001238844989970 0.500006194179905
0.016300000000000 0.999999999999734 0.399999999999890 -0.000000000000035 100.001238844989075 0.500006194178597
0.016400000000000 0.999999999999732 0.399999999999889 -0.000000000000032 100.001238844988848 0.500006194177078
0.016500000000000 0.999999999999729 0.399999999999888 -0.000000000000030 100.001238844988706 0.500006194175174
0.016600000000000 0.999999999999728 0.399999999999888 -0.000000000000024 100.001238844988919 0.500006194173011
0.016700000000000 0.999999999999726 0.399999999999887 -0.000000000000022 100.001238844988464 0.500006194170580
0.016800000000000 0.999999999999724 0.399999999999886 -0.000000000000018 100.001238844988137 0.500006194167940
0.016900000000000 0.999999999999722 0.399999999999886 -0.000000000000012 100.001238844988137 0.500006194164978
0.017000000000000 0.999999999999722 0.399999999999885 -0.000000000000010 100.001238844987967 0.500006194161740
0.017100000000000 0.999999999999719 0.399999999999884 -0.000000000000006 100.001238844987853 0.500006194158124
0.017200000000000 0.999999999999718 0.399999999999884 -0.000000000000002 100.001238844987625 0.500006194154203
0.017300000000000 0.999999999999718 0.399999999999883 0.000000000000000 100.001238844987540 0.500006194149901
0.017400000000000 0.999999999999715 0.399999999999882 0.000000000000004 100.001238844987213 0.500006194145211
0.017500000000000 0.999999999999713 0.399999999999882 0.000000000000007 100.001238844987128 0.500006194140156
0.017600000000000 0.999999999999710 0.399999999999881 0.000000000000011 100.001238844987057 0.500006194134823
0.017700000000000 0.999999999999711 0.399999999999880 0.000000000000014 100.001238844986887 0.500006194129158
0.017800000000000 0.999999999999708 0.399999999999880 0.000000000000017 100.001238844986617 0.500006194123146
0.017900000000000 0.999999999999707 0.399999999999879 0.000000000000020 100.001238844986489 0.500006194116774
0.018000000000000 0.999999999999705 0.399999999999878 0.000000000000023 100.001238844986403 0.500006194110039
0.018100000000000 0.999999999999702 0.399999999999878 0.000000000000026 100.001238844986148 0.500006194102836
0.018200000000000 0.999999999999703 0.399999999999877 0.000000000000029 100.001238844986005 0.500006194095107
0.018300000000000 0.999999999999700 0.399999999999877 0.000000000000033 100.001238844985920 0.500006194086887
0.018400000000000 0.999999999999701 0.399999999999876 0.000000000000037 100.001238844985863 0.500006194078161
0.018500000000000 0.999999999999697 0.399999999999876 0.000000000000040 100.001238844985579 0.500006194068900
0.018600000000000 0.999999999999696 0.399999999999875 0.000000000000043 100.001238844985437 0.500006194059104
0.018700000000000 0.999999999999694 0.399999999999874 0.000000000000047 100.001238844985153 0.500006194048870
0.018800000000000 0.999999999999693 0.399999999999874 0.000000000000051 100.001238844985096 0.500006194038165
0.018900000000000 0.999999999999692 0.399999999999873 0.000000000000053 100.001238844984925 0.500006194026979
0.019000000000000 0.999999999999688 0.399999999999872 0.000000000000056 100.001238844984798 0.500006194015418
0.019100000000000 0.999999999999688 0.399999999999872 0.000000000000059 100.001238844984556 0.500006194003442
0.019200000000000 0.999999999999686 0.399999999999871 0.000000000000061 100.001238844984499 0.500006193990988
0.019300000000000 0.999999999999684 0.399999999999871 0.000000000000064 100.001238844984272 0.500006193978050
0.019400000000000 0.999999999999682 0.399999999999870 0.000000000000067 100.001238844984115 0.500006193964688
0.019500000000000 0.999999999999682 0.399999999999869 0.000000000000068 100.001238844983888 0.500006193950904
0.019600000000000 0.999999999999679 0.399999999999869 0.000000000000070 100.001238844983817 0.500006193936664
0.019700000000000 0.999999999999679 0.399999999999868 0.000000000000073 100.001238844983533 0.500006193921953
0.019800000000000 0.999999999999676 0.399999999999867 0.000000000000076 100.001238844983533 0.500006193906933
0.019900000000000 0.999999999999675 0.399999999999867 0.000000000000078 100.001238844983305 0.500006193891595
0.020000000000000 0.999999999999672 0.399999999999866 0.000000000000081 100.001238844983021 0.500006193876022
0.020100000000000 0.999999999999673 0.399999999999865 0.000000000000083 100.001238844983334 0.500006193860419
0.020200000000000 0.999999999999668 0.399999999999864 0.000000000000087 100.001238844982737 0.500006193844729
0.020300000000000 0.999999999999668 0.399999999999864 0.000000000000088 100.001238844982424 0.500006193828864
0.020400000000000 0.999999999999666 0.399999999999863 0.000000000000091 100.001238844982652 0.500006193812799
0.020500000000000 0.999999999999664 0.399999999999863 0.000000000000094 100.001238844982296 0.500006193796800
0.020600000000000 0.999999999999663 0.399999999999862 0.000000000000097 100.001238844981813 0.500006193780911
0.020700000000000 0.999999999999661 0.399999999999861 0.000000000000100 100.001238844981813 0.500006193765149
0.020800000000000 0.999999999999658 0.399999999999860 0.000000000000104 100.001238844981586 0.500006193749400
0.020900000000000 0.999999999999659 0.399999999999860 0.000000000000106 100.001238844981486 0.500006193733386
0.021000000000000 0.999999999999657 0.399999999999860 0.000000000000109 100.001238844981430 0.500006193717055
0.021100000000000 0.999999999999652 0.399999999999859 0.000000000000111 100.001238844981188 0.500006193700714
0.021200000000000 0.999999999999653 0.399999999999858 0.000000000000114 100.001238844981245 0.500006193684696
0.021300000000000 0.999999999999649 0.399999999999858 0.000000000000114 100.001238844980946 0.500006193668978
0.021400000000000 0.999999999999649 0.399999999999857 0.000000000000117 100.001238844980946 0.500006193653372
0.021500000000000 0.999999999999647 0.399999999999856 0.000000000000120 100.001238844980634 0.500006193638226
0.021600000000000 0.999999999999645 0.399999999999856 0.000000000000123 100.001238844980250 0.500006193623384
0.021700000000000 0.999999999999646 0.399999999999856 0.000000000000123 100.001238844980264 0.500006193608853
0.021800000000000 0.999999999999644 0.399999999999855 0.000000000000125 100.001238844980151 0.500006193594755
0.021900000000000 0.999999999999642 0.399999999999854 0.000000000000126 100.001238844980207 0.500006193581040
0.022000000000000 0.999999999999638 0.399999999999853 0.000000000000128 100.001238844979824 0.500006193567887
0.022100000000000 0.999999999999639 0.399999999999853 0.000000000000130 100.001238844979767 0.500006193555555
0.022200000000000 0.999999999999637 0.399999999999852 0.000000000000133 100.001238844979554 0.500006193544009
0.022300000000000 0.999999999999635 0.399999999999852 0.000000000000136 100.001238844979270 0.500006193533021
0.022400000000000 0.999999999999635 0.399999999999851 0.000000000000138 100.001238844979156 0.500006193522682
0.022500000000000 0.999999999999632 0.399999999999850 0.000000000000139 100.001238844978928 0.500006193513089
0.022600000000000 0.999999999999630 0.399999999999850 0.000000000000140 100.001238844979170 0.500006193504025
0.022700000000000 0.999999999999629 0.399999999999849 0.000000000000141 100.001238844978445 0.500006193495460
0.022800000000000 0.999999999999628 0.399999999999848 0.000000000000144 100.001238844978360 0.500006193487471
0.022900000000000 0.999999999999625 0.399999999999847 0.000000000000144 100.001238844978417 0.500006193480388
0.023000000000000 0.999999999999624 0.399999999999847 0.000000000000144 100.001238844978033 0.500006193474194
0.023100000000000 0.999999999999621 0.399999999999846 0.000000000000145 100.001238844977777 0.500006193468943
0.023200000000000 0.999999999999622 0.399999999999845 0.000000000000145 100.001238844977820 0.500006193464793
0.023300000000000 0.999999999999617 0.399999999999845 0.000000000000146 100.001238844978033 0.500006193461692
0.023400000000000 0.999999999999617 0.399999999999844 0.000000000000148 100.001238844977848 0.500006193459710
0.023500000000000 0.999999999999615 0.399999999999843 0.000000000000148 100.001238844977081 0.500006193458710
0.023600000000000 0.999999999999612 0.399999999999843 0.000000000000149 100.001238844977337 0.500006193458543
0.023700000000000 0.999999999999612 0.399999999999843 0.000000000000151 100.001238844977109 0.500006193459444
0.023800000000000 0.999999999999610 0.399999999999842 0.000000000000152 100.001238844976655 0.500006193461395
0.023900000000000 0.999999999999609 0.399999999999841 0.000000000000152 100.001238844976740 0.500006193464223
0.024000000000000 0.999999999999607 0.399999999999840 0.000000000000153 100.001238844976740 0.500006193468059
0.024100000000000 0.999999999999606 0.399999999999841 0.000000000000155 100.001238844976342 0.500006193473000
0.024200000000000 0.999999999999605 0.399999999999839 0.000000000000156 100.001238844976299 0.500006193478984
0.024300000000000 0.999999999999603 0.399999999999839 0.000000000000155 100.001238844976029 0.500006193485844
0.024400000000000 0.999999999999599 0.399999999999838 0.000000000000154 100.001238844975944 0.500006193493605
0.024500000000000 0.999999999999600 0.399999999999838 0.000000000000154 100.001238844975745 0.500006193502158
0.024600000000000 0.999999999999598 0.399999999999837 0.000000000000154 100.001238844975575 0.500006193511351
0.024700000000000 0.999999999999596 0.399999999999836 0.000000000000153 100.001238844975518 0.500006193521038
0.024800000000000 0.999999999999595 0.399999999999835 0.000000000000152 100.001238844975177 0.500006193531391
0.024900000000000 0.999999999999592 0.399999999999835 0.000000000000154 100.001238844975092 0.500006193542286
0.025000000000000 0.999999999999589 0.399999999999835 0.000000000000154 100.001238844975049 0.500006193553657
0.025100000000000 0.999999999999589 0.399999999999834 0.000000000000153 100.001238844974978 0.500006193565516
0.025200000000000 0.999999999999587 0.399999999999833 0.000000000000152 100.001238844974694 0.500006193577846
0.025300000000000 0.999999999999584 0.399999999999833 0.000000000000153 100.001238844974580 0.500006193590809
0.025400000000000 0.999999999999586 0.399999999999832 0.000000000000152 100.001238844974452 0.500006193604518
0.025500000000000 0.999999999999583 0.399999999999831 0.000000000000153 100.001238844974068 0.500006193618852
0.025600000000000 0.999999999999580 0.399999999999831 0.000000000000152 100.001238844973983 0.500006193633775
0.025700000000000 0.999999999999578 0.399999999999830 0.000000000000150 100.001238844973670 0.500006193648870
0.025800000000000 0.999999999999577 0.399999999999830 0.000000000000149 100.001238844972875 0.500006193664077
0.025900000000000 0.999999999999576 0.399999999999829 0.000000000000148 100.001238844974040 0.500006193679680
0.026000000000000 0.999999999999575 0.399999999999828 0.000000000000147 100.001238844973869 0.500006193695759
0.026100000000000 0.999999999999573 0.399999999999828 0.000000000000146 100.001238844973585 0.500006193712057
0.026200000000000 0.999999999999570 0.399999999999827 0.000000000000145 100.001238844972818 0.500006193728393
0.026300000000000 0.999999999999568 0.399999999999826 0.000000000000145 100.001238844972704 0.500006193744603
0.026400000000000 0.999999999999569 0.399999999999826 0.000000000000144 100.001238844972477 0.500006193760653
0.026500000000000 0.999999999999567 0.399999999999825 0.000000000000143 100.001238844972534 0.500006193776777
0.026600000000000 0.999999999999563 0.399999999999825 0.000000000000142 100.001238844972491 0.500006193792966
0.026700000000000 0.999999999999563 0.399999999999824 0.000000000000140 100.001238844972534 0.500006193809227
0.026800000000000 0.999999999999561 0.399999999999823 0.000000000000139 100.001238844970885 0.500006193825414
0.026900000000000 0.999999999999557 0.399999999999823 0.000000000000137 100.001238844971738 0.500006193841594
0.027000000000000 0.999999999999557 0.399999999999822 0.000000000000136 100.001238844971567 0.500006193857660
0.027100000000000 0.999999999999555 0.399999999999822 0.000000000000134 100.001238844971510 0.500006193873390
0.027200000000000 0.999999999999554 0.399999999999821 0.000000000000134 100.001238844971141 0.500006193888724
0.027300000000000 0.999999999999551 0.399999999999820 0.000000000000131 100.001238844971127 0.500006193903624
0.027400000000000 0.999999999999553 0.399999999999820 0.000000000000130 100.001238844970743 0.500006193918269
0.027500000000000 0.999999999999550 0.399999999999819 0.000000000000126 100.001238844970601 0.500006193932630
0.027600000000000 0.999999999999547 0.399999999999818 0.000000000000123 100.001238844970558 0.500006193946612
0.027700000000000 0.999999999999547 0.399999999999818 0.000000000000121 100.001238844969762 0.500006193960276
0.027800000000000 0.999999999999547 0.399999999999818 0.000000000000119 100.001238844969947 0.500006193973629
0.027900000000000 0.999999999999543 0.399999999999816 0.000000000000116 100.001238844969947 0.500006193986628
0.028000000000000 0.999999999999542 0.399999999999816 0.000000000000113 100.001238844970075 0.500006193999142
0.028100000000000 0.999999999999541 0.399999999999815 0.000000000000110 100.001238844969492 0.500006194011280
0.028200000000000 0.999999999999538 0.399999999999815 0.000000000000109 100.001238844968924 0.500006194022961
0.028300000000000 0.999999999999538 0.399999999999814 0.000000000000108 100.001238844969947 0.500006194034336
0.028400000000000 0.999999999999535 0.399999999999814 0.000000000000105 100.001238844969521 0.500006194045299
0.028500000000000 0.999999999999532 0.399999999999813 0.000000000000102 100.001238844969208 0.500006194055891
0.028600000000000 0.999999999999531 0.399999999999812 0.000000000000099 100.001238844968782 0.500006194066144
0.028700000000000 0.999999999999529 0.399999999999812 0.000000000000097 100.001238844968896 0.500006194075976
0.028800000000000 0.999999999999528 0.399999999999811 0.000000000000094 100.001238844968384 0.500006194085290
0.028900000000000 0.999999999999527 0.399999999999811 0.000000000000091 100.001238844968242 0.500006194094036
0.029000000000000 0.999999999999525 0.399999999999810 0.000000000000089 100.001238844968640 0.500006194102302
0.029100000000000 0.999999999999520 0.399999999999809 0.000000000000086 100.001238844967858 0.500006194110000
0.029200000000000 0.999999999999522 0.399999999999809 0.000000000000082 100.001238844968043 0.500006194117139
0.029300000000000 0.999999999999521 0.399999999999808 0.000000000000079 100.001238844967631 0.500006194123762
0.029400000000000 0.999999999999519 0.399999999999808 0.000000000000076 100.001238844968043 0.500006194129960
0.029500000000000 0.999999999999517 0.399999999999807 0.000000000000072 100.001238844968412 0.500006194135791
0.029600000000000 0.999999999999515 0.399999999999806 0.000000000000069 100.001238844967219 0.500006194141188
0.029700000000000 0.999999999999514 0.399999999999806 0.000000000000066 100.001238844966821 0.500006194146234
0.029800000000000 0.999999999999513 0.399999999999805 0.000000000000063 100.001238844966394 0.500006194150922
0.029900000000000 0.999999999999511 0.399999999999805 0.000000000000060 100.001238844967617 0.500006194155212
0.030000000000000 0.999999999999510 0.399999999999803 0.000000000000057 100.001238844966252 0.500006194159191
0.030100000000000 0.999999999999508 0.399999999999803 0.000000000000054 100.001238844967219 0.500006194162786
0.030200000000000 0.999999999999506 0.399999999999802 0.000000000000050 100.001238844965712 0.500006194166059
0.030300000000000 0.999999999999501 0.399999999999802 0.000000000000047 100.001238844965883 0.500006194169044
0.030400000000000 0.999999999999503 0.399999999999801 0.000000000000042 100.001238844965883 0.500006194171734
0.030500000000000 0.999999999999501 0.399999999999800 0.000000000000039 100.001238844965940 0.500006194174049
0.030600000000000 0.999999999999497 0.399999999999801 0.000000000000034 100.001238844965712 0.500006194176047
0.030700000000000 0.999999999999496 0.399999999999799 0.000000000000031 100.001238844965485 0.500006194177956
0.030800000000000 0.999999999999498 0.399999999999798 0.000000000000027 100.001238844965485 0.500006194179563
0.030900000000000 0.999999999999492 0.399999999999798 0.000000000000023 100.001238844965172 0.500006194180980
0.031000000000000 0.999999999999494 0.399999999999797 0.000000000000018 100.001238844965059 0.500006194182136
0.031100000000000 0.999999999999489 0.399999999999796 0.000000000000016 100.001238844964917 0.500006194182953
0.031200000000000 0.999999999999488 0.399999999999796 0.000000000000013 100.001238844964746 0.500006194183435
0.031300000000000 0.999999999999487 0.399999999999795 0.000000000000010 100.001238844964547 0.500006194183782
0.031400000000000 0.999999999999485 0.399999999999794 0.000000000000006 100.001238844964263 0.500006194183923
0.031500000000000 0.999999999999484 0.399999999999793 0.000000000000001 100.001238844964263 0.500006194183830
0.031600000000000 0.999999999999483 0.399999999999793 -0.000000000000002 100.001238844963922 0.500006194183498
0.031700000000000 0.999999999999481 0.399999999999792 -0.000000000000006 100.001238844963751 0.500006194182959
0.031800000000000 0.999999999999478 0.399999999999791 -0.000000000000008 100.001238844963694 0.500006194182193
0.031900000000000 0.999999999999478 0.399999999999790 -0.000000000000011 100.001238844963410 0.500006194181251
0.032000000000000 0.999999999999474 0.399999999999790 -0.000000000000015 100.001238844963353 0.500006194180051
0.032100000000000 0.999999999999472 0.399999999999789 -0.000000000000019 100.001238844962984 0.500006194178696
0.032200000000000 0.999999999999473 0.399999999999789 -0.000000000000025 100.001238844962984 0.500006194177104
0.032300000000000 0.999999999999469 0.399999999999788 -0.000000000000028 100.001238844962799 0.500006194175337
0.032400000000000 0.999999999999467 0.399999999999787 -0.000000000000033 100.001238844962643 0.500006194173302
0.032500000000000 0.999999999999468 0.399999999999786 -0.000000000000037 100.001238844962515 0.500006194170872
0.032600000000000 0.999999999999464 0.399999999999787 -0.000000000000041 100.001238844962302 0.500006194168051
0.032700000000000 0.999999999999462 0.399999999999785 -0.000000000000043 100.001238844962174 0.500006194164887
0.032800000000000 0.999999999999460 0.399999999999784 -0.000000000000045 100.001238844961932 0.500006194161356
0.032900000000000 0.999999999999458 0.399999999999784 -0.000000000000048 100.001238844961804 0.500006194157453
0.033000000000000 0.999999999999458 0.399999999999783 -0.000000000000052 100.001238844961591 0.500006194153128
0.033100000000000 0.999999999999457 0.399999999999783 -0.000000000000056 100.001238844961392 0.500006194148469
0.033200000000000 0.999999999999455 0.399999999999782 -0.000000000000059 100.001238844961279 0.500006194143507
0.033300000000000 0.999999999999451 0.399999999999781 -0.000000000000064 100.001238844961023 0.500006194138121
0.033400000000000 0.999999999999451 0.399999999999780 -0.000000000000068 100.001238844960810 0.500006194132276
0.033500000000000 0.999999999999449 0.399999999999780 -0.000000000000072 100.001238844960511 0.500006194126030
0.033600000000000 0.999999999999447 0.399999999999778 -0.000000000000076 100.001238844960568 0.500006194119376
0.033700000000000 0.999999999999446 0.399999999999778 -0.000000000000080 100.001238844960369 0.500006194112238
0.033800000000000 0.999999999999444 0.399999999999777 -0.000000000000082 100.001238844960312 0.500006194104739
0.033900000000000 0.999999999999444 0.399999999999777 -0.000000000000085 100.001238844960000 0.500006194096770
0.034000000000000 0.999999999999439 0.399999999999776 -0.000000000000088 100.001238844959914 0.500006194088451
0.034100000000000 0.999999999999440 0.399999999999776 -0.000000000000090 100.001238844959815 0.500006194079689
0.034200000000000 0.999999999999435 0.399999999999775 -0.000000000000094 100.001238844959602 0.500006194070503
0.034300000000000 0.999999999999434 0.399999999999775 -0.000000000000097 100.001238844959417 0.500006194060843
0.034400000000000 0.999999999999433 0.399999999999774 -0.000000000000100 100.001238844959431 0.500006194050723
0.034500000000000 0.999999999999433 0.399999999999773 -0.000000000000103 100.001238844959289 0.500006194040161
0.034600000000000 0.999999999999434 0.399999999999772 -0.000000000000107 100.001238844959005 0.500006194029153
0.034700000000000 0.999999999999431 0.399999999999772 -0.000000000000110 100.001238844958891 0.500006194017639
0.034800000000000 0.999999999999428 0.399999999999771 -0.000000000000114 100.001238844958607 0.500006194005777
0.034900000000000 0.999999999999427 0.399999999999770 -0.000000000000117 100.001238844958579 0.500006193993659
0.035000000000000 0.999999999999426 0.399999999999769 -0.000000000000121 100.001238844958380 0.500006193981160
0.035100000000000 0.999999999999421 0.399999999999769 -0.000000000000123 100.001238844958124 0.500006193968304
0.035200000000000 0.999999999999419 0.399999999999768 -0.000000000000127 100.001238844957953 0.500006193955085
0.035300000000000 0.999999999999420 0.399999999999768 -0.000000000000131 100.001238844957783 0.500006193941424
0.035400000000000 0.999999999999419 0.399999999999767 -0.000000000000133 100.001238844957527 0.500006193927234
0.035500000000000 0.999999999999417 0.399999999999766 -0.000000000000138 100.001238844957399 0.500006193912596
0.035600000000000 0.999999999999415 0.399999999999766 -0.000000000000139 100.001238844957385 0.500006193897744
0.035700000000000 0.999999999999413 0.399999999999765 -0.000000000000142 100.001238844957214 0.500006193882410
0.035800000000000 0.999999999999411 0.399999999999765 -0.000000000000145 100.001238844957044 0.500006193866548
0.035900000000000 0.999999999999409 0.399999999999764 -0.000000000000149 100.001238844956674 0.500006193850349
0.036000000000000 0.999999999999408 0.399999999999763 -0.000000000000153 100.001238844956688 0.500006193833926
0.036100000000000 0.999999999999406 0.399999999999762 -0.000000000000156 100.001238844956418 0.500006193817530
0.036200000000000 0.999999999999403 0.399999999999761 -0.000000000000160 100.001238844956390 0.500006193801271
0.036300000000000 0.999999999999403 0.399999999999761 -0.000000000000163 100.001238844955907 0.500006193784953
0.036400000000000 0.999999999999402 0.399999999999760 -0.000000000000166 100.001238844956092 0.500006193768553
0.036500000000000 0.999999999999401 0.399999999999759 -0.000000000000167 100.001238844955779 0.500006193752042
0.036600000000000 0.999999999999400 0.399999999999759 -0.000000000000170 100.001238844955537 0.500006193735508
0.036700000000000 0.999999999999398 0.399999999999758 -0.000000000000173 100.001238844955239 0.500006193719193
0.036800000000000 0.999999999999394 0.399999999999758 -0.000000000000175 100.001238844955310 0.500006193703151
0.036900000000000 0.999999999999394 0.399999999999757 -0.000000000000178 100.001238844955097 0.500006193687291
0.037000000000000 0.999999999999391 0.399999999999756 -0.000000000000181 100.001238844955054 0.500006193671573
0.037100000000000 0.999999999999392 0.399999999999755 -0.000000000000184 100.001238844954713 0.500006193656171
0.037200000000000 0.999999999999388 0.399999999999755 -0.000000000000185 100.001238844954557 0.500006193641135
0.037300000000000 0.999999999999387 0.399999999999754 -0.000000000000186 100.001238844954656 0.500006193626224
0.037400000000000 0.999999999999388 0.399999999999754 -0.000000000000189 100.001238844954429 0.500006193611559
0.037500000000000 0.999999999999384 0.399999999999752 -0.000000000000191 100.001238844953861 0.500006193597416
0.037600000000000 0.999999999999382 0.399999999999752 -0.000000000000192 100.001238844953960 0.500006193583843
0.037700000000000 0.999999999999379 0.399999999999752 -0.000000000000196 100.001238844953889 0.500006193570773
0.037800000000000 0.999999999999382 0.399999999999752 -0.000000000000196 100.001238844953662 0.500006193558150
0.037900000000000 0.999999999999379 0.399999999999750 -0.000000000000197 100.001238844953690 0.500006193546081
0.038000000000000 0.999999999999376 0.399999999999750 -0.000000000000199 100.001238844953349 0.500006193534429
0.038100000000000 0.999999999999374 0.399999999999749 -0.000000000000202 100.001238844953122 0.500006193523424
0.038200000000000 0.999999999999375 0.399999999999749 -0.000000000000205 100.001238844953093 0.500006193513136
0.038300000000000 0.999999999999371 0.399999999999747 -0.000000000000206 100.001238844952695 0.500006193503698
0.038400000000000 0.999999999999370 0.399999999999746 -0.000000000000209 100.001238844952724 0.500006193495186
0.038500000000000 0.999999999999368 0.399999999999747 -0.000000000000209 100.001238844952638 0.500006193487801
0.038600000000000 0.999999999999366 0.399999999999745 -0.000000000000210 100.001238844952525 0.500006193481577
0.038700000000000 0.999999999999365 0.399999999999745 -0.000000000000211 100.001238844952468 0.500006193476162
0.038800000000000 0.999999999999364 0.399999999999744 -0.000000000000212 100.001238844951828 0.500006193471659
0.038900000000000 0.999999999999361 0.399999999999743 -0.000000000000213 100.001238844951800 0.500006193468133
0.039000000000000 0.999999999999360 0.399999999999742 -0.000000000000213 100.001238844951871 0.500006193465396
0.039100000000000 0.999999999999355 0.399999999999742 -0.000000000000213 100.001238844951715 0.500006193463394
0.039200000000000 0.999999999999355 0.399999999999741 -0.000000000000213 100.001238844951416 0.500006193462225
0.039300000000000 0.999999999999355 0.399999999999740 -0.000000000000214 100.001238844951175 0.500006193461996
0.039400000000000 0.999999999999355 0.399999999999739 -0.000000000000214 100.001238844951132 0.500006193462862
0.039500000000000 0.999999999999351 0.399999999999739 -0.000000000000216 100.001238844950763 0.500006193464556
0.039600000000000 0.999999999999351 0.399999999999739 -0.000000000000217 100.001238844950848 0.500006193467188
0.039700000000000 0.999999999999347 0.399999999999737 -0.000000000000218 100.001238844950564 0.500006193470965
0.039800000000000 0.999999999999348 0.399999999999737 -0.000000000000218 100.001238844950365 0.500006193475629
0.039900000000000 0.999999999999344 0.399999999999736 -0.000000000000217 100.001238844950521 0.500006193481146
0.040000000000000 0.999999999999342 0.399999999999736 -0.000000000000216 100.001238844950137 0.500006193487485
0.040100000000000 0.999999999999342 0.399999999999735 -0.000000000000216 100.001238844950066 0.500006193494759
0.040200000000000 0.999999999999341 0.399999999999734 -0.000000000000217 100.001238844950052 0.500006193502918
0.040300000000000 0.999999999999339 0.399999999999733 -0.000000000000217 100.001238844949853 0.500006193512056
0.040400000000000 0.999999999999337 0.399999999999733 -0.000000000000218 100.001238844949356 0.500006193522006
0.040500000000000 0.999999999999335 0.399999999999732 -0.000000000000218 100.001238844949413 0.500006193532672
0.040600000000000 0.999999999999333 0.399999999999731 -0.000000000000216 100.001238844949114 0.500006193543858
0.040700000000000 0.999999999999333 0.399999999999731 -0.000000000000217 100.001238844949015 0.500006193555454
0.040800000000000 0.999999999999329 0.399999999999730 -0.000000000000217 100.001238844948929 0.500006193567498
0.040900000000000 0.999999999999328 0.399999999999729 -0.000000000000216 100.001238844948659 0.500006193580057
0.041000000000000 0.999999999999326 0.399999999999728 -0.000000000000217 100.001238844948318 0.500006193593300
0.041100000000000 0.999999999999324 0.399999999999728 -0.000000000000214 100.001238844948261 0.500006193606810
0.041200000000000 0.999999999999324 0.399999999999727 -0.000000000000214 100.001238844948233 0.500006193620397
0.041300000000000 0.999999999999322 0.399999999999727 -0.000000000000214 100.001238844947949 0.500006193634285
0.041400000000000 0.999999999999319 0.399999999999726 -0.000000000000213 100.001238844947849 0.500006193648791
0.041500000000000 0.999999999999316 0.399999999999725 -0.000000000000212 100.001238844947551 0.500006193663869
0.041600000000000 0.999999999999317 0.399999999999724 -0.000000000000212 100.001238844946897 0.500006193679414
0.041700000000000 0.999999999999315 0.399999999999724 -0.000000000000210 100.001238844947238 0.500006193695264
0.041800000000000 0.999999999999312 0.399999999999723 -0.000000000000209 100.001238844947039 0.500006193711154
0.041900000000000 0.999999999999312 0.399999999999722 -0.000000000000207 100.001238844946442 0.500006193726995
0.042000000000000 0.999999999999309 0.399999999999721 -0.000000000000205 100.001238844946798 0.500006193743009
0.042100000000000 0.999999999999308 0.399999999999720 -0.000000000000204 100.001238844947096 0.500006193759066
0.042200000000000 0.999999999999304 0.399999999999719 -0.000000000000202 100.001238844946442 0.500006193775199
0.042300000000000 0.999999999999304 0.399999999999719 -0.000000000000202 100.001238844946670 0.500006193791378
0.042400000000000 0.999999999999302 0.399999999999718 -0.000000000000199 100.001238844945860 0.500006193807608
0.042500000000000 0.999999999999301 0.399999999999717 -0.000000000000197 100.001238844945107 0.500006193824008
0.042600000000000 0.999999999999299 0.399999999999717 -0.000000000000194 100.001238844945874 0.500006193840277
0.042700000000000 0.999999999999296 0.399999999999716 -0.000000000000193 100.001238844946016 0.500006193856293
0.042800000000000 0.999999999999295 0.399999999999716 -0.000000000000191 100.001238844945277 0.500006193872211
0.042900000000000 0.999999999999296 0.399999999999715 -0.000000000000192 100.001238844946045 0.500006193888020
0.043000000000000 0.999999999999293 0.399999999999715 -0.000000000000190 100.001238844945050 0.500006193903656
0.043100000000000 0.999999999999291 0.399999999999713 -0.000000000000188 100.001238844944041 0.500006193919029
0.043200000000000 0.999999999999290 0.399999999999713 -0.000000000000186 100.001238844943856 0.500006193933964
0.043300000000000 0.999999999999288 0.399999999999713 -0.000000000000184 100.001238844944339 0.500006193948474
0.043400000000000 0.999999999999284 0.399999999999711 -0.000000000000183 100.001238844943870 0.500006193962606
0.043500000000000 0.999999999999285 0.399999999999710 -0.000000000000182 100.001238844944140 0.500006193976156
0.043600000000000 0.999999999999285 0.399999999999710 -0.000000000000179 100.001238844944140 0.500006193989119
0.043700000000000 0.999999999999283 0.399999999999709 -0.000000000000179 100.001238844944041 0.500006194001642
0.043800000000000 0.999999999999280 0.399999999999708 -0.000000000000176 100.001238844944112 0.500006194013795
0.043900000000000 0.999999999999279 0.399999999999708 -0.000000000000174 100.001238844942549 0.500006194025502
0.044000000000000 0.999999999999277 0.399999999999707 -0.000000000000172 100.001238844944368 0.500006194036825
0.044100000000000 0.999999999999273 0.399999999999706 -0.000000000000169 100.001238844943913 0.500006194047642
0.044200000000000 0.999999999999272 0.399999999999706 -0.000000000000166 100.001238844943103 0.500006194057936
0.044300000000000 0.999999999999271 0.399999999999705 -0.000000000000165 100.001238844942918 0.500006194067772
0.044400000000000 0.999999999999269 0.399999999999705 -0.000000000000162 100.001238844942719 0.500006194077097
0.044500000000000 0.999999999999268 0.399999999999704 -0.000000000000160 100.001238844942378 0.500006194085902
0.044600000000000 0.999999999999265 0.399999999999703 -0.000000000000158 100.001238844941867 0.500006194094244
0.044700000000000 0.999999999999265 0.399999999999702 -0.000000000000155 100.001238844942861 0.500006194102295
0.044800000000000 0.999999999999262 0.399999999999701 -0.000000000000153 100.001238844942009 0.500006194109900
0.044900000000000 0.999999999999260 0.399999999999701 -0.000000000000150 100.001238844940758 0.500006194117134
0.045000000000000 0.999999999999258 0.399999999999700 -0.000000000000146 100.001238844941284 0.500006194124024
0.045100000000000 0.999999999999258 0.399999999999700 -0.000000000000143 100.001238844941028 0.500006194130573
0.045200000000000 0.999999999999257 0.399999999999699 -0.000000000000142 100.001238844940787 0.500006194136697
0.045300000000000 0.999999999999252 0.399999999999698 -0.000000000000141 100.001238844940701 0.500006194142336
0.045400000000000 0.999999999999252 0.399999999999698 -0.000000000000137 100.001238844941554 0.500006194147539
0.045500000000000 0.999999999999251 0.399999999999696 -0.000000000000134 100.001238844941298 0.500006194152324
0.045600000000000 0.999999999999247 0.399999999999696 -0.000000000000131 100.001238844940247 0.500006194156693
0.045700000000000 0.999999999999245 0.399999999999696 -0.000000000000128 100.001238844940374 0.500006194160714
0.045800000000000 0.999999999999243 0.399999999999694 -0.000000000000127 100.001238844940374 0.500006194164449
0.045900000000000 0.999999999999243 0.399999999999694 -0.000000000000123 100.001238844940133 0.500006194167790
0.046000000000000 0.999999999999243 0.399999999999694 -0.000000000000120 100.001238844940204 0.500006194170719
0.046100000000000 0.999999999999243 0.399999999999693 -0.000000000000116 100.001238844940190 0.500006194173348
0.046200000000000 0.999999999999239 0.399999999999692 -0.000000000000113 100.001238844939849 0.500006194175694
0.046300000000000 0.999999999999235 0.399999999999692 -0.000000000000109 100.001238844939735 0.500006194177814
0.046400000000000 0.999999999999235 0.399999999999691 -0.000000000000105 100.001238844939593 0.500006194179722
0.046500000000000 0.999999999999235 0.399999999999691 -0.000000000000101 100.001238844939266 0.500006194181313
0.046600000000000 0.999999999999232 0.399999999999690 -0.000000000000096 100.001238844939337 0.500006194182624
0.046700000000000 0.999999999999232 0.399999999999689 -0.000000000000091 100.001238844938968 0.500006194183734
0.046800000000000 0.999999999999230 0.399999999999688 -0.000000000000089 100.001238844939024 0.500006194184661
0.046900000000000 0.999999999999228 0.399999999999687 -0.000000000000085 100.001238844938513 0.500006194185391
0.047000000000000 0.999999999999226 0.399999999999687 -0.000000000000081 100.001238844938754 0.500006194185911
0.047100000000000 0.999999999999226 0.399999999999686 -0.000000000000077 100.001238844938143 0.500006194186175
0.047200000000000 0.999999999999220 0.399999999999685 -0.000000000000073 100.001238844938086 0.500006194186232
0.047300000000000 0.999999999999222 0.399999999999685 -0.000000000000069 100.001238844938229 0.500006194185932
0.047400000000000 0.999999999999220 0.399999999999684 -0.000000000000065 100.001238844937717 0.500006194185350
0.047500000000000 0.999999999999217 0.399999999999683 -0.000000000000061 100.001238844937518 0.500006194184550
0.047600000000000 0.999999999999216 0.399999999999682 -0.000000000000057 100.001238844937276 0.500006194183487
0.047700000000000 0.999999999999212 0.399999999999682 -0.000000000000054 100.001238844937234 0.500006194182141
0.047800000000000 0.999999999999213 0.399999999999681 -0.000000000000050 100.001238844937035 0.500006194180639
0.047900000000000 0.999999999999211 0.399999999999681 -0.000000000000045 100.001238844937291 0.500006194178947
0.048000000000000 0.999999999999210 0.399999999999680 -0.000000000000041 100.001238844936864 0.500006194176985
0.048100000000000 0.999999999999206 0.399999999999680 -0.000000000000037 100.001238844936580 0.500006194174655
0.048200000000000 0.999999999999205 0.399999999999679 -0.000000000000033 100.001238844936609 0.500006194172149
0.048300000000000 0.999999999999203 0.399999999999678 -0.000000000000029 100.001238844936552 0.500006194169344
0.048400000000000 0.999999999999202 0.399999999999677 -0.000000000000025 100.001238844936239 0.500006194166183
0.048500000000000 0.999999999999202 0.399999999999677 -0.000000000000021 100.001238844935870 0.500006194162676
0.048600000000000 0.999999999999198 0.399999999999676 -0.000000000000017 100.001238844935870 0.500006194158902
0.048700000000000 0.999999999999198 0.399999999999676 -0.000000000000012 100.001238844935557 0.500006194154739
0.048800000000000 0.999999999999197 0.399999999999675 -0.000000000000009 100.001238844935699 0.500006194150227
0.048900000000000 0.999999999999196 0.399999999999674 -0.000000000000003 100.001238844935500 0.500006194145260
0.049000000000000 0.999999999999192 0.399999999999673 0.000000000000001 100.001238844935131 0.500006194139868
0.049100000000000 0.999999999999193 0.399999999999673 0.000000000000005 100.001238844935088 0.500006194134133
0.049200000000000 0.999999999999190 0.399999999999672 0.000000000000008 100.001238844934861 0.500006194128017
0.049300000000000 0.999999999999188 0.399999999999672 0.000000000000011 100.001238844934733 0.500006194121534
0.049400000000000 0.999999999999188 0.399999999999671 0.000000000000015 100.001238844934562 0.500006194114706
0.049500000000000 0.999999999999184 0.399999999999670 0.000000000000018 100.001238844934306 0.500006194107466
0.049600000000000 0.999999999999184 0.399999999999669 0.000000000000020 100.001238844934136 0.500006194099779
0.049700000000000 0.999999999999182 0.399999999999669 0.000000000000023 100.001238844934022 0.500006194091609
0.049800000000000 0.999999999999180 0.399999999999668 0.000000000000026 100.001238844933766 0.500006194082947
0.049900000000000 0.999999999999178 0.399999999999667 0.000000000000031 100.001238844933525 0.500006194073743
0.050000000000000 0.999999999999178 0.399999999999667 0.000000000000034 100.001238844933425 0.500006194064092
0.050100000000000 0.999999999999175 0.399999999999666 0.000000000000037 100.001238844933312 0.500006194053993
0.050200000000000 0.999999999999171 0.399999999999666 0.000000000000040 100.001238844933056 0.500006194043500
0.050300000000000 0.999999999999170 0.399999999999664 0.000000000000044 100.001238844932999 0.500006194032598
0.050400000000000 0.999999999999170 0.399999999999664 0.000000000000047 100.001238844932729 0.500006194021316
0.050500000000000 0.999999999999167 0.399999999999663 0.000000000000050 100.001238844932629 0.500006194009786
0.050600000000000 0.999999999999167 0.399999999999663 0.000000000000054 100.001238844932445 0.500006193997744
0.050700000000000 0.999999999999164 0.399999999999662 0.000000000000058 100.001238844932161 0.500006193985206
0.050800000000000 0.999999999999161 0.399999999999661 0.000000000000060 100.001238844932075 0.500006193972167
0.050900000000000 0.999999999999160 0.399999999999661 0.000000000000063 100.001238844931919 0.500006193958687
0.051000000000000 0.999999999999157 0.399999999999660 0.000000000000067 100.001238844931862 0.500006193944977
0.051100000000000 0.999999999999158 0.399999999999660 0.000000000000070 100.001238844931564 0.500006193930893
0.051200000000000 0.999999999999156 0.399999999999659 0.000000000000073 100.001238844931322 0.500006193916641
0.051300000000000 0.999999999999153 0.399999999999658 0.000000000000077 100.001238844931237 0.500006193902063
0.051400000000000 0.999999999999151 0.399999999999658 0.000000000000080 100.001238844931123 0.500006193886948
0.051500000000000 0.999999999999150 0.399999999999657 0.000000000000085 100.001238844930754 0.500006193871517
0.051600000000000 0.999999999999149 0.399999999999657 0.000000000000088 100.001238844930725 0.500006193856052
0.051700000000000 0.999999999999147 0.399999999999656 0.000000000000091 100.001238844930683 0.500006193840417
0.051800000000000 0.999999999999145 0.399999999999655 0.000000000000093 100.001238844930327 0.500006193824397
0.051900000000000 0.999999999999143 0.399999999999655 0.000000000000098 100.001238844930384 0.500006193807991
0.052000000000000 0.999999999999144 0.399999999999654 0.000000000000101 100.001238844930270 0.500006193791240
0.052100000000000 0.999999999999141 0.399999999999653 0.000000000000104 100.001238844930086 0.500006193774291
0.052200000000000 0.999999999999139 0.399999999999652 0.000000000000107 100.001238844929929 0.500006193757367
0.052300000000000 0.999999999999137 0.399999999999652 0.000000000000110 100.001238844929560 0.500006193740433
0.052400000000000 0.999999999999138 0.399999999999652 0.000000000000112 100.001238844929276 0.500006193723588
0.052500000000000 0.999999999999133 0.399999999999651 0.000000000000115 100.001238844929446 0.500006193706913
0.052600000000000 0.999999999999133 0.399999999999650 0.000000000000117 100.001238844929361 0.500006193690434
0.052700000000000 0.999999999999132 0.399999999999649 0.000000000000118 100.001238844929077 0.500006193674154
0.052800000000000 0.999999999999130 0.399999999999649 0.000000000000120 100.001238844929020 0.500006193658110
0.052900000000000 0.999999999999128 0.399999999999649 0.000000000000124 100.001238844928750 0.500006193642398
0.053000000000000 0.999999999999126 0.399999999999648 0.000000000000126 100.001238844928395 0.500006193627261
0.053100000000000 0.999999999999126 0.399999999999647 0.000000000000129 100.001238844928565 0.500006193612847
0.053200000000000 0.999999999999124 0.399999999999647 0.000000000000131 100.001238844928281 0.500006193599122
0.053300000000000 0.999999999999122 0.399999999999646 0.000000000000134 100.001238844927585 0.500006193586084
0.053400000000000 0.999999999999121 0.399999999999645 0.000000000000136 100.001238844927911 0.500006193573586
0.053500000000000 0.999999999999119 0.399999999999645 0.000000000000138 100.001238844927670 0.500006193561594
0.053600000000000 0.999999999999117 0.399999999999644 0.000000000000140 100.001238844927613 0.500006193550206
0.053700000000000 0.999999999999115 0.399999999999644 0.000000000000142 100.001238844927371 0.500006193539352
0.053800000000000 0.999999999999115 0.399999999999643 0.000000000000144 100.001238844927116 0.500006193528880
0.053900000000000 0.999999999999114 0.399999999999643 0.000000000000146 100.001238844926945 0.500006193518964
0.054000000000000 0.999999999999112 0.399999999999642 0.000000000000148 100.001238844926917 0.500006193509880
0.054100000000000 0.999999999999111 0.399999999999641 0.000000000000149 100.001238844927002 0.500006193501590
0.054200000000000 0.999999999999106 0.399999999999641 0.000000000000150 100.001238844926391 0.500006193493941
0.054300000000000 0.999999999999105 0.399999999999640 0.000000000000153 100.001238844926462 0.500006193486969
0.054400000000000 0.999999999999103 0.399999999999639 0.000000000000152 100.001238844926377 0.500006193480975
0.054500000000000 0.999999999999104 0.399999999999639 0.000000000000154 100.001238844926206 0.500006193476008
0.054600000000000 0.999999999999101 0.399999999999638 0.000000000000155 100.001238844925837 0.500006193471897
0.054700000000000 0.999999999999099 0.399999999999638 0.000000000000156 100.001238844926149 0.500006193468886
0.054800000000000 0.999999999999097 0.399999999999637 0.000000000000157 100.001238844925638 0.500006193466929
0.054900000000000 0.999999999999095 0.399999999999637 0.000000000000158 100.001238844925552 0.500006193465928
0.055000000000000 0.999999999999096 0.399999999999635 0.000000000000158 100.001238844925425 0.500006193465768
0.055100000000000 0.999999999999093 0.399999999999635 0.000000000000158 100.001238844925254 0.500006193466363
0.055200000000000 0.999999999999092 0.399999999999634 0.000000000000159 100.001238844925055 0.500006193467793
0.055300000000000 0.999999999999089 0.399999999999635 0.000000000000159 100.001238844925027 0.500006193469919
0.055400000000000 0.999999999999090 0.399999999999633 0.000000000000161 100.001238844924643 0.500006193473042
0.055500000000000 0.999999999999088 0.399999999999633 0.000000000000162 100.001238844924487 0.500006193477046
0.055600000000000 0.999999999999085 0.399999999999632 0.000000000000161 100.001238844924188 0.500006193481829
0.055700000000000 0.999999999999085 0.399999999999632 0.000000000000161 100.001238844924188 0.500006193487688
0.055800000000000 0.999999999999084 0.399999999999632 0.000000000000161 100.001238844923961 0.500006193494717
0.055900000000000 0.999999999999080 0.399999999999630 0.000000000000162 100.001238844923847 0.500006193502698
0.056000000000000 0.999999999999078 0.399999999999630 0.000000000000163 100.001238844923776 0.500006193511334
0.056100000000000 0.999999999999075 0.399999999999629 0.000000000000162 100.001238844923591 0.500006193520589
0.056200000000000 0.999999999999075 0.399999999999629 0.000000000000162 100.001238844923336 0.500006193530277
0.056300000000000 0.999999999999074 0.399999999999628 0.000000000000163 100.001238844923236 0.500006193540691
0.056400000000000 0.999999999999072 0.399999999999627 0.000000000000164 100.001238844923108 0.500006193551892
0.056500000000000 0.999999999999070 0.399999999999627 0.000000000000164 100.001238844922824 0.500006193563832
0.056600000000000 0.999999999999071 0.399999999999626 0.000000000000164 100.001238844922710 0.500006193576482
0.056700000000000 0.999999999999066 0.399999999999625 0.000000000000163 100.001238844922554 0.500006193589633
0.056800000000000 0.999999999999065 0.399999999999625 0.000000000000162 100.001238844922426 0.500006193603078
0.056900000000000 0.999999999999063 0.399999999999624 0.000000000000162 100.001238844922170 0.500006193617119
0.057000000000000 0.999999999999061 0.399999999999624 0.000000000000162 100.001238844922142 0.500006193631883
0.057100000000000 0.999999999999060 0.399999999999623 0.000000000000161 100.001238844921843 0.500006193647070
0.057200000000000 0.999999999999055 0.399999999999623 0.000000000000160 100.001238844921374 0.500006193662370
0.057300000000000 0.999999999999056 0.399999999999622 0.000000000000159 100.001238844922000 0.500006193677841
0.057400000000000 0.999999999999054 0.399999999999620 0.000000000000157 100.001238844921517 0.500006193693566
0.057500000000000 0.999999999999053 0.399999999999620 0.000000000000158 100.001238844921915 0.500006193709486
0.057600000000000 0.999999999999052 0.399999999999620 0.000000000000158 100.001238844921062 0.500006193725555
0.057700000000000 0.999999999999049 0.399999999999619 0.000000000000156 100.001238844921005 0.500006193741821
0.057800000000000 0.999999999999048 0.399999999999618 0.000000000000154 100.001238844920550 0.500006193758366
0.057900000000000 0.999999999999049 0.399999999999617 0.000000000000154 100.001238844920593 0.500006193774983
0.058000000000000 0.999999999999046 0.399999999999617 0.000000000000152 100.001238844919868 0.500006193791568
0.058100000000000 0.999999999999042 0.399999999999616 0.000000000000150 100.001238844920323 0.500006193808091
0.058200000000000 0.999999999999044 0.399999999999616 0.000000000000149 100.001238844920692 0.500006193824326
0.058300000000000 0.999999999999039 0.399999999999615 0.000000000000149 100.001238844919854 0.500006193840309
0.058400000000000 0.999999999999039 0.399999999999615 0.000000000000146 100.001238844920266 0.500006193856230
0.058500000000000 0.999999999999039 0.399999999999614 0.000000000000144 100.001238844920181 0.500006193872040
0.058600000000000 0.999999999999036 0.399999999999613 0.000000000000142 100.001238844918646 0.500006193887666
0.058700000000000 0.999999999999034 0.399999999999613 0.000000000000140 100.001238844918788 0.500006193903049
0.058800000000000 0.999999999999031 0.399999999999612 0.000000000000137 100.001238844917921 0.500006193918184
0.058900000000000 0.999999999999032 0.399999999999611 0.000000000000135 100.001238844920294 0.500006193932994
0.059000000000000 0.999999999999029 0.399999999999611 0.000000000000133 100.001238844917978 0.500006193947356
0.059100000000000 0.999999999999027 0.399999999999610 0.000000000000130 100.001238844918532 0.500006193961361
0.059200000000000 0.999999999999026 0.399999999999610 0.000000000000130 100.001238844918376 0.500006193974912
0.059300000000000 0.999999999999026 0.399999999999610 0.000000000000128 100.001238844918248 0.500006193988078
0.059400000000000 0.999999999999022 0.399999999999609 0.000000000000126 100.001238844917765 0.500006194001013
0.059500000000000 0.999999999999021 0.399999999999608 0.000000000000123 100.001238844917353 0.500006194013583
0.059600000000000 0.999999999999017 0.399999999999607 0.000000000000120 100.001238844917083 0.500006194025631
0.059700000000000 0.999999999999014 0.399999999999607 0.000000000000118 100.001238844917339 0.500006194037251
0.059800000000000 0.999999999999015 0.399999999999606 0.000000000000115 100.001238844916941 0.500006194048480
0.059900000000000 0.999999999999015 0.399999999999606 0.000000000000113 100.001238844917225 0.500006194059133
0.060000000000000 0.999999999999011 0.399999999999605 0.000000000000110 100.001238844917168 0.500006194069228
0.060100000000000 0.999999999999011 0.399999999999604 0.000000000000107 100.001238844917083 0.500006194078855
0.060200000000000 0.999999999999011 0.399999999999603 0.000000000000105 100.001238844916855 0.500006194087974
0.060300000000000 0.999999999999007 0.399999999999603 0.000000000000103 100.001238844916656 0.500006194096531
0.060400000000000 0.999999999999002 0.399999999999603 0.000000000000100 100.001238844916486 0.500006194104572
0.060500000000000 0.999999999999006 0.399999999999602 0.000000000000097 100.001238844916401 0.500006194112115
0.060600000000000 0.999999999999004 0.399999999999601 0.000000000000093 100.001238844916145 0.500006194119211
0.060700000000000 0.999999999999002 0.399999999999601 0.000000000000090 100.001238844916088 0.500006194125902
0.060800000000000 0.999999999999001 0.399999999999600 0.000000000000087 100.001238844915704 0.500006194132173
0.060900000000000 0.999999999999000 0.399999999999599 0.000000000000084 100.001238844915534 0.500006194138077
0.061000000000000 0.999999999998996 0.399999999999598 0.000000000000080 100.001238844915605 0.500006194143662
0.061100000000000 0.999999999998996 0.399999999999598 0.000000000000077 100.001238844915576 0.500006194148954
0.061200000000000 0.999999999998994 0.399999999999597 0.000000000000073 100.001238844915093 0.500006194153982
0.061300000000000 0.999999999998993 0.399999999999597 0.000000000000071 100.001238844915207 0.500006194158684
0.061400000000000 0.999999999998992 0.399999999999596 0.000000000000068 100.001238844915179 0.500006194162942
0.061500000000000 0.999999999998992 0.399999999999596 0.000000000000065 100.001238844914539 0.500006194166711
0.061600000000000 0.999999999998986 0.399999999999595 0.000000000000062 100.001238844914511 0.500006194170183
0.061700000000000 0.999999999998984 0.399999999999594 0.000000000000058 100.001238844914639 0.500006194173259
0.061800000000000 0.999999999998984 0.399999999999594 0.000000000000054 100.001238844914752 0.500006194176019
0.061900000000000 0.999999999998982 0.399999999999593 0.000000000000050 100.001238844913544 0.500006194178533
0.062000000000000 0.999999999998982 0.399999999999592 0.000000000000045 100.001238844914752 0.500006194180713
0.062100000000000 0.999999999998978 0.399999999999591 0.000000000000042 100.001238844914354 0.500006194182572
0.062200000000000 0.999999999998978 0.399999999999591 0.000000000000039 100.001238844913104 0.500006194184101
0.062300000000000 0.999999999998976 0.399999999999591 0.000000000000036 100.001238844914582 0.500006194185432
0.062400000000000 0.999999999998975 0.399999999999590 0.000000000000032 100.001238844913260 0.500006194186569
0.062500000000000 0.999999999998974 0.399999999999589 0.000000000000029 100.001238844913118 0.500006194187436
0.062600000000000 0.999999999998970 0.399999999999589 0.000000000000025 100.001238844911953 0.500006194187977
0.062700000000000 0.999999999998968 0.399999999999588 0.000000000000022 100.001238844911725 0.500006194188285
0.062800000000000 0.999999999998968 0.399999999999587 0.000000000000018 100.001238844913772 0.500006194188372
0.062900000000000 0.999999999998965 0.399999999999586 0.000000000000014 100.001238844911384 0.500006194188172
0.063000000000000 0.999999999998964 0.399999999999586 0.000000000000009 100.001238844912280 0.500006194187711
0.063100000000000 0.999999999998963 0.399999999999586 0.000000000000006 100.001238844910958 0.500006194187045
0.063200000000000 0.999999999998964 0.399999999999584 0.000000000000002 100.001238844912081 0.500006194186250
0.063300000000000 0.999999999998958 0.399999999999584 -0.000000000000001 100.001238844912962 0.500006194185270
0.063400000000000 0.999999999998957 0.399999999999583 -0.000000000000004 100.001238844912280 0.500006194183991
0.063500000000000 0.999999999998956 0.399999999999582 -0.000000000000009 100.001238844910915 0.500006194182483
0.063600000000000 0.999999999998953 0.399999999999582 -0.000000000000015 100.001238844910887 0.500006194180689
0.063700000000000 0.999999999998952 0.399999999999581 -0.000000000000018 100.001238844910546 0.500006194178654
0.063800000000000 0.999999999998949 0.399999999999580 -0.000000000000022 100.001238844911512 0.500006194176318
0.063900000000000 0.999999999998949 0.399999999999580 -0.000000000000026 100.001238844911271 0.500006194173760
0.064000000000000 0.999999999998949 0.399999999999579 -0.000000000000029 100.001238844910617 0.500006194170943
0.064100000000000 0.999999999998945 0.399999999999578 -0.000000000000034 100.001238844910461 0.500006194167857
0.064200000000000 0.999999999998943 0.399999999999578 -0.000000000000039 100.001238844910375 0.500006194164473
0.064300000000000 0.999999999998942 0.399999999999577 -0.000000000000044 100.001238844910148 0.500006194160828
0.064400000000000 0.999999999998941 0.399999999999576 -0.000000000000047 100.001238844909835 0.500006194156760
0.064500000000000 0.999999999998940 0.399999999999576 -0.000000000000051 100.001238844909651 0.500006194152276
0.064600000000000 0.999999999998937 0.399999999999575 -0.000000000000054 100.001238844909693 0.500006194147517
0.064700000000000 0.999999999998935 0.399999999999575 -0.000000000000057 100.001238844909381 0.500006194142378
0.064800000000000 0.999999999998935 0.399999999999574 -0.000000000000061 100.001238844909210 0.500006194136847
0.064900000000000 0.999999999998933 0.399999999999573 -0.000000000000064 100.001238844909153 0.500006194130972
0.065000000000000 0.999999999998932 0.399999999999573 -0.000000000000066 100.001238844908997 0.500006194124660
0.065100000000000 0.999999999998931 0.399999999999572 -0.000000000000070 100.001238844908869 0.500006194117971
0.065200000000000 0.999999999998930 0.399999999999571 -0.000000000000072 100.001238844908713 0.500006194110859
0.065300000000000 0.999999999998928 0.399999999999571 -0.000000000000077 100.001238844908485 0.500006194103212
0.065400000000000 0.999999999998924 0.399999999999570 -0.000000000000081 100.001238844908329 0.500006194095084
0.065500000000000 0.999999999998923 0.399999999999569 -0.000000000000084 100.001238844908130 0.500006194086550
0.065600000000000 0.999999999998923 0.399999999999569 -0.000000000000087 100.001238844907974 0.500006194077543
0.065700000000000 0.999999999998921 0.399999999999568 -0.000000000000092 100.001238844907988 0.500006194068029
0.065800000000000 0.999999999998916 0.399999999999567 -0.000000000000095 100.001238844907618 0.500006194058040
0.065900000000000 0.999999999998914 0.399999999999567 -0.000000000000099 100.001238844907448 0.500006194047584
0.066000000000000 0.999999999998914 0.399999999999566 -0.000000000000102 100.001238844907363 0.500006194036824
0.066100000000000 0.999999999998912 0.399999999999565 -0.000000000000106 100.001238844907192 0.500006194025556
0.066200000000000 0.999999999998913 0.399999999999565 -0.000000000000109 100.001238844906965 0.500006194013642
0.066300000000000 0.999999999998908 0.399999999999564 -0.000000000000111 100.001238844906950 0.500006194001378
0.066400000000000 0.999999999998908 0.399999999999564 -0.000000000000115 100.001238844906766 0.500006193988659
0.066500000000000 0.999999999998907 0.399999999999563 -0.000000000000119 100.001238844906510 0.500006193975595
0.066600000000000 0.999999999998906 0.399999999999562 -0.000000000000122 100.001238844906325 0.500006193962279
0.066700000000000 0.999999999998902 0.399999999999562 -0.000000000000125 100.001238844906226 0.500006193948464
0.066800000000000 0.999999999998901 0.399999999999560 -0.000000000000129 100.001238844905970 0.500006193934142
0.066900000000000 0.999999999998899 0.399999999999560 -0.000000000000131 100.001238844905799 0.500006193919154
0.067000000000000 0.999999999998899 0.399999999999559 -0.000000000000134 100.001238844905714 0.500006193903725
0.067100000000000 0.999999999998897 0.399999999999558 -0.000000000000137 100.001238844905487 0.500006193888047
0.067200000000000 0.999999999998894 0.399999999999558 -0.000000000000142 100.001238844905345 0.500006193872152
0.067300000000000 0.999999999998894 0.399999999999557 -0.000000000000143 100.001238844905444 0.500006193856188
0.067400000000000 0.999999999998890 0.399999999999557 -0.000000000000147 100.001238844904918 0.500006193840098
0.067500000000000 0.999999999998890 0.399999999999556 -0.000000000000149 100.001238844904876 0.500006193823949
0.067600000000000 0.999999999998889 0.399999999999555 -0.000000000000151 100.001238844904975 0.500006193807819
0.067700000000000 0.999999999998887 0.399999999999555 -0.000000000000153 100.001238844904748 0.500006193791793
0.067800000000000 0.999999999998885 0.399999999999553 -0.000000000000155 100.001238844904293 0.500006193775844
0.067900000000000 0.999999999998883 0.399999999999553 -0.000000000000157 100.001238844904336 0.500006193759709
0.068000000000000 0.999999999998882 0.399999999999552 -0.000000000000160 100.001238844904023 0.500006193743522
0.068100000000000 0.999999999998881 0.399999999999552 -0.000000000000163 100.001238844904023 0.500006193727358
0.068200000000000 0.999999999998880 0.399999999999552 -0.000000000000165 100.001238844903369 0.500006193711094
0.068300000000000 0.999999999998876 0.399999999999551 -0.000000000000169 100.001238844903526 0.500006193694697
0.068400000000000 0.999999999998873 0.399999999999549 -0.000000000000171 100.001238844903241 0.500006193678266
0.068500000000000 0.999999999998873 0.399999999999549 -0.000000000000175 100.001238844903042 0.500006193662161
0.068600000000000 0.999999999998872 0.399999999999548 -0.000000000000177 100.001238844902730 0.500006193646554
0.068700000000000 0.999999999998871 0.399999999999547 -0.000000000000181 100.001238844902844 0.500006193631297
0.068800000000000 0.999999999998867 0.399999999999546 -0.000000000000184 100.001238844902389 0.500006193616553
0.068900000000000 0.999999999998867 0.399999999999546 -0.000000000000185 100.001238844902375 0.500006193602244
0.069000000000000 0.999999999998865 0.399999999999545 -0.000000000000188 100.001238844902417 0.500006193588401
0.069100000000000 0.999999999998860 0.399999999999545 -0.000000000000190 100.001238844902161 0.500006193575073
0.069200000000000 0.999999999998862 0.399999999999544 -0.000000000000192 100.001238844902019 0.500006193562404
0.069300000000000 0.999999999998858 0.399999999999543 -0.000000000000196 100.001238844901721 0.500006193550398
0.069400000000000 0.999999999998857 0.399999999999542 -0.000000000000197 100.001238844901366 0.500006193539235
0.069500000000000 0.999999999998857 0.399999999999542 -0.000000000000199 100.001238844901465 0.500006193528977
0.069600000000000 0.999999999998855 0.399999999999541 -0.000000000000201 100.001238844901167 0.500006193519557
0.069700000000000 0.999999999998852 0.399999999999540 -0.000000000000202 100.001238844901167 0.500006193510962
0.069800000000000 0.999999999998852 0.399999999999540 -0.000000000000204 100.001238844901181 0.500006193503023
0.069900000000000 0.999999999998851 0.399999999999539 -0.000000000000205 100.001238844900996 0.500006193495667
0.070000000000000 0.999999999998847 0.399999999999537 -0.000000000000208 100.001238844900669 0.500006193489192
0.070100000000000 0.999999999998846 0.399999999999538 -0.000000000000208 100.001238844900456 0.500006193483531
0.070200000000000 0.999999999998846 0.399999999999537 -0.000000000000211 100.001238844900470 0.500006193478640
0.070300000000000 0.999999999998843 0.399999999999536 -0.000000000000212 100.001238844900271 0.500006193474590
0.070400000000000 0.999999999998844 0.399999999999535 -0.000000000000212 100.001238844899632 0.500006193471502
0.070500000000000 0.999999999998841 0.399999999999535 -0.000000000000213 100.001238844899973 0.500006193469293
0.070600000000000 0.999999999998838 0.399999999999534 -0.000000000000214 100.001238844899717 0.500006193467831
0.070700000000000 0.999999999998834 0.399999999999533 -0.000000000000216 100.001238844899405 0.500006193467144
0.070800000000000 0.999999999998836 0.399999999999533 -0.000000000000217 100.001238844899262 0.500006193467451
0.070900000000000 0.999999999998831 0.399999999999532 -0.000000000000217 100.001238844899149 0.500006193468674
0.071000000000000 0.999999999998831 0.399999999999531 -0.000000000000218 100.001238844899106 0.500006193470692
0.071100000000000 0.999999999998832 0.399999999999530 -0.000000000000218 100.001238844898950 0.500006193473555
0.071200000000000 0.999999999998827 0.399999999999530 -0.000000000000218 100.001238844898566 0.500006193477422
0.071300000000000 0.999999999998827 0.399999999999528 -0.000000000000221 100.001238844898452 0.500006193482435
0.071400000000000 0.999999999998823 0.399999999999529 -0.000000000000221 100.001238844898353 0.500006193488453
0.071500000000000 0.999999999998821 0.399999999999528 -0.000000000000221 100.001238844898012 0.500006193495380
0.071600000000000 0.999999999998821 0.399999999999527 -0.000000000000221 100.001238844898268 0.500006193502869
0.071700000000000 0.999999999998819 0.399999999999526 -0.000000000000224 100.001238844897685 0.500006193511156
0.071800000000000 0.999999999998817 0.399999999999525 -0.000000000000223 100.001238844897841 0.500006193520450
0.071900000000000 0.999999999998816 0.399999999999524 -0.000000000000224 100.001238844897443 0.500006193530658
0.072000000000000 0.999999999998814 0.399999999999524 -0.000000000000225 100.001238844897216 0.500006193541708
0.072100000000000 0.999999999998813 0.399999999999523 -0.000000000000224 100.001238844896932 0.500006193553593
0.072200000000000 0.999999999998810 0.399999999999523 -0.000000000000224 100.001238844897088 0.500006193565769
0.072300000000000 0.999999999998810 0.399999999999522 -0.000000000000225 100.001238844896619 0.500006193578372
0.072400000000000 0.999999999998806 0.399999999999520 -0.000000000000226 100.001238844896591 0.500006193591605
0.072500000000000 0.999999999998805 0.399999999999520 -0.000000000000226 100.001238844896591 0.500006193605419
0.072600000000000 0.999999999998803 0.399999999999520 -0.000000000000226 100.001238844896278 0.500006193619842
0.072700000000000 0.999999999998802 0.399999999999519 -0.000000000000225 100.001238844895823 0.500006193634684
0.072800000000000 0.999999999998802 0.399999999999518 -0.000000000000225 100.001238844895980 0.500006193649923
0.072900000000000 0.999999999998799 0.399999999999518 -0.000000000000224 100.001238844894999 0.500006193665543
0.073000000000000 0.999999999998796 0.399999999999517 -0.000000000000224 100.001238844895653 0.500006193681427
0.073100000000000 0.999999999998796 0.399999999999516 -0.000000000000224 100.001238844896164 0.500006193697517
0.073200000000000 0.999999999998792 0.399999999999516 -0.000000000000223 100.001238844895354 0.500006193713633
0.073300000000000 0.999999999998791 0.399999999999515 -0.000000000000222 100.001238844894914 0.500006193729759
0.073400000000000 0.999999999998791 0.399999999999514 -0.000000000000222 100.001238844894374 0.500006193745874
0.073500000000000 0.999999999998790 0.399999999999513 -0.000000000000223 100.001238844895198 0.500006193762061
0.073600000000000 0.999999999998788 0.399999999999512 -0.000000000000221 100.001238844894019 0.500006193778077
0.073700000000000 0.999999999998785 0.399999999999512 -0.000000000000220 100.001238844893805 0.500006193793853
0.073800000000000 0.999999999998784 0.399999999999511 -0.000000000000220 100.001238844894715 0.500006193809654
0.073900000000000 0.999999999998780 0.399999999999510 -0.000000000000219 100.001238844894374 0.500006193825639
0.074000000000000 0.999999999998779 0.399999999999510 -0.000000000000218 100.001238844893663 0.500006193841659
0.074100000000000 0.999999999998777 0.399999999999509 -0.000000000000216 100.001238844892981 0.500006193857638
0.074200000000000 0.999999999998776 0.399999999999508 -0.000000000000215 100.001238844893095 0.500006193873558
0.074300000000000 0.999999999998776 0.399999999999507 -0.000000000000214 100.001238844893933 0.500006193889292
0.074400000000000 0.999999999998774 0.399999999999507 -0.000000000000213 100.001238844893251 0.500006193904627
0.074500000000000 0.999999999998771 0.399999999999507 -0.000000000000211 100.001238844893081 0.500006193919508
0.074600000000000 0.999999999998769 0.399999999999506 -0.000000000000209 100.001238844892839 0.500006193933959
0.074700000000000 0.999999999998768 0.399999999999505 -0.000000000000208 100.001238844892711 0.500006193948067
0.074800000000000 0.999999999998768 0.399999999999504 -0.000000000000205 100.001238844892498 0.500006193961857
0.074900000000000 0.999999999998766 0.399999999999503 -0.000000000000204 100.001238844892427 0.500006193975300
0.075000000000000 0.999999999998764 0.399999999999503 -0.000000000000200 100.001238844892271 0.500006193988434
0.075100000000000 0.999999999998762 0.399999999999502 -0.000000000000197 100.001238844892725 0.500006194001236
0.075200000000000 0.999999999998762 0.399999999999502 -0.000000000000194 100.001238844892470 0.500006194013555
0.075300000000000 0.999999999998759 0.399999999999501 -0.000000000000191 100.001238844891077 0.500006194025492
0.075400000000000 0.999999999998757 0.399999999999499 -0.000000000000189 100.001238844891105 0.500006194037055
0.075500000000000 0.999999999998756 0.399999999999499 -0.000000000000187 100.001238844892015 0.500006194048176
0.075600000000000 0.999999999998753 0.399999999999499 -0.000000000000185 100.001238844890864 0.500006194058839
0.075700000000000 0.999999999998751 0.399999999999498 -0.000000000000182 100.001238844891120 0.500006194069158
0.075800000000000 0.999999999998751 0.399999999999497 -0.000000000000179 100.001238844890679 0.500006194079063
0.075900000000000 0.999999999998748 0.399999999999496 -0.000000000000176 100.001238844890906 0.500006194088471
0.076000000000000 0.999999999998747 0.399999999999495 -0.000000000000174 100.001238844890480 0.500006194097416
0.076100000000000 0.999999999998745 0.399999999999495 -0.000000000000172 100.001238844889627 0.500006194105841
0.076200000000000 0.999999999998745 0.399999999999495 -0.000000000000170 100.001238844890040 0.500006194113768
0.076300000000000 0.999999999998741 0.399999999999494 -0.000000000000167 100.001238844889912 0.500006194121236
0.076400000000000 0.999999999998740 0.399999999999493 -0.000000000000165 100.001238844889869 0.500006194128057
0.076500000000000 0.999999999998740 0.399999999999492 -0.000000000000162 100.001238844889741 0.500006194134362
0.076600000000000 0.999999999998737 0.399999999999492 -0.000000000000158 100.001238844888945 0.500006194140300
0.076700000000000 0.999999999998737 0.399999999999491 -0.000000000000153 100.001238844888917 0.500006194145892
0.076800000000000 0.999999999998733 0.399999999999490 -0.000000000000149 100.001238844888775 0.500006194151018
0.076900000000000 0.999999999998733 0.399999999999489 -0.000000000000146 100.001238844889002 0.500006194155723
0.077000000000000 0.999999999998731 0.399999999999489 -0.000000000000142 100.001238844888860 0.500006194159983
0.077100000000000 0.999999999998732 0.399999999999489 -0.000000000000138 100.001238844889301 0.500006194163845
0.077200000000000 0.999999999998726 0.399999999999488 -0.000000000000136 100.001238844889087 0.500006194167405
0.077300000000000 0.999999999998726 0.399999999999487 -0.000000000000133 100.001238844887808 0.500006194170742
0.077400000000000 0.999999999998726 0.399999999999486 -0.000000000000129 100.001238844888675 0.500006194173772
0.077500000000000 0.999999999998722 0.399999999999486 -0.000000000000124 100.001238844887979 0.500006194176517
0.077600000000000 0.999999999998721 0.399999999999485 -0.000000000000122 100.001238844889002 0.500006194178945
0.077700000000000 0.999999999998717 0.399999999999484 -0.000000000000119 100.001238844887567 0.500006194181138
0.077800000000000 0.999999999998717 0.399999999999483 -0.000000000000117 100.001238844887666 0.500006194183019
0.077900000000000 0.999999999998716 0.399999999999483 -0.000000000000115 100.001238844887439 0.500006194184684
0.078000000000000 0.999999999998714 0.399999999999482 -0.000000000000112 100.001238844886785 0.500006194186143
0.078100000000000 0.999999999998713 0.399999999999482 -0.000000000000110 100.001238844886544 0.500006194187292
0.078200000000000 0.999999999998711 0.399999999999481 -0.000000000000107 100.001238844886331 0.500006194188286
0.078300000000000 0.999999999998710 0.399999999999480 -0.000000000000102 100.001238844887396 0.500006194189048
0.078400000000000 0.999999999998707 0.399999999999479 -0.000000000000099 100.001238844886004 0.500006194189551
0.078500000000000 0.999999999998706 0.399999999999478 -0.000000000000097 100.001238844886899 0.500006194189803
0.078600000000000 0.999999999998703 0.399999999999478 -0.000000000000092 100.001238844885791 0.500006194189758
0.078700000000000 0.999999999998701 0.399999999999478 -0.000000000000088 100.001238844886529 0.500006194189518
0.078800000000000 0.999999999998701 0.399999999999477 -0.000000000000083 100.001238844886473 0.500006194189055
0.078900000000000 0.999999999998700 0.399999999999476 -0.000000000000080 100.001238844885165 0.500006194188318
0.079000000000000 0.999999999998699 0.399999999999475 -0.000000000000076 100.001238844886046 0.500006194187326
0.079100000000000 0.999999999998695 0.399999999999474 -0.000000000000072 100.001238844885876 0.500006194186085
0.079200000000000 0.999999999998693 0.399999999999474 -0.000000000000068 100.001238844884710 0.500006194184581
0.079300000000000 0.999999999998693 0.399999999999473 -0.000000000000063 100.001238844884639 0.500006194182928
0.079400000000000 0.999999999998691 0.399999999999473 -0.000000000000059 100.001238844885506 0.500006194181015
0.079500000000000 0.999999999998690 0.399999999999472 -0.000000000000055 100.001238844885478 0.500006194178904
0.079600000000000 0.999999999998689 0.399999999999471 -0.000000000000051 100.001238844885165 0.500006194176571
0.079700000000000 0.999999999998685 0.399999999999471 -0.000000000000046 100.001238844884512 0.500006194173925
0.079800000000000 0.999999999998686 0.399999999999469 -0.000000000000043 100.001238844884284 0.500006194170923
0.079900000000000 0.999999999998683 0.399999999999470 -0.000000000000039 100.001238844884199 0.500006194167481
0.080000000000000 0.999999999998680 0.399999999999468 -0.000000000000035 100.001238844883986 0.500006194163756
0.080100000000000 0.999999999998681 0.399999999999468 -0.000000000000030 100.001238844883829 0.500006194159642
0.080200000000000 0.999999999998678 0.399999999999468 -0.000000000000028 100.001238844883773 0.500006194155197
0.080300000000000 0.999999999998675 0.399999999999467 -0.000000000000023 100.001238844883517 0.500006194150520
0.080400000000000 0.999999999998676 0.399999999999466 -0.000000000000018 100.001238844883289 0.500006194145554
0.080500000000000 0.999999999998673 0.399999999999465 -0.000000000000016 100.001238844883176 0.500006194140227
0.080600000000000 0.999999999998670 0.399999999999465 -0.000000000000012 100.001238844882991 0.500006194134501
0.080700000000000 0.999999999998668 0.399999999999464 -0.000000000000008 100.001238844882948 0.500006194128415
0.080800000000000 0.999999999998668 0.399999999999464 -0.000000000000003 100.001238844882636 0.500006194121794
0.080900000000000 0.999999999998668 0.399999999999463 0.000000000000001 100.001238844882451 0.500006194114800
0.081000000000000 0.999999999998664 0.399999999999462 0.000000000000006 100.001238844882209 0.500006194107241
0.081100000000000 0.999999999998663 0.399999999999462 0.000000000000009 100.001238844882238 0.500006194099191
0.081200000000000 0.999999999998661 0.399999999999461 0.000000000000012 100.001238844881925 0.500006194090628
0.081300000000000 0.999999999998657 0.399999999999460 0.000000000000017 100.001238844881726 0.500006194081480
0.081400000000000 0.999999999998659 0.399999999999460 0.000000000000021 100.001238844881684 0.500006194071800
0.081500000000000 0.999999999998656 0.399999999999459 0.000000000000024 100.001238844881414 0.500006194061728
0.081600000000000 0.999999999998655 0.399999999999459 0.000000000000027 100.001238844881243 0.500006194051136
0.081700000000000 0.999999999998654 0.399999999999458 0.000000000000031 100.001238844881101 0.500006194039958
0.081800000000000 0.999999999998653 0.399999999999457 0.000000000000034 100.001238844881073 0.500006194028193
0.081900000000000 0.999999999998648 0.399999999999457 0.000000000000037 100.001238844880902 0.500006194015985
0.082000000000000 0.999999999998649 0.399999999999456 0.000000000000041 100.001238844880689 0.500006194003541
0.082100000000000 0.999999999998647 0.399999999999455 0.000000000000044 100.001238844880561 0.500006193990730
0.082200000000000 0.999999999998647 0.399999999999455 0.000000000000047 100.001238844880419 0.500006193977545
0.082300000000000 0.999999999998645 0.399999999999454 0.000000000000050 100.001238844880277 0.500006193963934
0.082400000000000 0.999999999998643 0.399999999999454 0.000000000000053 100.001238844879964 0.500006193949902
0.082500000000000 0.999999999998642 0.399999999999453 0.000000000000056 100.001238844879879 0.500006193935450
0.082600000000000 0.999999999998637 0.399999999999452 0.000000000000060 100.001238844879765 0.500006193920737
0.082700000000000 0.999999999998637 0.399999999999452 0.000000000000062 100.001238844879410 0.500006193905777
0.082800000000000 0.999999999998636 0.399999999999451 0.000000000000066 100.001238844879410 0.500006193890573
0.082900000000000 0.999999999998631 0.399999999999450 0.000000000000069 100.001238844879254 0.500006193875085
0.083000000000000 0.999999999998631 0.399999999999449 0.000000000000072 100.001238844878984 0.500006193859192
0.083100000000000 0.999999999998631 0.399999999999449 0.000000000000074 100.001238844878785 0.500006193843104
0.083200000000000 0.999999999998628 0.399999999999448 0.000000000000077 100.001238844878827 0.500006193826880
0.083300000000000 0.999999999998627 0.399999999999447 0.000000000000081 100.001238844878827 0.500006193810534
0.083400000000000 0.999999999998624 0.399999999999446 0.000000000000084 100.001238844878344 0.500006193794039
0.083500000000000 0.999999999998621 0.399999999999446 0.000000000000088 100.001238844878188 0.500006193777595
0.083600000000000 0.999999999998621 0.399999999999445 0.000000000000090 100.001238844878088 0.500006193761338
0.083700000000000 0.999999999998621 0.399999999999444 0.000000000000093 100.001238844877577 0.500006193745153
0.083800000000000 0.999999999998618 0.399999999999444 0.000000000000097 100.001238844877548 0.500006193728994
0.083900000000000 0.999999999998617 0.399999999999443 0.000000000000099 100.001238844877506 0.500006193712970
0.084000000000000 0.999999999998616 0.399999999999443 0.000000000000102 100.001238844877179 0.500006193697142
0.084100000000000 0.999999999998612 0.399999999999442 0.000000000000105 100.001238844877037 0.500006193681633
0.084200000000000 0.999999999998612 0.399999999999441 0.000000000000107 100.001238844876838 0.500006193666412
0.084300000000000 0.999999999998609 0.399999999999441 0.000000000000109 100.001238844876625 0.500006193651255
0.084400000000000 0.999999999998608 0.399999999999440 0.000000000000113 100.001238844876625 0.500006193636351
0.084500000000000 0.999999999998605 0.399999999999440 0.000000000000115 100.001238844876553 0.500006193621866
0.084600000000000 0.999999999998604 0.399999999999439 0.000000000000116 100.001238844876383 0.500006193607729
0.084700000000000 0.999999999998603 0.399999999999438 0.000000000000120 100.001238844875871 0.500006193594031
0.084800000000000 0.999999999998601 0.399999999999437 0.000000000000122 100.001238844876028 0.500006193580884
0.084900000000000 0.999999999998599 0.399999999999437 0.000000000000124 100.001238844875672 0.500006193568282
0.085000000000000 0.999999999998596 0.399999999999436 0.000000000000127 100.001238844875445 0.500006193556320
0.085100000000000 0.999999999998596 0.399999999999435 0.000000000000129 100.001238844875132 0.500006193545025
0.085200000000000 0.999999999998593 0.399999999999435 0.000000000000133 100.001238844875246 0.500006193534080
0.085300000000000 0.999999999998590 0.399999999999434 0.000000000000135 100.001238844874877 0.500006193523571
0.085400000000000 0.999999999998591 0.399999999999433 0.000000000000137 100.001238844874933 0.500006193513754
0.085500000000000 0.999999999998587 0.399999999999433 0.000000000000136 100.001238844874791 0.500006193504808
0.085600000000000 0.999999999998586 0.399999999999432 0.000000000000138 100.001238844874678 0.500006193496882
0.085700000000000 0.999999999998584 0.399999999999431 0.000000000000141 100.001238844874280 0.500006193490011
0.085800000000000 0.999999999998585 0.399999999999430 0.000000000000143 100.001238844874280 0.500006193484408
0.085900000000000 0.999999999998584 0.399999999999430 0.000000000000144 100.001238844874166 0.500006193479824
0.086000000000000 0.999999999998580 0.399999999999429 0.000000000000147 100.001238844873697 0.500006193476126
0.086100000000000 0.999999999998578 0.399999999999428 0.000000000000148 100.001238844873768 0.500006193473399
0.086200000000000 0.999999999998576 0.399999999999428 0.000000000000151 100.001238844873512 0.500006193471556
0.086300000000000 0.999999999998575 0.399999999999427 0.000000000000152 100.001238844873455 0.500006193470484
0.086400000000000 0.999999999998572 0.399999999999427 0.000000000000153 100.001238844873171 0.500006193470198
0.086500000000000 0.999999999998571 0.399999999999426 0.000000000000155 100.001238844872944 0.500006193470768
0.086600000000000 0.999999999998569 0.399999999999426 0.000000000000156 100.001238844872518 0.500006193472197
0.086700000000000 0.999999999998567 0.399999999999425 0.000000000000158 100.001238844872773 0.500006193474528
0.086800000000000 0.999999999998566 0.399999999999424 0.000000000000158 100.001238844872475 0.500006193477944
0.086900000000000 0.999999999998565 0.399999999999424 0.000000000000158 100.001238844872503 0.500006193482479
0.087000000000000 0.999999999998564 0.399999999999423 0.000000000000159 100.001238844872006 0.500006193487809
0.087100000000000 0.999999999998561 0.399999999999422 0.000000000000159 100.001238844871764 0.500006193493577
0.087200000000000 0.999999999998558 0.399999999999422 0.000000000000159 100.001238844871949 0.500006193500047
0.087300000000000 0.999999999998558 0.399999999999421 0.000000000000161 100.001238844871665 0.500006193507486
0.087400000000000 0.999999999998555 0.399999999999421 0.000000000000162 100.001238844871494 0.500006193515867
0.087500000000000 0.999999999998555 0.399999999999420 0.000000000000162 100.001238844871409 0.500006193524988
0.087600000000000 0.999999999998554 0.399999999999420 0.000000000000163 100.001238844871224 0.500006193534696
0.087700000000000 0.999999999998549 0.399999999999419 0.000000000000164 100.001238844870841 0.500006193544964
0.087800000000000 0.999999999998550 0.399999999999418 0.000000000000164 100.001238844871011 0.500006193555728
0.087900000000000 0.999999999998547 0.399999999999418 0.000000000000163 100.001238844870784 0.500006193566964
0.088000000000000 0.999999999998547 0.399999999999417 0.000000000000163 100.001238844870500 0.500006193578879
0.088100000000000 0.999999999998547 0.399999999999416 0.000000000000164 100.001238844870514 0.500006193591506
0.088200000000000 0.999999999998545 0.399999999999416 0.000000000000163 100.001238844870187 0.500006193604815
0.088300000000000 0.999999999998544 0.399999999999415 0.000000000000163 100.001238844870102 0.500006193618586
0.088400000000000 0.999999999998543 0.399999999999415 0.000000000000164 100.001238844869789 0.500006193632959
0.088500000000000 0.999999999998541 0.399999999999414 0.000000000000163 100.001238844869903 0.500006193647851
0.088600000000000 0.999999999998538 0.399999999999413 0.000000000000163 100.001238844870500 0.500006193663147
0.088700000000000 0.999999999998536 0.399999999999413 0.000000000000163 100.001238844869050 0.500006193678738
0.088800000000000 0.999999999998534 0.399999999999412 0.000000000000162 100.001238844868936 0.500006193694629
0.088900000000000 0.999999999998535 0.399999999999412 0.000000000000161 100.001238844869775 0.500006193710862
0.089000000000000 0.999999999998531 0.399999999999411 0.000000000000160 100.001238844868482 0.500006193727335
0.089100000000000 0.999999999998526 0.399999999999411 0.000000000000160 100.001238844868624 0.500006193743758
0.089200000000000 0.999999999998528 0.399999999999410 0.000000000000160 100.001238844868482 0.500006193760030
0.089300000000000 0.999999999998525 0.399999999999409 0.000000000000159 100.001238844868666 0.500006193776330
0.089400000000000 0.999999999998524 0.399999999999409 0.000000000000159 100.001238844867515 0.500006193792590
0.089500000000000 0.999999999998523 0.399999999999408 0.000000000000158 100.001238844868595 0.500006193808786
0.089600000000000 0.999999999998520 0.399999999999407 0.000000000000156 100.001238844868084 0.500006193824896
0.089700000000000 0.999999999998518 0.399999999999406 0.000000000000155 100.001238844868595 0.500006193840763
0.089800000000000 0.999999999998519 0.399999999999406 0.000000000000154 100.001238844867601 0.500006193856489
0.089900000000000 0.999999999998517 0.399999999999406 0.000000000000154 100.001238844866720 0.500006193872150
0.090000000000000 0.999999999998515 0.399999999999405 0.000000000000153 100.001238844867004 0.500006193887621
0.090100000000000 0.999999999998513 0.399999999999404 0.000000000000151 100.001238844867117 0.500006193902889
0.090200000000000 0.999999999998510 0.399999999999403 0.000000000000150 100.001238844866776 0.500006193918041
0.090300000000000 0.999999999998510 0.399999999999403 0.000000000000150 100.001238844866620 0.500006193933021
0.090400000000000 0.999999999998506 0.399999999999402 0.000000000000149 100.001238844866833 0.500006193947794
0.090500000000000 0.999999999998506 0.399999999999401 0.000000000000147 100.001238844866663 0.500006193962179
0.090600000000000 0.999999999998504 0.399999999999401 0.000000000000146 100.001238844866606 0.500006193976079
0.090700000000000 0.999999999998501 0.399999999999400 0.000000000000145 100.001238844867402 0.500006193989569
0.090800000000000 0.999999999998502 0.399999999999400 0.000000000000144 100.001238844865355 0.500006194002538
0.090900000000000 0.999999999998500 0.399999999999399 0.000000000000142 100.001238844865668 0.500006194015088
0.091000000000000 0.999999999998497 0.399999999999398 0.000000000000139 100.001238844865142 0.500006194027204
0.091100000000000 0.999999999998498 0.399999999999397 0.000000000000137 100.001238844864787 0.500006194039011
0.091200000000000 0.999999999998494 0.399999999999397 0.000000000000133 100.001238844865071 0.500006194050344
0.091300000000000 0.999999999998492 0.399999999999396 0.000000000000131 100.001238844864844 0.500006194061246
0.091400000000000 0.999999999998490 0.399999999999395 0.000000000000131 100.001238844864929 0.500006194071583
0.091500000000000 0.999999999998489 0.399999999999395 0.000000000000129 100.001238844864559 0.500006194081336
0.091600000000000 0.999999999998485 0.399999999999394 0.000000000000127 100.001238844864474 0.500006194090587
0.091700000000000 0.999999999998484 0.399999999999393 0.000000000000125 100.001238844864446 0.500006194099347
0.091800000000000 0.999999999998482 0.399999999999393 0.000000000000124 100.001238844863565 0.500006194107508
0.091900000000000 0.999999999998482 0.399999999999392 0.000000000000122 100.001238844864559 0.500006194115108
0.092000000000000 0.999999999998480 0.399999999999392 0.000000000000120 100.001238844863408 0.500006194122305
0.092100000000000 0.999999999998479 0.399999999999391 0.000000000000119 100.001238844863906 0.500006194129163
0.092200000000000 0.999999999998478 0.399999999999390 0.000000000000117 100.001238844863536 0.500006194135706
0.092300000000000 0.999999999998477 0.399999999999390 0.000000000000114 100.001238844863451 0.500006194141868
0.092400000000000 0.999999999998474 0.399999999999389 0.000000000000111 100.001238844863138 0.500006194147541
0.092500000000000 0.999999999998472 0.399999999999389 0.000000000000108 100.001238844863110 0.500006194152681
0.092600000000000 0.999999999998470 0.399999999999388 0.000000000000104 100.001238844862939 0.500006194157424
0.092700000000000 0.999999999998469 0.399999999999388 0.000000000000102 100.001238844862726 0.500006194161793
0.092800000000000 0.999999999998467 0.399999999999387 0.000000000000099 100.001238844862613 0.500006194165809
0.092900000000000 0.999999999998466 0.399999999999386 0.000000000000095 100.001238844862399 0.500006194169459
0.093000000000000 0.999999999998464 0.399999999999386 0.000000000000091 100.001238844862129 0.500006194172732
0.093100000000000 0.999999999998461 0.399999999999385 0.000000000000088 100.001238844862158 0.500006194175678
0.093200000000000 0.999999999998461 0.399999999999385 0.000000000000084 100.001238844862570 0.500006194178220
0.093300000000000 0.999999999998460 0.399999999999383 0.000000000000079 100.001238844861234 0.500006194180539
0.093400000000000 0.999999999998458 0.399999999999383 0.000000000000077 100.001238844860893 0.500006194182596
0.093500000000000 0.999999999998456 0.399999999999382 0.000000000000075 100.001238844860765 0.500006194184443
0.093600000000000 0.999999999998457 0.399999999999382 0.000000000000072 100.001238844861618 0.500006194186045
0.093700000000000 0.999999999998453 0.399999999999381 0.000000000000068 100.001238844860353 0.500006194187463
0.093800000000000 0.999999999998450 0.399999999999380 0.000000000000065 100.001238844861149 0.500006194188677
0.093900000000000 0.999999999998449 0.399999999999379 0.000000000000061 100.001238844859529 0.500006194189671
0.094000000000000 0.999999999998448 0.399999999999379 0.000000000000057 100.001238844861518 0.500006194190418
0.094100000000000 0.999999999998447 0.399999999999378 0.000000000000054 100.001238844859657 0.500006194190913
0.094200000000000 0.999999999998444 0.399999999999378 0.000000000000051 100.001238844859245 0.500006194191198
0.094300000000000 0.999999999998445 0.399999999999377 0.000000000000048 100.001238844860353 0.500006194191319
0.094400000000000 0.999999999998441 0.399999999999377 0.000000000000045 100.001238844860950 0.500006194191179
0.094500000000000 0.999999999998440 0.399999999999376 0.000000000000041 100.001238844860978 0.500006194190824
0.094600000000000 0.999999999998437 0.399999999999375 0.000000000000038 100.001238844860893 0.500006194190213
0.094700000000000 0.999999999998438 0.399999999999374 0.000000000000033 100.001238844860467 0.500006194189387
0.094800000000000 0.999999999998434 0.399999999999374 0.000000000000028 100.001238844859998 0.500006194188351
0.094900000000000 0.999999999998434 0.399999999999373 0.000000000000024 100.001238844859728 0.500006194187042
0.095000000000000 0.999999999998430 0.399999999999373 0.000000000000020 100.001238844859387 0.500006194185478
0.095100000000000 0.999999999998429 0.399999999999372 0.000000000000018 100.001238844858449 0.500006194183679
0.095200000000000 0.999999999998428 0.399999999999371 0.000000000000014 100.001238844859145 0.500006194181640
0.095300000000000 0.999999999998427 0.399999999999371 0.000000000000010 100.001238844857880 0.500006194179281
0.095400000000000 0.999999999998428 0.399999999999371 0.000000000000006 100.001238844858364 0.500006194176553
0.095500000000000 0.999999999998424 0.399999999999369 0.000000000000001 100.001238844858094 0.500006194173547
0.095600000000000 0.999999999998423 0.399999999999369 -0.000000000000002 100.001238844858037 0.500006194170152
0.095700000000000 0.999999999998420 0.399999999999368 -0.000000000000005 100.001238844857880 0.500006194166515
0.095800000000000 0.999999999998420 0.399999999999368 -0.000000000000009 100.001238844857625 0.500006194162458
0.095900000000000 0.999999999998415 0.399999999999367 -0.000000000000013 100.001238844857411 0.500006194158063
0.096000000000000 0.999999999998413 0.399999999999366 -0.000000000000019 100.001238844857255 0.500006194153237
0.096100000000000 0.999999999998414 0.399999999999365 -0.000000000000022 100.001238844857141 0.500006194148011
0.096200000000000 0.999999999998411 0.399999999999365 -0.000000000000027 100.001238844856900 0.500006194142306
0.096300000000000 0.999999999998408 0.399999999999364 -0.000000000000031 100.001238844856829 0.500006194136217
0.096400000000000 0.999999999998408 0.399999999999364 -0.000000000000036 100.001238844856545 0.500006194129792
0.096500000000000 0.999999999998404 0.399999999999363 -0.000000000000040 100.001238844856402 0.500006194123071
0.096600000000000 0.999999999998405 0.399999999999362 -0.000000000000045 100.001238844856232 0.500006194115978
0.096700000000000 0.999999999998403 0.399999999999362 -0.000000000000049 100.001238844856218 0.500006194108548
0.096800000000000 0.999999999998401 0.399999999999361 -0.000000000000052 100.001238844856061 0.500006194100669
0.096900000000000 0.999999999998399 0.399999999999360 -0.000000000000056 100.001238844855862 0.500006194092407
0.097000000000000 0.999999999998399 0.399999999999360 -0.000000000000061 100.001238844855607 0.500006194083708
0.097100000000000 0.999999999998396 0.399999999999359 -0.000000000000065 100.001238844855408 0.500006194074456
0.097200000000000 0.999999999998395 0.399999999999359 -0.000000000000069 100.001238844855266 0.500006194064638
0.097300000000000 0.999999999998391 0.399999999999358 -0.000000000000075 100.001238844855123 0.500006194054204
0.097400000000000 0.999999999998391 0.399999999999357 -0.000000000000078 100.001238844854939 0.500006194043329
0.097500000000000 0.999999999998390 0.399999999999356 -0.000000000000084 100.001238844854655 0.500006194032102
0.097600000000000 0.999999999998388 0.399999999999355 -0.000000000000089 100.001238844854555 0.500006194020532
0.097700000000000 0.999999999998386 0.399999999999355 -0.000000000000094 100.001238844854498 0.500006194008489
0.097800000000000 0.999999999998383 0.399999999999354 -0.000000000000097 100.001238844854257 0.500006193995872
0.097900000000000 0.999999999998385 0.399999999999353 -0.000000000000102 100.001238844854186 0.500006193982640
0.098000000000000 0.999999999998382 0.399999999999353 -0.000000000000106 100.001238844854015 0.500006193968896
0.098100000000000 0.999999999998380 0.399999999999352 -0.000000000000110 100.001238844853816 0.500006193954777
0.098200000000000 0.999999999998379 0.399999999999352 -0.000000000000114 100.001238844853503 0.500006193940248
0.098300000000000 0.999999999998375 0.399999999999351 -0.000000000000118 100.001238844853418 0.500006193925390
0.098400000000000 0.999999999998374 0.399999999999350 -0.000000000000121 100.001238844853319 0.500006193910252
0.098500000000000 0.999999999998373 0.399999999999350 -0.000000000000125 100.001238844853091 0.500006193894863
0.098600000000000 0.999999999998374 0.399999999999349 -0.000000000000128 100.001238844853134 0.500006193879257
0.098700000000000 0.999999999998371 0.399999999999348 -0.000000000000133 100.001238844852878 0.500006193863427
0.098800000000000 0.999999999998369 0.399999999999347 -0.000000000000138 100.001238844852736 0.500006193847551
0.098900000000000 0.999999999998365 0.399999999999347 -0.000000000000141 100.001238844852438 0.500006193831641
0.099000000000000 0.999999999998365 0.399999999999346 -0.000000000000145 100.001238844852395 0.500006193815557
0.099100000000000 0.999999999998364 0.399999999999345 -0.000000000000149 100.001238844852182 0.500006193799381
0.099200000000000 0.999999999998361 0.399999999999344 -0.000000000000153 100.001238844852054 0.500006193783302
0.099300000000000 0.999999999998358 0.399999999999344 -0.000000000000157 100.001238844851770 0.500006193766950
0.099400000000000 0.999999999998357 0.399999999999343 -0.000000000000158 100.001238844851756 0.500006193750198
0.099500000000000 0.999999999998356 0.399999999999343 -0.000000000000162 100.001238844851315 0.500006193733447
0.099600000000000 0.999999999998354 0.399999999999342 -0.000000000000164 100.001238844851542 0.500006193716925
0.099700000000000 0.999999999998354 0.399999999999342 -0.000000000000168 100.001238844851059 0.500006193700444
0.099800000000000 0.999999999998353 0.399999999999341 -0.000000000000172 100.001238844850974 0.500006193684101
0.099900000000000 0.999999999998351 0.399999999999341 -0.000000000000175 100.001238844850974 0.500006193668046
0.100000000000000 0.999999999998350 0.399999999999340 -0.000000000000179 100.001238844850889 0.500006193652390
0.100100000000000 0.999999999998347 0.400002499329959 0.024995206561723 100.001238844850491 0.500006193686481
0.100200000000000 0.999999999998349 0.400009996323351 0.049980414004286 100.001238844850761 0.500006193822628
0.100300000000000 0.999999999998345 0.400022487981563 0.074945641805058 100.001238844850221 0.500006194055214
0.100400000000000 0.999999999998343 0.400039969309548 0.099880891044611 100.001238844850178 0.500006194394578
0.100500000000000 0.999999999998340 0.400062433315657 0.124776199034237 100.001238844849922 0.500006194834127
0.100600000000000 0.999999999998341 0.400089871016132 0.149621603388124 100.001238844849752 0.500006195382546
0.100700000000000 0.999999999998339 0.400122271437812 0.174407171449222 100.001238844849553 0.500006196037405
0.100800000000000 0.999999999998336 0.400159621625052 0.199123012440776 100.001238844849468 0.500006196760303
0.100900000000000 0.999999999998334 0.400201906641207 0.223759199382571 100.001238844849439 0.500006197633742
0.101000000000000 0.999999999998332 0.400249109576026 0.248305926542655 100.001238844849169 0.500006198560279
0.101100000000000 0.999999999998328 0.400301211553710 0.272753339376873 100.001238844849041 0.500006199629214
0.101200000000000 0.999999999998330 0.400358191736730 0.297091676514442 100.001238844848643 0.500006200805152
0.101300000000000 0.999999999998326 0.400420027339445 0.321311216337221 100.001238844849041 0.500006202053551
0.101400000000000 0.999999999998324 0.400486693632588 0.345402240187284 100.001238844848615 0.500006203480542
0.101500000000000 0.999999999998328 0.400558163954848 0.369355148282260 100.001238844848444 0.500006204974435
0.101600000000000 0.999999999998324 0.400634409728393 0.393160373059584 100.001238844848189 0.500006206486957
0.101700000000000 0.999999999998321 0.400715400463088 0.416808355360644 100.001238844848473 0.500006208167329
0.101800000000000 0.999999999998319 0.400801103769235 0.440289658637689 100.001238844847947 0.500006209936603
0.101900000000000 0.999999999998320 0.400891485372664 0.463594871826917 100.001238844847762 0.500006211887524
0.102000000000000 0.999999999998316 0.400986509125956 0.486714673663406 100.001238844847677 0.500006214035054
0.102100000000000 0.999999999998315 0.401086137032117 0.509639891532468 100.001238844847421 0.500006216023544
0.102200000000000 0.999999999998313 0.401190329251366 0.532361262668774 100.001238844847450 0.500006218323239
0.102300000000000 0.999999999998312 0.401299044112020 0.554869732724905 100.001238844847109 0.500006220778714
0.102400000000000 0.999999999998311 0.401412238135583 0.577156285122431 100.001238844846995 0.500006223480900
0.102500000000000 0.999999999998309 0.401529866049928 0.599211996117628 100.001238844846739 0.500006226507216
0.102600000000000 0.999999999998306 0.401651880823165 0.621028201003489 100.001238844846640 0.500006228923840
0.102700000000000 0.999999999998306 0.401778233672176 0.642596045341592 100.001238844846711 0.500006231500571
0.102800000000000 0.999999999998304 0.401908874070308 0.663906940521621 100.001238844846142 0.500006234004692
0.102900000000000 0.999999999998303 0.402043749771263 0.684952279121478 100.001238844846284 0.500006236999970
0.103000000000000 0.999999999998301 0.402182806824569 0.705723632370339 100.001238844846029 0.500006240598732
0.103100000000000 0.999999999998299 0.402325989616090 0.726212789806082 100.001238844845915 0.500006244142277
0.103200000000000 0.999999999998298 0.402473240885061 0.746411486896809 100.001238844845716 0.500006248142573
0.103300000000000 0.999999999998297 0.402624501750192 0.766311792920441 100.001238844845787 0.500006251506946
0.103400000000000 0.999999999998294 0.402779711721872 0.785905543479977 100.001238844845474 0.500006255796422
0.103500000000000 0.999999999998294 0.402938808730449 0.805185107652900 100.001238844845403 0.500006259423398
0.103600000000000 0.999999999998292 0.403101729157997 0.824142632329132 100.001238844845233 0.500006263515916
0.103700000000000 0.999999999998291 0.403268407851841 0.842770617229723 100.001238844845034 0.500006267416551
0.103800000000000 0.999999999998289 0.403438778161295 0.861061587242328 100.001238844845005 0.500006271330482
0.103900000000000 0.999999999998286 0.403612771945668 0.879008110418780 100.001238844844650 0.500006276274763
0.104000000000000 0.999999999998284 0.403790319625237 0.896603233865869 100.001238844844522 0.500006280297974
0.104100000000000 0.999999999998283 0.403971350207107 0.913839773550498 100.001238844844366 0.500006284695774
0.104200000000000 0.999999999998281 0.404155791295920 0.930710887763110 100.001238844844536 0.500006289005689
0.104300000000000 0.999999999998279 0.404343569134068 0.947209795495989 100.001238844843527 0.500006293541489
0.104400000000000 0.999999999998277 0.404534608627609 0.963329913280097 100.001238844843911 0.500006298168610
0.104500000000000 0.999999999998275 0.404728833376675 0.979064764262865 100.001238844843115 0.500006303181152
0.104600000000000 0.999999999998273 0.404926165705297 0.994408063546290 100.001238844843584 0.500006308513448
0.104700000000000 0.999999999998274 0.405126526692340 1.009353642305596 100.001238844842959 0.500006314501827
0.104800000000000 0.999999999998275 0.405329836228378 1.023895789541144 100.001238844842845 0.500006318459195
0.104900000000000 0.999999999998270 0.405536013027681 1.038028448835717 100.001238844843044 0.500006322808493
0.105000000000000 0.999999999998267 0.405744974619275 1.051745821209363 100.001238844844053 0.500006329097063
0.105100000000000 0.999999999998266 0.405956637422835 1.065042615326336 100.001238844842959 0.500006335315530
0.105200000000000 0.999999999998263 0.406170916807488 1.077913616369470 100.001238844842590 0.500006340358514
0.105300000000000 0.999999999998266 0.406387727088680 1.090353498420588 100.001238844842419 0.500006346132783
0.105400000000000 0.999999999998261 0.406606981538218 1.102357148959944 100.001238844842419 0.500006354162638
0.105500000000000 0.999999999998262 0.406828592450363 1.113919908209871 100.001238844842177 0.500006362935697
0.105600000000000 0.999999999998261 0.407052471218767 1.125037431878231 100.001238844841851 0.500006369331120
0.105700000000000 0.999999999998258 0.407278528343157 1.135705122218235 100.001238844841367 0.500006375014086
0.105800000000000 0.999999999998256 0.407506673396366 1.145918293584500 100.001238844841623 0.500006384755989
0.105900000000000 0.999999999998256 0.407736815126599 1.155673402488649 100.001238844840714 0.500006392400811
0.106000000000000 0.999999999998254 0.407968861515538 1.164966326608859 100.001238844841396 0.500006400475783
0.106100000000000 0.999999999998250 0.408202719763634 1.173793366004096 100.001238844841737 0.500006408793185
0.106200000000000 0.999999999998248 0.408438296366866 1.182151181334575 100.001238844840429 0.500006415107042
0.106300000000000 0.999999999998246 0.408675497139577 1.190036292156967 100.001238844840884 0.500006421024482
0.106400000000000 0.999999999998246 0.408914227228095 1.197445499151875 100.001238844841183 0.500006427087372
0.106500000000000 0.999999999998244 0.409154391157989 1.204375792772779 100.001238844839932 0.500006433854410
0.106600000000000 0.999999999998242 0.409395892876225 1.210824395919726 100.001238844839804 0.500006441399235
0.106700000000000 0.999999999998241 0.409638635796036 1.216788750093838 100.001238844839662 0.500006449480401
0.106800000000000 0.999999999998239 0.409882522821496 1.222266320408272 100.001238844840060 0.500006459925754
0.106900000000000 0.999999999998237 0.410127456414167 1.227255216087329 100.001238844839861 0.500006469081081
0.107000000000000 0.999999999998234 0.410373338658535 1.231753559654395 100.001238844839676 0.500006475486160
0.107100000000000 0.999999999998235 0.410620071225500 1.235759085138243 100.001238844839463 0.500006484881304
0.107200000000000 0.999999999998232 0.410867555408537 1.239270285810883 100.001238844839236 0.500006496105351
0.107300000000000 0.999999999998231 0.411115692239443 1.242286056500949 100.001238844839165 0.500006505454176
0.107400000000000 0.999999999998229 0.411364382505345 1.244805054992373 100.001238844838980 0.500006514608933
0.107500000000000 0.999999999998227 0.411613526753816 1.246826226266464 100.001238844838213 0.500006524158891
0.107600000000000 0.999999999998225 0.411863025373602 1.248349045764574 100.001238844839278 0.500006530561749
0.107700000000000 0.999999999998224 0.412112778571716 1.249372206524460 100.001238844838468 0.500006542524934
0.107800000000000 0.999999999998223 0.412362686409850 1.249895554885719 100.001238844838369 0.500006556859678
0.107900000000000 0.999999999998221 0.412612648968083 1.249919443754221 100.001238844837459 0.500006566534526
0.108000000000000 0.999999999998216 0.412862566334108 1.249443597419544 100.001238844838397 0.500006574872012
0.108100000000000 0.999999999998217 0.413112338584481 1.248468179331950 100.001238844837829 0.500006582205012
0.108200000000000 0.999999999998217 0.413361865851706 1.246993585788486 100.001238844838099 0.500006588454732
0.108300000000000 0.999999999998214 0.413611048332218 1.245020053987559 100.001238844836848 0.500006598013563
0.108400000000000 0.999999999998212 0.413859786316726 1.242548282985622 100.001238844837673 0.500006611988459
0.108500000000000 0.999999999998209 0.414107980317525 1.239579800946431 100.001238844836479 0.500006623657501
0.108600000000000 0.999999999998208 0.414355531088601 1.236115501268162 100.001238844836308 0.500006636662817
0.108700000000000 0.999999999998207 0.414602339603777 1.232156675700496 100.001238844836692 0.500006652146876
0.108800000000000 0.999999999998204 0.414848307183110 1.227705502730897 100.001238844837204 0.500006662764187
0.108900000000000 0.999999999998202 0.415093335486462 1.222763203462958 100.001238844835797 0.500006675394108
0.109000000000000 0.999999999998201 0.415337326532494 1.217332145466193 100.001238844836848 0.500006685242504
0.109100000000000 0.999999999998200 0.415580182780710 1.211414368407646 100.001238844836038 0.500006693935476
0.109200000000000 0.999999999998199 0.415821807093745 1.205011855336051 100.001238844836024 0.500006706113605
0.109300000000000 0.999999999998198 0.416062102826662 1.198127561409691 100.001238844835598 0.500006716990520
0.109400000000000 0.999999999998195 0.416300973880524 1.190763984581980 100.001238844835427 0.500006729622943
0.109500000000000 0.999999999998194 0.416538324727300 1.182924339780724 100.001238844835513 0.500006740775843
0.109600000000000 0.999999999998189 0.416774060449976 1.174611520637747 100.001238844835370 0.500006753309387
0.109700000000000 0.999999999998189 0.417008086768723 1.165829004699280 100.001238844835186 0.500006765404394
0.109800000000000 0.999999999998187 0.417240310091639 1.156580196899038 100.001238844834916 0.500006778306076
0.109900000000000 0.999999999998185 0.417470637536584 1.146868787970613 100.001238844834276 0.500006792085341
0.110000000000000 0.999999999998183 0.417698976972579 1.136698599141631 100.001238844835086 0.500006807431840
0.110100000000000 0.999999999998181 0.417925237098414 1.126074108440372 100.001238844833239 0.500006819659399
0.110200000000000 0.999999999998181 0.418149327459440 1.114999306977410 100.001238844834063 0.500006831706083
0.110300000000000 0.999999999998178 0.418371158448742 1.103478679442921 100.001238844832812 0.500006842948372
0.110400000000000 0.999999999998179 0.418590641346448 1.091516615153423 100.001238844834802 0.500006855786407
0.110500000000000 0.999999999998174 0.418807688355536 1.079117942677772 100.001238844832471 0.500006869689245
0.110600000000000 0.999999999998174 0.419022212725077 1.066288312577829 100.001238844832812 0.500006877197032
0.110700000000000 0.999999999998172 0.419234128666314 1.053031679244212 100.001238844833850 0.500006890919713
0.110800000000000 0.999999999998170 0.419443351368252 1.039353872962774 100.001238844832599 0.500006905159201
0.110900000000000 0.999999999998169 0.419649797137248 1.025260245105718 100.001238844832301 0.500006921113942
0.111000000000000 0.999999999998168 0.419853383438536 1.010757029423184 100.001238844833466 0.500006932640413
0.111100000000000 0.999999999998164 0.420054028914461 0.995849772648399 100.001238844831676 0.500006942394252
0.111200000000000 0.999999999998162 0.420251653290845 0.980543743664344 100.001238844832784 0.500006957262339
0.111300000000000 0.999999999998161 0.420446177495130 0.964845699763965 100.001238844832898 0.500006970884454
0.111400000000000 0.999999999998160 0.420637523758176 0.948761923887273 100.001238844832727 0.500006983237499
0.111500000000000 0.999999999998160 0.420825615566501 0.932298687623775 100.001238844832670 0.500006995859478
0.111600000000000 0.999999999998158 0.421010377680612 0.915462457365736 100.001238844832159 0.500007009811530
0.111700000000000 0.999999999998156 0.421191736208614 0.898260245518158 100.001238844830809 0.500007022495545
0.111800000000000 0.999999999998153 0.421369618664059 0.880699100421529 100.001238844831875 0.500007032440290
0.111900000000000 0.999999999998153 0.421543953922241 0.862785588944049 100.001238844831647 0.500007043714372
0.112000000000000 0.999999999998149 0.421714672224642 0.844526801686644 100.001238844831477 0.500007056873282
0.112100000000000 0.999999999998147 0.421881705274254 0.825930268599609 100.001238844831249 0.500007069914123
0.112200000000000 0.999999999998146 0.422044986267399 0.807003392619639 100.001238844829828 0.500007083100087
0.112300000000000 0.999999999998143 0.422204449908129 0.787753851068123 100.001238844830951 0.500007095540613
0.112400000000000 0.999999999998142 0.422360032443564 0.768189397368425 100.001238844830141 0.500007106819633
0.112500000000000 0.999999999998138 0.422511671688781 0.748317962230830 100.001238844829970 0.500007116165627
0.112600000000000 0.999999999998138 0.422659306975378 0.728146773455877 100.001238844829828 0.500007128967042
0.112700000000000 0.999999999998136 0.422802879222169 0.707684480242664 100.001238844829714 0.500007140832021
0.112800000000000 0.999999999998134 0.422942331061786 0.686939583884743 100.001238844829373 0.500007149569698
0.112900000000000 0.999999999998134 0.423077606783292 0.665920139264039 100.001238844829174 0.500007156972973
0.113000000000000 0.999999999998132 0.423208652291319 0.644634249762496 100.001238844829089 0.500007165086681
0.113100000000000 0.999999999998128 0.423335415122606 0.623090126670391 100.001238844829047 0.500007175752953
0.113200000000000 0.999999999998130 0.423457844532481 0.601296751032797 100.001238844828947 0.500007186537610
0.113300000000000 0.999999999998125 0.423575891526479 0.579262642609628 100.001238844828791 0.500007198554636
0.113400000000000 0.999999999998126 0.423689508874602 0.556996926503076 100.001238844828436 0.500007209895430
0.113500000000000 0.999999999998125 0.423798651188110 0.534508905129276 100.001238844828251 0.500007218400017
0.113600000000000 0.999999999998125 0.423903274853230 0.511807025390459 100.001238844828123 0.500007227119691
0.113700000000000 0.999999999998120 0.424003337995485 0.488900220358948 100.001238844827952 0.500007236728166
0.113800000000000 0.999999999998120 0.424098800594875 0.465798109459800 100.001238844827810 0.500007244914109
0.113900000000000 0.999999999998116 0.424189624483314 0.442509597452319 100.001238844827597 0.500007253285105
0.114000000000000 0.999999999998118 0.424275773303354 0.419043882435903 100.001238844827469 0.500007262272748
0.114100000000000 0.999999999998115 0.424357212576491 0.395410558012372 100.001238844827242 0.500007270904783
0.114200000000000 0.999999999998112 0.424433909742487 0.371619216737147 100.001238844827185 0.500007278618937
0.114300000000000 0.999999999998111 0.424505834154718 0.347679402751811 100.001238844826929 0.500007285355457
0.114400000000000 0.999999999998108 0.424572957085617 0.323600764893120 100.001238844826773 0.500007290925365
0.114500000000000 0.999999999998107 0.424635251733725 0.299392915653234 100.001238844826574 0.500007295480728
0.114600000000000 0.999999999998104 0.424692693220737 0.275065479396345 100.001238844826446 0.500007299277523
0.114700000000000 0.999999999998104 0.424745258546359 0.250627608266159 100.001238844826133 0.500007303897154
0.114800000000000 0.999999999998102 0.424792926674287 0.226089789611022 100.001238844825878 0.500007307420534
0.114900000000000 0.999999999998100 0.424835678573454 0.201461598941736 100.001238844825878 0.500007310490899
0.115000000000000 0.999999999998100 0.424873497110691 0.176752429621637 100.001238844825849 0.500007313987608
0.115100000000000 0.999999999998097 0.424906367154213 0.151972912502143 100.001238844825565 0.500007316472635
0.115200000000000 0.999999999998095 0.424934275574535 0.127132440697230 100.001238844825366 0.500007318832263
0.115300000000000 0.999999999998095 0.424957211158140 0.102240772917457 100.001238844825281 0.500007321175043
0.115400000000000 0.999999999998094 0.424975164718551 0.077308432900988 100.001238844825252 0.500007322812116
0.115500000000000 0.999999999998092 0.424988129096459 0.052345168745742 100.001238844825025 0.500007323993972
0.115600000000000 0.999999999998089 0.424996099115982 0.027361063654906 100.001238844824840 0.500007324675805
0.115700000000000 0.999999999998088 0.424999071587257 0.002365901278967 100.001238844824627 0.500007324934345
0.115800000000000 0.999999999998087 0.424997045313431 -0.022630179700256 100.001238844824556 0.500007324725521
0.115900000000000 0.999999999998085 0.424990021141996 -0.047616860333995 100.001238844824258 0.500007324177757
0.116000000000000 0.999999999998081 0.424978001904527 -0.072584623655398 100.001238844823973 0.500007323180953
0.116100000000000 0.999999999998079 0.424960992406357 -0.097523245785144 100.001238844823803 0.500007321877135
0.116200000000000 0.999999999998077 0.424938999399674 -0.122423484693252 100.001238844823689 0.500007319519234
0.116300000000000 0.999999999998075 0.424912031615006 -0.147274804358477 100.001238844823376 0.500007316579717
0.116400000000000 0.999999999998078 0.424880099877253 -0.172066779787393 100.001238844823263 0.500007313819800
0.116500000000000 0.999999999998072 0.424843217020368 -0.196789743029562 100.001238844823149 0.500007311010367
0.116600000000000 0.999999999998071 0.424801397743146 -0.221434723704034 100.001238844822709 0.500007306335606
0.116700000000000 0.999999999998069 0.424754658731184 -0.245990825399254 100.001238844822581 0.500007301877297
0.116800000000000 0.999999999998066 0.424703018735201 -0.270448265223240 100.001238844822552 0.500007297705273
0.116900000000000 0.999999999998065 0.424646498382525 -0.294798091622018 100.001238844822240 0.500007291618334
0.117000000000000 0.999999999998065 0.424585120260854 -0.319029639474297 100.001238844822410 0.500007286203279
0.117100000000000 0.999999999998061 0.424518908929936 -0.343133847186071 100.001238844822268 0.500007279570063
0.117200000000000 0.999999999998061 0.424447890894525 -0.367100331495938 100.001238844821899 0.500007274247672
0.117300000000000 0.999999999998059 0.424372094611707 -0.390919940135708 100.001238844821685 0.500007268844282
0.117400000000000 0.999999999998060 0.424291550360992 -0.414583608277132 100.001238844821714 0.500007261540705
0.117500000000000 0.999999999998057 0.424206290275402 -0.438081866200285 100.001238844821330 0.500007252183257
0.117600000000000 0.999999999998056 0.424116348471918 -0.461404341434796 100.001238844821231 0.500007244983828
0.117700000000000 0.999999999998052 0.424021760976757 -0.484542300166860 100.001238844821060 0.500007237419932
0.117800000000000 0.999999999998051 0.423922565586803 -0.507486784663626 100.001238844820932 0.500007228030219
0.117900000000000 0.999999999998051 0.423818801977818 -0.530227947074595 100.001238844820719 0.500007220173243
0.118000000000000 0.999999999998049 0.423710511640386 -0.552757491707189 100.001238844820605 0.500007209700506
0.118100000000000 0.999999999998046 0.423597737834550 -0.575066030538301 100.001238844820364 0.500007198559702
0.118200000000000 0.999999999998044 0.423480525706380 -0.597144078131719 100.001238844819994 0.500007190044577
0.118300000000000 0.999999999998041 0.423358922201704 -0.618983119379942 100.001238844819795 0.500007182481525
0.118400000000000 0.999999999998040 0.423232975963463 -0.640574703552459 100.001238844819866 0.500007174184200
0.118500000000000 0.999999999998038 0.423102737329848 -0.661910322382004 100.001238844819554 0.500007164301875
0.118600000000000 0.999999999998036 0.422968258319966 -0.682981682459808 100.001238844819284 0.500007151146791
0.118700000000000 0.999999999998035 0.422829592703532 -0.703779565945570 100.001238844819198 0.500007140026573
0.118800000000000 0.999999999998032 0.422686795953336 -0.724296146903404 100.001238844819085 0.500007127586453
0.118900000000000 0.999999999998032 0.422539925152298 -0.744523164032452 100.001238844818957 0.500007114190413
0.119000000000000 0.999999999998030 0.422389039072797 -0.764451974322975 100.001238844818729 0.500007103992924
0.119100000000000 0.999999999998029 0.422234198092487 -0.784075167081209 100.001238844818857 0.500007092859891
0.119200000000000 0.999999999998026 0.422075464135873 -0.803384687418463 100.001238844818303 0.500007082409362
0.119300000000000 0.999999999998025 0.421912900695740 -0.822372900752961 100.001238844818275 0.500007071983070
0.119400000000000 0.999999999998021 0.421746572780363 -0.841032291650544 100.001238844818133 0.500007060949426
0.119500000000000 0.999999999998021 0.421576546886930 -0.859355478541874 100.001238844817792 0.500007048613629
0.119600000000000 0.999999999998020 0.421402890965092 -0.877335327553708 100.001238844817806 0.500007033253278
0.119700000000000 0.999999999998018 0.421225674484029 -0.894963775497873 100.001238844817522 0.500007022496789
0.119800000000000 0.999999999998017 0.421044968357717 -0.912234422276894 100.001238844817365 0.500007010676079
0.119900000000000 0.999999999998014 0.420860844842336 -0.929140256297578 100.001238844817266 0.500006998730221
0.120000000000000 0.999999999998011 0.420673377584006 -0.945674383256452 100.001238844816982 0.500006987920999
0.120100000000000 0.999999999998010 0.420482641543780 -0.961830552729767 100.001238844816811 0.500006974851526
0.120200000000000 0.999999999998009 0.420288712983706 -0.977601999947169 100.001238844816683 0.500006962404167
0.120300000000000 0.999999999998008 0.420091669435095 -0.992982800480209 100.001238844816413 0.500006946841211
0.120400000000000 0.999999999998006 0.419891589693882 -1.007966230350167 100.001238844816825 0.500006933812921
0.120500000000000 0.999999999998003 0.419688553790412 -1.022546659273141 100.001238844815603 0.500006919737013
0.120600000000000 0.999999999998001 0.419482642887137 -1.036718411628354 100.001238844816442 0.500006902996779
0.120700000000000 0.999999999998000 0.419273939335398 -1.050475264547923 100.001238844815873 0.500006889329690
0.120800000000000 0.999999999997999 0.419062526631213 -1.063811987625983 100.001238844815674 0.500006875964283
0.120900000000000 0.999999999997997 0.418848489329224 -1.076723232354606 100.001238844815560 0.500006863080174
0.121000000000000 0.999999999997997 0.418631913038740 -1.089203796460468 100.001238844814765 0.500006851121448
0.121100000000000 0.999999999997994 0.418412884377311 -1.101248800142286 100.001238844815077 0.500006838900034
0.121200000000000 0.999999999997994 0.418191490941981 -1.112853328045920 100.001238844814367 0.500006827509287
0.121300000000000 0.999999999997991 0.417967821292550 -1.124012666671606 100.001238844815433 0.500006817788845
0.121400000000000 0.999999999997989 0.417741964921676 -1.134722197333330 100.001238844815191 0.500006811541401
0.121500000000000 0.999999999997988 0.417514012143509 -1.144978323742006 100.001238844815134 0.500006801011954
0.121600000000000 0.999999999997984 0.417284054048684 -1.154776885395980 100.001238844813841 0.500006786807526
0.121700000000000 0.999999999997985 0.417052182573278 -1.164113581409647 100.001238844814736 0.500006773307208
0.121800000000000 0.999999999997981 0.416818490467868 -1.172984565055289 100.001238844814509 0.500006761850364
0.121900000000000 0.999999999997979 0.416583071185846 -1.181386653047242 100.001238844813230 0.500006748186562
0.122000000000000 0.999999999997980 0.416346018847503 -1.189316369029811 100.001238844813628 0.500006733670129
0.122100000000000 0.999999999997976 0.416107428270741 -1.196770205683046 100.001238844813571 0.500006722308478
0.122200000000000 0.999999999997975 0.415867394884368 -1.203745557555540 100.001238844813429 0.500006709641763
0.122300000000000 0.999999999997973 0.415626014668227 -1.210239523539131 100.001238844813258 0.500006697008482
0.122400000000000 0.999999999997971 0.415383384132615 -1.216249701367282 100.001238844812931 0.500006682052839
0.122500000000000 0.999999999997970 0.415139600302400 -1.221773346809944 100.001238844812747 0.500006668912792
0.122600000000000 0.999999999997969 0.414894760711371 -1.226808108903021 100.001238844812661 0.500006659350244
0.122700000000000 0.999999999997968 0.414648963310214 -1.231352168585910 100.001238844812548 0.500006651010495
0.122800000000000 0.999999999997967 0.414402306365601 -1.235404190763567 100.001238844812335 0.500006637959756
0.122900000000000 0.999999999997963 0.414154888467428 -1.238962283377931 100.001238844812221 0.500006623533355
0.123000000000000 0.999999999997964 0.413906808572973 -1.242024657170083 100.001238844811994 0.500006612274892
0.123100000000000 0.999999999997960 0.413658165943095 -1.244590059498564 100.001238844811951 0.500006604553023
0.123200000000000 0.999999999997960 0.413409060014455 -1.246657986251747 100.001238844811652 0.500006593885555
0.123300000000000 0.999999999997957 0.413159590388644 -1.248227307342582 100.001238844811567 0.500006584048370
0.123400000000000 0.999999999997957 0.412909856832445 -1.249297491642315 100.001238844811326 0.500006573843266
0.123500000000000 0.999999999997955 0.412659959186897 -1.249868330708128 100.001238844811269 0.500006560530278
0.123600000000000 0.999999999997953 0.412409997388315 -1.249939076365279 100.001238844810985 0.500006550610781
0.123700000000000 0.999999999997952 0.412160071449645 -1.249509705147706 100.001238844810814 0.500006544028952
0.123800000000000 0.999999999997951 0.411910281346488 -1.248580614603895 100.001238844810743 0.500006537964126
0.123900000000000 0.999999999997949 0.411660726956265 -1.247152394888609 100.001238844810587 0.500006529689541
0.124000000000000 0.999999999997948 0.411411508062668 -1.245225393785532 100.001238844810359 0.500006521997455
0.124100000000000 0.999999999997945 0.411162724316536 -1.242800588383695 100.001238844810302 0.500006512320226
0.124200000000000 0.999999999997942 0.410914475195336 -1.239878738684748 100.001238844810075 0.500006503272533
0.124300000000000 0.999999999997942 0.410666859953302 -1.236461315416457 100.001238844809777 0.500006491112060
0.124400000000000 0.999999999997940 0.410419977602448 -1.232549273015478 100.001238844809762 0.500006480949882
0.124500000000000 0.999999999997938 0.410173926891252 -1.228144286841113 100.001238844809620 0.500006471412832
0.124600000000000 0.999999999997937 0.409928806238894 -1.223247983933393 100.001238844809407 0.500006464149442
0.124700000000000 0.999999999997936 0.409684713694343 -1.217862426847361 100.001238844809336 0.500006457868705
0.124800000000000 0.999999999997933 0.409441746854909 -1.211990076150743 100.001238844809023 0.500006448835866
0.124900000000000 0.999999999997933 0.409200002881778 -1.205632838220153 100.001238844808938 0.500006442424656
0.125000000000000 0.999999999997930 0.408959578431131 -1.198793852678682 100.001238844808825 0.500006431428278
0.125100000000000 0.999999999997930 0.408720569616750 -1.191475407445816 100.001238844808626 0.500006421246367
0.125200000000000 0.999999999997927 0.408483072045138 -1.183680278939728 100.001238844808398 0.500006413657911
0.125300000000000 0.999999999997926 0.408247180703716 -1.175411886618040 100.001238844808370 0.500006405067898
0.125400000000000 0.999999999997922 0.408012989912728 -1.166673486943268 100.001238844808057 0.500006396080927
0.125500000000000 0.999999999997922 0.407780593337689 -1.157468369106575 100.001238844807972 0.500006389093360
0.125600000000000 0.999999999997920 0.407550083932046 -1.147800360877995 100.001238844807631 0.500006382386753
0.125700000000000 0.999999999997917 0.407321553869961 -1.137673433015121 100.001238844807716 0.500006374765490
0.125800000000000 0.999999999997916 0.407095094539836 -1.127091473046851 100.001238844807375 0.500006368087121
0.125900000000000 0.999999999997914 0.406870796510192 -1.116058790096871 100.001238844807318 0.500006361469630
0.126000000000000 0.999999999997912 0.406648749473690 -1.104579835607610 100.001238844806977 0.500006354477400
0.126100000000000 0.999999999997913 0.406429042221184 -1.092659177407491 100.001238844806750 0.500006347370564
0.126200000000000 0.999999999997910 0.406211762627073 -1.080301411880207 100.001238844806636 0.500006342010735
0.126300000000000 0.999999999997907 0.405996997596129 -1.067511636815298 100.001238844806608 0.500006336687137
0.126400000000000 0.999999999997906 0.405784833000066 -1.054295093086668 100.001238844806380 0.500006330063235
0.126500000000000 0.999999999997904 0.405575353679289 -1.040656850973128 100.001238844806039 0.500006324428034
0.126600000000000 0.999999999997904 0.405368643409610 -1.026602483516864 100.001238844806068 0.500006318528877
0.126700000000000 0.999999999997901 0.405164784874312 -1.012137349538970 100.001238844805926 0.500006315043573
0.126800000000000 0.999999999997900 0.404963859616572 -0.997267481415349 100.001238844805783 0.500006311417084
0.126900000000000 0.999999999997896 0.404765947966927 -0.981998981731812 100.001238844805556 0.500006306111168
0.127000000000000 0.999999999997897 0.404571129058448 -0.966337726449368 100.001238844805385 0.500006301421509
0.127100000000000 0.999999999997894 0.404379480796174 -0.950290114580852 100.001238844805073 0.500006296028317
0.127200000000000 0.999999999997893 0.404191079809451 -0.933862508813600 100.001238844805016 0.500006290475704
0.127300000000000 0.999999999997889 0.404006001448304 -0.917061341961717 100.001238844804888 0.500006286038936
0.127400000000000 0.999999999997888 0.403824319726883 -0.899893537676589 100.001238844804703 0.500006280821227
0.127500000000000 0.999999999997887 0.403646107292468 -0.882365842808852 100.001238844804561 0.500006275913843
0.127600000000000 0.999999999997887 0.403471435438510 -0.864485045065595 100.001238844804448 0.500006273245685
0.127700000000000 0.999999999997887 0.403300374019991 -0.846258744964224 100.001238844804220 0.500006268880278
0.127800000000000 0.999999999997884 0.403132991419690 -0.827694077560687 100.001238844804107 0.500006264180846
0.127900000000000 0.999999999997883 0.402969354588196 -0.808798225210055 100.001238844803879 0.500006261146147
0.128000000000000 0.999999999997878 0.402809528987054 -0.789578889392979 100.001238844803737 0.500006258545836
0.128100000000000 0.999999999997879 0.402653578523598 -0.770043910416003 100.001238844803595 0.500006255157887
0.128200000000000 0.999999999997877 0.402501565544658 -0.750201058262309 100.001238844803481 0.500006251345622
0.128300000000000 0.999999999997874 0.402353550825429 -0.730058282466102 100.001238844803297 0.500006247030756
0.128400000000000 0.999999999997874 0.402209593560548 -0.709623444699494 100.001238844803026 0.500006243640830
0.128500000000000 0.999999999997871 0.402069751330087 -0.688904825600349 100.001238844802913 0.500006240371019
0.128600000000000 0.999999999997871 0.401934080044548 -0.667910839515937 100.001238844802970 0.500006236345937
0.128700000000000 0.999999999997868 0.401802633956156 -0.646649652334568 100.001238844802586 0.500006233128709
0.128800000000000 0.999999999997865 0.401675465634837 -0.625129921191495 100.001238844802472 0.500006229691297
0.128900000000000 0.999999999997866 0.401552625931196 -0.603360196498247 100.001238844802373 0.500006226397624
0.129000000000000 0.999999999997863 0.401434163980094 -0.581349081683775 100.001238844802117 0.500006223853285
0.129100000000000 0.999999999997860 0.401320127160156 -0.559105529759459 100.001238844802046 0.500006221151999
0.129200000000000 0.999999999997860 0.401210561079878 -0.536638299458394 100.001238844801776 0.500006219062531
0.129300000000000 0.999999999997859 0.401105509563738 -0.513956468639624 100.001238844801662 0.500006217054388
0.129400000000000 0.999999999997858 0.401005014613350 -0.491069187657861 100.001238844801563 0.500006214726767
0.129500000000000 0.999999999997855 0.400909116416447 -0.467985447981010 100.001238844801406 0.500006212890263
0.129600000000000 0.999999999997853 0.400817853325639 -0.444714610289611 100.001238844801179 0.500006210917198
0.129700000000000 0.999999999997850 0.400731261830503 -0.421265950695942 100.001238844801037 0.500006208960867
0.129800000000000 0.999999999997848 0.400649376551591 -0.397648880931732 100.001238844800810 0.500006206889350
0.129900000000000 0.999999999997850 0.400572230239836 -0.373872693862659 100.001238844800753 0.500006205314785
0.130000000000000 0.999999999997847 0.400499853754358 -0.349947007755728 100.001238844800440 0.500006203792367
0.130100000000000 0.999999999997847 0.400432276034565 -0.325881401262728 100.001238844800454 0.500006202291766
0.130200000000000 0.999999999997845 0.400369524106025 -0.301685437457860 100.001238844800184 0.500006201015180
0.130300000000000 0.999999999997842 0.400311623066901 -0.277368829702165 100.001238844800042 0.500006199836543
0.130400000000000 0.999999999997841 0.400258596072223 -0.252941297460559 100.001238844799985 0.500006198768624
0.130500000000000 0.999999999997840 0.400210464325518 -0.228412640186323 100.001238844799815 0.500006197735407
0.130600000000000 0.999999999997838 0.400167247077506 -0.203792589801843 100.001238844799445 0.500006196917234
0.130700000000000 0.999999999997836 0.400128961615606 -0.179091040835998 100.001238844799431 0.500006196195016
0.130800000000000 0.999999999997836 0.400095623248685 -0.154317889188880 100.001238844799303 0.500006195538361
0.130900000000000 0.999999999997832 0.400067245307272 -0.129483027095530 100.001238844799119 0.500006194976326
0.131000000000000 0.999999999997832 0.400043839141511 -0.104596365941235 100.001238844798962 0.500006194533430
0.131100000000000 0.999999999997828 0.400025414111578 -0.079667892483791 100.001238844798564 0.500006194168159
0.131200000000000 0.999999999997827 0.400011977583351 -0.054707569050871 100.001238844798564 0.500006193893217
0.131300000000000 0.999999999997825 0.400003534928852 -0.029725370357838 100.001238844798394 0.500006193716067
0.131400000000000 0.999999999997824 0.400000089525108 -0.004731275932126 100.001238844798138 0.500006193640115
0.131500000000000 0.999999999997824 0.400001642751277 0.020264715856299 100.001238844798195 0.500006193661373
0.131600000000000 0.999999999997819 0.400008193985725 0.045252593788596 100.001238844797868 0.500006193782139
0.131700000000000 0.999999999997817 0.400019740607194 0.070222371426240 100.001238844797797 0.500006194003704
0.131800000000000 0.999999999997817 0.400036277996320 0.095164053415279 100.001238844797413 0.500006194335884
0.131900000000000 0.999999999997817 0.400057799537477 0.120067668906833 100.001238844797484 0.500006194782043
0.132000000000000 0.999999999997812 0.400084296623035 0.144923269211192 100.001238844797342 0.500006195333548
0.132100000000000 0.999999999997811 0.400115758653093 0.169720875474705 100.001238844797086 0.500006196052304
0.132200000000000 0.999999999997810 0.400152173042073 0.194450610902198 100.001238844796916 0.500006196884823
0.132300000000000 0.999999999997809 0.400193525230255 0.219102609715101 100.001238844796774 0.500006197781425
0.132400000000000 0.999999999997807 0.400239798684245 0.243666998753580 100.001238844796688 0.500006198764320
0.132500000000000 0.999999999997806 0.400290974897681 0.268133918593248 100.001238844796219 0.500006199921265
0.132600000000000 0.999999999997805 0.400347033406721 0.292493654378922 100.001238844796404 0.500006201070050
0.132700000000000 0.999999999997804 0.400407951801719 0.316736455831662 100.001238844795864 0.500006202217148
0.132800000000000 0.999999999997799 0.400473705722388 0.340852570510565 100.001238844795878 0.500006203535848
0.132900000000000 0.999999999997799 0.400544268870607 0.364832376659828 100.001238844795751 0.500006204957831
0.133000000000000 0.999999999997799 0.400619613025305 0.388666257565334 100.001238844795580 0.500006206585947
0.133100000000000 0.999999999997795 0.400699708054694 0.412344723445649 100.001238844795665 0.500006208267561
0.133200000000000 0.999999999997794 0.400784521931798 0.435858310486798 100.001238844795154 0.500006209974191
0.133300000000000 0.999999999997793 0.400874020739207 0.459197575443750 100.001238844795068 0.500006211876905
0.133400000000000 0.999999999997788 0.400968168677030 0.482353135629771 100.001238844794926 0.500006214217812
0.133500000000000 0.999999999997787 0.401066928092871 0.505315852326354 100.001238844794955 0.500006216429933
0.133600000000000 0.999999999997786 0.401170259508248 0.528076601930885 100.001238844794358 0.500006218183432
0.133700000000000 0.999999999997787 0.401278121609288 0.550626144830406 100.001238844794358 0.500006220171250
0.133800000000000 0.999999999997784 0.401390471256153 0.572955460660894 100.001238844794415 0.500006222422066
0.133900000000000 0.999999999997781 0.401507263517191 0.595055653795170 100.001238844794131 0.500006224751338
0.134000000000000 0.999999999997780 0.401628451691543 0.616917928478896 100.001238844793903 0.500006226901877
0.134100000000000 0.999999999997779 0.401753987311864 0.638533405487102 100.001238844793733 0.500006229711174
0.134200000000000 0.999999999997778 0.401883820166991 0.659893531275406 100.001238844793690 0.500006232630634
0.134300000000000 0.999999999997776 0.402017898332502 0.680989726968684 100.001238844793704 0.500006235907603
0.134400000000000 0.999999999997774 0.402156168188751 0.701813613966377 100.001238844793448 0.500006239157908
0.134500000000000 0.999999999997774 0.402298574442030 0.722356834791219 100.001238844793249 0.500006242585969
0.134600000000000 0.999999999997771 0.402445060127531 0.742611025662003 100.001238844793249 0.500006247283705
0.134700000000000 0.999999999997769 0.402595566665735 0.762568407094147 100.001238844792823 0.500006250904104
0.134800000000000 0.999999999997767 0.402750033875995 0.782220743022775 100.001238844792880 0.500006255352832
0.134900000000000 0.999999999997764 0.402908399973029 0.801560225697034 100.001238844792368 0.500006260259449
0.135000000000000 0.999999999997764 0.403070601627837 0.820579226705507 100.001238844792624 0.500006264783208
0.135100000000000 0.999999999997763 0.403236573995848 0.839270216271644 100.001238844792240 0.500006268268622
0.135200000000000 0.999999999997762 0.403406250721128 0.857625609241143 100.001238844791828 0.500006271601621
0.135300000000000 0.999999999997759 0.403579563948703 0.875637995472417 100.001238844791970 0.500006275376506
0.135400000000000 0.999999999997757 0.403756444366885 0.893300218149272 100.001238844791800 0.500006279197471
0.135500000000000 0.999999999997755 0.403936821233796 0.910605131198371 100.001238844791544 0.500006283810153
0.135600000000000 0.999999999997755 0.404120622405215 0.927545857547868 100.001238844791118 0.500006288843417
0.135700000000000 0.999999999997753 0.404307774378053 0.944115685580328 100.001238844791089 0.500006293717964
0.135800000000000 0.999999999997750 0.404498202301930 0.960307850325768 100.001238844791104 0.500006299743897
0.135900000000000 0.999999999997749 0.404691830018903 0.976116041949227 100.001238844791033 0.500006305353335
0.136000000000000 0.999999999997746 0.404888580116624 0.991534028176773 100.001238844791033 0.500006309647133
0.136100000000000 0.999999999997746 0.405088373913189 1.006555336947982 100.001238844790635 0.500006315641444
0.136200000000000 0.999999999997745 0.405291131506498 1.021174242332028 100.001238844790365 0.500006320532880
0.136300000000000 0.999999999997743 0.405496771831367 1.035384837712848 100.001238844789924 0.500006324907604
0.136400000000000 0.999999999997741 0.405705212640266 1.049181202098045 100.001238844790379 0.500006331230690
0.136500000000000 0.999999999997740 0.405916370558270 1.062557986726194 100.001238844789043 0.500006337771142
0.136600000000000 0.999999999997740 0.406130161155902 1.075509996100740 100.001238844789810 0.500006342884476
0.136700000000000 0.999999999997736 0.406346498954735 1.088031931413001 100.001238844789199 0.500006347822842
0.136800000000000 0.999999999997738 0.406565297439299 1.100118720378440 100.001238844789640 0.500006353287660
0.136900000000000 0.999999999997732 0.406786469092372 1.111765412067320 100.001238844788872 0.500006360586198
0.137000000000000 0.999999999997733 0.407009925460755 1.122967603254287 100.001238844789185 0.500006366911346
0.137100000000000 0.999999999997732 0.407235577189663 1.133720681788692 100.001238844788503 0.500006373733519
0.137200000000000 0.999999999997729 0.407463334042987 1.144020441674144 100.001238844788531 0.500006379985957
0.137300000000000 0.999999999997726 0.407693104957343 1.153862818516747 100.001238844788929 0.500006385028805
0.137400000000000 0.999999999997726 0.407924798055043 1.163243730676232 100.001238844788475 0.500006390526396
0.137500000000000 0.999999999997723 0.408158320662614 1.172159302181253 100.001238844789029 0.500006397937744
0.137600000000000 0.999999999997722 0.408393579365933 1.180606000128223 100.001238844788816 0.500006406906951
0.137700000000000 0.999999999997721 0.408630480086351 1.188580717296340 100.001238844788119 0.500006414245898
0.137800000000000 0.999999999997719 0.408868928091795 1.196080022275733 100.001238844787935 0.500006422818504
0.137900000000000 0.999999999997715 0.409108828008469 1.203100928356253 100.001238844787821 0.500006432489163
0.138000000000000 0.999999999997715 0.409350083915378 1.209640956671116 100.001238844787707 0.500006439299295
0.138100000000000 0.999999999997714 0.409592599355973 1.215697229795541 100.001238844786883 0.500006446392925
0.138200000000000 0.999999999997713 0.409836277308638 1.221266957737224 100.001238844787167 0.500006458255354
0.138300000000000 0.999999999997710 0.410081020308773 1.226348510027620 100.001238844787480 0.500006467620311
0.138400000000000 0.999999999997710 0.410326730493238 1.230939534042830 100.001238844786684 0.500006478400846
0.138500000000000 0.999999999997707 0.410573309623054 1.235038628310940 100.001238844786116 0.500006485245553
0.138600000000000 0.999999999997706 0.410820659118471 1.238643780714909 100.001238844786627 0.500006492737827
0.138700000000000 0.999999999997706 0.411068680013268 1.241753124787487 100.001238844785959 0.500006506146887
0.138800000000000 0.999999999997701 0.411317273082002 1.244365950176069 100.001238844786315 0.500006518869792
0.138900000000000 0.999999999997702 0.411566338943398 1.246481409670701 100.001238844785433 0.500006528436539
0.139000000000000 0.999999999997699 0.411815778032006 1.248098506326641 100.001238844786144 0.500006536715804
0.139100000000000 0.999999999997698 0.412065490604584 1.249216456275277 100.001238844786059 0.500006545414119
0.139200000000000 0.999999999997694 0.412315376805779 1.249834930197355 100.001238844786315 0.500006553057436
0.139300000000000 0.999999999997694 0.412565336683475 1.249953277171807 100.001238844785462 0.500006564686476
0.139400000000000 0.999999999997691 0.412815270272054 1.249572014316975 100.001238844785348 0.500006573242640
0.139500000000000 0.999999999997688 0.413065077641270 1.248690988539864 100.001238844784638 0.500006582541479
0.139600000000000 0.999999999997689 0.413314658863579 1.247310372273192 100.001238844784950 0.500006594823369
0.139700000000000 0.999999999997688 0.413563914127762 1.245431160040217 100.001238844784325 0.500006604562136
0.139800000000000 0.999999999997684 0.413812743768004 1.243053810127499 100.001238844784709 0.500006615410008
0.139900000000000 0.999999999997685 0.414061048293231 1.240179613976946 100.001238844784552 0.500006623127445
0.140000000000000 0.999999999997683 0.414308728410905 1.236809257689307 100.001238844784325 0.500006633463864
0.140100000000000 0.999999999997680 0.414555685030960 1.232944078078051 100.001238844784240 0.500006646536270
0.140200000000000 0.999999999997676 0.414801819409299 1.228586220863214 100.001238844784069 0.500006654936623
0.140300000000000 0.999999999997675 0.415047033100703 1.223736511798343 100.001238844783941 0.500006669938622
0.140400000000000 0.999999999997675 0.415291227999028 1.218397511729689 100.001238844783529 0.500006683894353
0.140500000000000 0.999999999997672 0.415534306508836 1.212571783065187 100.001238844783359 0.500006691612527
0.140600000000000 0.999999999997674 0.415776171462283 1.206261029308042 100.001238844783529 0.500006700723180
0.140700000000000 0.999999999997671 0.416016726116570 1.199467798304867 100.001238844783586 0.500006710916951
0.140800000000000 0.999999999997668 0.416255874254951 1.192194803483394 100.001238844782591 0.500006722214799
0.140900000000000 0.999999999997668 0.416493520235711 1.184445085850198 100.001238844782137 0.500006733023078
0.141000000000000 0.999999999997666 0.416729569000913 1.176221439778715 100.001238844782478 0.500006746940093
0.141100000000000 0.999999999997664 0.416963926112125 1.167527261476824 100.001238844782478 0.500006762654689
0.141200000000000 0.999999999997663 0.417196497835336 1.158366206113772 100.001238844782193 0.500006778057866
0.141300000000000 0.999999999997658 0.417427191162325 1.148741874018823 100.001238844782165 0.500006793875158
0.141400000000000 0.999999999997659 0.417655913861207 1.138658433286100 100.001238844782378 0.500006806438998
0.141500000000000 0.999999999997657 0.417882574491413 1.128119625290524 100.001238844782222 0.500006819097521
0.141600000000000 0.999999999997655 0.418107082434467 1.117129933158243 100.001238844781000 0.500006828825685
0.141700000000000 0.999999999997654 0.418329347928202 1.105693438978624 100.001238844781511 0.500006839150368
0.141800000000000 0.999999999997650 0.418549282066717 1.093814613788793 100.001238844781341 0.500006851179127
0.141900000000000 0.999999999997651 0.418766796875186 1.081498305337620 100.001238844781597 0.500006863808332
0.142000000000000 0.999999999997650 0.418981805365725 1.068749531096036 100.001238844780403 0.500006876024826
0.142100000000000 0.999999999997646 0.419194221584800 1.055573628691362 100.001238844780261 0.500006885287479
0.142200000000000 0.999999999997643 0.419403960582004 1.041975285646005 100.001238844780062 0.500006897761502
0.142300000000000 0.999999999997644 0.419610938444996 1.027960194114791 100.001238844781014 0.500006910724301
0.142400000000000 0.999999999997640 0.419815072374869 1.013533797882533 100.001238844779664 0.500006925794710
0.142500000000000 0.999999999997641 0.420016280731090 0.998702240387594 100.001238844780232 0.500006939135611
0.142600000000000 0.999999999997638 0.420214483059991 0.983471246910269 100.001238844779991 0.500006952826597
0.142700000000000 0.999999999997635 0.420409600107175 0.967847086282228 100.001238844779436 0.500006965108945
0.142800000000000 0.999999999997634 0.420601553840322 0.951835711632089 100.001238844779238 0.500006978847455
0.142900000000000 0.999999999997632 0.420790267496563 0.935443860412245 100.001238844779039 0.500006990824335
0.143000000000000 0.999999999997631 0.420975665604905 0.918677721276091 100.001238844779209 0.500007004485335
0.143100000000000 0.999999999997628 0.421157673969534 0.901543846519415 100.001238844779067 0.500007021143221
0.143200000000000 0.999999999997627 0.421336219809754 0.884049853854930 100.001238844778868 0.500007033831460
0.143300000000000 0.999999999997626 0.421511231758155 0.866202251495980 100.001238844778513 0.500007046955806
0.143400000000000 0.999999999997624 0.421682639836286 0.848008419397248 100.001238844778413 0.500007058402607
0.143500000000000 0.999999999997623 0.421850375518612 0.829475510921831 100.001238844778186 0.500007069253314
0.143600000000000 0.999999999997620 0.422014371725800 0.810610834686638 100.001238844778086 0.500007080361216
0.143700000000000 0.999999999997620 0.422174562818403 0.791421472547500 100.001238844777987 0.500007095399460
0.143800000000000 0.999999999997615 0.422330884728725 0.771916073446148 100.001238844777689 0.500007106538747
0.143900000000000 0.999999999997617 0.422483275037317 0.752102486641118 100.001238844777546 0.500007113579422
0.144000000000000 0.999999999997613 0.422631672804546 0.731987641803294 100.001238844777319 0.500007124091764
0.144100000000000 0.999999999997614 0.422776018586290 0.711579557898414 100.001238844777177 0.500007138051794
0.144200000000000 0.999999999997611 0.422916254626077 0.690887104627031 100.001238844776964 0.500007150273843
0.144300000000000 0.999999999997610 0.423052324875167 0.669918496358720 100.001238844776765 0.500007161244703
0.144400000000000 0.999999999997607 0.423184174928485 0.648681948349208 100.001238844776651 0.500007172135929
0.144500000000000 0.999999999997606 0.423311752060856 0.627186049361560 100.001238844776424 0.500007182312256
0.144600000000000 0.999999999997602 0.423435005254836 0.605439287752114 100.001238844776267 0.500007192458592
0.144700000000000 0.999999999997601 0.423553885229481 0.583450541379654 100.001238844776040 0.500007201470551
0.144800000000000 0.999999999997597 0.423668344468240 0.561228580961777 100.001238844775884 0.500007209531531
0.144900000000000 0.999999999997598 0.423778337177287 0.538781859949993 100.001238844775685 0.500007219067948
0.145000000000000 0.999999999997597 0.423883819332817 0.516119625724545 100.001238844775656 0.500007228500227
0.145100000000000 0.999999999997593 0.423984748740143 0.493250927662832 100.001238844775344 0.500007237866757
0.145200000000000 0.999999999997592 0.424081085038953 0.470185056732718 100.001238844775145 0.500007246430108
0.145300000000000 0.999999999997590 0.424172789734406 0.446931387781277 100.001238844775031 0.500007253532342
0.145400000000000 0.999999999997590 0.424259826175276 0.423498973726507 100.001238844774832 0.500007260348357
0.145500000000000 0.999999999997590 0.424342159574919 0.399897411016100 100.001238844774633 0.500007265937618
0.145600000000000 0.999999999997586 0.424419757001571 0.376135654780762 100.001238844774520 0.500007272270940
0.145700000000000 0.999999999997583 0.424492587399946 0.352223516155196 100.001238844774321 0.500007278090400
0.145800000000000 0.999999999997583 0.424560621616802 0.328170203955475 100.001238844774221 0.500007284612830
0.145900000000000 0.999999999997580 0.424623832442202 0.303985947885402 100.001238844773923 0.500007289751480
0.146000000000000 0.999999999997580 0.424682194636412 0.279680225828285 100.001238844773781 0.500007294210707
0.146100000000000 0.999999999997579 0.424735684843546 0.255262383201792 100.001238844773695 0.500007299036713
0.146200000000000 0.999999999997575 0.424784281656764 0.230742578425113 100.001238844773496 0.500007303135724
0.146300000000000 0.999999999997573 0.424827965650577 0.206130467790858 100.001238844773354 0.500007306889736
0.146400000000000 0.999999999997571 0.424866719344413 0.181435843568045 100.001238844773198 0.500007310378553
0.146500000000000 0.999999999997571 0.424900527214454 0.156668483616128 100.001238844773212 0.500007313724794
0.146600000000000 0.999999999997570 0.424929375677026 0.131838010594475 100.001238844772786 0.500007317243946
0.146700000000000 0.999999999997566 0.424953253163875 0.106954952882802 100.001238844772502 0.500007319989516
0.146800000000000 0.999999999997567 0.424972150187867 0.082029610290378 100.001238844772445 0.500007321700627
0.146900000000000 0.999999999997563 0.424986059214223 0.057071196647660 100.001238844772146 0.500007323143192
0.147000000000000 0.999999999997563 0.424994974691891 0.032090336567999 100.001238844771976 0.500007323896070
0.147100000000000 0.999999999997560 0.424998893116395 0.007096882444573 100.001238844771706 0.500007324175221
0.147200000000000 0.999999999997560 0.424997812921082 -0.017899645689264 100.001238844771677 0.500007324074206
0.147300000000000 0.999999999997557 0.424991734477726 -0.042889386970878 100.001238844771393 0.500007323432972
0.147400000000000 0.999999999997556 0.424980660232124 -0.067861457535160 100.001238844771592 0.500007322559198
0.147500000000000 0.999999999997554 0.424964594679090 -0.092806239884841 100.001238844771095 0.500007321417807
0.147600000000000 0.999999999997551 0.424943544196554 -0.117714534595745 100.001238844771194 0.500007319266010
0.147700000000000 0.999999999997550 0.424917517156819 -0.142575586300756 100.001238844770725 0.500007316827026
0.147800000000000 0.999999999997549 0.424886523970941 -0.167379756447445 100.001238844770981 0.500007313716499
0.147900000000000 0.999999999997547 0.424850577006922 -0.192117126923943 100.001238844770299 0.500007309865854
0.148000000000000 0.999999999997546 0.424809690661055 -0.216777321184932 100.001238844770327 0.500007306199786
0.148100000000000 0.999999999997545 0.424763881324408 -0.241350764900048 100.001238844770370 0.500007302234491
0.148200000000000 0.999999999997541 0.424713167340984 -0.265827505100285 100.001238844769802 0.500007298321645
0.148300000000000 0.999999999997538 0.424657569025054 -0.290197786755000 100.001238844769915 0.500007294462967
0.148400000000000 0.999999999997538 0.424597108598684 -0.314452290356157 100.001238844769745 0.500007289446554
0.148500000000000 0.999999999997537 0.424531810202203 -0.338581155304618 100.001238844769617 0.500007283668043
0.148600000000000 0.999999999997535 0.424461699944160 -0.362574552261971 100.001238844769205 0.500007277708247
0.148700000000000 0.999999999997533 0.424386805874056 -0.386422900627380 100.001238844768920 0.500007271549406
0.148800000000000 0.999999999997532 0.424307157976326 -0.410116423280474 100.001238844768807 0.500007266177915
0.148900000000000 0.999999999997532 0.424222788078782 -0.433646471586451 100.001238844768778 0.500007258248873
0.149000000000000 0.999999999997529 0.424133729863133 -0.457003163198801 100.001238844768679 0.500007249618683
0.149100000000000 0.999999999997525 0.424040018934804 -0.480177123357422 100.001238844768551 0.500007240425688
0.149200000000000 0.999999999997524 0.423941692784430 -0.503158885466678 100.001238844768380 0.500007231642127
0.149300000000000 0.999999999997524 0.423838790790176 -0.525939029635139 100.001238844768025 0.500007224534019
0.149400000000000 0.999999999997520 0.423731354111318 -0.548509166421807 100.001238844767883 0.500007215418941
0.149500000000000 0.999999999997520 0.423619425662156 -0.570860134932700 100.001238844767869 0.500007204913865
0.149600000000000 0.999999999997517 0.423503050160613 -0.592983063851198 100.001238844767698 0.500007192552685
0.149700000000000 0.999999999997514 0.423382274180962 -0.614868256133434 100.001238844767315 0.500007183365106
0.149800000000000 0.999999999997514 0.423257146063218 -0.636507741463305 100.001238844767187 0.500007172729625
0.149900000000000 0.999999999997511 0.423127715803635 -0.657892941589888 100.001238844767002 0.500007160084174
0.150000000000000 0.999999999997510 0.422994035172180 -0.679014685169736 100.001238844766704 0.500007149466144
0.150100000000000 0.999999999997510 0.422856157686983 -0.699864657857731 100.001238844766988 0.500007140123554
0.150200000000000 0.999999999997507 0.422714138528103 -0.720434556974940 100.001238844766561 0.500007131907714
0.150300000000000 0.999999999997507 0.422568034485888 -0.740716582437223 100.001238844766235 0.500007121792446
0.150400000000000 0.999999999997504 0.422417903928709 -0.760702763044585 100.001238844766164 0.500007108640056
0.150500000000000 0.999999999997501 0.422263806904329 -0.780384266391140 100.001238844766078 0.500007098781391
0.150600000000000 0.999999999997500 0.422105805054575 -0.799753970355111 100.001238844765851 0.500007086493649
0.150700000000000 0.999999999997498 0.421943961526872 -0.818803957406958 100.001238844765624 0.500007073062827
0.150800000000000 0.999999999997497 0.421778341081968 -0.837526003066357 100.001238844765339 0.500007063477115
0.150900000000000 0.999999999997496 0.421609009987055 -0.855913267523773 100.001238844765354 0.500007052448988
0.151000000000000 0.999999999997493 0.421436035915377 -0.873958532366939 100.001238844765084 0.500007038764304
0.151100000000000 0.999999999997492 0.421259488026817 -0.891654147674573 100.001238844764998 0.500007026155599
0.151200000000000 0.999999999997490 0.421079436935306 -0.908993209543496 100.001238844764714 0.500007013129618
0.151300000000000 0.999999999997489 0.420895954604797 -0.925969144339728 100.001238844764615 0.500006996378259
0.151400000000000 0.999999999997488 0.420709114437677 -0.942574127253859 100.001238844764430 0.500006985460593
0.151500000000000 0.999999999997487 0.420518991167531 -0.958802657371178 100.001238844764345 0.500006969767818
0.151600000000000 0.999999999997483 0.420325660811319 -0.974647422416628 100.001238844764401 0.500006957100253
0.151700000000000 0.999999999997481 0.420129200727834 -0.990102297107783 100.001238844764003 0.500006945498789
0.151800000000000 0.999999999997480 0.419929689502560 -1.005161153798352 100.001238844763947 0.500006934481266
0.151900000000000 0.999999999997478 0.419727206930650 -1.019818010200293 100.001238844763691 0.500006923673229
0.152000000000000 0.999999999997477 0.419521833922618 -1.034067709179312 100.001238844763279 0.500006905857267
0.152100000000000 0.999999999997475 0.419313652587606 -1.047903413989308 100.001238844763179 0.500006892700412
0.152200000000000 0.999999999997475 0.419102746220913 -1.061320085867610 100.001238844763023 0.500006879127910
0.152300000000000 0.999999999997471 0.418889199164172 -1.074312318329624 100.001238844762199 0.500006865578014
0.152400000000000 0.999999999997470 0.418673096858331 -1.086874514087518 100.001238844761417 0.500006856402201
0.152500000000000 0.999999999997470 0.418454525757048 -1.099002139170895 100.001238844762725 0.500006846358147
0.152600000000000 0.999999999997468 0.418233573253074 -1.110690344672181 100.001238844763208 0.500006835422460
0.152700000000000 0.999999999997466 0.418010327699679 -1.121934370114594 100.001238844762113 0.500006824547024
0.152800000000000 0.999999999997463 0.417784878358240 -1.132729895641660 100.001238844762057 0.500006811748415
0.152900000000000 0.999999999997462 0.417557315396027 -1.143072181079206 100.001238844761929 0.500006801811147
0.153000000000000 0.999999999997459 0.417327729838216 -1.152957380716022 100.001238844760962 0.500006791462311
0.153100000000000 0.999999999997457 0.417096213456099 -1.162381883728427 100.001238844761801 0.500006776737782
0.153200000000000 0.999999999997456 0.416862858798816 -1.171341524248450 100.001238844760564 0.500006762206312
0.153300000000000 0.999999999997456 0.416627759198217 -1.179832637973435 100.001238844761289 0.500006748835054
0.153400000000000 0.999999999997453 0.416391008665747 -1.187852094896345 100.001238844760351 0.500006733503256
0.153500000000000 0.999999999997453 0.416152701876471 -1.195396388145598 100.001238844762028 0.500006719765737
0.153600000000000 0.999999999997450 0.415912934177535 -1.202462300998231 100.001238844761673 0.500006710044778
0.153700000000000 0.999999999997451 0.415671801501539 -1.209047192150840 100.001238844761289 0.500006702169957
0.153800000000000 0.999999999997446 0.415429400262731 -1.215148888709878 100.001238844759655 0.500006690584188
0.153900000000000 0.999999999997445 0.415185827355450 -1.220764766818253 100.001238844760223 0.500006677493690
0.154000000000000 0.999999999997443 0.414941180184611 -1.225892340618588 100.001238844760309 0.500006665827344
0.154100000000000 0.999999999997442 0.414695556623455 -1.230529410860212 100.001238844760195 0.500006657429526
0.154200000000000 0.999999999997439 0.414449054909353 -1.234674530770022 100.001238844760422 0.500006647304205
0.154300000000000 0.999999999997440 0.414201773592646 -1.238326026643556 100.001238844759229 0.500006635642756
0.154400000000000 0.999999999997436 0.413953811539870 -1.241482406291373 100.001238844759399 0.500006622837231
0.154500000000000 0.999999999997437 0.413705267887001 -1.244142470093951 100.001238844759243 0.500006608108732
0.154600000000000 0.999999999997434 0.413456242044100 -1.246304673999910 100.001238844759172 0.500006597436398
0.154700000000000 0.999999999997431 0.413206833637396 -1.247968396490125 100.001238844757864 0.500006587806362
0.154800000000000 0.999999999997429 0.412957142409605 -1.249133096862745 100.001238844758845 0.500006577669205
0.154900000000000 0.999999999997429 0.412707268187793 -1.249798474282177 100.001238844758703 0.500006564966979
0.155000000000000 0.999999999997428 0.412457310906158 -1.249963760283689 100.001238844758291 0.500006555981894
0.155100000000000 0.999999999997424 0.412207370554002 -1.249629161879672 100.001238844758177 0.500006547305003
0.155200000000000 0.999999999997422 0.411957547061333 -1.248795073744652 100.001238844756870 0.500006535680419
0.155300000000000 0.999999999997421 0.411707940313340 -1.247461550702268 100.001238844759101 0.500006524595976
0.155400000000000 0.999999999997419 0.411458650131317 -1.245629174749569 100.001238844756472 0.500006513447496
0.155500000000000 0.999999999997417 0.411209776222574 -1.243298505065339 100.001238844757481 0.500006504400324
0.155600000000000 0.999999999997415 0.410961418150936 -1.240470413511646 100.001238844757154 0.500006498197583
0.155700000000000 0.999999999997414 0.410713675241883 -1.237146410012772 100.001238844757665 0.500006490133705
0.155800000000000 0.999999999997413 0.410466646529867 -1.233327900393371 100.001238844756443 0.500006479276186
0.155900000000000 0.999999999997409 0.410220430798485 -1.229015986914184 100.001238844757481 0.500006470876732
0.156000000000000 0.999999999997408 0.409975126518594 -1.224212692537365 100.001238844757125 0.500006461258353
0.156100000000000 0.999999999997409 0.409730831758954 -1.218920024265133 100.001238844755903 0.500006449382220
0.156200000000000 0.999999999997407 0.409487644222133 -1.213139631356009 100.001238844755761 0.500006440955757
0.156300000000000 0.999999999997402 0.409245661201070 -1.206873953767722 100.001238844755648 0.500006434396436
0.156400000000000 0.999999999997403 0.409004979476506 -1.200125678235087 100.001238844756614 0.500006427508205
0.156500000000000 0.999999999997403 0.408765695290208 -1.192897511390616 100.001238844755363 0.500006420202236
0.156600000000000 0.999999999997399 0.408527904344644 -1.185192141793321 100.001238844756145 0.500006414888935
0.156700000000000 0.999999999997397 0.408291701740332 -1.177012895413076 100.001238844756088 0.500006408655946
0.156800000000000 0.999999999997393 0.408057181917577 -1.168363051329868 100.001238844755903 0.500006401422700
0.156900000000000 0.999999999997394 0.407824438645436 -1.159246043219971 100.001238844755193 0.500006393502966
0.157000000000000 0.999999999997393 0.407593564999474 -1.149665375234226 100.001238844754823 0.500006386548189
0.157100000000000 0.999999999997390 0.407364653333614 -1.139624754517283 100.001238844754823 0.500006381967220
0.157200000000000 0.999999999997389 0.407137795199440 -1.129128499535922 100.001238844754738 0.500006376281222
0.157300000000000 0.999999999997387 0.406913081306284 -1.118180718330935 100.001238844754539 0.500006370518305
0.157400000000000 0.999999999997386 0.406690601507720 -1.106785858291481 100.001238844754425 0.500006363911270
0.157500000000000 0.999999999997386 0.406470444752909 -1.094948517906054 100.001238844754113 0.500006356022213
0.157600000000000 0.999999999997384 0.406252699070466 -1.082673306886993 100.001238844754056 0.500006348233957
0.157700000000000 0.999999999997383 0.406037451550376 -1.069965001739959 100.001238844753800 0.500006341974019
0.157800000000000 0.999999999997379 0.405824788274234 -1.056828908595203 100.001238844753587 0.500006334827759
0.157900000000000 0.999999999997377 0.405614794285038 -1.043270108917104 100.001238844753630 0.500006328624264
0.158000000000000 0.999999999997377 0.405407553562411 -1.029294155683904 100.001238844753374 0.500006321988236
0.158100000000000 0.999999999997373 0.405203148984385 -1.014906515692693 100.001238844753203 0.500006316185198
0.158200000000000 0.999999999997374 0.405001662293934 -1.000113066595411 100.001238844753047 0.500006309946400
0.158300000000000 0.999999999997370 0.404803174074860 -0.984919530696805 100.001238844752777 0.500006305211455
0.158400000000000 0.999999999997368 0.404607763719807 -0.969332092310789 100.001238844752720 0.500006300879182
0.158500000000000 0.999999999997366 0.404415509362071 -0.953357165677355 100.001238844752493 0.500006295202298
0.158600000000000 0.999999999997367 0.404226487872887 -0.937000957193910 100.001238844752365 0.500006289950133
0.158700000000000 0.999999999997363 0.404040774843664 -0.920270060101366 100.001238844752265 0.500006284626798
0.158800000000000 0.999999999997363 0.403858444548513 -0.903171055620071 100.001238844752066 0.500006280238473
0.158900000000000 0.999999999997361 0.403679569900735 -0.885710966032952 100.001238844751839 0.500006275105686
0.159000000000000 0.999999999997360 0.403504222445101 -0.867896461869571 100.001238844751683 0.500006271996670
0.159100000000000 0.999999999997358 0.403332472330191 -0.849734828699568 100.001238844751541 0.500006269446468
0.159200000000000 0.999999999997356 0.403164388227453 -0.831233555518280 100.001238844751413 0.500006265533706
0.159300000000000 0.999999999997357 0.403000037334155 -0.812399903428027 100.001238844751185 0.500006261453089
0.159400000000000 0.999999999997354 0.402839485381327 -0.793241273878446 100.001238844751072 0.500006258263052
0.159500000000000 0.999999999997353 0.402682796577162 -0.773765489649196 100.001238844750816 0.500006254663166
0.159600000000000 0.999999999997351 0.402530033575991 -0.753980268770386 100.001238844750759 0.500006251216143
0.159700000000000 0.999999999997347 0.402381257456637 -0.733893648015342 100.001238844750532 0.500006246992134
0.159800000000000 0.999999999997346 0.402236527699919 -0.713513579222186 100.001238844750361 0.500006242624937
0.159900000000000 0.999999999997342 0.402095902191122 -0.692848061745328 100.001238844750119 0.500006239190241
0.160000000000000 0.999999999997344 0.401959437179346 -0.671905456096211 100.001238844750077 0.500006235983877
0.160100000000000 0.999999999997339 0.401827187237852 -0.650694164048174 100.001238844749864 0.500006232821739
0.160200000000000 0.999999999997338 0.401699205255863 -0.629222627405087 100.001238844749778 0.500006229968559
0.160300000000000 0.999999999997339 0.401575542420521 -0.607499426103820 100.001238844749508 0.500006227452075
0.160400000000000 0.999999999997336 0.401456248184647 -0.585533321883623 100.001238844749452 0.500006224810786
0.160500000000000 0.999999999997336 0.401341370255964 -0.563333007923485 100.001238844749182 0.500006222584710
0.160600000000000 0.999999999997333 0.401230954572285 -0.540907490177214 100.001238844749082 0.500006220042769
0.160700000000000 0.999999999997330 0.401125045271490 -0.518265765209928 100.001238844748812 0.500006217067159
0.160800000000000 0.999999999997329 0.401023684704929 -0.495416704854960 100.001238844748769 0.500006214630978
0.160900000000000 0.999999999997326 0.400926913422170 -0.472369451814104 100.001238844748542 0.500006212672064
0.161000000000000 0.999999999997328 0.400834770120993 -0.449133382819080 100.001238844748414 0.500006210418061
0.161100000000000 0.999999999997325 0.400747291646065 -0.425717654368504 100.001238844748315 0.500006208502097
0.161200000000000 0.999999999997322 0.400664512985058 -0.402131679634091 100.001238844748030 0.500006206696845
0.161300000000000 0.999999999997322 0.400586467246731 -0.378384843665386 100.001238844747832 0.500006205185990
0.161400000000000 0.999999999997320 0.400513185643948 -0.354486711249819 100.001238844747803 0.500006203695391
0.161500000000000 0.999999999997318 0.400444697477762 -0.330446846283676 100.001238844747689 0.500006202211256
0.161600000000000 0.999999999997317 0.400381030139984 -0.306274780355223 100.001238844747547 0.500006201008648
0.161700000000000 0.999999999997317 0.400322209092868 -0.281980266676697 100.001238844747348 0.500006199805098
0.161800000000000 0.999999999997313 0.400268257858417 -0.257572965546069 100.001238844747249 0.500006198765283
0.161900000000000 0.999999999997311 0.400219198013047 -0.233062670396456 100.001238844747036 0.500006197797073
0.162000000000000 0.999999999997310 0.400175049177115 -0.208459151003738 100.001238844746894 0.500006196975761
0.162100000000000 0.999999999997308 0.400135829010169 -0.183772246550820 100.001238844746723 0.500006196289952
0.162200000000000 0.999999999997307 0.400101553195982 -0.159011874228380 100.001238844746609 0.500006195651306
0.162300000000000 0.999999999997307 0.400072235439440 -0.134187911839446 100.001238844746354 0.500006195106370
0.162400000000000 0.999999999997304 0.400047887462985 -0.109310305117564 100.001238844746197 0.500006194632221
0.162500000000000 0.999999999997301 0.400028519003287 -0.084388974723383 100.001238844745870 0.500006194265484
0.162600000000000 0.999999999997299 0.400014137805617 -0.059433905674918 100.001238844745984 0.500006193986879
0.162700000000000 0.999999999997297 0.400004749615691 -0.034455109092183 100.001238844745728 0.500006193785097
0.162800000000000 0.999999999997298 0.400000358181870 -0.009462558880942 100.001238844745558 0.500006193684313
0.162900000000000 0.999999999997294 0.400000965257927 0.015533777278658 100.001238844745473 0.500006193696144
0.163000000000000 0.999999999997292 0.400006570601202 0.040523901125208 100.001238844745387 0.500006193820204
0.163100000000000 0.999999999997293 0.400017171972597 0.065497842755492 100.001238844745245 0.500006194044563
0.163200000000000 0.999999999997292 0.400032765136557 0.090445606806571 100.001238844744961 0.500006194364130
0.163300000000000 0.999999999997289 0.400053343859666 0.115357216979375 100.001238844745018 0.500006194769910
0.163400000000000 0.999999999997287 0.400078899913343 0.140222688814339 100.001238844744691 0.500006195282609
0.163500000000000 0.999999999997289 0.400109423074491 0.165032056154119 100.001238844744591 0.500006195940491
0.163600000000000 0.999999999997285 0.400144901133295 0.189775420324839 100.001238844744393 0.500006196717943
0.163700000000000 0.999999999997285 0.400185319904493 0.214442925059373 100.001238844744393 0.500006197539774
0.163800000000000 0.999999999997282 0.400230663226312 0.239024655754740 100.001238844744137 0.500006198504248
0.163900000000000 0.999999999997280 0.400280912961997 0.263510779322266 100.001238844744137 0.500006199626913
0.164000000000000 0.999999999997279 0.400336049020638 0.287891593463615 100.001238844743710 0.500006200669341
0.164100000000000 0.999999999997275 0.400396049356620 0.312157241492761 100.001238844743511 0.500006201918851
0.164200000000000 0.999999999997274 0.400460889975147 0.336298088468395 100.001238844743341 0.500006203170396
0.164300000000000 0.999999999997274 0.400530544952267 0.360304474677363 100.001238844743227 0.500006204429458
0.164400000000000 0.999999999997273 0.400604986428107 0.384166696786233 100.001238844743014 0.500006206068573
0.164500000000000 0.999999999997273 0.400684184626858 0.407875310053816 100.001238844743028 0.500006207736265
0.164600000000000 0.999999999997271 0.400768107876588 0.431420789644558 100.001238844742858 0.500006209606271
0.164700000000000 0.999999999997267 0.400856722615779 0.454793759471416 100.001238844742858 0.500006211513736
0.164800000000000 0.999999999997268 0.400949993409992 0.477984866990935 100.001238844742630 0.500006213477517
0.164900000000000 0.999999999997263 0.401047882951338 0.500984726323773 100.001238844742431 0.500006216040018
0.165000000000000 0.999999999997263 0.401150352089231 0.523784302442411 100.001238844742105 0.500006218413123
0.165100000000000 0.999999999997263 0.401257359860538 0.546374501840080 100.001238844741977 0.500006220439647
0.165200000000000 0.999999999997261 0.401368863475676 0.568746146765053 100.001238844742119 0.500006222883765
0.165300000000000 0.999999999997259 0.401484818335340 0.590890319212782 100.001238844742005 0.500006225606524
0.165400000000000 0.999999999997256 0.401605178063878 0.612798172436479 100.001238844741437 0.500006228568148
0.165500000000000 0.999999999997254 0.401729894535443 0.634461050060560 100.001238844741266 0.500006231125202
0.165600000000000 0.999999999997252 0.401858917881007 0.655870175526302 100.001238844741323 0.500006233974115
0.165700000000000 0.999999999997253 0.401992196488784 0.677016896046833 100.001238844741266 0.500006237735614
0.165800000000000 0.999999999997249 0.402129677060591 0.697893002045945 100.001238844741067 0.500006240761680
0.165900000000000 0.999999999997247 0.402271304618195 0.718489891465201 100.001238844740925 0.500006244796875
0.166000000000000 0.999999999997247 0.402417022523743 0.738799582468491 100.001238844740953 0.500006248034974
0.166100000000000 0.999999999997245 0.402566772526929 0.758813928707349 100.001238844740527 0.500006250607017
0.166200000000000 0.999999999997244 0.402720494749560 0.778524787423459 100.001238844740385 0.500006253541233
0.166300000000000 0.999999999997242 0.402878127712058 0.797924291032678 100.001238844740442 0.500006256735011
0.166400000000000 0.999999999997241 0.403039608378870 0.817004746725497 100.001238844740243 0.500006259671040
0.166500000000000 0.999999999997239 0.403204872175886 0.835758459973688 100.001238844739731 0.500006262863505
0.166600000000000 0.999999999997235 0.403373853004574 0.854177878430898 100.001238844739646 0.500006266765509
0.166700000000000 0.999999999997236 0.403546483278814 0.872255681467037 100.001238844739532 0.500006271012159
0.166800000000000 0.999999999997231 0.403722693954203 0.889984600787302 100.001238844739419 0.500006275956363
0.166900000000000 0.999999999997231 0.403902414570711 0.907357753283986 100.001238844739390 0.500006279763005
0.167000000000000 0.999999999997230 0.404085573262565 0.924367959816948 100.001238844738893 0.500006284504288
0.167100000000000 0.999999999997226 0.404272096777214 0.941008531284172 100.001238844739021 0.500006289153885
0.167200000000000 0.999999999997225 0.404461910523005 0.957272763569422 100.001238844738793 0.500006294174060
0.167300000000000 0.999999999997226 0.404654938588129 0.973154160370540 100.001238844738580 0.500006299497743
0.167400000000000 0.999999999997224 0.404851103763529 0.988646241540278 100.001238844738836 0.500006306397383
0.167500000000000 0.999999999997224 0.405050327585129 1.003742938474932 100.001238844738296 0.500006313655075
0.167600000000000 0.999999999997222 0.405252530394090 1.018438373825176 100.001238844738083 0.500006319659326
0.167700000000000 0.999999999997220 0.405457631363842 1.032726747325541 100.001238844737941 0.500006323584076
0.167800000000000 0.999999999997216 0.405665548478012 1.046601955213787 100.001238844737685 0.500006329421206
0.167900000000000 0.999999999997216 0.405876198563242 1.060058525545137 100.001238844737884 0.500006336410009
0.168000000000000 0.999999999997215 0.406089497380423 1.073091281581553 100.001238844737600 0.500006342393208
0.168100000000000 0.999999999997214 0.406305359636458 1.085694856992656 100.001238844736307 0.500006349009870
0.168200000000000 0.999999999997211 0.406523699006854 1.097864302898431 100.001238844736775 0.500006355273789
0.168300000000000 0.999999999997207 0.406744428186305 1.109594760542131 100.001238844737088 0.500006361086760
0.168400000000000 0.999999999997209 0.406967458911742 1.120881509227754 100.001238844736477 0.500006366766668
0.168500000000000 0.999999999997206 0.407192701981147 1.131719873781571 100.001238844737074 0.500006374127919
0.168600000000000 0.999999999997206 0.407420067309663 1.142105709156338 100.001238844736704 0.500006381047369
0.168700000000000 0.999999999997205 0.407649463966628 1.152034699498275 100.001238844735852 0.500006389377712
0.168800000000000 0.999999999997200 0.407880800210948 1.161503052680071 100.001238844736349 0.500006397074436
0.168900000000000 0.999999999997200 0.408113983557256 1.170507120541915 100.001238844735923 0.500006402510983
0.169000000000000 0.999999999997199 0.408348920765399 1.179042999535559 100.001238844735425 0.500006409207315
0.169100000000000 0.999999999997195 0.408585517848758 1.187107125143832 100.001238844735795 0.500006418965547
0.169200000000000 0.999999999997194 0.408823680185074 1.194696712933236 100.001238844735497 0.500006426577356
0.169300000000000 0.999999999997195 0.409063312548382 1.201808508406219 100.001238844735283 0.500006434641063
0.169400000000000 0.999999999997191 0.409304319103447 1.208439671147617 100.001238844734502 0.500006443114911
0.169500000000000 0.999999999997190 0.409546603497171 1.214587869740312 100.001238844735070 0.500006448117582
0.169600000000000 0.999999999997186 0.409790068861556 1.220250276044000 100.001238844735028 0.500006454110130
0.169700000000000 0.999999999997185 0.410034617807442 1.225424505103617 100.001238844734161 0.500006462573594
0.169800000000000 0.999999999997183 0.410280152507185 1.230108560382058 100.001238844734672 0.500006472633457
0.169900000000000 0.999999999997182 0.410526574764979 1.234300757324971 100.001238844734758 0.500006481973473
0.170000000000000 0.999999999997181 0.410773786052258 1.237999454094817 100.001238844734445 0.500006490156703
0.170100000000000 0.999999999997180 0.411021687507824 1.241202963240971 100.001238844733976 0.500006499755699
0.170200000000000 0.999999999997177 0.411270179972920 1.243909995731740 100.001238844734331 0.500006510872570
0.170300000000000 0.999999999997176 0.411519164060801 1.246119562153041 100.001238844733848 0.500006522349807
0.170400000000000 0.999999999997174 0.411768540214465 1.247830950933233 100.001238844733507 0.500006532038574
0.170500000000000 0.999999999997172 0.412018208728505 1.249043389276533 100.001238844733280 0.500006541033900
0.170600000000000 0.999999999997171 0.412268069768054 1.249756352858413 100.001238844733308 0.500006549824076
0.170700000000000 0.999999999997167 0.412518023404731 1.249969432005932 100.001238844732541 0.500006559962311
0.170800000000000 0.999999999997166 0.412767969668967 1.249682623874677 100.001238844733564 0.500006570415406
0.170900000000000 0.999999999997164 0.413017808649864 1.248896521428031 100.001238844732541 0.500006575203719
0.171000000000000 0.999999999997164 0.413267440458148 1.247610738614076 100.001238844731958 0.500006583076064
0.171100000000000 0.999999999997162 0.413516765197149 1.245825587075176 100.001238844733535 0.500006596548143
0.171200000000000 0.999999999997159 0.413765683125651 1.243542322960258 100.001238844732711 0.500006608848222
0.171300000000000 0.999999999997159 0.414014094709669 1.240761758879737 100.001238844731887 0.500006621223803
0.171400000000000 0.999999999997157 0.414261900608839 1.237485014885319 100.001238844731688 0.500006633568809
0.171500000000000 0.999999999997155 0.414509001732381 1.233713468898092 100.001238844731674 0.500006645043672
0.171600000000000 0.999999999997155 0.414755299286205 1.229448710702454 100.001238844731972 0.500006654644414
0.171700000000000 0.999999999997151 0.415000694788986 1.224692278065587 100.001238844729968 0.500006664438172
0.171800000000000 0.999999999997151 0.415245090095409 1.219445987804636 100.001238844729841 0.500006675461336
0.171900000000000 0.999999999997149 0.415488387475370 1.213712183397356 100.001238844731375 0.500006684711863
0.172000000000000 0.999999999997148 0.415730489621630 1.207492744812997 100.001238844730707 0.500006697202147
0.172100000000000 0.999999999997142 0.415971299679315 1.200790317425715 100.001238844730580 0.500006710987780
0.172200000000000 0.999999999997144 0.416210721323954 1.193607560193434 100.001238844731006 0.500006726303521
0.172300000000000 0.999999999997143 0.416448658819809 1.185947703516369 100.001238844729727 0.500006738863830
0.172400000000000 0.999999999997140 0.416685017040035 1.177813608832771 100.001238844730665 0.500006751082537
0.172500000000000 0.999999999997138 0.416919701466953 1.169208500389710 100.001238844730395 0.500006763293589
0.172600000000000 0.999999999997136 0.417152618261310 1.160135945784139 100.001238844729215 0.500006774018596
0.172700000000000 0.999999999997136 0.417383674283994 1.150599374828979 100.001238844730125 0.500006785566127
0.172800000000000 0.999999999997134 0.417612777107687 1.140602476327195 100.001238844728732 0.500006799347206
0.172900000000000 0.999999999997132 0.417839835079288 1.130149300651152 100.001238844728732 0.500006814717585
0.173000000000000 0.999999999997132 0.418064757415118 1.119244497677014 100.001238844729855 0.500006826357081
0.173100000000000 0.999999999997129 0.418287454232001 1.107892425502796 100.001238844729244 0.500006834361355
0.173200000000000 0.999999999997126 0.418507836482678 1.096097081973138 100.001238844728462 0.500006844770602
0.173300000000000 0.999999999997126 0.418725815976356 1.083863030829868 100.001238844728960 0.500006859196815
0.173400000000000 0.999999999997123 0.418941305539233 1.071195891950404 100.001238844728391 0.500006869702742
0.173500000000000 0.999999999997122 0.419154218988963 1.058099945560723 100.001238844728377 0.500006884733788
0.173600000000000 0.999999999997121 0.419364471132035 1.044580799714384 100.001238844728050 0.500006900268046
0.173700000000000 0.999999999997120 0.419571977896554 1.030644083842041 100.001238844727681 0.500006913967178
0.173800000000000 0.999999999997117 0.419776656299729 1.016295043472414 100.001238844727112 0.500006929223976
0.173900000000000 0.999999999997115 0.419978424495784 1.001539806473817 100.001238844727283 0.500006942051281
0.174000000000000 0.999999999997114 0.420177201796408 0.986383823005434 100.001238844726856 0.500006956986268
0.174100000000000 0.999999999997112 0.420372908681128 0.970833319857791 100.001238844727737 0.500006972328797
0.174200000000000 0.999999999997108 0.420565466909754 0.954894877747751 100.001238844726601 0.500006984566181
0.174300000000000 0.999999999997110 0.420754799536801 0.938574862403215 100.001238844726288 0.500006993864696
0.174400000000000 0.999999999997109 0.420940830856703 0.921879307476618 100.001238844726146 0.500007004898674
0.174500000000000 0.999999999997106 0.421123486434325 0.904814880139437 100.001238844726032 0.500007017680697
0.174600000000000 0.999999999997103 0.421302693234112 0.887388922262627 100.001238844726913 0.500007027493214
0.174700000000000 0.999999999997100 0.421478379561721 0.869607484641784 100.001238844726146 0.500007042500721
0.174800000000000 0.999999999997098 0.421650475151516 0.851478813346099 100.001238844725947 0.500007052708604
0.174900000000000 0.999999999997098 0.421818911241003 0.833009714457270 100.001238844725862 0.500007062039954
0.175000000000000 0.999999999997095 0.421983620461257 0.814207295106871 100.001238844726686 0.500007072814391
0.175100000000000 0.999999999997094 0.422144536930372 0.795079332374991 100.001238844726601 0.500007082876538
0.175200000000000 0.999999999997094 0.422301596257851 0.775632952390967 100.001238844726473 0.500007096352357
0.175300000000000 0.999999999997092 0.422454735619765 0.755876709373688 100.001238844726103 0.500007107101042
0.175400000000000 0.999999999997090 0.422603893782977 0.735817949533878 100.001238844723844 0.500007119375915
0.175500000000000 0.999999999997087 0.422749011080351 0.715464989466303 100.001238844723758 0.500007130933317
0.175600000000000 0.999999999997085 0.422890029443050 0.694825496100882 100.001238844725847 0.500007145119805
0.175700000000000 0.999999999997083 0.423026892448990 0.673908268209416 100.001238844724242 0.500007158025661
0.175800000000000 0.999999999997083 0.423159545406292 0.652721820321377 100.001238844723076 0.500007168705926
0.175900000000000 0.999999999997080 0.423287935311827 0.631274521118850 100.001238844724554 0.500007177939762
0.176000000000000 0.999999999997076 0.423412010789076 0.609574266407719 100.001238844724554 0.500007190021709
0.176100000000000 0.999999999997077 0.423531722178616 0.587630330715179 100.001238844724099 0.500007201153582
0.176200000000000 0.999999999997076 0.423647021658414 0.565451830061836 100.001238844723872 0.500007209406948
0.176300000000000 0.999999999997074 0.423757863159785 0.543047169825019 100.001238844723261 0.500007217539115
0.176400000000000 0.999999999997070 0.423864202357458 0.520425384445297 100.001238844722934 0.500007225133236
0.176500000000000 0.999999999997068 0.423965996704673 0.497595222711703 100.001238844722863 0.500007233718830
0.176600000000000 0.999999999997068 0.424063205443970 0.474565829181440 100.001238844722650 0.500007243101832
0.176700000000000 0.999999999997068 0.424155789677486 0.451346657929587 100.001238844722664 0.500007252033421
0.176800000000000 0.999999999997066 0.424243712400581 0.427947195581103 100.001238844722451 0.500007259626239
0.176900000000000 0.999999999997062 0.424326938440722 0.404376266591991 100.001238844722110 0.500007268189366
0.177000000000000 0.999999999997060 0.424405434495574 0.380643753010084 100.001238844722195 0.500007275772843
0.177100000000000 0.999999999997059 0.424479169224293 0.356759396442988 100.001238844721712 0.500007281508558
0.177200000000000 0.999999999997055 0.424548113208454 0.332732682185792 100.001238844721598 0.500007285803035
0.177300000000000 0.999999999997056 0.424612238868910 0.308572510347249 100.001238844721371 0.500007291074180
0.177400000000000 0.999999999997054 0.424671520543160 0.284289146740439 100.001238844721371 0.500007295335875
0.177500000000000 0.999999999997053 0.424725934534493 0.259891995369422 100.001238844721215 0.500007299522409
0.177600000000000 0.999999999997051 0.424775459019137 0.235390370279617 100.001238844720973 0.500007304677140
0.177700000000000 0.999999999997050 0.424820074141971 0.210794651423881 100.001238844720703 0.500007309233383
0.177800000000000 0.999999999997047 0.424859762105260 0.186115039188667 100.001238844720575 0.500007312485782
0.177900000000000 0.999999999997045 0.424894507081363 0.161361036188863 100.001238844720461 0.500007315270138
0.178000000000000 0.999999999997043 0.424924295170702 0.136542414197953 100.001238844720177 0.500007317792712
0.178100000000000 0.999999999997040 0.424949114478027 0.111669455415142 100.001238844720035 0.500007319564885
0.178200000000000 0.999999999997040 0.424968955047734 0.086751269122383 100.001238844719907 0.500007321549054
0.178300000000000 0.999999999997040 0.424983808893658 0.061798435946173 100.001238844719779 0.500007323000958
0.178400000000000 0.999999999997035 0.424993670097972 0.036821071476447 100.001238844719467 0.500007323875926
0.178500000000000 0.999999999997037 0.424998534740314 0.011829028780680 100.001238844719381 0.500007324297067
0.178600000000000 0.999999999997034 0.424998400908978 -0.013167445103920 100.001238844719254 0.500007324290684
0.178700000000000 0.999999999997032 0.424993268609668 -0.038159438574116 100.001238844718813 0.500007323726501
0.178800000000000 0.999999999997031 0.424983139848812 -0.063135859371245 100.001238844718443 0.500007322766533
0.178900000000000 0.999999999997027 0.424968018741254 -0.088086682049329 100.001238844718515 0.500007321598578
0.179000000000000 0.999999999997027 0.424947911298716 -0.113002983239611 100.001238844718472 0.500007319336982
0.179100000000000 0.999999999997023 0.424922825536195 -0.137873653679699 100.001238844718273 0.500007317067365
0.179200000000000 0.999999999997024 0.424892771539546 -0.162689085242819 100.001238844718074 0.500007314503614
0.179300000000000 0.999999999997020 0.424857761313122 -0.187439709649605 100.001238844717989 0.500007311074962
0.179400000000000 0.999999999997017 0.424817808822276 -0.212115474301989 100.001238844717719 0.500007306967117
0.179500000000000 0.999999999997018 0.424772930014897 -0.236706613490923 100.001238844717591 0.500007301903695
0.179600000000000 0.999999999997017 0.424723142874625 -0.261202527147267 100.001238844717761 0.500007297696269
0.179700000000000 0.999999999997014 0.424668467383654 -0.285593818263503 100.001238844717278 0.500007293535404
0.179800000000000 0.999999999997012 0.424608925409775 -0.309871042359214 100.001238844717022 0.500007288582333
0.179900000000000 0.999999999997012 0.424544540741262 -0.334024430352193 100.001238844716738 0.500007282965268
0.180000000000000 0.999999999997009 0.424475339099794 -0.358044421884217 100.001238844716852 0.500007276305573
0.180100000000000 0.999999999997007 0.424401348162117 -0.381921022921162 100.001238844716539 0.500007269956447
0.180200000000000 0.999999999997006 0.424322597513409 -0.405645137636507 100.001238844716468 0.500007262238797
0.180300000000000 0.999999999997005 0.424239118643270 -0.429206820569636 100.001238844716198 0.500007254952572
0.180400000000000 0.999999999997004 0.424150944966092 -0.452596761710931 100.001238844716042 0.500007247707251
0.180500000000000 0.999999999997001 0.424058111721879 -0.475806021393893 100.001238844715971 0.500007238631362
0.180600000000000 0.999999999996999 0.423960656014982 -0.498824893772152 100.001238844715601 0.500007229651881
0.180700000000000 0.999999999996999 0.423858616861986 -0.521643952509291 100.001238844715203 0.500007221953305
0.180800000000000 0.999999999996998 0.423752035083587 -0.544254586772625 100.001238844715203 0.500007212949242
0.180900000000000 0.999999999996995 0.423640953294705 -0.566647468498826 100.001238844715260 0.500007204149785
0.181000000000000 0.999999999996993 0.423525415909636 -0.588813922943698 100.001238844715175 0.500007193987589
0.181100000000000 0.999999999996992 0.423405469129909 -0.610744759302763 100.001238844714635 0.500007184346455
0.181200000000000 0.999999999996990 0.423281160990452 -0.632430822280998 100.001238844714663 0.500007177692208
0.181300000000000 0.999999999996987 0.423152541221458 -0.653864319316850 100.001238844714521 0.500007168602406
0.181400000000000 0.999999999996987 0.423019661197179 -0.675036606024954 100.001238844714393 0.500007157418747
0.181500000000000 0.999999999996983 0.422882574036432 -0.695938876212864 100.001238844714123 0.500007146357803
0.181600000000000 0.999999999996982 0.422741334596207 -0.716562549311562 100.001238844714010 0.500007137019938
0.181700000000000 0.999999999996982 0.422595999394847 -0.736899590552790 100.001238844713541 0.500007127984185
0.181800000000000 0.999999999996978 0.422446626543389 -0.756942107539134 100.001238844713583 0.500007117490803
0.181900000000000 0.999999999996978 0.422293275739643 -0.776682127908807 100.001238844713185 0.500007105151670
0.182000000000000 0.999999999996975 0.422136008292542 -0.796111508782779 100.001238844713242 0.500007092848313
0.182100000000000 0.999999999996974 0.421974887084027 -0.815222663560341 100.001238844713214 0.500007079126647
0.182200000000000 0.999999999996972 0.421809976539670 -0.834007738704706 100.001238844712930 0.500007065679267
0.182300000000000 0.999999999996969 0.421641342580986 -0.852459627465752 100.001238844712560 0.500007049120159
0.182400000000000 0.999999999996967 0.421469052625557 -0.870570483270680 100.001238844712773 0.500007033361627
0.182500000000000 0.999999999996967 0.421293175624096 -0.888332807060250 100.001238844712418 0.500007020715876
0.182600000000000 0.999999999996963 0.421113781961193 -0.905739761428944 100.001238844712049 0.500007008943559
0.182700000000000 0.999999999996961 0.420930943402675 -0.922784374209780 100.001238844711978 0.500006998195054
0.182800000000000 0.999999999996961 0.420744733108593 -0.939459668384141 100.001238844711793 0.500006990019775
0.182900000000000 0.999999999996959 0.420555225542098 -0.955759588925236 100.001238844711708 0.500006978707482
0.183000000000000 0.999999999996956 0.420362496437334 -0.971677493370074 100.001238844711537 0.500006965354866
0.183100000000000 0.999999999996956 0.420166622848276 -0.987206814133314 100.001238844711210 0.500006951885349
0.183200000000000 0.999999999996953 0.419967683090300 -1.002341509086838 100.001238844710997 0.500006936635369
0.183300000000000 0.999999999996953 0.419765756736829 -1.017075037670077 100.001238844711082 0.500006924493105
0.183400000000000 0.999999999996949 0.419560924598775 -1.031401558242101 100.001238844711096 0.500006915046245
0.183500000000000 0.999999999996947 0.419353268597423 -1.045315808110799 100.001238844710457 0.500006903535135
0.183600000000000 0.999999999996947 0.419142871724765 -1.058812349842568 100.001238844710144 0.500006888577241
0.183700000000000 0.999999999996944 0.418929818127361 -1.071885069636173 100.001238844710002 0.500006877728304
0.183800000000000 0.999999999996942 0.418714193023463 -1.084529360013492 100.001238844710144 0.500006864410079
0.183900000000000 0.999999999996942 0.418496082625664 -1.096739897440513 100.001238844709917 0.500006851485546
0.184000000000000 0.999999999996938 0.418275574195019 -1.108511508057278 100.001238844709690 0.500006842179976
0.184100000000000 0.999999999996937 0.418052755916111 -1.119840127601460 100.001238844709633 0.500006829410901
0.184200000000000 0.999999999996936 0.417827716854700 -1.130721014258674 100.001238844709889 0.500006815494895
0.184300000000000 0.999999999996934 0.417600547003544 -1.141149637723047 100.001238844709235 0.500006802451931
0.184400000000000 0.999999999996934 0.417371337208263 -1.151122002092391 100.001238844709576 0.500006788305394
0.184500000000000 0.999999999996931 0.417140179123102 -1.160634013463022 100.001238844709491 0.500006774268735
0.184600000000000 0.999999999996928 0.416907165194552 -1.169681845520551 100.001238844708709 0.500006760613061
0.184700000000000 0.999999999996927 0.416672388639383 -1.178261618069628 100.001238844708581 0.500006750427358
0.184800000000000 0.999999999996926 0.416435943333660 -1.186370614046127 100.001238844707828 0.500006735325974
0.184900000000000 0.999999999996925 0.416197923779631 -1.194005301267530 100.001238844708240 0.500006718692651
0.185000000000000 0.999999999996922 0.415958425187806 -1.201162118225179 100.001238844707416 0.500006706605034
0.185100000000000 0.999999999996922 0.415717543410716 -1.207838203062126 100.001238844707913 0.500006699122225
0.185200000000000 0.999999999996918 0.415475374783954 -1.214031585309097 100.001238844708269 0.500006687830402
0.185300000000000 0.999999999996916 0.415232016108833 -1.219739587973273 100.001238844708581 0.500006675132563
0.185400000000000 0.999999999996916 0.414987564723751 -1.224959508658203 100.001238844708496 0.500006666152704
0.185500000000000 0.999999999996913 0.414742118382024 -1.229689908063299 100.001238844706563 0.500006652971087
0.185600000000000 0.999999999996914 0.414495775218656 -1.233928407167347 100.001238844707586 0.500006641564394
0.185700000000000 0.999999999996911 0.414248633757569 -1.237673489222585 100.001238844706876 0.500006629747136
0.185800000000000 0.999999999996910 0.414000792836769 -1.240923535367580 100.001238844707132 0.500006619024000
0.185900000000000 0.999999999996906 0.413752351570499 -1.243677398369518 100.001238844706080 0.500006607511094
0.186000000000000 0.999999999996905 0.413503409321580 -1.245933744175928 100.001238844706975 0.500006598107596
0.186100000000000 0.999999999996903 0.413254065661713 -1.247691812104289 100.001238844705739 0.500006589059147
0.186200000000000 0.999999999996903 0.413004420321121 -1.248950780646279 100.001238844706535 0.500006581849279
0.186300000000000 0.999999999996902 0.412754573113395 -1.249710636666113 100.001238844705327 0.500006570358195
0.186400000000000 0.999999999996901 0.412504623914614 -1.249970771162508 100.001238844706194 0.500006558399384
0.186500000000000 0.999999999996897 0.412254672705517 -1.249730736080121 100.001238844705455 0.500006550277620
0.186600000000000 0.999999999996896 0.412004819471527 -1.248990943241371 100.001238844705341 0.500006542048544
0.186700000000000 0.999999999996893 0.411755164124755 -1.247751711383444 100.001238844705085 0.500006533429704
0.186800000000000 0.999999999996892 0.411505806465295 -1.246013843963339 100.001238844705028 0.500006520585807
0.186900000000000 0.999999999996892 0.411256846196995 -1.243777501464218 100.001238844704801 0.500006510188320
0.187000000000000 0.999999999996889 0.411008382898453 -1.241043769203921 100.001238844704645 0.500006499859425
0.187100000000000 0.999999999996887 0.410760515944806 -1.237813601203293 100.001238844704488 0.500006491328523
0.187200000000000 0.999999999996886 0.410513344455263 -1.234088596113386 100.001238844704829 0.500006480796015
0.187300000000000 0.999999999996887 0.410266967259137 -1.229870067376028 100.001238844703664 0.500006470449249
0.187400000000000 0.999999999996882 0.410021482911497 -1.225159434423682 100.001238844704460 0.500006463575875
0.187500000000000 0.999999999996879 0.409776989598391 -1.219958967541475 100.001238844704460 0.500006455426558
0.187600000000000 0.999999999996880 0.409533585086835 -1.214270594324734 100.001238844703238 0.500006447866669
0.187700000000000 0.999999999996878 0.409291366695277 -1.208096867623582 100.001238844704119 0.500006437525679
0.187800000000000 0.999999999996876 0.409050431275420 -1.201439906643414 100.001238844703948 0.500006428649637
0.187900000000000 0.999999999996874 0.408810875190789 -1.194302469175557 100.001238844703749 0.500006420080189
0.188000000000000 0.999999999996873 0.408572794253536 -1.186687316190650 100.001238844703607 0.500006412928570
0.188100000000000 0.999999999996871 0.408336283702357 -1.178597417264539 100.001238844702215 0.500006408075673
0.188200000000000 0.999999999996872 0.408101438131215 -1.170036253082854 100.001238844703181 0.500006402608969
0.188300000000000 0.999999999996867 0.407868351460437 -1.161007081294014 100.001238844702044 0.500006398474491
0.188400000000000 0.999999999996866 0.407637116877900 -1.151513966828905 100.001238844701732 0.500006390401867
0.188500000000000 0.999999999996866 0.407407826807712 -1.141560488528547 100.001238844702215 0.500006380953051
0.188600000000000 0.999999999996862 0.407180572942985 -1.131150371411019 100.001238844701987 0.500006373058998
0.188700000000000 0.999999999996862 0.406955446169796 -1.120287960992728 100.001238844701817 0.500006364641079
0.188800000000000 0.999999999996860 0.406732536520804 -1.108977448895133 100.001238844701675 0.500006357411389
0.188900000000000 0.999999999996856 0.406511933150922 -1.097223418710479 100.001238844701533 0.500006350682466
0.189000000000000 0.999999999996853 0.406293724274331 -1.085030701554720 100.001238844701376 0.500006343021994
0.189100000000000 0.999999999996855 0.406077997158754 -1.072403931808308 100.001238844701135 0.500006337060951
0.189200000000000 0.999999999996853 0.405864838095395 -1.059348234246680 100.001238844701021 0.500006331960742
0.189300000000000 0.999999999996851 0.405654332332451 -1.045868916756080 100.001238844700723 0.500006326788944
0.189400000000000 0.999999999996849 0.405446564052847 -1.031971326568765 100.001238844700651 0.500006321999388
0.189500000000000 0.999999999996847 0.405241616354457 -1.017660964677552 100.001238844700566 0.500006318165830
0.189600000000000 0.999999999996844 0.405039571184234 -1.002943842686242 100.001238844700453 0.500006312345802
0.189700000000000 0.999999999996843 0.404840509332233 -0.987825528264127 100.001238844700282 0.500006307764374
0.189800000000000 0.999999999996842 0.404644510414163 -0.972312181146023 100.001238844699969 0.500006303271144
0.189900000000000 0.999999999996839 0.404451652801858 -0.956410086593681 100.001238844699742 0.500006298081267
0.190000000000000 0.999999999996839 0.404262013627974 -0.940125356920359 100.001238844699742 0.500006294564107
0.190100000000000 0.999999999996835 0.404075668730332 -0.923464823919834 100.001238844699515 0.500006289688460
0.190200000000000 0.999999999996836 0.403892692604842 -0.906435081636176 100.001238844699344 0.500006284133990
0.190300000000000 0.999999999996834 0.403713158417709 -0.889042832887663 100.001238844699145 0.500006278895544
0.190400000000000 0.999999999996832 0.403537137969978 -0.871295025156124 100.001238844698946 0.500006274034544
0.190500000000000 0.999999999996830 0.403364701659412 -0.853198744727952 100.001238844698733 0.500006269637191
0.190600000000000 0.999999999996828 0.403195918454162 -0.834761201020882 100.001238844698634 0.500006265919881
0.190700000000000 0.999999999996828 0.403030855845725 -0.815989954592915 100.001238844698491 0.500006261311559
0.190800000000000 0.999999999996825 0.402869579837769 -0.796892330137526 100.001238844698179 0.500006257326010
0.190900000000000 0.999999999996824 0.402712154936632 -0.777475970245384 100.001238844698037 0.500006253897398
0.191000000000000 0.999999999996821 0.402558644099232 -0.757748726514251 100.001238844697895 0.500006250336089
0.191100000000000 0.999999999996819 0.402409108699496 -0.737718577382016 100.001238844697795 0.500006245984798
0.191200000000000 0.999999999996819 0.402263608529141 -0.717393372995935 100.001238844697440 0.500006242056189
0.191300000000000 0.999999999996816 0.402122201786569 -0.696781198394688 100.001238844697497 0.500006238839384
0.191400000000000 0.999999999996816 0.401984945020655 -0.675890462872668 100.001238844697269 0.500006235157737
0.191500000000000 0.999999999996812 0.401851893115058 -0.654729410520243 100.001238844696985 0.500006231779478
0.191600000000000 0.999999999996809 0.401723099295048 -0.633306375799492 100.001238844696843 0.500006229516542
0.191700000000000 0.999999999996809 0.401598615067051 -0.611630214479463 100.001238844696687 0.500006226504728
0.191800000000000 0.999999999996806 0.401478490198714 -0.589709477994451 100.001238844696559 0.500006223505865
0.191900000000000 0.999999999996805 0.401362772742062 -0.567552763719362 100.001238844696360 0.500006221505003
0.192000000000000 0.999999999996805 0.401251508986130 -0.545169095915400 100.001238844696161 0.500006219522772
0.192100000000000 0.999999999996802 0.401144743413332 -0.522567522356201 100.001238844696132 0.500006217048735
0.192200000000000 0.999999999996801 0.401042518705404 -0.499757008119008 100.001238844695933 0.500006214507360
0.192300000000000 0.999999999996802 0.400944875749558 -0.476746531861425 100.001238844695592 0.500006212614769
0.192400000000000 0.999999999996797 0.400851853599702 -0.453545445406952 100.001238844695706 0.500006210623409
0.192500000000000 0.999999999996794 0.400763489452564 -0.430162975147410 100.001238844695422 0.500006208781497
0.192600000000000 0.999999999996794 0.400679818643419 -0.406608507228759 100.001238844695294 0.500006206935661
0.192700000000000 0.999999999996792 0.400600874632042 -0.382891416442062 100.001238844695081 0.500006205274756
0.192800000000000 0.999999999996792 0.400526688994902 -0.359021159768757 100.001238844694939 0.500006203891760
0.192900000000000 0.999999999996789 0.400457291405425 -0.335007310678639 100.001238844694726 0.500006202667859
0.193000000000000 0.999999999996788 0.400392709615806 -0.310859510403292 100.001238844694598 0.500006201470532
0.193100000000000 0.999999999996786 0.400332969449852 -0.286587403646131 100.001238844694555 0.500006200344655
0.193200000000000 0.999999999996786 0.400278094795721 -0.262200704054868 100.001238844694313 0.500006199273948
0.193300000000000 0.999999999996782 0.400228107593418 -0.237709181097372 100.001238844694257 0.500006198222287
0.193400000000000 0.999999999996783 0.400183027830610 -0.213122591368069 100.001238844694001 0.500006197290061
0.193500000000000 0.999999999996783 0.400142873537771 -0.188450752408860 100.001238844693844 0.500006196504068
0.193600000000000 0.999999999996779 0.400107660773735 -0.163703559380347 100.001238844693674 0.500006195802649
0.193700000000000 0.999999999996777 0.400077403619077 -0.138890905377905 100.001238844693503 0.500006195194679
0.193800000000000 0.999999999996774 0.400052114168211 -0.114022759239298 100.001238844693376 0.500006194623600
0.193900000000000 0.999999999996772 0.400031802529745 -0.089109010213577 100.001238844693120 0.500006194170941
0.194000000000000 0.999999999996770 0.400016476828433 -0.064159608965548 100.001238844693006 0.500006193843724
0.194100000000000 0.999999999996770 0.400006143195829 -0.039184541481959 100.001238844692736 0.500006193629010
0.194200000000000 0.999999999996769 0.400000805769344 -0.014193768836808 100.001238844692537 0.500006193530349
0.194300000000000 0.999999999996767 0.400000466683901 0.010802656820985 100.001238844692338 0.500006193528146
0.194400000000000 0.999999999996764 0.400005126071239 0.035794749794212 100.001238844692352 0.500006193631196
0.194500000000000 0.999999999996764 0.400014782066349 0.060772521377345 100.001238844692139 0.500006193843500
0.194600000000000 0.999999999996760 0.400029430808259 0.085726001987910 100.001238844692125 0.500006194154384
0.194700000000000 0.999999999996758 0.400049066441709 0.110645213137318 100.001238844691983 0.500006194557756
0.194800000000000 0.999999999996761 0.400073681115617 0.135520180044597 100.001238844691869 0.500006195058692
0.194900000000000 0.999999999996757 0.400103264989189 0.160340981290126 100.001238844691500 0.500006195616128
0.195000000000000 0.999999999996756 0.400137806231443 0.185097622270762 100.001238844691670 0.500006196335219
0.195100000000000 0.999999999996754 0.400177291025313 0.209780241705136 100.001238844691073 0.500006197158778
0.195200000000000 0.999999999996752 0.400221703582597 0.234378988994933 100.001238844691386 0.500006198042745
0.195300000000000 0.999999999996749 0.400271026144127 0.258884003112446 100.001238844690988 0.500006199036883
0.195400000000000 0.999999999996750 0.400325238984304 0.283285481608877 100.001238844690562 0.500006200150799
0.195500000000000 0.999999999996749 0.400384320421858 0.307573665993487 100.001238844690519 0.500006201389131
0.195600000000000 0.999999999996746 0.400448246831737 0.331738876044997 100.001238844690548 0.500006202651192
0.195700000000000 0.999999999996744 0.400516992652703 0.355771428198824 100.001238844690405 0.500006203993369
0.195800000000000 0.999999999996743 0.400590530391823 0.379661687256590 100.001238844690164 0.500006205503650
0.195900000000000 0.999999999996743 0.400668830636754 0.403400093890993 100.001238844690150 0.500006207213077
0.196000000000000 0.999999999996741 0.400751862071968 0.426977175144371 100.001238844690022 0.500006209049991
0.196100000000000 0.999999999996738 0.400839591493696 0.450383519294862 100.001238844689937 0.500006210942806
0.196200000000000 0.999999999996736 0.400931983816310 0.473609716463065 100.001238844689624 0.500006213115580
0.196300000000000 0.999999999996737 0.401029002083856 0.496646471474227 100.001238844689425 0.500006215619564
0.196400000000000 0.999999999996734 0.401130607502373 0.519484702321361 100.001238844689354 0.500006217812023
0.196500000000000 0.999999999996732 0.401236759447599 0.542115183819239 100.001238844689070 0.500006220142858
0.196600000000000 0.999999999996730 0.401347415476767 0.564528953705528 100.001238844688942 0.500006222129786
0.196700000000000 0.999999999996728 0.401462531343918 0.586716936333567 100.001238844688743 0.500006224383939
0.196800000000000 0.999999999996726 0.401582061007576 0.608670261913215 100.001238844688672 0.500006226899223
0.196900000000000 0.999999999996727 0.401705956670454 0.630380242369055 100.001238844688515 0.500006229122524
0.197000000000000 0.999999999996724 0.401834168785660 0.651838055329631 100.001238844688345 0.500006231928009
0.197100000000000 0.999999999996722 0.401966646071676 0.673035181326323 100.001238844688132 0.500006234941001
0.197200000000000 0.999999999996720 0.402103335550461 0.693963176025128 100.001238844687975 0.500006237946080
0.197300000000000 0.999999999996720 0.402244182556036 0.714613600383966 100.001238844687862 0.500006241428432
0.197400000000000 0.999999999996716 0.402389130751456 0.734978180392848 100.001238844687634 0.500006245524892
0.197500000000000 0.999999999996715 0.402538122177700 0.755048972008955 100.001238844687549 0.500006248774262
0.197600000000000 0.999999999996714 0.402691097265719 0.774817815888565 100.001238844687236 0.500006252141335
0.197700000000000 0.999999999996711 0.402847994836139 0.794276768017738 100.001238844687265 0.500006255928181
0.197800000000000 0.999999999996711 0.403008752130265 0.813417976102068 100.001238844686782 0.500006260717985
0.197900000000000 0.999999999996710 0.403173304858461 0.832233983772677 100.001238844686924 0.500006264921196
0.198000000000000 0.999999999996705 0.403341587241228 0.850717351994840 100.001238844686640 0.500006267784422
0.198100000000000 0.999999999996707 0.403513531982197 0.868860338065370 100.001238844686981 0.500006272264226
0.198200000000000 0.999999999996706 0.403689070293720 0.886655778186774 100.001238844686640 0.500006277620452
0.198300000000000 0.999999999996702 0.403868131960035 0.904096553324626 100.001238844686185 0.500006283906378
0.198400000000000 0.999999999996699 0.404050645383394 0.921175967207086 100.001238844686043 0.500006288611085
0.198500000000000 0.999999999996698 0.404236537575872 0.937886808523283 100.001238844685986 0.500006295213175
0.198600000000000 0.999999999996698 0.404425734192980 0.954222719366117 100.001238844685886 0.500006300702718
0.198700000000000 0.999999999996695 0.404618159616065 0.970177320520251 100.001238844685872 0.500006303557648
0.198800000000000 0.999999999996693 0.404813736912897 0.985743846857664 100.001238844685247 0.500006307451314
0.198900000000000 0.999999999996694 0.405012387847513 1.000916026998852 100.001238844685446 0.500006312874327
0.199000000000000 0.999999999996691 0.405214032965437 1.015687948011948 100.001238844685233 0.500006318312146
0.199100000000000 0.999999999996688 0.405418591629447 1.030053695675422 100.001238844685233 0.500006323831780
0.199200000000000 0.999999999996689 0.405625982028960 1.044007450372281 100.001238844684707 0.500006330206096
0.199300000000000 0.999999999996686 0.405836121249599 1.057543998710897 100.001238844684593 0.500006333599570
0.199400000000000 0.999999999996686 0.406048925269125 1.070657458232054 100.001238844684593 0.500006338925839
0.199500000000000 0.999999999996683 0.406264308959936 1.083342661510384 100.001238844684352 0.500006345404157
0.199600000000000 0.999999999996682 0.406482186190220 1.095594741069531 100.001238844684025 0.500006350820118
0.199700000000000 0.999999999996680 0.406702469845519 1.107408734420927 100.001238844684167 0.500006355838664
0.199800000000000 0.999999999996678 0.406925071822708 1.118779715584213 100.001238844683883 0.500006362692037
0.199900000000000 0.999999999996677 0.407149903100830 1.129703436457446 100.001238844683797 0.500006368050079
0.200000000000000 0.999999999996674 0.407376873769802 1.140175244717988 100.001238844684110 0.500006375103398
0.200100000000000 0.999999999996673 0.407605893038311 1.150190980432925 100.001238844683343 0.500006383561888
0.200200000000000 0.999999999996671 0.407836869306101 1.159746720418987 100.001238844683570 0.500006392497021
0.200300000000000 0.999999999996670 0.408069710199069 1.168838642332352 100.001238844682788 0.500006401923783
0.200400000000000 0.999999999996669 0.408304322621623 1.177463359889332 100.001238844683598 0.500006408916664
0.200500000000000 0.999999999996667 0.408540612775805 1.185617231196223 100.001238844682845 0.500006415715183
0.200600000000000 0.999999999996664 0.408778486171987 1.193296981290165 100.001238844683058 0.500006422482637
0.200700000000000 0.999999999996662 0.409017847672311 1.200499401219869 100.001238844682433 0.500006430865106
0.200800000000000 0.999999999996661 0.409258601535915 1.207221668454954 100.001238844681623 0.500006440183329
0.200900000000000 0.999999999996659 0.409500651491142 1.213461301214457 100.001238844681637 0.500006447944486
0.201000000000000 0.999999999996656 0.409743900750612 1.219215621991856 100.001238844681552 0.500006456346207
0.201100000000000 0.999999999996656 0.409988252019177 1.224482225896078 100.001238844682263 0.500006466658655
0.201200000000000 0.999999999996655 0.410233607564794 1.229259152883291 100.001238844681524 0.500006477101452
0.201300000000000 0.999999999996653 0.410479869276187 1.233544570553202 100.001238844681424 0.500006486711947
0.201400000000000 0.999999999996651 0.410726938683541 1.237336725592574 100.001238844681254 0.500006495969145
0.201500000000000 0.999999999996650 0.410974716988632 1.240634084935604 100.001238844681041 0.500006505072587
0.201600000000000 0.999999999996649 0.411223105101280 1.243435264613486 100.001238844681581 0.500006514829342
0.201700000000000 0.999999999996645 0.411472003669820 1.245739030829526 100.001238844680529 0.500006526652522
0.201800000000000 0.999999999996643 0.411721313186955 1.247545063889486 100.001238844680529 0.500006533044546
0.201900000000000 0.999999999996643 0.411970933989323 1.248852117316067 100.001238844680003 0.500006540531447
0.202000000000000 0.999999999996640 0.412220766257543 1.249659885143503 100.001238844680898 0.500006546404848
0.202100000000000 0.999999999996641 0.412470710080762 1.249967755114677 100.001238844679591 0.500006554275523
0.202200000000000 0.999999999996636 0.412720665471393 1.249775561683809 100.001238844680316 0.500006564671498
0.202300000000000 0.999999999996635 0.412970532470569 1.249083772733878 100.001238844679207 0.500006572701933
0.202400000000000 0.999999999996633 0.413220211161090 1.247892331951720 100.001238844679534 0.500006582523373
0.202500000000000 0.999999999996633 0.413469601678552 1.246201823636939 100.001238844679591 0.500006592783531
0.202600000000000 0.999999999996628 0.413718604277377 1.244012851110242 100.001238844679619 0.500006604382393
0.202700000000000 0.999999999996630 0.413967119363400 1.241326325309980 100.001238844679733 0.500006616868432
0.202800000000000 0.999999999996628 0.414215047546173 1.238143372531160 100.001238844679023 0.500006629588480
0.202900000000000 0.999999999996627 0.414462289688352 1.234465400183088 100.001238844678596 0.500006640872505
0.203000000000000 0.999999999996623 0.414708746926412 1.230293739757400 100.001238844677943 0.500006652441620
0.203100000000000 0.999999999996622 0.414954320674616 1.225629831101017 100.001238844677516 0.500006667093736
0.203200000000000 0.999999999996619 0.415198912710211 1.220475867172995 100.001238844678539 0.500006680788715
0.203300000000000 0.999999999996619 0.415442425241648 1.214833971421395 100.001238844678653 0.500006692769085
0.203400000000000 0.999999999996616 0.415684760934916 1.208706594152301 100.001238844677957 0.500006700693076
0.203500000000000 0.999999999996615 0.415925822910011 1.202095830017940 100.001238844677744 0.500006708886126
0.203600000000000 0.999999999996616 0.416165514720115 1.195003906227780 100.001238844677630 0.500006722332711
0.203700000000000 0.999999999996613 0.416403740489637 1.187434313714932 100.001238844677403 0.500006733163037
0.203800000000000 0.999999999996613 0.416640404954346 1.179389673994094 100.001238844677331 0.500006746204652
0.203900000000000 0.999999999996611 0.416875413445893 1.170873325434540 100.001238844677260 0.500006759995433
0.204000000000000 0.999999999996608 0.417108671972386 1.161888694686271 100.001238844677431 0.500006774272852
0.204100000000000 0.999999999996607 0.417340087292254 1.152439861208115 100.001238844678042 0.500006783392218
0.204200000000000 0.999999999996606 0.417569566923461 1.142530346634378 100.001238844676124 0.500006790381451
0.204300000000000 0.999999999996603 0.417797019066506 1.132163441963746 100.001238844675726 0.500006802914345
0.204400000000000 0.999999999996603 0.418022352693550 1.121343577266112 100.001238844677061 0.500006817679058
0.204500000000000 0.999999999996600 0.418245477676596 1.110075325832586 100.001238844676521 0.500006831874791
0.204600000000000 0.999999999996598 0.418466304802893 1.098363270289741 100.001238844676180 0.500006844660579
0.204700000000000 0.999999999996597 0.418684745754497 1.086211772894070 100.001238844675171 0.500006859568609
0.204800000000000 0.999999999996595 0.418900713150507 1.073625838923340 100.001238844676152 0.500006874966724
0.204900000000000 0.999999999996595 0.419114120649666 1.060610865666625 100.001238844674873 0.500006886946976
0.205000000000000 0.999999999996594 0.419324882922567 1.047171571407013 100.001238844675839 0.500006900710083
0.205100000000000 0.999999999996590 0.419532915658118 1.033313420308544 100.001238844674646 0.500006915266527
0.205200000000000 0.999999999996588 0.419738135685006 1.019042356990309 100.001238844675655 0.500006926452151
0.205300000000000 0.999999999996587 0.419940460961493 1.004363727203278 100.001238844675470 0.500006938005896
0.205400000000000 0.999999999996584 0.420139810555060 0.989283273147330 100.001238844674702 0.500006951181252
0.205500000000000 0.999999999996583 0.420336104730174 0.973807227307812 100.001238844674475 0.500006963937739
0.205600000000000 0.999999999996583 0.420529264971828 0.957941563857906 100.001238844674475 0.500006978350608
0.205700000000000 0.999999999996581 0.420719214005828 0.941692713500264 100.001238844673850 0.500006993535322
0.205800000000000 0.999999999996577 0.420905875895894 0.925067634781269 100.001238844674049 0.500007005151961
0.205900000000000 0.999999999996576 0.421089176031413 0.908072622610586 100.001238844673708 0.500007016553811
0.206000000000000 0.999999999996575 0.421269041118852 0.890714551555255 100.001238844673139 0.500007027032489
0.206100000000000 0.999999999996575 0.421445399208222 0.872999982918850 100.001238844673338 0.500007039963797
0.206200000000000 0.999999999996569 0.421618179746438 0.854936324286629 100.001238844672855 0.500007052439954
0.206300000000000 0.999999999996569 0.421787313672815 0.836531105757090 100.001238844673139 0.500007061873275
0.206400000000000 0.999999999996569 0.421952733336596 0.817790887960989 100.001238844672486 0.500007074995331
0.206500000000000 0.999999999996567 0.422114372519360 0.798723429760515 100.001238844672358 0.500007089484106
0.206600000000000 0.999999999996565 0.422272166592634 0.779336883670500 100.001238844672400 0.500007101093995
0.206700000000000 0.999999999996563 0.422426052465615 0.759638467838383 100.001238844672216 0.500007114057992
0.206800000000000 0.999999999996560 0.422575968591833 0.739636404142438 100.001238844671747 0.500007125703773
0.206900000000000 0.999999999996559 0.422721855066022 0.719338897114741 100.001238844671946 0.500007134579587
0.207000000000000 0.999999999996558 0.422863653512028 0.698753019693029 100.001238844671832 0.500007148220405
0.207100000000000 0.999999999996558 0.423001307167336 0.677887840536028 100.001238844671803 0.500007160571696
0.207200000000000 0.999999999996556 0.423134761048490 0.656752103361701 100.001238844671235 0.500007169016936
0.207300000000000 0.999999999996555 0.423263961825056 0.635353575511446 100.001238844671349 0.500007178200941
0.207400000000000 0.999999999996551 0.423388857819041 0.613701016148114 100.001238844671249 0.500007186792061
0.207500000000000 0.999999999996550 0.423509399080621 0.591802953165413 100.001238844670638 0.500007195596357
0.207600000000000 0.999999999996548 0.423625537405304 0.569668310889062 100.001238844670880 0.500007203601273
0.207700000000000 0.999999999996545 0.423737226332639 0.547305606160401 100.001238844670297 0.500007212709814
0.207800000000000 0.999999999996545 0.423844421185518 0.524724160148886 100.001238844670524 0.500007220777436
0.207900000000000 0.999999999996544 0.423947079089123 0.501932679620813 100.001238844669970 0.500007229519266
0.208000000000000 0.999999999996542 0.424045158922889 0.478939983707660 100.001238844669786 0.500007240287349
0.208100000000000 0.999999999996537 0.424138621451327 0.455756121601098 100.001238844669672 0.500007248857847
0.208200000000000 0.999999999996537 0.424227429349748 0.432390159140307 100.001238844669416 0.500007256308423
0.208300000000000 0.999999999996536 0.424311547117795 0.408851264006258 100.001238844669444 0.500007263450912
0.208400000000000 0.999999999996535 0.424390941132175 0.385149043456608 100.001238844669118 0.500007269502683
0.208500000000000 0.999999999996532 0.424465579627129 0.361292467545387 100.001238844669217 0.500007276441475
0.208600000000000 0.999999999996532 0.424535432704720 0.337291238862704 100.001238844668705 0.500007283536614
0.208700000000000 0.999999999996528 0.424600472450441 0.313155500161438 100.001238844668507 0.500007288931820
0.208800000000000 0.999999999996525 0.424660672913441 0.288894746241230 100.001238844668705 0.500007293278591
0.208900000000000 0.999999999996526 0.424716010028026 0.264518333419420 100.001238844668393 0.500007297636081
0.209000000000000 0.999999999996525 0.424766461633358 0.240035949646253 100.001238844668094 0.500007302090030
0.209100000000000 0.999999999996522 0.424812007535102 0.215457583885944 100.001238844668080 0.500007306094173
0.209200000000000 0.999999999996521 0.424852629470268 0.190792550953802 100.001238844667768 0.500007310693992
0.209300000000000 0.999999999996519 0.424888311158219 0.166051365793472 100.001238844667768 0.500007314475406
0.209400000000000 0.999999999996515 0.424919038311533 0.141243449788700 100.001238844667554 0.500007318235115
0.209500000000000 0.999999999996514 0.424944798683980 0.116379792387527 100.001238844667270 0.500007320432838
0.209600000000000 0.999999999996513 0.424965582062414 0.091469743730685 100.001238844667171 0.500007322054412
0.209700000000000 0.999999999996511 0.424981380129474 0.066522899231252 100.001238844666787 0.500007323461700
0.209800000000000 0.999999999996510 0.424992186527136 0.041549268826250 100.001238844666787 0.500007324527657
0.209900000000000 0.999999999996507 0.424997996933751 0.016559199675396 100.001238844666602 0.500007325054936
0.210000000000000 0.999999999996505 0.424998809082949 -0.008437087770539 100.001238844666290 0.500007325123926
0.210100000000000 0.999999999996504 0.424994622635748 -0.033430554678478 100.001238844666219 0.500007324735026
0.210200000000000 0.999999999996499 0.424985439216087 -0.058410600534019 100.001238844666020 0.500007323889519
0.210300000000000 0.999999999996500 0.424971262503892 -0.083367264747668 100.001238844665622 0.500007322593413
0.210400000000000 0.999999999996499 0.424952098186878 -0.108290426486708 100.001238844665522 0.500007320994225
0.210500000000000 0.999999999996499 0.424927953925931 -0.133170476773360 100.001238844665465 0.500007318742044
0.210600000000000 0.999999999996497 0.424898839373405 -0.157997111963182 100.001238844665551 0.500007316256201
0.210700000000000 0.999999999996495 0.424864766216846 -0.182760275294429 100.001238844665068 0.500007313837291
0.210800000000000 0.999999999996492 0.424825748123769 -0.207450217211724 100.001238844664996 0.500007311331241
0.210900000000000 0.999999999996492 0.424781800629603 -0.232058017790519 100.001238844664897 0.500007306709503
0.211000000000000 0.999999999996488 0.424732941258937 -0.256572709257383 100.001238844664542 0.500007302323702
0.211100000000000 0.999999999996488 0.424679189562909 -0.280984975655125 100.001238844664499 0.500007297018189
0.211200000000000 0.999999999996487 0.424620567016577 -0.305284909462842 100.001238844664385 0.500007291131789
0.211300000000000 0.999999999996484 0.424557097085429 -0.329462493261514 100.001238844664158 0.500007285604047
0.211400000000000 0.999999999996482 0.424488805136971 -0.353508741028516 100.001238844663888 0.500007278233943
0.211500000000000 0.999999999996482 0.424415718499086 -0.377413025590573 100.001238844663717 0.500007272519762
0.211600000000000 0.999999999996479 0.424337866430024 -0.401166661411502 100.001238844663675 0.500007265347831
0.211700000000000 0.999999999996478 0.424255280055725 -0.424759668140758 100.001238844663817 0.500007258575443
0.211800000000000 0.999999999996475 0.424167992437101 -0.448182659062609 100.001238844663391 0.500007252092466
0.211900000000000 0.999999999996475 0.424076038427897 -0.471427109075175 100.001238844663220 0.500007242102216
0.212000000000000 0.999999999996472 0.423979454765301 -0.494482707233576 100.001238844662879 0.500007233192472
0.212100000000000 0.999999999996471 0.423878280141043 -0.517340202568276 100.001238844662794 0.500007225677047
0.212200000000000 0.999999999996469 0.423772555043685 -0.539990884420205 100.001238844662680 0.500007217449655
0.212300000000000 0.999999999996467 0.423662321732449 -0.562425756664302 100.001238844662453 0.500007208140211
0.212400000000000 0.999999999996466 0.423547624269064 -0.584635791051337 100.001238844662396 0.500007198016864
0.212500000000000 0.999999999996464 0.423428508529254 -0.606611870829586 100.001238844662268 0.500007188449681
0.212600000000000 0.999999999996463 0.423305022175988 -0.628345236691797 100.001238844661913 0.500007179334265
0.212700000000000 0.999999999996461 0.423177214601609 -0.649827354742338 100.001238844661842 0.500007169725674
0.212800000000000 0.999999999996458 0.423045136917039 -0.671049574180986 100.001238844661657 0.500007160013042
0.212900000000000 0.999999999996457 0.422908841933193 -0.692003541581054 100.001238844661430 0.500007149305514
0.213000000000000 0.999999999996457 0.422768384128064 -0.712680946281519 100.001238844661486 0.500007137081204
0.213100000000000 0.999999999996453 0.422623819696096 -0.733072921811679 100.001238844661316 0.500007127595700
0.213200000000000 0.999999999996454 0.422475206474348 -0.753171905218106 100.001238844660747 0.500007116630262
0.213300000000000 0.999999999996451 0.422322603850951 -0.772969959753303 100.001238844660719 0.500007103353364
0.213400000000000 0.999999999996450 0.422166072810337 -0.792459055334442 100.001238844660605 0.500007088548636
0.213500000000000 0.999999999996448 0.422005675973799 -0.811630851805246 100.001238844660662 0.500007076546149
0.213600000000000 0.999999999996447 0.421841477520129 -0.830478106632059 100.001238844660463 0.500007064019310
0.213700000000000 0.999999999996444 0.421673543132788 -0.848993018767286 100.001238844660193 0.500007053179598
0.213800000000000 0.999999999996440 0.421501940015770 -0.867168173731655 100.001238844660051 0.500007044208436
0.213900000000000 0.999999999996441 0.421326736768037 -0.884997050359281 100.001238844660065 0.500007030652520
0.214000000000000 0.999999999996439 0.421148003415367 -0.902471899933569 100.001238844659497 0.500007017869818
0.214100000000000 0.999999999996439 0.420965811452636 -0.919585770878602 100.001238844659525 0.500007005573251
0.214200000000000 0.999999999996436 0.420780233757046 -0.936331795148546 100.001238844659383 0.500006994020005
0.214300000000000 0.999999999996435 0.420591344565747 -0.952703235883867 100.001238844659028 0.500006983629215
0.214400000000000 0.999999999996430 0.420399219427705 -0.968693713247213 100.001238844658701 0.500006972847058
0.214500000000000 0.999999999996431 0.420203935179255 -0.984296733595415 100.001238844658999 0.500006962638183
0.214600000000000 0.999999999996428 0.420005569889658 -0.999506457106989 100.001238844658758 0.500006949064465
0.214700000000000 0.999999999996428 0.419804202810540 -1.014316907260869 100.001238844658531 0.500006930966634
0.214800000000000 0.999999999996425 0.419599914455219 -1.028721437415858 100.001238844658388 0.500006915620853
0.214900000000000 0.999999999996423 0.419392786561404 -1.042714443821774 100.001238844657962 0.500006901496630
0.215000000000000 0.999999999996421 0.419182901991446 -1.056290290310709 100.001238844658047 0.500006889062162
0.215100000000000 0.999999999996420 0.418970344712127 -1.069443562609415 100.001238844657962 0.500006878215095
0.215200000000000 0.999999999996418 0.418755199713734 -1.082169442152530 100.001238844657763 0.500006864253859
0.215300000000000 0.999999999996416 0.418537553025902 -1.094462356353561 100.001238844657365 0.500006852375670
0.215400000000000 0.999999999996414 0.418317491736411 -1.106317284681611 100.001238844657166 0.500006843787907
0.215500000000000 0.999999999996414 0.418095103854205 -1.117730038931333 100.001238844657024 0.500006832422582
0.215600000000000 0.999999999996413 0.417870478262259 -1.128696074459565 100.001238844656910 0.500006818011784
0.215700000000000 0.999999999996410 0.417643704784481 -1.139210526869156 100.001238844656768 0.500006805936929
0.215800000000000 0.999999999996407 0.417414874133429 -1.149269365414749 100.001238844656541 0.500006794257969
0.215900000000000 0.999999999996408 0.417184077772785 -1.158869116078428 100.001238844656399 0.500006776657604
0.216000000000000 0.999999999996407 0.416951407990463 -1.168005009821667 100.001238844656768 0.500006763867919
0.216100000000000 0.999999999996405 0.416716957894830 -1.176673597793366 100.001238844656484 0.500006753573865
0.216200000000000 0.999999999996400 0.416480821255345 -1.184871726000789 100.001238844655830 0.500006742126931
0.216300000000000 0.999999999996400 0.416243092492567 -1.192596035453866 100.001238844655731 0.500006730474412
0.216400000000000 0.999999999996397 0.416003866658584 -1.199843572875640 100.001238844656143 0.500006716996221
0.216500000000000 0.999999999996398 0.415763239415100 -1.206611195335090 100.001238844655518 0.500006704620336
0.216600000000000 0.999999999996395 0.415521307016440 -1.212896114891740 100.001238844655816 0.500006694352078
0.216700000000000 0.999999999996392 0.415278166211694 -1.218696169805434 100.001238844655006 0.500006681943143
0.216800000000000 0.999999999996392 0.415033914193327 -1.224009094542118 100.001238844654836 0.500006666720045
0.216900000000000 0.999999999996391 0.414788648667042 -1.228832019622378 100.001238844654267 0.500006657800651
0.217000000000000 0.999999999996387 0.414542467766094 -1.233163529692568 100.001238844654068 0.500006648919324
0.217100000000000 0.999999999996388 0.414295469919078 -1.237002098351625 100.001238844654296 0.500006637538276
0.217200000000000 0.999999999996387 0.414047753900160 -1.240345793105923 100.001238844653642 0.500006628570266
0.217300000000000 0.999999999996384 0.413799418750114 -1.243193881205259 100.001238844654608 0.500006614526245
0.217400000000000 0.999999999996382 0.413550563743635 -1.245544757742195 100.001238844653784 0.500006601187300
0.217500000000000 0.999999999996381 0.413301288420695 -1.247397362872562 100.001238844653727 0.500006590054287
0.217600000000000 0.999999999996380 0.413051692489415 -1.248751083791466 100.001238844653031 0.500006579539903
0.217700000000000 0.999999999996376 0.412801875756911 -1.249605539920872 100.001238844653912 0.500006567641278
0.217800000000000 0.999999999996376 0.412551938100010 -1.249960420684612 100.001238844652136 0.500006553972237
0.217900000000000 0.999999999996372 0.412301979480063 -1.249815188272929 100.001238844652534 0.500006543485988
0.218000000000000 0.999999999996370 0.412052099889287 -1.249170068947484 100.001238844652278 0.500006534084332
0.218100000000000 0.999999999996371 0.411802399262301 -1.248025413407465 100.001238844653301 0.500006524612306
0.218200000000000 0.999999999996369 0.411552977435485 -1.246381858306487 100.001238844653201 0.500006512842260
0.218300000000000 0.999999999996365 0.411303934163286 -1.244239588690096 100.001238844651880 0.500006504666004
0.218400000000000 0.999999999996365 0.411055369070694 -1.241599699970471 100.001238844651596 0.500006497107236
0.218500000000000 0.999999999996363 0.410807381573998 -1.238463193549175 100.001238844651539 0.500006490839787
0.218600000000000 0.999999999996362 0.410560070856957 -1.234831392538209 100.001238844652534 0.500006485008311
0.218700000000000 0.999999999996361 0.410313535803321 -1.230705972069315 100.001238844651311 0.500006476866401
0.218800000000000 0.999999999996357 0.410067874976604 -1.226088460852811 100.001238844651056 0.500006467919493
0.218900000000000 0.999999999996356 0.409823186604608 -1.220980688385364 100.001238844650942 0.500006458386197
0.219000000000000 0.999999999996355 0.409579568557358 -1.215384404714940 100.001238844650743 0.500006451839610
0.219100000000000 0.999999999996353 0.409337118294564 -1.209301958326812 100.001238844651482 0.500006446915134
0.219200000000000 0.999999999996351 0.409095932761174 -1.202736151623133 100.001238844651581 0.500006439135601
0.219300000000000 0.999999999996350 0.408856108401211 -1.195689192492096 100.001238844650175 0.500006433545925
0.219400000000000 0.999999999996348 0.408617741117012 -1.188164283552037 100.001238844651169 0.500006425538905
0.219500000000000 0.999999999996349 0.408380926202798 -1.180164315322096 100.001238844649890 0.500006416554357
0.219600000000000 0.999999999996346 0.408145758359406 -1.171692328037761 100.001238844649748 0.500006408479164
0.219700000000000 0.999999999996344 0.407912331636686 -1.162751787879571 100.001238844649578 0.500006400391051
0.219800000000000 0.999999999996341 0.407680739386988 -1.153346203344774 100.001238844650516 0.500006393068016
0.219900000000000 0.999999999996340 0.407451074223040 -1.143479470324005 100.001238844650402 0.500006384955872
0.220000000000000 0.999999999996340 0.407223427981356 -1.133155449146726 100.001238844649009 0.500006377044101
0.220100000000000 0.999999999996339 0.406997891679526 -1.122378474074400 100.001238844650032 0.500006367013722
0.220200000000000 0.999999999996334 0.406774555504151 -1.111152522133173 100.001238844649919 0.500006358626444
0.220300000000000 0.999999999996333 0.406553508785021 -1.099482176983899 100.001238844648640 0.500006350810800
0.220400000000000 0.999999999996333 0.406334839946326 -1.087371914896905 100.001238844649549 0.500006345644967
0.220500000000000 0.999999999996332 0.406118636435261 -1.074827028286999 100.001238844648384 0.500006338213706
0.220600000000000 0.999999999996328 0.405904984701706 -1.061852213024835 100.001238844649265 0.500006332002360
0.220700000000000 0.999999999996329 0.405693970218050 -1.048452533800211 100.001238844649038 0.500006328293596
0.220800000000000 0.999999999996326 0.405485677384714 -1.034633646165513 100.001238844647958 0.500006323933036
0.220900000000000 0.999999999996323 0.405280189484315 -1.020401079049548 100.001238844648697 0.500006318912568
0.221000000000000 0.999999999996322 0.405077588683157 -1.005760465992996 100.001238844647446 0.500006313842260
0.221100000000000 0.999999999996322 0.404877955993878 -0.990717710334822 100.001238844648441 0.500006308242700
0.221200000000000 0.999999999996321 0.404681371238610 -0.975278816880589 100.001238844648242 0.500006302240320
0.221300000000000 0.999999999996319 0.404487913020852 -0.959449965204363 100.001238844647531 0.500006295798885
0.221400000000000 0.999999999996317 0.404297658702900 -0.943237393031455 100.001238844647332 0.500006289816204
0.221500000000000 0.999999999996314 0.404110684386047 -0.926647469794099 100.001238844647190 0.500006285348401
0.221600000000000 0.999999999996313 0.403927064857696 -0.909686965312230 100.001238844646906 0.500006281102704
0.221700000000000 0.999999999996311 0.403746873552432 -0.892362642385244 100.001238844646906 0.500006277253177
0.221800000000000 0.999999999996308 0.403570182522087 -0.874681562703136 100.001238844646636 0.500006272607656
0.221900000000000 0.999999999996308 0.403397062428233 -0.856650571691402 100.001238844646636 0.500006269152805
0.222000000000000 0.999999999996306 0.403227582512182 -0.838277025242522 100.001238844646338 0.500006265612722
0.222100000000000 0.999999999996306 0.403061810532514 -0.819568397104660 100.001238844646153 0.500006260949397
0.222200000000000 0.999999999996301 0.402899812761922 -0.800532076059600 100.001238844645997 0.500006255970926
0.222300000000000 0.999999999996300 0.402741653999102 -0.781175414349560 100.001238844645812 0.500006252758940
0.222400000000000 0.999999999996298 0.402587397513722 -0.761506344346529 100.001238844645627 0.500006249755281
0.222500000000000 0.999999999996295 0.402437104985321 -0.741532840858733 100.001238844645371 0.500006246134037
0.222600000000000 0.999999999996295 0.402290836509071 -0.721262774649874 100.001238844645314 0.500006242786765
0.222700000000000 0.999999999996293 0.402148650583873 -0.700704237379602 100.001238844645172 0.500006239806975
0.222800000000000 0.999999999996293 0.402010604068849 -0.679865534466169 100.001238844644973 0.500006236599388
0.222900000000000 0.999999999996290 0.401876752163500 -0.658754960382892 100.001238844644774 0.500006233444815
0.223000000000000 0.999999999996290 0.401747148397370 -0.637380922452629 100.001238844644718 0.500006230572871
0.223100000000000 0.999999999996286 0.401621844591338 -0.615752100054859 100.001238844644448 0.500006227146034
0.223200000000000 0.999999999996285 0.401500890850113 -0.593876978482113 100.001238844644178 0.500006224203173
0.223300000000000 0.999999999996285 0.401384335553522 -0.571764320194054 100.001238844644178 0.500006221634003
0.223400000000000 0.999999999996281 0.401272225321635 -0.549422963260257 100.001238844644092 0.500006219446103
0.223500000000000 0.999999999996280 0.401164604991013 -0.526861900524380 100.001238844643780 0.500006217302082
0.223600000000000 0.999999999996280 0.401061517590276 -0.504090224661931 100.001238844643751 0.500006214842893
0.223700000000000 0.999999999996275 0.400963004339884 -0.481116930974695 100.001238844643666 0.500006212653177
0.223800000000000 0.999999999996277 0.400869104641714 -0.457951207114952 100.001238844643382 0.500006210716140
0.223900000000000 0.999999999996275 0.400779856053141 -0.434602308908708 100.001238844643211 0.500006209053804
0.224000000000000 0.999999999996272 0.400695294266439 -0.411079632593033 100.001238844643041 0.500006207398066
0.224100000000000 0.999999999996272 0.400615453093701 -0.387392591154901 100.001238844642813 0.500006205733809
0.224200000000000 0.999999999996267 0.400540364457832 -0.363550661950481 100.001238844642614 0.500006204055261
0.224300000000000 0.999999999996266 0.400470058386128 -0.339563326688636 100.001238844642472 0.500006202563102
0.224400000000000 0.999999999996267 0.400404562993280 -0.315440226984426 100.001238844642330 0.500006201086190
0.224500000000000 0.999999999996264 0.400343904474308 -0.291190925508527 100.001238844642131 0.500006199893970
0.224600000000000 0.999999999996263 0.400288107094454 -0.266825155511642 100.001238844642103 0.500006198858653
0.224700000000000 0.999999999996260 0.400237193160523 -0.242352761459854 100.001238844641904 0.500006197712921
0.224800000000000 0.999999999996260 0.400191183029771 -0.217783407547312 100.001238844641691 0.500006196777985
0.224900000000000 0.999999999996257 0.400150095100039 -0.193127026637338 100.001238844641605 0.500006195812524
0.225000000000000 0.999999999996255 0.400113945799121 -0.168393390259128 100.001238844641321 0.500006195009633
0.225100000000000 0.999999999996252 0.400082749594115 -0.143592324351935 100.001238844641193 0.500006194459146
0.225200000000000 0.999999999996253 0.400056518969381 -0.118733825240210 100.001238844641051 0.500006194012928
0.225300000000000 0.999999999996251 0.400035264413771 -0.093827859712183 100.001238844640866 0.500006193637689
0.225400000000000 0.999999999996247 0.400018994423646 -0.068884393058171 100.001238844640710 0.500006193336948
0.225500000000000 0.999999999996246 0.400007715501719 -0.043913395270099 100.001238844640639 0.500006193123839
0.225600000000000 0.999999999996248 0.400001432156927 -0.018924836186252 100.001238844640483 0.500006193011413
0.225700000000000 0.999999999996244 0.400000146902696 0.006071297636240 100.001238844640383 0.500006192999964
0.225800000000000 0.999999999996243 0.400003860254920 0.031065017603928 100.001238844640227 0.500006193084485
0.225900000000000 0.999999999996240 0.400012570729355 0.056046308189555 100.001238844640000 0.500006193266783
0.226000000000000 0.999999999996239 0.400026274839764 0.081005162720393 100.001238844639971 0.500006193561553
0.226100000000000 0.999999999996237 0.400044967103325 0.105931619807895 100.001238844639659 0.500006193962076
0.226200000000000 0.999999999996235 0.400068640045234 0.130815720491160 100.001238844639431 0.500006194459022
0.226300000000000 0.999999999996235 0.400097284198479 0.155647499722138 100.001238844639317 0.500006195069410
0.226400000000000 0.999999999996231 0.400130888108478 0.180417048134863 100.001238844639246 0.500006195761617
0.226500000000000 0.999999999996231 0.400169438337428 0.205114438386299 100.001238844638678 0.500006196571690
0.226600000000000 0.999999999996228 0.400212919467301 0.229729793509713 100.001238844638863 0.500006197505226
0.226700000000000 0.999999999996226 0.400261314112975 0.254253323087479 100.001238844638721 0.500006198437349
0.226800000000000 0.999999999996225 0.400314602924419 0.278675162270005 100.001238844638721 0.500006199501127
0.226900000000000 0.999999999996225 0.400372764584552 0.302985501941497 100.001238844638181 0.500006200828229
0.227000000000000 0.999999999996223 0.400435775827046 0.327174659718142 100.001238844638280 0.500006202322212
0.227100000000000 0.999999999996221 0.400503611456084 0.351233021985347 100.001238844637868 0.500006203788951
0.227200000000000 0.999999999996219 0.400576244344552 0.375150887667944 100.001238844637740 0.500006205499111
0.227300000000000 0.999999999996216 0.400653645441344 0.398918721738410 100.001238844637314 0.500006207354638
0.227400000000000 0.999999999996216 0.400735783795279 0.422527050874141 100.001238844637413 0.500006209229963
0.227500000000000 0.999999999996214 0.400822626566107 0.445966456902551 100.001238844637385 0.500006211014804
0.227600000000000 0.999999999996212 0.400914139035763 0.469227579385786 100.001238844637157 0.500006212627952
0.227700000000000 0.999999999996211 0.401010284606837 0.492300978125050 100.001238844637186 0.500006214706482
0.227800000000000 0.999999999996210 0.401111024826891 0.515177554215573 100.001238844636902 0.500006216639955
0.227900000000000 0.999999999996207 0.401216319413107 0.537848091970357 100.001238844636546 0.500006218760402
0.228000000000000 0.999999999996205 0.401326126260625 0.560303588195962 100.001238844636561 0.500006220731106
0.228100000000000 0.999999999996204 0.401440401457226 0.582534971663266 100.001238844636433 0.500006223053389
0.228200000000000 0.999999999996204 0.401559099293055 0.604533331616249 100.001238844636205 0.500006225869099
0.228300000000000 0.999999999996201 0.401682172302026 0.626290019902719 100.001238844636134 0.500006228289971
0.228400000000000 0.999999999996202 0.401809571278057 0.647796281544465 100.001238844636077 0.500006230627056
0.228500000000000 0.999999999996199 0.401941245276829 0.669043487280767 100.001238844635679 0.500006233058601
0.228600000000000 0.999999999996197 0.402077141636659 0.690023089821832 100.001238844635708 0.500006235928577
0.228700000000000 0.999999999996195 0.402217206001187 0.710726689957068 100.001238844635395 0.500006239324460
0.228800000000000 0.999999999996194 0.402361382349274 0.731146041775698 100.001238844635154 0.500006243029384
0.228900000000000 0.999999999996190 0.402509613013824 0.751272925034860 100.001238844635367 0.500006247458350
0.229000000000000 0.999999999996190 0.402661838727902 0.771099562048443 100.001238844634884 0.500006250579843
0.229100000000000 0.999999999996188 0.402817998636800 0.790617853927439 100.001238844634685 0.500006253647745
0.229200000000000 0.999999999996185 0.402978030274621 0.809819781402670 100.001238844634557 0.500006258366375
0.229300000000000 0.999999999996184 0.403141869627866 0.828697892349542 100.001238844634301 0.500006262951553
0.229400000000000 0.999999999996183 0.403309451180327 0.847244609505992 100.001238844634443 0.500006267623963
0.229500000000000 0.999999999996180 0.403480707921130 0.865452561844562 100.001238844634003 0.500006271988633
0.229600000000000 0.999999999996180 0.403655571370224 0.883314425828293 100.001238844634045 0.500006276395555
0.229700000000000 0.999999999996178 0.403833971607496 0.900823124817513 100.001238844633860 0.500006280249263
0.229800000000000 0.999999999996176 0.404015837303521 0.917971643381614 100.001238844633633 0.500006283647612
0.229900000000000 0.999999999996174 0.404201095713753 0.934752839966255 100.001238844633718 0.500006289199399
0.230000000000000 0.999999999996173 0.404389672728318 0.951160201932251 100.001238844633178 0.500006295109571
0.230100000000000 0.999999999996171 0.404581492942721 0.967187296566000 100.001238844633207 0.500006300151404
0.230200000000000 0.999999999996170 0.404776479644877 0.982827479055894 100.001238844633207 0.500006306587696
0.230300000000000 0.999999999996168 0.404974554869634 0.998074874943351 100.001238844633093 0.500006310692534
0.230400000000000 0.999999999996167 0.405175639416068 1.012922979838469 100.001238844632795 0.500006316482655
0.230500000000000 0.999999999996165 0.405379652854234 1.027366008247055 100.001238844632780 0.500006322450792
0.230600000000000 0.999999999996164 0.405586513594094 1.041398155929644 100.001238844632226 0.500006328891507
0.230700000000000 0.999999999996163 0.405796138905815 1.055013820988727 100.001238844632340 0.500006335712856
0.230800000000000 0.999999999996159 0.406008444973032 1.068207742826814 100.001238844632013 0.500006340962951
0.230900000000000 0.999999999996159 0.406223346911780 1.080974503624420 100.001238844632113 0.500006346120170
0.231000000000000 0.999999999996156 0.406440758776281 1.093308901067833 100.001238844631786 0.500006352232162
0.231100000000000 0.999999999996154 0.406660593613723 1.105206068191974 100.001238844631615 0.500006358596187
0.231200000000000 0.999999999996153 0.406882763515529 1.116661315382483 100.001238844631587 0.500006364457384
0.231300000000000 0.999999999996151 0.407107179647639 1.127670074050243 100.001238844631416 0.500006369663041
0.231400000000000 0.999999999996151 0.407333752267109 1.138227821961772 100.001238844631018 0.500006375555036
0.231500000000000 0.999999999996149 0.407562390744278 1.148330209408417 100.001238844630990 0.500006383602838
0.231600000000000 0.999999999996147 0.407793003643875 1.157973544110048 100.001238844630720 0.500006389830566
0.231700000000000 0.999999999996144 0.408025498740854 1.167153609899733 100.001238844630564 0.500006398387499
0.231800000000000 0.999999999996143 0.408259783039575 1.175866915471786 100.001238844630407 0.500006407199710
0.231900000000000 0.999999999996141 0.408495762853470 1.184110046250229 100.001238844630251 0.500006415441929
0.232000000000000 0.999999999996142 0.408733343829947 1.191879755721153 100.001238844629597 0.500006422508877
0.232100000000000 0.999999999996136 0.408972430962333 1.199172747371374 100.001238844629384 0.500006430646402
0.232200000000000 0.999999999996135 0.409212928650961 1.205986386479217 100.001238844629768 0.500006436475289
0.232300000000000 0.999999999996135 0.409454740739255 1.212317739405892 100.001238844630677 0.500006442492348
0.232400000000000 0.999999999996132 0.409697770506022 1.218164090851701 100.001238844629427 0.500006450925668
0.232500000000000 0.999999999996130 0.409941920759910 1.223523462897081 100.001238844628631 0.500006457398865
0.232600000000000 0.999999999996130 0.410187093856163 1.228393291380932 100.001238844629498 0.500006467052996
0.232700000000000 0.999999999996127 0.410433191697823 1.232771612897675 100.001238844628688 0.500006480105650
0.232800000000000 0.999999999996126 0.410680115869536 1.236657216845707 100.001238844628745 0.500006489903848
0.232900000000000 0.999999999996124 0.410927767673646 1.240048491283734 100.001238844629171 0.500006497142212
0.233000000000000 0.999999999996125 0.411176048100655 1.242943926394378 100.001238844628290 0.500006503711572
0.233100000000000 0.999999999996121 0.411424857835754 1.245341972814157 100.001238844628205 0.500006514477023
0.233200000000000 0.999999999996119 0.411674097360727 1.247242146152515 100.001238844627466 0.500006523535071
0.233300000000000 0.999999999996117 0.411923667047852 1.248643843986156 100.001238844628460 0.500006528911773
0.233400000000000 0.999999999996116 0.412173467091927 1.249545886895459 100.001238844627707 0.500006538327805
0.233500000000000 0.999999999996113 0.412423397559211 1.249948174622237 100.001238844627679 0.500006548529531
0.233600000000000 0.999999999996113 0.412673358468015 1.249850320307135 100.001238844627309 0.500006562338102
0.233700000000000 0.999999999996110 0.412923249846218 1.249252813964664 100.001238844627679 0.500006574112803
0.233800000000000 0.999999999996109 0.413172971787181 1.248155823846394 100.001238844627323 0.500006584733722
0.233900000000000 0.999999999996107 0.413422424428152 1.246559610485859 100.001238844626585 0.500006596420971
0.234000000000000 0.999999999996105 0.413671507996289 1.244464816668169 100.001238844627224 0.500006609111499
0.234100000000000 0.999999999996103 0.413920122875244 1.241872362637169 100.001238844626087 0.500006621770530
0.234200000000000 0.999999999996102 0.414168169639850 1.238783243269905 100.001238844625732 0.500006634912094
0.234300000000000 0.999999999996100 0.414415549100834 1.235198822923069 100.001238844626300 0.500006646932008
0.234400000000000 0.999999999996097 0.414662162385216 1.231120905766306 100.001238844625988 0.500006653259810
0.234500000000000 0.999999999996096 0.414907910890594 1.226550381173617 100.001238844625789 0.500006663041454
0.234600000000000 0.999999999996097 0.415152696322990 1.221489446431331 100.001238844625675 0.500006671723370
0.234700000000000 0.999999999996093 0.415396420787268 1.215939896650743 100.001238844625604 0.500006682099189
0.234800000000000 0.999999999996093 0.415638986783564 1.209903884687561 100.001238844625433 0.500006694954019
0.234900000000000 0.999999999996090 0.415880297302210 1.203384169361720 100.001238844624993 0.500006706094215
0.235000000000000 0.999999999996088 0.416120255862892 1.196383281043410 100.001238844625121 0.500006716455503
0.235100000000000 0.999999999996088 0.416358766508528 1.188903922794127 100.001238844625533 0.500006727194178
0.235200000000000 0.999999999996086 0.416595733857496 1.180949144169408 100.001238844623998 0.500006737606337
0.235300000000000 0.999999999996083 0.416831063162304 1.172522239706671 100.001238844624581 0.500006746356623
0.235400000000000 0.999999999996083 0.417064660251940 1.163625664942707 100.001238844624851 0.500006764144662
0.235500000000000 0.999999999996079 0.417296431646881 1.154263899122373 100.001238844623984 0.500006780144012
0.235600000000000 0.999999999996080 0.417526284701103 1.144440812107588 100.001238844623231 0.500006792926464
0.235700000000000 0.999999999996077 0.417754127499231 1.134159816435354 100.001238844623771 0.500006808415251
0.235800000000000 0.999999999996074 0.417979868915983 1.123425405211602 100.001238844623728 0.500006822243785
0.235900000000000 0.999999999996073 0.418203418699190 1.112241821940900 100.001238844622961 0.500006834985418
0.236000000000000 0.999999999996073 0.418424687445739 1.100613309470436 100.001238844622293 0.500006849192938
0.236100000000000 0.999999999996070 0.418643586665971 1.088544763501904 100.001238844623288 0.500006862140141
0.236200000000000 0.999999999996070 0.418860028837263 1.076040960100630 100.001238844622264 0.500006874389302
0.236300000000000 0.999999999996068 0.419073927415008 1.063106901676174 100.001238844622819 0.500006885925259
0.236400000000000 0.999999999996066 0.419285196852659 1.049747569935849 100.001238844622662 0.500006898771323
0.236500000000000 0.999999999996064 0.419493752632323 1.035968264162489 100.001238844622549 0.500006913334715
0.236600000000000 0.999999999996064 0.419699511356447 1.021774894038454 100.001238844621696 0.500006925450904
0.236700000000000 0.999999999996060 0.419902390783605 1.007173115768383 100.001238844621071 0.500006935377839
0.236800000000000 0.999999999996056 0.420102309766334 0.992168209080140 100.001238844622137 0.500006948763317
0.236900000000000 0.999999999996058 0.420299188329838 0.976766618171516 100.001238844621653 0.500006961124592
0.237000000000000 0.999999999996055 0.420492947774207 0.960974656194232 100.001238844622861 0.500006970990238
0.237100000000000 0.999999999996052 0.420683510594283 0.944797948943179 100.001238844622350 0.500006985000258
0.237200000000000 0.999999999996052 0.420870800555574 0.928243587485287 100.001238844623003 0.500006997177368
0.237300000000000 0.999999999996050 0.421054742760807 0.911317852392255 100.001238844620858 0.500007010696086
0.237400000000000 0.999999999996048 0.421235263650490 0.894027841314134 100.001238844620701 0.500007022523344
0.237500000000000 0.999999999996048 0.421412291043407 0.876380239329107 100.001238844620744 0.500007034738585
0.237600000000000 0.999999999996045 0.421585754138302 0.858382156661749 100.001238844619365 0.500007046852421
0.237700000000000 0.999999999996044 0.421755583583861 0.840040994959449 100.001238844620943 0.500007057120512
0.237800000000000 0.999999999996041 0.421921711482084 0.821363880339366 100.001238844619650 0.500007067339954
0.237900000000000 0.999999999996042 0.422084071391816 0.802358257894332 100.001238844619508 0.500007077692690
0.238000000000000 0.999999999996039 0.422242598332563 0.783031284724376 100.001238844619905 0.500007091670514
0.238100000000000 0.999999999996039 0.422397228841216 0.763390978573934 100.001238844619678 0.500007106844384
0.238200000000000 0.999999999996038 0.422547901086753 0.743445653663309 100.001238844619479 0.500007119664154
0.238300000000000 0.999999999996036 0.422694554849825 0.723203111780939 100.001238844619337 0.500007131507925
0.238400000000000 0.999999999996032 0.422837131480602 0.702671242150667 100.001238844619209 0.500007143872852
0.238500000000000 0.999999999996029 0.422975573953525 0.681858400838556 100.001238844619053 0.500007155698486
0.238600000000000 0.999999999996031 0.423109826918478 0.660772987632637 100.001238844618825 0.500007166475849
0.238700000000000 0.999999999996027 0.423239836728220 0.639423633861634 100.001238844618641 0.500007174949017
0.238800000000000 0.999999999996025 0.423365551434122 0.617818705312787 100.001238844618527 0.500007182325229
0.238900000000000 0.999999999996025 0.423486920695095 0.595965894048482 100.001238844618229 0.500007194408433
0.239000000000000 0.999999999996022 0.423603895889757 0.573874702551506 100.001238844617959 0.500007206368252
0.239100000000000 0.999999999996023 0.423716430266048 0.551554341367899 100.001238844617973 0.500007216059529
0.239200000000000 0.999999999996017 0.423824478886363 0.529013741780634 100.001238844617745 0.500007223594099
0.239300000000000 0.999999999996016 0.423927998550782 0.506261351082544 100.001238844617404 0.500007232050570
0.239400000000000 0.999999999996014 0.424026947824948 0.483306372931625 100.001238844617532 0.500007240796804
0.239500000000000 0.999999999996014 0.424121287149266 0.460158362882095 100.001238844617319 0.500007247995445
0.239600000000000 0.999999999996011 0.424210978786264 0.436825975941020 100.001238844617063 0.500007256454626
0.239700000000000 0.999999999996011 0.424295986836932 0.413318944247866 100.001238844616864 0.500007264295272
0.239800000000000 0.999999999996010 0.424376277361759 0.389647139876409 100.001238844616665 0.500007269641230
0.239900000000000 0.999999999996009 0.424451818317300 0.365819660727401 100.001238844616580 0.500007274127141
0.240000000000000 0.999999999996004 0.424522579453028 0.341845319362173 100.001238844616211 0.500007280352414
0.240100000000000 0.999999999996001 0.424588532448112 0.317734610495625 100.001238844616211 0.500007285048155
0.240200000000000 0.999999999996003 0.424649650910410 0.293496333306943 100.001238844615955 0.500007290950427
0.240300000000000 0.999999999995999 0.424705910353957 0.269140740588404 100.001238844615926 0.500007296235130
0.240400000000000 0.999999999996000 0.424757288278494 0.244677444300522 100.001238844615671 0.500007301254601
0.240500000000000 0.999999999995996 0.424803764148355 0.220116479022730 100.001238844615500 0.500007305385440
0.240600000000000 0.999999999995994 0.424845319409093 0.195467631458947 100.001238844615386 0.500007308787651
0.240700000000000 0.999999999995994 0.424881937431774 0.170740355204045 100.001238844615159 0.500007312267534
0.240800000000000 0.999999999995990 0.424913603544946 0.145944785043641 100.001238844615074 0.500007315304342
0.240900000000000 0.999999999995990 0.424940305067835 0.121090689214777 100.001238844614846 0.500007318085946
0.241000000000000 0.999999999995987 0.424962031336344 0.096188471195555 100.001238844614619 0.500007320026308
0.241100000000000 0.999999999995987 0.424978773698939 0.071247856856238 100.001238844614576 0.500007321470282
0.241200000000000 0.999999999995985 0.424990525448607 0.046278561607910 100.001238844614235 0.500007322603364
0.241300000000000 0.999999999995984 0.424997281860744 0.021290693167904 100.001238844613994 0.500007323288562
0.241400000000000 0.999999999995979 0.424999040249825 -0.003705455416016 100.001238844613880 0.500007323466619
0.241500000000000 0.999999999995981 0.424995799932048 -0.028700161548224 100.001238844613681 0.500007323210236
0.241600000000000 0.999999999995980 0.424987562201222 -0.053683372308580 100.001238844613539 0.500007322523292
0.241700000000000 0.999999999995975 0.424974330351787 -0.078645130376303 100.001238844613226 0.500007321393139
0.241800000000000 0.999999999995973 0.424956109657430 -0.103575600924985 100.001238844613155 0.500007319677927
0.241900000000000 0.999999999995974 0.424932907371386 -0.128464824847157 100.001238844612914 0.500007317284231
0.242000000000000 0.999999999995972 0.424904732765865 -0.153302564425188 100.001238844612899 0.500007314527658
0.242100000000000 0.999999999995969 0.424871597106705 -0.178079121132968 100.001238844612601 0.500007311076880
0.242200000000000 0.999999999995966 0.424833513647747 -0.202784312055150 100.001238844612331 0.500007307395680
0.242300000000000 0.999999999995965 0.424790497619773 -0.227408548168656 100.001238844612203 0.500007302935636
0.242400000000000 0.999999999995963 0.424742566220461 -0.251941754300666 100.001238844612175 0.500007298176011
0.242500000000000 0.999999999995963 0.424689738658103 -0.276373889169587 100.001238844611990 0.500007293772229
0.242600000000000 0.999999999995959 0.424632036085522 -0.300695548681794 100.001238844611763 0.500007288825666
0.242700000000000 0.999999999995957 0.424569481539327 -0.324897305608058 100.001238844611322 0.500007282379505
0.242800000000000 0.999999999995955 0.424502100035909 -0.348968785694312 100.001238844611379 0.500007276613706
0.242900000000000 0.999999999995954 0.424429918571201 -0.372900552464640 100.001238844611294 0.500007271016163
0.243000000000000 0.999999999995953 0.424352965999744 -0.396683467226957 100.001238844610981 0.500007264005030
0.243100000000000 0.999999999995952 0.424271273106454 -0.420307363044191 100.001238844610896 0.500007258134407
0.243200000000000 0.999999999995948 0.424184872642962 -0.443762730050326 100.001238844610583 0.500007253860906
0.243300000000000 0.999999999995948 0.424093799157839 -0.467041115756411 100.001238844610484 0.500007247172990
0.243400000000000 0.999999999995947 0.423998088993394 -0.490133041895666 100.001238844610270 0.500007238658517
0.243500000000000 0.999999999995945 0.423897780401731 -0.513028873251950 100.001238844610285 0.500007230188400
0.243600000000000 0.999999999995945 0.423792913510810 -0.535719489662453 100.001238844609844 0.500007221619509
0.243700000000000 0.999999999995942 0.423683530254757 -0.558195943403573 100.001238844609901 0.500007212290045
0.243800000000000 0.999999999995939 0.423569674332679 -0.580449543350424 100.001238844609560 0.500007200478571
0.243900000000000 0.999999999995937 0.423451391276267 -0.602470645480918 100.001238844609688 0.500007190431319
0.244000000000000 0.999999999995935 0.423328728414034 -0.624250921541518 100.001238844609333 0.500007179386734
0.244100000000000 0.999999999995934 0.423201734874372 -0.645780707965972 100.001238844608991 0.500007173360829
0.244200000000000 0.999999999995933 0.423070461504659 -0.667052455521224 100.001238844608963 0.500007165763074
0.244300000000000 0.999999999995932 0.422934960712670 -0.688058131840387 100.001238844608963 0.500007153293353
0.244400000000000 0.999999999995929 0.422795286649159 -0.708788334498561 100.001238844608594 0.500007142669733
0.244500000000000 0.999999999995928 0.422651495179574 -0.729235313196324 100.001238844608565 0.500007130148423
0.244600000000000 0.999999999995927 0.422503643811692 -0.749390391526617 100.001238844608338 0.500007119339210
0.244700000000000 0.999999999995926 0.422351791697262 -0.769245803232938 100.001238844608423 0.500007108128961
0.244800000000000 0.999999999995923 0.422195999535448 -0.788793851500134 100.001238844607940 0.500007094619787
0.244900000000000 0.999999999995922 0.422036329620691 -0.808026273682034 100.001238844607926 0.500007082272400
0.245000000000000 0.999999999995920 0.421872845827872 -0.826935520046292 100.001238844607713 0.500007070009455
0.245100000000000 0.999999999995918 0.421705613505902 -0.845514408774390 100.001238844607656 0.500007054675109
0.245200000000000 0.999999999995917 0.421534699545877 -0.863754698614962 100.001238844607371 0.500007043087619
0.245300000000000 0.999999999995917 0.421360172375114 -0.881649250587674 100.001238844607201 0.500007034072037
0.245400000000000 0.999999999995916 0.421182101801480 -0.899191410067303 100.001238844607087 0.500007023282719
0.245500000000000 0.999999999995912 0.421000559024669 -0.916373913236887 100.001238844606917 0.500007012918933
0.245600000000000 0.999999999995911 0.420815616611946 -0.933190347486521 100.001238844606803 0.500006998766747
0.245700000000000 0.999999999995909 0.420627348482701 -0.949633603525519 100.001238844606419 0.500006984319864
0.245800000000000 0.999999999995906 0.420435829931107 -0.965697032732987 100.001238844606277 0.500006970282293
0.245900000000000 0.999999999995905 0.420241137544284 -0.981374362597895 100.001238844606235 0.500006955208869
0.246000000000000 0.999999999995900 0.420043349205758 -0.996658901977272 100.001238844605751 0.500006943251665
0.246100000000000 0.999999999995902 0.419842544064379 -1.011544677035293 100.001238844605624 0.500006933129539
0.246200000000000 0.999999999995899 0.419638802397146 -1.026026383733784 100.001238844605467 0.500006918296436
0.246300000000000 0.999999999995896 0.419432205647857 -1.040097663906320 100.001238844605609 0.500006904485372
0.246400000000000 0.999999999995897 0.419222836479747 -1.053752671530615 100.001238844605552 0.500006894028168
0.246500000000000 0.999999999995894 0.419010778642726 -1.066986385771377 100.001238844605126 0.500006882357711
0.246600000000000 0.999999999995891 0.418796116893128 -1.079793769309029 100.001238844605183 0.500006866715870
0.246700000000000 0.999999999995890 0.418578937071007 -1.092169021868359 100.001238844604927 0.500006854387410
0.246800000000000 0.999999999995887 0.418359326051259 -1.104107583303323 100.001238844604586 0.500006841188803
0.246900000000000 0.999999999995888 0.418137371642096 -1.115604693997577 100.001238844604515 0.500006826946806
0.247000000000000 0.999999999995885 0.417913162624837 -1.126655373467448 100.001238844604217 0.500006815940405
0.247100000000000 0.999999999995884 0.417686788663250 -1.137255777559795 100.001238844604117 0.500006801731641
0.247200000000000 0.999999999995883 0.417458340268110 -1.147401282600386 100.001238844603904 0.500006788661516
0.247300000000000 0.999999999995879 0.417227908800875 -1.157088000490293 100.001238844603762 0.500006774809626
0.247400000000000 0.999999999995880 0.416995586411476 -1.166311938724908 100.001238844603577 0.500006761550272
0.247500000000000 0.999999999995877 0.416761466016157 -1.175069421638090 100.001238844603520 0.500006748748096
0.247600000000000 0.999999999995874 0.416525641238382 -1.183357054907061 100.001238844603265 0.500006735145563
0.247700000000000 0.999999999995875 0.416288206397227 -1.191171277115318 100.001238844603193 0.500006723673195
0.247800000000000 0.999999999995873 0.416049256466034 -1.198509102685015 100.001238844602938 0.500006712700242
0.247900000000000 0.999999999995871 0.415808887007268 -1.205367630977854 100.001238844603876 0.500006701832264
0.248000000000000 0.999999999995868 0.415567194177396 -1.211743816393073 100.001238844603250 0.500006694736524
0.248100000000000 0.999999999995868 0.415324274629555 -1.217635736701263 100.001238844603392 0.500006683832206
0.248200000000000 0.999999999995866 0.415080225477372 -1.223040715728810 100.001238844602312 0.500006672992409
0.248300000000000 0.999999999995864 0.414835144304399 -1.227956726925083 100.001238844602653 0.500006660569151
0.248400000000000 0.999999999995863 0.414589129114270 -1.232381597732384 100.001238844600721 0.500006649097287
0.248500000000000 0.999999999995857 0.414342278291451 -1.236313685138282 100.001238844601843 0.500006637027286
0.248600000000000 0.999999999995858 0.414094690564048 -1.239751206125624 100.001238844602000 0.500006626967568
0.248700000000000 0.999999999995857 0.413846464969738 -1.242692832882403 100.001238844601545 0.500006618352155
0.248800000000000 0.999999999995856 0.413597700743692 -1.245137929094857 100.001238844601431 0.500006604473085
0.248900000000000 0.999999999995853 0.413348497352768 -1.247084818959877 100.001238844600678 0.500006594013877
0.249000000000000 0.999999999995853 0.413098954489244 -1.248532911329439 100.001238844600749 0.500006584650916
0.249100000000000 0.999999999995851 0.412849171938664 -1.249481869544045 100.001238844601318 0.500006573362275
0.249200000000000 0.999999999995850 0.412599249548610 -1.249931412358172 100.001238844599982 0.500006558921507
0.249300000000000 0.999999999995845 0.412349287242249 -1.249881067970485 100.001238844600380 0.500006544982595
0.249400000000000 0.999999999995847 0.412099385031550 -1.249330416650521 100.001238844600209 0.500006537048229
0.249500000000000 0.999999999995844 0.411849642927232 -1.248279883163175 100.001238844600891 0.500006532561690
0.249600000000000 0.999999999995842 0.411600160798638 -1.246730460459520 100.001238844599541 0.500006524372134
0.249700000000000 0.999999999995840 0.411351038385867 -1.244682452669710 100.001238844599271 0.500006516422138
0.249800000000000 0.999999999995838 0.411102375301124 -1.242136831383258 100.001238844599627 0.500006506816629
0.249900000000000 0.999999999995837 0.410854270979356 -1.239094403527836 100.001238844599499 0.500006498185122
0.250000000000000 0.999999999995836 0.410606824645878 -1.235556449432119 100.001238844599897 0.500006489738428
0.250100000000000 0.999999999995834 0.410360135246960 -1.231524483292926 100.001238844598618 0.500006480253222
0.250200000000000 0.999999999995833 0.410114301438662 -1.226999895213126 100.001238844599555 0.500006472472743
0.250300000000000 0.999999999995832 0.409869421514176 -1.221984923120790 100.001238844599342 0.500006461139857
0.250400000000000 0.999999999995829 0.409625593389464 -1.216481105127452 100.001238844598291 0.500006451987338
0.250500000000000 0.999999999995828 0.409382914580534 -1.210490894940190 100.001238844597893 0.500006441932388
0.250600000000000 0.999999999995824 0.409141482110354 -1.204016775678163 100.001238844597850 0.500006429930326
0.250700000000000 0.999999999995825 0.408901392563723 -1.197060639010330 100.001238844598731 0.500006424379697
0.250800000000000 0.999999999995824 0.408662741993653 -1.189625915674439 100.001238844597452 0.500006417463521
0.250900000000000 0.999999999995820 0.408425625821969 -1.181715493626748 100.001238844597310 0.500006410212124
0.251000000000000 0.999999999995820 0.408190138862745 -1.173332552980580 100.001238844598163 0.500006402436205
0.251100000000000 0.999999999995819 0.407956375293073 -1.164480294919224 100.001238844597012 0.500006395914156
0.251200000000000 0.999999999995814 0.407724428594323 -1.155162465240031 100.001238844597353 0.500006388243354
0.251300000000000 0.999999999995813 0.407494391508270 -1.145382719049605 100.001238844597182 0.500006380263889
0.251400000000000 0.999999999995812 0.407266356042051 -1.135144748681433 100.001238844597026 0.500006374478028
0.251500000000000 0.999999999995810 0.407040413397051 -1.124452919789167 100.001238844596756 0.500006367782276
0.251600000000000 0.999999999995808 0.406816653920123 -1.113311413857221 100.001238844596600 0.500006361251396
0.251700000000000 0.999999999995807 0.406595167098144 -1.101724649298044 100.001238844596429 0.500006355296717
0.251800000000000 0.999999999995806 0.406376041524440 -1.089697143250440 100.001238844596344 0.500006351185469
0.251900000000000 0.999999999995804 0.406159364833759 -1.077233962661646 100.001238844596031 0.500006346093706
0.252000000000000 0.999999999995802 0.405945223661656 -1.064340035751512 100.001238844596088 0.500006340644530
0.252100000000000 0.999999999995799 0.405733703630229 -1.051020567851328 100.001238844595875 0.500006334331179
0.252200000000000 0.999999999995800 0.405524889320003 -1.037280772947411 100.001238844595576 0.500006328354038
0.252300000000000 0.999999999995798 0.405318864246686 -1.023126084161492 100.001238844595633 0.500006323341572
0.252400000000000 0.999999999995797 0.405115710791913 -1.008562409963017 100.001238844595321 0.500006316751629
0.252500000000000 0.999999999995794 0.404915510180138 -0.993595420597200 100.001238844595065 0.500006310173903
0.252600000000000 0.999999999995792 0.404718342491832 -0.978230878525992 100.001238844594866 0.500006305810566
0.252700000000000 0.999999999995791 0.404524286576084 -0.962475334212523 100.001238844594695 0.500006299655323
0.252800000000000 0.999999999995790 0.404333420024181 -0.946334824774979 100.001238844594667 0.500006294286520
0.252900000000000 0.999999999995787 0.404145819169393 -0.929815887708335 100.001238844594454 0.500006288905227
0.253000000000000 0.999999999995783 0.403961559032352 -0.912925116680884 100.001238844594326 0.500006283630208
0.253100000000000 0.999999999995784 0.403780713295363 -0.895669299029631 100.001238844594099 0.500006278167151
0.253200000000000 0.999999999995782 0.403603354283592 -0.878055226436075 100.001238844593985 0.500006273495696
0.253300000000000 0.999999999995781 0.403429552939875 -0.860089925770652 100.001238844593857 0.500006269738164
0.253400000000000 0.999999999995777 0.403259378775253 -0.841780687149776 100.001238844593701 0.500006265961538
0.253500000000000 0.999999999995777 0.403092899838398 -0.823134845998005 100.001238844593530 0.500006262058330
0.253600000000000 0.999999999995776 0.402930182699804 -0.804159854813362 100.001238844593360 0.500006258071949
0.253700000000000 0.999999999995774 0.402771292432687 -0.784863232127086 100.001238844593217 0.500006254564665
0.253800000000000 0.999999999995774 0.402616292570333 -0.765252855464724 100.001238844593047 0.500006250272363
0.253900000000000 0.999999999995770 0.402465245098117 -0.745336336487567 100.001238844592820 0.500006246982543
0.254000000000000 0.999999999995768 0.402318210425002 -0.725121822206675 100.001238844592649 0.500006243308118
0.254100000000000 0.999999999995769 0.402175247346018 -0.704617309545104 100.001238844592649 0.500006239897650
0.254200000000000 0.999999999995766 0.402036413032584 -0.683831038172329 100.001238844592280 0.500006236466052
0.254300000000000 0.999999999995765 0.401901763013503 -0.662771196657403 100.001238844592081 0.500006233856199
0.254400000000000 0.999999999995764 0.401771351153056 -0.641446236636436 100.001238844591910 0.500006231829159
0.254500000000000 0.999999999995761 0.401645229592684 -0.619864940263879 100.001238844591768 0.500006228748644
0.254600000000000 0.999999999995759 0.401523448749697 -0.598035774044822 100.001238844591654 0.500006225690821
0.254700000000000 0.999999999995758 0.401406057320709 -0.575967473649996 100.001238844591597 0.500006222626758
0.254800000000000 0.999999999995755 0.401293102257577 -0.553668754208163 100.001238844591285 0.500006220187941
0.254900000000000 0.999999999995756 0.401184628751857 -0.531148502411236 100.001238844591171 0.500006218500923
0.255000000000000 0.999999999995751 0.401080680187645 -0.508415905445282 100.001238844591114 0.500006216568549
0.255100000000000 0.999999999995750 0.400981298118273 -0.485480089019481 100.001238844590858 0.500006214245296
0.255200000000000 0.999999999995750 0.400886522283395 -0.462350071106046 100.001238844590688 0.500006212307153
0.255300000000000 0.999999999995748 0.400796390585919 -0.439035198021336 100.001238844590517 0.500006210292352
0.255400000000000 0.999999999995745 0.400710939055812 -0.415544855016392 100.001238844590233 0.500006207956160
0.255500000000000 0.999999999995744 0.400630201866326 -0.391888225284654 100.001238844590034 0.500006206197216
0.255600000000000 0.999999999995743 0.400554211316977 -0.368074856806267 100.001238844589935 0.500006204630106
0.255700000000000 0.999999999995741 0.400482997795553 -0.344114325121563 100.001238844589807 0.500006203056905
0.255800000000000 0.999999999995737 0.400416589776720 -0.320016189373694 100.001238844589622 0.500006201567946
0.255900000000000 0.999999999995737 0.400355013818699 -0.295790056859973 100.001238844589381 0.500006200258385
0.256000000000000 0.999999999995735 0.400298294552117 -0.271445598940287 100.001238844589295 0.500006199165509
0.256100000000000 0.999999999995732 0.400246454668329 -0.246992536867872 100.001238844589011 0.500006198307514
0.256200000000000 0.999999999995731 0.400199514903550 -0.222440696660670 100.001238844589011 0.500006197547017
0.256300000000000 0.999999999995730 0.400157494025527 -0.197799942083438 100.001238844588840 0.500006196785547
0.256400000000000 0.999999999995727 0.400120408832090 -0.173080112642636 100.001238844588556 0.500006196069450
0.256500000000000 0.999999999995725 0.400088274146530 -0.148291112565148 100.001238844588471 0.500006195380923
0.256600000000000 0.999999999995727 0.400061102817668 -0.123442784155827 100.001238844588272 0.500006194838263
0.256700000000000 0.999999999995725 0.400038905716814 -0.098545058856551 100.001238844588073 0.500006194433743
0.256800000000000 0.999999999995721 0.400021691723028 -0.073607934420284 100.001238844588045 0.500006194116113
0.256900000000000 0.999999999995720 0.400009467720828 -0.048641363449879 100.001238844587732 0.500006193902773
0.257000000000000 0.999999999995717 0.400002238599890 -0.023655335914229 100.001238844587604 0.500006193785950
0.257100000000000 0.999999999995717 0.400000007250768 0.001340143510784 100.001238844587391 0.500006193761785
0.257200000000000 0.999999999995713 0.400002774562621 0.026335058199005 100.001238844587292 0.500006193837791
0.257300000000000 0.999999999995715 0.400010539423268 0.051319415284533 100.001238844587192 0.500006194027052
0.257400000000000 0.999999999995713 0.400023298725297 0.076283257036682 100.001238844586965 0.500006194320688
0.257500000000000 0.999999999995709 0.400041047365765 0.101216580546581 100.001238844586794 0.500006194732605
0.257600000000000 0.999999999995707 0.400063778247916 0.126109448647873 100.001238844586595 0.500006195230817
0.257700000000000 0.999999999995707 0.400091482282120 0.150951866968977 100.001238844586396 0.500006195859815
0.257800000000000 0.999999999995705 0.400124148388929 0.175733935674278 100.001238844586425 0.500006196571480
0.257900000000000 0.999999999995704 0.400161763508376 0.200445746702834 100.001238844585998 0.500006197353099
0.258000000000000 0.999999999995700 0.400204312594757 0.225077345394516 100.001238844586140 0.500006198349785
0.258100000000000 0.999999999995701 0.400251778630705 0.249618970207512 100.001238844585728 0.500006199377224
0.258200000000000 0.999999999995696 0.400304142639556 0.274060785672734 100.001238844585487 0.500006200474059
0.258300000000000 0.999999999995695 0.400361383682217 0.298393003693273 100.001238844585544 0.500006201672984
0.258400000000000 0.999999999995695 0.400423478867046 0.322605885200035 100.001238844585345 0.500006203000600
0.258500000000000 0.999999999995693 0.400490403365202 0.346689798283058 100.001238844585146 0.500006204290477
0.258600000000000 0.999999999995690 0.400562130415317 0.370635043917779 100.001238844584961 0.500006205765983
0.258700000000000 0.999999999995690 0.400638631332097 0.394432083095882 100.001238844584790 0.500006207298652
0.258800000000000 0.999999999995689 0.400719875523445 0.418071382912661 100.001238844584535 0.500006208950141
0.258900000000000 0.999999999995687 0.400805830500659 0.441543513457380 100.001238844584350 0.500006210621547
0.259000000000000 0.999999999995686 0.400896461889437 0.464839043543934 100.001238844584620 0.500006212506679
0.259100000000000 0.999999999995685 0.400991733445543 0.487948702989123 100.001238844584350 0.500006214400147
0.259200000000000 0.999999999995682 0.401091607068893 0.510863202419872 100.001238844583895 0.500006216531788
0.259300000000000 0.999999999995680 0.401196042816574 0.533573400962426 100.001238844583952 0.500006218796257
0.259400000000000 0.999999999995680 0.401304998932921 0.556070315888864 100.001238844583924 0.500006220655591
0.259500000000000 0.999999999995676 0.401418431849583 0.578344795019538 100.001238844583497 0.500006222951173
0.259600000000000 0.999999999995677 0.401536296194840 0.600387958794760 100.001238844583639 0.500006225545441
0.259700000000000 0.999999999995672 0.401658544821584 0.622190928974165 100.001238844583327 0.500006228839469
0.259800000000000 0.999999999995670 0.401785128822652 0.643744983410855 100.001238844583085 0.500006232895020
0.259900000000000 0.999999999995669 0.401915997573088 0.665041666017856 100.001238844582858 0.500006236685019
0.260000000000000 0.999999999995670 0.402051098765275 0.686072608028715 100.001238844582844 0.500006239183167
0.260100000000000 0.999999999995665 0.402190378386410 0.706829120786304 100.001238844582559 0.500006242239860
0.260200000000000 0.999999999995665 0.402333780723819 0.727302894086904 100.001238844582517 0.500006245952044
0.260300000000000 0.999999999995666 0.402481248416653 0.747485753813298 100.001238844582247 0.500006250252248
0.260400000000000 0.999999999995662 0.402632722497955 0.767369814374664 100.001238844582033 0.500006253759777
0.260500000000000 0.999999999995661 0.402788142397942 0.786946930665422 100.001238844582019 0.500006257929329
0.260600000000000 0.999999999995658 0.402947445958763 0.806209367875092 100.001238844581991 0.500006262038402
0.260700000000000 0.999999999995656 0.403110569487995 0.825149511916054 100.001238844581707 0.500006265351873
0.260800000000000 0.999999999995654 0.403277447758310 0.843759622627430 100.001238844581593 0.500006269212751
0.260900000000000 0.999999999995655 0.403448014034219 0.862032364841056 100.001238844581380 0.500006272727517
0.261000000000000 0.999999999995654 0.403622200100860 0.879960273927473 100.001238844581025 0.500006277247302
0.261100000000000 0.999999999995649 0.403799936288489 0.897536266333452 100.001238844581238 0.500006282045944
0.261200000000000 0.999999999995649 0.403981151533245 0.914753488174699 100.001238844580797 0.500006285544897
0.261300000000000 0.999999999995647 0.404165773382766 0.931604900637969 100.001238844580826 0.500006289108719
0.261400000000000 0.999999999995646 0.404353727995768 0.948083648562067 100.001238844580840 0.500006293829638
0.261500000000000 0.999999999995645 0.404544940186519 0.964183144892163 100.001238844580115 0.500006299717469
0.261600000000000 0.999999999995644 0.404739333483350 0.979897118419378 100.001238844580215 0.500006305183289
0.261700000000000 0.999999999995641 0.404936830156673 0.995219261117859 100.001238844580186 0.500006310445231
0.261800000000000 0.999999999995639 0.405137351228358 1.010143394224661 100.001238844580058 0.500006316008062
0.261900000000000 0.999999999995639 0.405340816513215 1.024663625610278 100.001238844579660 0.500006321102448
0.262000000000000 0.999999999995637 0.405547144656939 1.038774155734419 100.001238844579660 0.500006325637417
0.262100000000000 0.999999999995634 0.405756253151901 1.052469247826015 100.001238844579547 0.500006330576778
0.262200000000000 0.999999999995634 0.405968058368724 1.065743416700333 100.001238844579376 0.500006336018104
0.262300000000000 0.999999999995630 0.406182475616054 1.078591536839981 100.001238844579206 0.500006340009693
0.262400000000000 0.999999999995630 0.406399419148003 1.091008180978953 100.001238844579134 0.500006345652358
0.262500000000000 0.999999999995628 0.406618802184675 1.102988433117654 100.001238844578751 0.500006352438768
0.262600000000000 0.999999999995627 0.406840536975278 1.114527502931194 100.001238844578566 0.500006360383405
0.262700000000000 0.999999999995623 0.407064534845998 1.125620950616457 100.001238844578594 0.500006367549163
0.262800000000000 0.999999999995621 0.407290706216665 1.136264147105298 100.001238844578268 0.500006376096975
0.262900000000000 0.999999999995622 0.407518960625816 1.146452910276735 100.001238844578126 0.500006385202492
0.263000000000000 0.999999999995618 0.407749206803951 1.156183348610730 100.001238844577898 0.500006392763614
0.263100000000000 0.999999999995619 0.407981352674095 1.165451268392530 100.001238844578126 0.500006402262094
0.263200000000000 0.999999999995616 0.408215305403053 1.174253304432087 100.001238844577500 0.500006409733911
0.263300000000000 0.999999999995615 0.408450971472343 1.182585972244992 100.001238844577443 0.500006414726598
0.263400000000000 0.999999999995615 0.408688256638196 1.190445493573084 100.001238844577188 0.500006422495194
0.263500000000000 0.999999999995612 0.408927065978780 1.197828870303516 100.001238844577415 0.500006431342488
0.263600000000000 0.999999999995608 0.409167303997178 1.204733353205502 100.001238844576960 0.500006438834006
0.263700000000000 0.999999999995609 0.409408874639516 1.211156121553150 100.001238844576761 0.500006445670810
0.263800000000000 0.999999999995605 0.409651681290981 1.217094381887125 100.001238844576747 0.500006454574790
0.263900000000000 0.999999999995604 0.409895626859052 1.222546154840407 100.001238844576321 0.500006460739175
0.264000000000000 0.999999999995604 0.410140613804589 1.227508950279368 100.001238844576022 0.500006467934362
0.264100000000000 0.999999999995604 0.410386544138819 1.231980755713175 100.001238844575965 0.500006476508511
0.264200000000000 0.999999999995601 0.410633319502794 1.235959889714721 100.001238844575141 0.500006485149301
0.264300000000000 0.999999999995597 0.410880841202585 1.239444678320779 100.001238844575596 0.500006494877292
0.264400000000000 0.999999999995598 0.411129010264975 1.242434007428063 100.001238844575681 0.500006502226301
0.264500000000000 0.999999999995597 0.411377727441097 1.244926230776838 100.001238844576704 0.500006512789023
0.264600000000000 0.999999999995592 0.411626893225227 1.246920425418835 100.001238844574829 0.500006525655901
0.264700000000000 0.999999999995592 0.411876407988564 1.248416290009518 100.001238844575127 0.500006534638188
0.264800000000000 0.999999999995590 0.412126171999989 1.249413100707407 100.001238844574488 0.500006541292420
0.264900000000000 0.999999999995590 0.412376085385487 1.249910145774253 100.001238844575283 0.500006549525469
0.265000000000000 0.999999999995586 0.412626048178801 1.249907219916629 100.001238844575369 0.500006559416790
0.265100000000000 0.999999999995585 0.412875960385396 1.249404242403802 100.001238844574971 0.500006571985927
0.265200000000000 0.999999999995583 0.413125722042097 1.248401607324092 100.001238844574971 0.500006584815552
0.265300000000000 0.999999999995583 0.413375233264864 1.246899710627746 100.001238844573479 0.500006597962414
0.265400000000000 0.999999999995581 0.413624394321039 1.244899678968527 100.001238844574942 0.500006604866021
0.265500000000000 0.999999999995580 0.413873105601791 1.242401619454763 100.001238844574033 0.500006614159252
0.265600000000000 0.999999999995576 0.414121267618455 1.239406621402648 100.001238844573763 0.500006624707390
0.265700000000000 0.999999999995575 0.414368781134943 1.235916128053962 100.001238844572953 0.500006633460835
0.265800000000000 0.999999999995570 0.414615547173818 1.231931278373620 100.001238844573436 0.500006643596119
0.265900000000000 0.999999999995570 0.414861467034272 1.227453702440587 100.001238844572740 0.500006654650485
0.266000000000000 0.999999999995569 0.415106442357088 1.222485184658421 100.001238844573635 0.500006666688298
0.266100000000000 0.999999999995569 0.415350375169596 1.217027808634214 100.001238844572782 0.500006678516645
0.266200000000000 0.999999999995568 0.415593167945709 1.211083957550892 100.001238844572839 0.500006687694556
0.266300000000000 0.999999999995564 0.415834723601935 1.204655673037111 100.001238844571674 0.500006698294408
0.266400000000000 0.999999999995563 0.416074945471652 1.197745069262685 100.001238844572100 0.500006715779311
0.266500000000000 0.999999999995562 0.416313737472714 1.190355901380761 100.001238844572057 0.500006728221395
0.266600000000000 0.999999999995559 0.416551004148906 1.182490669402458 100.001238844572015 0.500006741074956
0.266700000000000 0.999999999995557 0.416786650629469 1.174152716655231 100.001238844572612 0.500006751994518
0.266800000000000 0.999999999995557 0.417020582679752 1.165345071005019 100.001238844571844 0.500006764587427
0.266900000000000 0.999999999995554 0.417252706704771 1.156071090067073 100.001238844571773 0.500006780731764
0.267000000000000 0.999999999995551 0.417482929895052 1.146335290091569 100.001238844571333 0.500006791065921
0.267100000000000 0.999999999995551 0.417711160195647 1.136140685132008 100.001238844571589 0.500006805716853
0.267200000000000 0.999999999995549 0.417937306291830 1.125491658541250 100.001238844570452 0.500006821132868
0.267300000000000 0.999999999995547 0.418161277762137 1.114392779933807 100.001238844571262 0.500006833807303
0.267400000000000 0.999999999995545 0.418382985050151 1.102848121903583 100.001238844570167 0.500006847842705
0.267500000000000 0.999999999995543 0.418602339489632 1.090862509782190 100.001238844569997 0.500006860913685
0.267600000000000 0.999999999995543 0.418819253395928 1.078440940401391 100.001238844571546 0.500006870822610
0.267700000000000 0.999999999995539 0.419033640042247 1.065587996200864 100.001238844570167 0.500006881761770
0.267800000000000 0.999999999995538 0.419245413683147 1.052308907147669 100.001238844569571 0.500006892745386
0.267900000000000 0.999999999995538 0.419454489629977 1.038609012510831 100.001238844569542 0.500006903461777
0.268000000000000 0.999999999995537 0.419660784237164 1.024493398610580 100.001238844569599 0.500006917956236
0.268100000000000 0.999999999995532 0.419864214960062 1.009967992091656 100.001238844569201 0.500006933247995
0.268200000000000 0.999999999995532 0.420064700467329 0.995039011783845 100.001238844569400 0.500006945191749
0.268300000000000 0.999999999995530 0.420262160573547 0.979711690578802 100.001238844569798 0.500006961155023
0.268400000000000 0.999999999995529 0.420456516264633 0.963992501680636 100.001238844568292 0.500006977658448
0.268500000000000 0.999999999995528 0.420647689858428 0.947888308785725 100.001238844568448 0.500006989149184
0.268600000000000 0.999999999995525 0.420835604947139 0.931404982612215 100.001238844568462 0.500007001132634
0.268700000000000 0.999999999995523 0.421020186395520 0.914549380581653 100.001238844568576 0.500007011127329
0.268800000000000 0.999999999995524 0.421201360397553 0.897327938705017 100.001238844568320 0.500007021953333
0.268900000000000 0.999999999995522 0.421379054487123 0.879747619035178 100.001238844568320 0.500007032899486
0.269000000000000 0.999999999995519 0.421553197587055 0.861815351586290 100.001238844568050 0.500007044822244
0.269100000000000 0.999999999995519 0.421723720031246 0.843538315595171 100.001238844567638 0.500007057597993
0.269200000000000 0.999999999995516 0.421890553624939 0.824924052230869 100.001238844567752 0.500007069237740
0.269300000000000 0.999999999995513 0.422053631642814 0.805979713796105 100.001238844568206 0.500007082152796
0.269400000000000 0.999999999995513 0.422212888837596 0.786712921965549 100.001238844566529 0.500007095900648
0.269500000000000 0.999999999995510 0.422368261543855 0.767131886398183 100.001238844567766 0.500007106499086
0.269600000000000 0.999999999995509 0.422519687637753 0.747243808452618 100.001238844567169 0.500007118849390
0.269700000000000 0.999999999995506 0.422667106566137 0.727057192827836 100.001238844567013 0.500007128775048
0.269800000000000 0.999999999995505 0.422810459397690 0.706579761340337 100.001238844565933 0.500007138902491
0.269900000000000 0.999999999995503 0.422949688782639 0.685819600419588 100.001238844566871 0.500007149913527
0.270000000000000 0.999999999995501 0.423084738991767 0.664784835730442 100.001238844566643 0.500007162924297
0.270100000000000 0.999999999995499 0.423215556010309 0.643484477397332 100.001238844565322 0.500007173869340
0.270200000000000 0.999999999995497 0.423342087636608 0.621927669713980 100.001238844566203 0.500007178891921
0.270300000000000 0.999999999995497 0.423464283317830 0.600121743051099 100.001238844566075 0.500007186253293
0.270400000000000 0.999999999995493 0.423582094131517 0.578075671268591 100.001238844564824 0.500007194276482
0.270500000000000 0.999999999995493 0.423695472892362 0.555797848870621 100.001238844564597 0.500007205278632
0.270600000000000 0.999999999995490 0.423804374231017 0.533298050177871 100.001238844564341 0.500007214284801
0.270700000000000 0.999999999995489 0.423908754600569 0.510584735628692 100.001238844565677 0.500007224225591
0.270800000000000 0.999999999995490 0.424008572224754 0.487667134357360 100.001238844563915 0.500007234252896
0.270900000000000 0.999999999995487 0.424103787229650 0.464555061744509 100.001238844563872 0.500007241219013
0.271000000000000 0.999999999995483 0.424194361537374 0.441256646345231 100.001238844564625 0.500007250418034
0.271100000000000 0.999999999995481 0.424280258891443 0.417781972557894 100.001238844563886 0.500007258284578
0.271200000000000 0.999999999995481 0.424361444972364 0.394140347704858 100.001238844564710 0.500007265236496
0.271300000000000 0.999999999995479 0.424437887288649 0.370340729314872 100.001238844563716 0.500007273225452
0.271400000000000 0.999999999995477 0.424509555243157 0.346393111148112 100.001238844563545 0.500007280361747
0.271500000000000 0.999999999995475 0.424576420185454 0.322306966483690 100.001238844563645 0.500007287035662
0.271600000000000 0.999999999995476 0.424638455416841 0.298092348755225 100.001238844563190 0.500007291936688
0.271700000000000 0.999999999995474 0.424695636126680 0.273758078820378 100.001238844563275 0.500007297731231
0.271800000000000 0.999999999995471 0.424747939399478 0.249314279154012 100.001238844562877 0.500007303175524
0.271900000000000 0.999999999995470 0.424795344320775 0.224770851321447 100.001238844562806 0.500007307941181
0.272000000000000 0.999999999995468 0.424837831986137 0.200137993802859 100.001238844562749 0.500007311247496
0.272100000000000 0.999999999995465 0.424875385448431 0.175425086521586 100.001238844562550 0.500007314202800
0.272200000000000 0.999999999995465 0.424907989658499 0.150641718023374 100.001238844562224 0.500007317276901
0.272300000000000 0.999999999995463 0.424935631554412 0.125798182771702 100.001238844562295 0.500007319785140
0.272400000000000 0.999999999995460 0.424958300127989 0.100904727195428 100.001238844561954 0.500007321411285
0.272500000000000 0.999999999995459 0.424975986334792 0.075970751226984 100.001238844561698 0.500007322839159
0.272600000000000 0.999999999995457 0.424988683048628 0.051006016290966 100.001238844561541 0.500007324115105
0.272700000000000 0.999999999995454 0.424996385194086 0.026021284196563 100.001238844561414 0.500007324750164
0.272800000000000 0.999999999995454 0.424999089686365 0.001025698117329 100.001238844561129 0.500007325058459
0.272900000000000 0.999999999995451 0.424996795429869 -0.023969992065073 100.001238844561101 0.500007324901952
0.273000000000000 0.999999999995451 0.424989503357902 -0.048956243151886 100.001238844560831 0.500007324268932
0.273100000000000 0.999999999995447 0.424977216377474 -0.073922863346562 100.001238844560660 0.500007323208797
0.273200000000000 0.999999999995444 0.424959939406442 -0.098859928118221 100.001238844560334 0.500007321697489
0.273300000000000 0.999999999995446 0.424937679357735 -0.123757415349836 100.001238844560220 0.500007319787686
0.273400000000000 0.999999999995442 0.424910445117712 -0.148605606780789 100.001238844560106 0.500007317177388
0.273500000000000 0.999999999995439 0.424878247574189 -0.173394211980067 100.001238844559822 0.500007314339668
0.273600000000000 0.999999999995438 0.424841099625671 -0.198113404051994 100.001238844559822 0.500007311195252
0.273700000000000 0.999999999995437 0.424799016094635 -0.222753777182232 100.001238844559452 0.500007306771581
0.273800000000000 0.999999999995437 0.424752013766744 -0.247305103529753 100.001238844559310 0.500007301748898
0.273900000000000 0.999999999995434 0.424700111465307 -0.271757229460376 100.001238844559140 0.500007296984267
0.274000000000000 0.999999999995433 0.424643330001017 -0.296100427091206 100.001238844559083 0.500007292485593
0.274100000000000 0.999999999995431 0.424581692097247 -0.320325304197753 100.001238844558827 0.500007287321493
0.274200000000000 0.999999999995428 0.424515222415194 -0.344421869716639 100.001238844558657 0.500007282459584
0.274300000000000 0.999999999995428 0.424443947535209 -0.368380921420567 100.001238844558330 0.500007276458185
0.274400000000000 0.999999999995427 0.424367895936393 -0.392192681735644 100.001238844558202 0.500007269959776
0.274500000000000 0.999999999995423 0.424287098050084 -0.415847391481249 100.001238844558316 0.500007263913085
0.274600000000000 0.999999999995422 0.424201586172175 -0.439336165108880 100.001238844557960 0.500007255967237
0.274700000000000 0.999999999995421 0.424111394453438 -0.462649348371226 100.001238844557633 0.500007247132213
0.274800000000000 0.999999999995419 0.424016558964379 -0.485777387590972 100.001238844557477 0.500007238459409
0.274900000000000 0.999999999995417 0.423917117621891 -0.508711372988820 100.001238844557321 0.500007228326461
0.275000000000000 0.999999999995415 0.423813110208032 -0.531441564731648 100.001238844557321 0.500007219598694
0.275100000000000 0.999999999995413 0.423704578389541 -0.553958845489324 100.001238844556951 0.500007212593758
0.275200000000000 0.999999999995413 0.423591565588949 -0.576254778077814 100.001238844556923 0.500007204282474
0.275300000000000 0.999999999995412 0.423474116963686 -0.598320450984593 100.001238844556866 0.500007194560402
0.275400000000000 0.999999999995408 0.423352279431517 -0.620147171203215 100.001238844556440 0.500007182551410
0.275500000000000 0.999999999995407 0.423226101724441 -0.641725487878550 100.001238844556653 0.500007172680382
0.275600000000000 0.999999999995406 0.423095634369964 -0.663046889541475 100.001238844556156 0.500007164360166
0.275700000000000 0.999999999995404 0.422960929571812 -0.684103134829577 100.001238844556212 0.500007155796764
0.275800000000000 0.999999999995401 0.422822041206885 -0.704885722981363 100.001238844555658 0.500007147553979
0.275900000000000 0.999999999995400 0.422679024772610 -0.725386954228754 100.001238844555587 0.500007135298840
0.276000000000000 0.999999999995396 0.422531937418220 -0.745598010397952 100.001238844555388 0.500007123378252
0.276100000000000 0.999999999995396 0.422380837977206 -0.765510858092038 100.001238844555417 0.500007111464944
0.276200000000000 0.999999999995395 0.422225786854243 -0.785117824834268 100.001238844555019 0.500007097327329
0.276300000000000 0.999999999995393 0.422066846027987 -0.804410845836431 100.001238844554820 0.500007082653795
0.276400000000000 0.999999999995391 0.421904079114789 -0.823381599358717 100.001238844554848 0.500007072378375
0.276500000000000 0.999999999995389 0.421737551259453 -0.842023114603461 100.001238844554607 0.500007061601474
0.276600000000000 0.999999999995386 0.421567329020272 -0.860328239839697 100.001238844554621 0.500007047735732
0.276700000000000 0.999999999995386 0.421393480451920 -0.878289158019755 100.001238844554138 0.500007034983410
0.276800000000000 0.999999999995383 0.421216075118112 -0.895898587266864 100.001238844553939 0.500007024289829
0.276900000000000 0.999999999995381 0.421035183969096 -0.913149947946519 100.001238844553697 0.500007011568896
0.277000000000000 0.999999999995380 0.420850879344732 -0.930035931901969 100.001238844553882 0.500007000528611
0.277100000000000 0.999999999995378 0.420663234978718 -0.946549894521235 100.001238844553725 0.500006990230098
0.277200000000000 0.999999999995376 0.420472325863835 -0.962685896273239 100.001238844553427 0.500006974367549
0.277300000000000 0.999999999995377 0.420278228308796 -0.978436718677773 100.001238844553171 0.500006960197024
0.277400000000000 0.999999999995375 0.420081019987293 -0.993795916854314 100.001238844552944 0.500006949229818
0.277500000000000 0.999999999995372 0.419880779776923 -1.008757900808029 100.001238844553157 0.500006936048608
0.277600000000000 0.999999999995371 0.419677587719901 -1.023316621750458 100.001238844552759 0.500006921262638
0.277700000000000 0.999999999995369 0.419471525068240 -1.037466025151593 100.001238844552773 0.500006907233305
0.277800000000000 0.999999999995365 0.419262674262106 -1.051200282134565 100.001238844552361 0.500006895774078
0.277900000000000 0.999999999995363 0.419051118859592 -1.064514037922912 100.001238844552034 0.500006885507365
0.278000000000000 0.999999999995362 0.418836943423558 -1.077402603989245 100.001238844552063 0.500006869662861
0.278100000000000 0.999999999995362 0.418620233570365 -1.089860134162710 100.001238844551807 0.500006855615418
0.278200000000000 0.999999999995359 0.418401076001893 -1.101881608351245 100.001238844551693 0.500006843836919
0.278300000000000 0.999999999995358 0.418179558355563 -1.113462700964182 100.001238844551651 0.500006829048240
0.278400000000000 0.999999999995358 0.417955769201748 -1.124598410875240 100.001238844551239 0.500006815333619
0.278500000000000 0.999999999995355 0.417729798073443 -1.135284102328805 100.001238844551438 0.500006804786729
0.278600000000000 0.999999999995353 0.417501735356738 -1.145515878479008 100.001238844551011 0.500006793182223
0.278700000000000 0.999999999995352 0.417271672249306 -1.155289524867088 100.001238844550898 0.500006781919995
0.278800000000000 0.999999999995347 0.417039700764987 -1.164601091881769 100.001238844550642 0.500006771489400
0.278900000000000 0.999999999995348 0.416805913672376 -1.173446983663866 100.001238844550656 0.500006760414951
0.279000000000000 0.999999999995345 0.416570404472284 -1.181823470619739 100.001238844550244 0.500006750955314
0.279100000000000 0.999999999995344 0.416333267325527 -1.189727681694841 100.001238844549917 0.500006737461602
0.279200000000000 0.999999999995341 0.416094597008972 -1.197156336851227 100.001238844550329 0.500006721308093
0.279300000000000 0.999999999995342 0.415854488980441 -1.204105894426398 100.001238844549803 0.500006709324879
0.279400000000000 0.999999999995342 0.415613039286183 -1.210574009051339 100.001238844549619 0.500006696329199
0.279500000000000 0.999999999995338 0.415370344482132 -1.216557938614595 100.001238844549690 0.500006684203272
0.279600000000000 0.999999999995337 0.415126501631121 -1.222055347829037 100.001238844549221 0.500006672258121
0.279700000000000 0.999999999995333 0.414881608243160 -1.227064104989672 100.001238844549164 0.500006659683589
0.279800000000000 0.999999999995333 0.414635762273224 -1.231581891708578 100.001238844549675 0.500006650357414
0.279900000000000 0.999999999995332 0.414389062042878 -1.235607357020789 100.001238844548695 0.500006638685848
0.280000000000000 0.999999999995328 0.414141606186690 -1.239138724554220 100.001238844548936 0.500006626719851
0.280100000000000 0.999999999995328 0.413893493651910 -1.242174638651877 100.001238844548595 0.500006613761278
0.280200000000000 0.999999999995327 0.413644823624205 -1.244714080995433 100.001238844548396 0.500006597376259
0.280300000000000 0.999999999995323 0.413395695545032 -1.246755508796821 100.001238844548425 0.500006584126430
0.280400000000000 0.999999999995322 0.413146209089152 -1.248298123936951 100.001238844547743 0.500006573799972
0.280500000000000 0.999999999995320 0.412896464076786 -1.249341272877519 100.001238844549036 0.500006566866191
0.280600000000000 0.999999999995319 0.412646560420108 -1.249884687448306 100.001238844547800 0.500006561471625
0.280700000000000 0.999999999995315 0.412396598039341 -1.249928556953796 100.001238844547203 0.500006552536952
0.280800000000000 0.999999999995316 0.412146676844413 -1.249472802780667 100.001238844548496 0.500006540828757
0.280900000000000 0.999999999995314 0.411896896799045 -1.248516962407609 100.001238844546009 0.500006534407593
0.281000000000000 0.999999999995311 0.411647357816326 -1.247061992945700 100.001238844546293 0.500006526094311
0.281100000000000 0.999999999995310 0.411398159684376 -1.245108195741148 100.001238844547458 0.500006519392113
0.281200000000000 0.999999999995311 0.411149402061578 -1.242656565255913 100.001238844547032 0.500006511647153
0.281300000000000 0.999999999995308 0.410901184403107 -1.239708147723423 100.001238844546322 0.500006502049526
0.281400000000000 0.999999999995307 0.410653605970019 -1.236263826725315 100.001238844545625 0.500006494270344
0.281500000000000 0.999999999995305 0.410406765760169 -1.232325354510972 100.001238844546549 0.500006483675286
0.281600000000000 0.999999999995302 0.410160762459667 -1.227894099263156 100.001238844546720 0.500006472830788
0.281700000000000 0.999999999995301 0.409915694434362 -1.222971895948905 100.001238844545639 0.500006460972369
0.281800000000000 0.999999999995299 0.409671659719394 -1.217560212905712 100.001238844545810 0.500006454215746
0.281900000000000 0.999999999995296 0.409428755930544 -1.211661771142853 100.001238844545327 0.500006445754126
0.282000000000000 0.999999999995295 0.409187080191190 -1.205278789549360 100.001238844545199 0.500006437298702
0.282100000000000 0.999999999995295 0.408946729155637 -1.198413730211415 100.001238844545071 0.500006429940509
0.282200000000000 0.999999999995291 0.408707798948805 -1.191069425512983 100.001238844545014 0.500006422630476
0.282300000000000 0.999999999995290 0.408470385126225 -1.183248738477815 100.001238844544730 0.500006416249462
0.282400000000000 0.999999999995289 0.408234582639379 -1.174954846398238 100.001238844544702 0.500006410201083
0.282500000000000 0.999999999995287 0.408000485758645 -1.166191385839907 100.001238844544446 0.500006400739336
0.282600000000000 0.999999999995285 0.407768188082224 -1.156961445771485 100.001238844544318 0.500006392747123
0.282700000000000 0.999999999995284 0.407537782524269 -1.147268767896153 100.001238844544005 0.500006385621658
0.282800000000000 0.999999999995284 0.407309361222477 -1.137117380675027 100.001238844543977 0.500006377611838
0.282900000000000 0.999999999995280 0.407083015513142 -1.126511270299980 100.001238844543792 0.500006369567826
0.283000000000000 0.999999999995279 0.406858835912931 -1.115454647934924 100.001238844543707 0.500006361833621
0.283100000000000 0.999999999995277 0.406636912075498 -1.103951933030705 100.001238844543508 0.500006354430959
0.283200000000000 0.999999999995277 0.406417332754005 -1.092007711866910 100.001238844543323 0.500006347507527
0.283300000000000 0.999999999995274 0.406200185780517 -1.079626604267693 100.001238844543209 0.500006342758328
0.283400000000000 0.999999999995271 0.405985557993796 -1.066813929496925 100.001238844543096 0.500006336186816
0.283500000000000 0.999999999995270 0.405773535202056 -1.053574681943466 100.001238844542854 0.500006329212782
0.283600000000000 0.999999999995270 0.405564202207153 -1.039913926758747 100.001238844542712 0.500006324250945
0.283700000000000 0.999999999995268 0.405357642743639 -1.025837265863109 100.001238844542456 0.500006319817037
0.283800000000000 0.999999999995266 0.405153939391543 -1.011350644080193 100.001238844542399 0.500006312685272
0.283900000000000 0.999999999995264 0.404953173598038 -0.996459450324874 100.001238844542144 0.500006306995864
0.284000000000000 0.999999999995262 0.404755425668839 -0.981169708127292 100.001238844542030 0.500006302033521
0.284100000000000 0.999999999995261 0.404560774687850 -0.965487619898131 100.001238844541831 0.500006296923509
0.284200000000000 0.999999999995259 0.404369298492183 -0.949419449100239 100.001238844541618 0.500006291750016
0.284300000000000 0.999999999995258 0.404181073665303 -0.932971471524351 100.001238844541405 0.500006287931019
0.284400000000000 0.999999999995256 0.403996175498728 -0.916150323640482 100.001238844541376 0.500006284878572
0.284500000000000 0.999999999995254 0.403814677916791 -0.898963040595033 100.001238844541092 0.500006279768732
0.284600000000000 0.999999999995253 0.403636653479597 -0.881416244222859 100.001238844540978 0.500006274921975
0.284700000000000 0.999999999995250 0.403462173394538 -0.863516836233963 100.001238844540794 0.500006271339831
0.284800000000000 0.999999999995249 0.403291307439214 -0.845272206661219 100.001238844540609 0.500006266992563
0.284900000000000 0.999999999995250 0.403124123935255 -0.826689532233354 100.001238844540495 0.500006262915193
0.285000000000000 0.999999999995245 0.402960689734857 -0.807776329875309 100.001238844540325 0.500006258401068
0.285100000000000 0.999999999995242 0.402801070197382 -0.788540012024793 100.001238844540282 0.500006254681419
0.285200000000000 0.999999999995242 0.402645329169372 -0.768988294861859 100.001238844539969 0.500006251540833
0.285300000000000 0.999999999995239 0.402493528942853 -0.749129010866473 100.001238844539827 0.500006248851754
0.285400000000000 0.999999999995238 0.402345730223889 -0.728970182265861 100.001238844539614 0.500006246000059
0.285500000000000 0.999999999995239 0.402201992103563 -0.708519943215382 100.001238844539500 0.500006242477272
0.285600000000000 0.999999999995236 0.402062372048413 -0.687786409300569 100.001238844539245 0.500006238763883
0.285700000000000 0.999999999995233 0.401926925879290 -0.666777917972434 100.001238844539188 0.500006234566345
0.285800000000000 0.999999999995234 0.401795707766131 -0.645502642996589 100.001238844538904 0.500006231416482
0.285900000000000 0.999999999995230 0.401668770203606 -0.623969163538427 100.001238844538761 0.500006228804275
0.286000000000000 0.999999999995230 0.401546163960396 -0.602186164975801 100.001238844538705 0.500006226246617
0.286100000000000 0.999999999995227 0.401427938060185 -0.580162412807741 100.001238844538477 0.500006223424937
0.286200000000000 0.999999999995227 0.401314139772036 -0.557906689384735 100.001238844538278 0.500006220508908
0.286300000000000 0.999999999995223 0.401204814603058 -0.535427832263644 100.001238844538094 0.500006217857286
0.286400000000000 0.999999999995225 0.401100006280497 -0.512734802454676 100.001238844537994 0.500006215607163
0.286500000000000 0.999999999995220 0.400999756724624 -0.489836709109101 100.001238844537880 0.500006213562431
0.286600000000000 0.999999999995218 0.400904106026150 -0.466742742231631 100.001238844537525 0.500006211556094
0.286700000000000 0.999999999995216 0.400813092438468 -0.443462088360310 100.001238844537568 0.500006209816657
0.286800000000000 0.999999999995217 0.400726752361266 -0.420004095811937 100.001238844537284 0.500006208161509
0.286900000000000 0.999999999995213 0.400645120315168 -0.396378209227658 100.001238844537284 0.500006206331392
0.287000000000000 0.999999999995213 0.400568228943407 -0.372593762862889 100.001238844537113 0.500006204795786
0.287100000000000 0.999999999995211 0.400496108999605 -0.348660313890199 100.001238844536772 0.500006203366743
0.287200000000000 0.999999999995210 0.400428789327413 -0.324587410579069 100.001238844536545 0.500006202120392
0.287300000000000 0.999999999995207 0.400366296850770 -0.300384701966856 100.001238844536587 0.500006200975162
0.287400000000000 0.999999999995205 0.400308656555796 -0.276061916493606 100.001238844536417 0.500006199786024
0.287500000000000 0.999999999995203 0.400255891489713 -0.251628719262570 100.001238844536232 0.500006198738934
0.287600000000000 0.999999999995202 0.400208022759540 -0.227094847006144 100.001238844536061 0.500006197908513
0.287700000000000 0.999999999995201 0.400165069510976 -0.202470174991564 100.001238844535919 0.500006197132606
0.287800000000000 0.999999999995200 0.400127048919089 -0.177764541607048 100.001238844535862 0.500006196436277
0.287900000000000 0.999999999995199 0.400093976187811 -0.152987818464733 100.001238844535465 0.500006195836331
0.288000000000000 0.999999999995196 0.400065864540288 -0.128149941265322 100.001238844535379 0.500006195293239
0.288100000000000 0.999999999995194 0.400042725217000 -0.103260810376313 100.001238844535337 0.500006194858057
0.288200000000000 0.999999999995191 0.400024567469340 -0.078330409186337 100.001238844535095 0.500006194499774
0.288300000000000 0.999999999995191 0.400011398554412 -0.053368700450380 100.001238844534953 0.500006194234509
0.288400000000000 0.999999999995188 0.400003223737927 -0.028385640512510 100.001238844534811 0.500006194081799
0.288500000000000 0.999999999995186 0.400000046291204 -0.003391217067959 100.001238844534697 0.500006194037790
0.288600000000000 0.999999999995186 0.400001867487113 0.021604573809946 100.001238844534527 0.500006194096284
0.288700000000000 0.999999999995186 0.400008686598146 0.046591723050112 100.001238844534242 0.500006194255867
0.288800000000000 0.999999999995183 0.400020500894159 0.071560206594020 100.001238844534072 0.500006194536464
0.288900000000000 0.999999999995180 0.400037305646579 0.096500068128111 100.001238844533830 0.500006194930489
0.289000000000000 0.999999999995177 0.400059094134145 0.121401335675952 100.001238844533930 0.500006195438541
0.289100000000000 0.999999999995178 0.400085857643504 0.146254058304111 100.001238844533532 0.500006196052420
0.289200000000000 0.999999999995178 0.400117585476253 0.171048332057374 100.001238844533376 0.500006196715232
0.289300000000000 0.999999999995173 0.400154264950514 0.195774223920247 100.001238844533219 0.500006197440876
0.289400000000000 0.999999999995171 0.400195881398938 0.220421814059352 100.001238844533063 0.500006198285413
0.289500000000000 0.999999999995172 0.400242418178376 0.244981263706631 100.001238844532963 0.500006199212654
0.289600000000000 0.999999999995169 0.400293856677117 0.269442719827977 100.001238844532878 0.500006200301203
0.289700000000000 0.999999999995169 0.400350176322863 0.293796432949246 100.001238844532566 0.500006201470922
0.289800000000000 0.999999999995165 0.400411354592528 0.318032641314511 100.001238844532452 0.500006202787280
0.289900000000000 0.999999999995166 0.400477367015952 0.342141629367069 100.001238844532310 0.500006204335568
0.290000000000000 0.999999999995161 0.400548187199395 0.366113883912698 100.001238844532125 0.500006205680344
0.290100000000000 0.999999999995164 0.400623786822284 0.389939641329218 100.001238844531827 0.500006207448678
0.290200000000000 0.999999999995160 0.400704135646430 0.413609495001292 100.001238844531429 0.500006209194090
0.290300000000000 0.999999999995158 0.400789201545061 0.437113960553260 100.001238844531642 0.500006210980283
0.290400000000000 0.999999999995156 0.400878950511331 0.460443723155831 100.001238844531500 0.500006212419791
0.290500000000000 0.999999999995153 0.400973346662030 0.483589320548639 100.001238844531571 0.500006214093735
0.290600000000000 0.999999999995154 0.401072352226094 0.506541332001354 100.001238844530917 0.500006216834615
0.290700000000000 0.999999999995151 0.401175927599229 0.529290871177582 100.001238844531017 0.500006219217355
0.290800000000000 0.999999999995151 0.401284031366885 0.551828709551232 100.001238844531244 0.500006221906457
0.290900000000000 0.999999999995150 0.401396620292248 0.574145844554281 100.001238844530690 0.500006224860011
0.291000000000000 0.999999999995145 0.401513649360343 0.596233498869573 100.001238844530576 0.500006227227157
0.291100000000000 0.999999999995145 0.401635071798546 0.618082869347171 100.001238844530405 0.500006228774112
0.291200000000000 0.999999999995142 0.401760839046934 0.639684881294763 100.001238844530050 0.500006231556100
0.291300000000000 0.999999999995142 0.401890900788440 0.661031050130135 100.001238844530121 0.500006234650240
0.291400000000000 0.999999999995140 0.402025205016265 0.682112960857728 100.001238844529965 0.500006237254145
0.291500000000000 0.999999999995138 0.402163698019385 0.702921976243226 100.001238844529780 0.500006240760748
0.291600000000000 0.999999999995137 0.402306324412801 0.723450002985718 100.001238844529681 0.500006243589631
0.291700000000000 0.999999999995135 0.402453027162390 0.743688627366554 100.001238844529297 0.500006247196173
0.291800000000000 0.999999999995136 0.402603747590008 0.763629823112122 100.001238844529382 0.500006251112011
0.291900000000000 0.999999999995132 0.402758425426091 0.783265713237934 100.001238844529297 0.500006254591961
0.292000000000000 0.999999999995133 0.402916998812278 0.802588277066625 100.001238844529198 0.500006258942079
0.292100000000000 0.999999999995129 0.403079404326643 0.821589899552569 100.001238844528814 0.500006263289052
0.292200000000000 0.999999999995129 0.403245577022194 0.840262943197585 100.001238844528558 0.500006267948263
0.292300000000000 0.999999999995125 0.403415450450599 0.858600032258728 100.001238844528402 0.500006272149295
0.292400000000000 0.999999999995125 0.403588956692922 0.876593837716968 100.001238844528530 0.500006275831669
0.292500000000000 0.999999999995121 0.403766026354340 0.894236922689896 100.001238844528260 0.500006281104544
0.292600000000000 0.999999999995121 0.403946588608367 0.911522408942639 100.001238844528075 0.500006286426028
0.292700000000000 0.999999999995120 0.404130571256174 0.928443453429996 100.001238844527933 0.500006291153078
0.292800000000000 0.999999999995118 0.404317900732976 0.944993235574036 100.001238844527819 0.500006295762937
0.292900000000000 0.999999999995117 0.404508502121058 0.961165045457583 100.001238844527563 0.500006301120416
0.293000000000000 0.999999999995115 0.404702299183866 0.976952402421942 100.001238844527563 0.500006307377681
0.293100000000000 0.999999999995111 0.404899214419288 0.992349134957488 100.001238844527450 0.500006313161629
0.293200000000000 0.999999999995111 0.405099169088428 1.007349042137330 100.001238844527336 0.500006318889898
0.293300000000000 0.999999999995109 0.405302083242903 1.021946231460159 100.001238844526910 0.500006323480632
0.293400000000000 0.999999999995109 0.405507875733586 1.036134585895511 100.001238844526952 0.500006329774635
0.293500000000000 0.999999999995105 0.405716464255081 1.049908658243853 100.001238844526512 0.500006335449621
0.293600000000000 0.999999999995104 0.405927765406703 1.063262942602983 100.001238844526497 0.500006340460076
0.293700000000000 0.999999999995101 0.406141694701538 1.076192083065519 100.001238844526313 0.500006344951374
0.293800000000000 0.999999999995100 0.406358166588649 1.088690790776546 100.001238844526057 0.500006350190748
0.293900000000000 0.999999999995100 0.406577094481532 1.100753998234042 100.001238844526256 0.500006356950694
0.294000000000000 0.999999999995097 0.406798390814115 1.112376980648202 100.001238844525787 0.500006364161808
0.294100000000000 0.999999999995097 0.407021967090782 1.123555166552990 100.001238844525773 0.500006370973152
0.294200000000000 0.999999999995095 0.407247733906454 1.134284030803151 100.001238844525588 0.500006377993320
0.294300000000000 0.999999999995094 0.407475600982340 1.144559361374804 100.001238844525460 0.500006384328305
0.294400000000000 0.999999999995092 0.407705477188080 1.154376850377359 100.001238844525062 0.500006392247311
0.294500000000000 0.999999999995090 0.407937270593839 1.163732814148994 100.001238844525091 0.500006398964114
0.294600000000000 0.999999999995086 0.408170888524598 1.172623487889547 100.001238844524920 0.500006404728072
0.294700000000000 0.999999999995086 0.408406237561655 1.181045188350633 100.001238844524380 0.500006411026786
0.294800000000000 0.999999999995082 0.408643223602119 1.188994766170184 100.001238844524451 0.500006415275503
0.294900000000000 0.999999999995082 0.408881751872599 1.196468658256679 100.001238844524238 0.500006422025664
0.295000000000000 0.999999999995078 0.409121726964252 1.203464074241000 100.001238844524011 0.500006428924269
0.295100000000000 0.999999999995080 0.409363052903457 1.209978158318251 100.001238844524124 0.500006436673767
0.295200000000000 0.999999999995076 0.409605633168543 1.216008284092752 100.001238844523769 0.500006445539597
0.295300000000000 0.999999999995076 0.409849370744601 1.221552145879036 100.001238844523741 0.500006454239789
0.295400000000000 0.999999999995072 0.410094168159481 1.226607478057388 100.001238844523471 0.500006463364212
0.295500000000000 0.999999999995074 0.410339927488265 1.231172012716825 100.001238844523357 0.500006475939317
0.295600000000000 0.999999999995069 0.410586550430058 1.235244262069801 100.001238844523158 0.500006487821927
0.295700000000000 0.999999999995067 0.410833938380858 1.238822682068810 100.001238844523016 0.500006497957749
0.295800000000000 0.999999999995068 0.411081992453717 1.241905993522692 100.001238844523471 0.500006504448955
0.295900000000000 0.999999999995066 0.411330613462968 1.244492484126871 100.001238844522646 0.500006513233864
0.296000000000000 0.999999999995063 0.411579701955788 1.246581186178889 100.001238844522533 0.500006523488409
0.296100000000000 0.999999999995065 0.411829158290899 1.248171186581652 100.001238844522277 0.500006536184158
0.296200000000000 0.999999999995061 0.412078882706977 1.249262200097466 100.001238844521623 0.500006546943619
0.296300000000000 0.999999999995059 0.412328775360317 1.249853687956034 100.001238844522987 0.500006557039678
0.296400000000000 0.999999999995056 0.412578736325781 1.249945372328573 100.001238844521993 0.500006566983738
0.296500000000000 0.999999999995053 0.412828665676049 1.249537516278313 100.001238844522263 0.500006573025703
0.296600000000000 0.999999999995056 0.413078463490831 1.248629919718377 100.001238844521652 0.500006579702620
0.296700000000000 0.999999999995051 0.413328029837841 1.247222661734683 100.001238844521055 0.500006590553638
0.296800000000000 0.999999999995052 0.413577264883343 1.245316653039597 100.001238844521751 0.500006601227969
0.296900000000000 0.999999999995050 0.413826068972244 1.242912778920323 100.001238844520330 0.500006610190694
0.297000000000000 0.999999999995047 0.414074342586419 1.240011507149986 100.001238844520898 0.500006623572124
0.297100000000000 0.999999999995046 0.414321986421388 1.236614510081107 100.001238844520685 0.500006635003810
0.297200000000000 0.999999999995045 0.414568901459626 1.232722988114828 100.001238844520557 0.500006646443171
0.297300000000000 0.999999999995042 0.414814988979467 1.228338703803816 100.001238844520230 0.500006655346338
0.297400000000000 0.999999999995040 0.415060150566916 1.223462965454069 100.001238844519719 0.500006667182822
0.297500000000000 0.999999999995038 0.415304288134107 1.218097721677727 100.001238844519918 0.500006681938518
0.297600000000000 0.999999999995037 0.415547304052168 1.212245625347066 100.001238844519250 0.500006693416250
0.297700000000000 0.999999999995035 0.415789101186697 1.205908969562935 100.001238844520202 0.500006702212909
0.297800000000000 0.999999999995037 0.416029582824703 1.199089663999451 100.001238844520657 0.500006715860611
0.297900000000000 0.999999999995032 0.416268652755149 1.191790819674016 100.001238844519790 0.500006729707388
0.298000000000000 0.999999999995031 0.416506215388294 1.184015550281232 100.001238844519179 0.500006741429383
0.298100000000000 0.999999999995030 0.416742175734264 1.175766734900420 100.001238844519378 0.500006753765377
0.298200000000000 0.999999999995026 0.416976439420161 1.167047664406188 100.001238844517445 0.500006766792409
0.298300000000000 0.999999999995024 0.417208912761705 1.157861935105064 100.001238844519833 0.500006779220092
0.298400000000000 0.999999999995023 0.417439502776303 1.148212970057106 100.001238844517829 0.500006793937719
0.298500000000000 0.999999999995022 0.417668117222262 1.138104749378024 100.001238844518170 0.500006809509906
0.298600000000000 0.999999999995020 0.417894664728389 1.127542008407011 100.001238844517786 0.500006818062038
0.298700000000000 0.999999999995018 0.418119054721597 1.116527988079225 100.001238844518042 0.500006830750577
0.298800000000000 0.999999999995016 0.418341197412886 1.105067286273636 100.001238844518497 0.500006845339097
0.298900000000000 0.999999999995014 0.418561003978170 1.093164964168729 100.001238844517744 0.500006856525788
0.299000000000000 0.999999999995014 0.418778386545550 1.080825473400966 100.001238844517957 0.500006867725821
0.299100000000000 0.999999999995012 0.418993258184916 1.068053783574082 100.001238844517829 0.500006878555259
0.299200000000000 0.999999999995011 0.419205532958616 1.054854849839784 100.001238844517502 0.500006890631460
0.299300000000000 0.999999999995006 0.419415125968302 1.041234111549096 100.001238844517005 0.500006902226929
0.299400000000000 0.999999999995006 0.419621953386994 1.027196844094688 100.001238844516564 0.500006915119645
0.299500000000000 0.999999999995004 0.419825932496060 1.012748856960725 100.001238844515740 0.500006927266000
0.299600000000000 0.999999999995003 0.420026981737047 0.997895945536995 100.001238844516735 0.500006938500357
0.299700000000000 0.999999999995001 0.420225020692679 0.982643721368984 100.001238844515782 0.500006952089185
0.299800000000000 0.999999999995001 0.420419970127033 0.966998387817082 100.001238844516848 0.500006966935069
0.299900000000000 0.999999999994998 0.420611752093243 0.950966640271521 100.001238844516166 0.500006978777005
0.300000000000000 0.999999999994994 0.420800289914442 0.934554482160135 100.001238844515200 0.500006991546464
0.300100000000000 0.999999999994996 0.420985508184827 0.917768613726476 100.001238844514916 0.500007003929571
0.300200000000000 0.999999999994993 0.421167332864501 0.900616008609035 100.001238844515697 0.500007013555459
0.300300000000000 0.999999999994991 0.421345691224440 0.883102790470003 100.001238844515598 0.500007027076649
0.300400000000000 0.999999999994989 0.421520511899411 0.865236476083611 100.001238844515967 0.500007039840429
0.300500000000000 0.999999999994987 0.421691724978343 0.847024097102644 100.001238844515782 0.500007052830160
0.300600000000000 0.999999999994983 0.421859261989842 0.828473015148627 100.001238844513907 0.500007065362100
0.300700000000000 0.999999999994984 0.422023055940558 0.809590654513725 100.001238844514887 0.500007077392860
0.300800000000000 0.999999999994983 0.422183041312049 0.790384336501805 100.001238844514120 0.500007090765529
0.300900000000000 0.999999999994980 0.422339154078574 0.770861667848482 100.001238844514091 0.500007105972989
0.301000000000000 0.999999999994982 0.422491331779046 0.751030686265903 100.001238844513821 0.500007121145386
0.301100000000000 0.999999999994977 0.422639513617859 0.730900019012554 100.001238844513750 0.500007131095818
0.301200000000000 0.999999999994978 0.422783640427870 0.710477326215734 100.001238844513068 0.500007138895530
0.301300000000000 0.999999999994974 0.422923654600993 0.689770534790179 100.001238844512841 0.500007146329581
0.301400000000000 0.999999999994974 0.423059500120944 0.668787636412477 100.001238844512443 0.500007155366504
0.301500000000000 0.999999999994971 0.423191122596249 0.647536881475463 100.001238844513267 0.500007166814759
0.301600000000000 0.999999999994970 0.423318469360444 0.626027283612408 100.001238844514006 0.500007177213758
0.301700000000000 0.999999999994966 0.423441489478523 0.604267142330897 100.001238844512841 0.500007188464366
0.301800000000000 0.999999999994969 0.423560133731941 0.582265316981722 100.001238844513921 0.500007199542008
0.301900000000000 0.999999999994964 0.423674354702117 0.560030958412778 100.001238844511263 0.500007208413920
0.302000000000000 0.999999999994964 0.423784106744098 0.537572653325355 100.001238844512443 0.500007216889998
0.302100000000000 0.999999999994960 0.423889345947159 0.514899149517258 100.001238844512599 0.500007226198008
0.302200000000000 0.999999999994961 0.423990030214095 0.492019839563903 100.001238844511406 0.500007234594052
0.302300000000000 0.999999999994961 0.424086119277773 0.468943635807316 100.001238844511434 0.500007243260539
0.302400000000000 0.999999999994959 0.424177574696631 0.445679879913485 100.001238844512088 0.500007251612209
0.302500000000000 0.999999999994953 0.424264359888820 0.422237830591666 100.001238844511718 0.500007259828453
0.302600000000000 0.999999999994953 0.424346440135437 0.398626853373606 100.001238844511875 0.500007267910653
0.302700000000000 0.999999999994952 0.424423782650641 0.374856923105740 100.001238844511590 0.500007273760031
0.302800000000000 0.999999999994952 0.424496356541374 0.350936998634266 100.001238844511306 0.500007279576921
0.302900000000000 0.999999999994949 0.424564132731869 0.326876279170566 100.001238844511107 0.500007286556319
0.303000000000000 0.999999999994944 0.424627084138914 0.302685500578024 100.001238844509828 0.500007290969469
0.303100000000000 0.999999999994945 0.424685185662770 0.278373774385935 100.001238844511221 0.500007294768797
0.303200000000000 0.999999999994943 0.424738414038704 0.253950327008323 100.001238844510354 0.500007299318420
0.303300000000000 0.999999999994942 0.424786747925758 0.229425175146044 100.001238844509913 0.500007303817042
0.303400000000000 0.999999999994939 0.424830167984656 0.204808319169333 100.001238844509771 0.500007307770519
0.303500000000000 0.999999999994937 0.424868656887124 0.180109877145957 100.001238844509984 0.500007310672329
0.303600000000000 0.999999999994935 0.424902199241380 0.155339092025425 100.001238844509402 0.500007313740842
0.303700000000000 0.999999999994935 0.424930781551919 0.130505677119607 100.001238844509345 0.500007317091059
0.303800000000000 0.999999999994932 0.424954392367565 0.105620369300630 100.001238844508720 0.500007319516260
0.303900000000000 0.999999999994931 0.424973022303787 0.080693111533060 100.001238844509032 0.500007321172632
0.304000000000000 0.999999999994931 0.424986663891035 0.055733094362213 100.001238844508521 0.500007322732138
0.304100000000000 0.999999999994927 0.424995311659415 0.030751137548640 100.001238844508435 0.500007323587286
0.304200000000000 0.999999999994925 0.424998962154871 0.005756582969448 100.001238844508350 0.500007324030528
0.304300000000000 0.999999999994924 0.424997613905825 -0.019240101463868 100.001238844508094 0.500007323941815
0.304400000000000 0.999999999994922 0.424991267500568 -0.044228765905574 100.001238844508009 0.500007323457224
0.304500000000000 0.999999999994923 0.424979925505470 -0.069199784895411 100.001238844507782 0.500007322531447
0.304600000000000 0.999999999994919 0.424963592450703 -0.094143142907887 100.001238844507668 0.500007321168315
0.304700000000000 0.999999999994917 0.424942274824040 -0.119049285878223 100.001238844507441 0.500007318912482
0.304800000000000 0.999999999994916 0.424915981143946 -0.143907452718999 100.001238844507270 0.500007316602531
0.304900000000000 0.999999999994914 0.424884721982881 -0.168707848859162 100.001238844507029 0.500007314196116
0.305000000000000 0.999999999994913 0.424848509817415 -0.193441249108483 100.001238844506815 0.500007310549141
0.305100000000000 0.999999999994910 0.424807359111633 -0.218096997567766 100.001238844506773 0.500007307003863
0.305200000000000 0.999999999994908 0.424761286337195 -0.242665661578288 100.001238844506631 0.500007302723787
0.305300000000000 0.999999999994908 0.424710309906389 -0.267137280928397 100.001238844506446 0.500007297989106
0.305400000000000 0.999999999994906 0.424654450229008 -0.291501827453215 100.001238844506304 0.500007293479560
0.305500000000000 0.999999999994903 0.424593729674035 -0.315749740912400 100.001238844506076 0.500007288760134
0.305600000000000 0.999999999994904 0.424528172552787 -0.339871153341810 100.001238844505934 0.500007284424419
0.305700000000000 0.999999999994900 0.424457805069393 -0.363857005749904 100.001238844505693 0.500007278520066
0.305800000000000 0.999999999994896 0.424382655316042 -0.387697480618025 100.001238844505679 0.500007271726300
0.305900000000000 0.999999999994896 0.424302753362546 -0.411382610097512 100.001238844505338 0.500007265719073
0.306000000000000 0.999999999994894 0.424218131193866 -0.434903206207583 100.001238844505053 0.500007259445591
0.306100000000000 0.999999999994892 0.424128822642240 -0.458249991361796 100.001238844505082 0.500007252345124
0.306200000000000 0.999999999994892 0.424034863428186 -0.481413353503385 100.001238844504712 0.500007245666223
0.306300000000000 0.999999999994890 0.423936291073385 -0.504384891628684 100.001238844504513 0.500007235240443
0.306400000000000 0.999999999994887 0.423833144913738 -0.527154871735326 100.001238844504357 0.500007223577561
0.306500000000000 0.999999999994886 0.423725466250982 -0.549713354286735 100.001238844504215 0.500007215106956
0.306600000000000 0.999999999994884 0.423613298223013 -0.572051919590845 100.001238844504030 0.500007206770220
0.306700000000000 0.999999999994882 0.423496685695335 -0.594161719318465 100.001238844504144 0.500007198114018
0.306800000000000 0.999999999994880 0.423375675322491 -0.616033704229141 100.001238844503746 0.500007190398849
0.306900000000000 0.999999999994879 0.423250315506660 -0.637659442643792 100.001238844503661 0.500007181745712
0.307000000000000 0.999999999994877 0.423120656317126 -0.659030700923748 100.001238844503504 0.500007169424341
0.307100000000000 0.999999999994874 0.422986749575581 -0.680138184935695 100.001238844503433 0.500007158224706
0.307200000000000 0.999999999994873 0.422848648833677 -0.700973877559006 100.001238844502979 0.500007145322234
0.307300000000000 0.999999999994871 0.422706409285183 -0.721529393331416 100.001238844502723 0.500007131018378
0.307400000000000 0.999999999994871 0.422560087866826 -0.741795667996069 100.001238844502666 0.500007121437881
0.307500000000000 0.999999999994867 0.422409743123472 -0.761765691237230 100.001238844502438 0.500007108643024
0.307600000000000 0.999999999994864 0.422255435161793 -0.781430855458283 100.001238844502268 0.500007097278655
0.307700000000000 0.999999999994864 0.422097225698694 -0.800783660451182 100.001238844502240 0.500007084560906
0.307800000000000 0.999999999994864 0.421935178024672 -0.819815878277739 100.001238844502069 0.500007074403001
0.307900000000000 0.999999999994861 0.421769356947686 -0.838520543056091 100.001238844501884 0.500007061595688
0.308000000000000 0.999999999994857 0.421599828771545 -0.856889685923561 100.001238844501742 0.500007050178658
0.308100000000000 0.999999999994856 0.421426661330750 -0.874915947353510 100.001238844501302 0.500007040348723
0.308200000000000 0.999999999994855 0.421249923863354 -0.892592657757702 100.001238844501287 0.500007027421509
0.308300000000000 0.999999999994852 0.421069687028939 -0.909912270470575 100.001238844501017 0.500007015592477
0.308400000000000 0.999999999994853 0.420886022920224 -0.926867997169637 100.001238844500989 0.500007003653239
0.308500000000000 0.999999999994850 0.420699004999689 -0.943452924766747 100.001238844500676 0.500006992852651
0.308600000000000 0.999999999994849 0.420508708039863 -0.959660872537200 100.001238844500818 0.500006978945458
0.308700000000000 0.999999999994847 0.420315208100361 -0.975485149402180 100.001238844500449 0.500006963865064
0.308800000000000 0.999999999994843 0.420118582555595 -0.990919298378279 100.001238844500250 0.500006948853757
0.308900000000000 0.999999999994843 0.419918910084865 -1.005956718314445 100.001238844500151 0.500006938211998
0.309000000000000 0.999999999994842 0.419716270537720 -1.020592307411538 100.001238844499937 0.500006922844704
0.309100000000000 0.999999999994840 0.419510744898307 -1.034819830177491 100.001238844499710 0.500006906559163
0.309200000000000 0.999999999994839 0.419302415352517 -1.048633498004057 100.001238844499539 0.500006890374526
0.309300000000000 0.999999999994836 0.419091365269432 -1.062027266493682 100.001238844499383 0.500006879797551
0.309400000000000 0.999999999994835 0.418877679090286 -1.074996444612626 100.001238844499369 0.500006867873550
0.309500000000000 0.999999999994834 0.418661442230943 -1.087535997751686 100.001238844498999 0.500006852936202
0.309600000000000 0.999999999994832 0.418442741168977 -1.099640337803229 100.001238844499042 0.500006841197567
0.309700000000000 0.999999999994831 0.418221663403971 -1.111304827787772 100.001238844498630 0.500006830486749
0.309800000000000 0.999999999994829 0.417998297357630 -1.122524883679747 100.001238844498374 0.500006819932237
0.309900000000000 0.999999999994827 0.417772732351773 -1.133296088869943 100.001238844498175 0.500006808750712
0.310000000000000 0.999999999994824 0.417545058585592 -1.143614083079949 100.001238844498232 0.500006797538836
0.310100000000000 0.999999999994823 0.417315367094138 -1.153474869667204 100.001238844497834 0.500006784814603
0.310200000000000 0.999999999994819 0.417083749727642 -1.162874294343626 100.001238844497564 0.500006773002426
0.310300000000000 0.999999999994821 0.416850299124492 -1.171808625598059 100.001238844497863 0.500006761804663
0.310400000000000 0.999999999994819 0.416615108644804 -1.180274377606261 100.001238844497294 0.500006750213446
0.310500000000000 0.999999999994814 0.416378272325965 -1.188268263318275 100.001238844497422 0.500006737063463
0.310600000000000 0.999999999994813 0.416139884850002 -1.195787124681503 100.001238844497323 0.500006721878574
0.310700000000000 0.999999999994812 0.415900041554155 -1.202827566415009 100.001238844497038 0.500006709299951
0.310800000000000 0.999999999994811 0.415658838382236 -1.209386913903212 100.001238844496768 0.500006697665483
0.310900000000000 0.999999999994810 0.415416371799218 -1.215462635893362 100.001238844496612 0.500006685877330
0.311000000000000 0.999999999994808 0.415172738788169 -1.221052075988386 100.001238844496626 0.500006676701696
0.311100000000000 0.999999999994809 0.414928036781566 -1.226153397663640 100.001238844496328 0.500006665287855
0.311200000000000 0.999999999994805 0.414682363602766 -1.230764534349949 100.001238844496129 0.500006651948047
0.311300000000000 0.999999999994803 0.414435817495179 -1.234883351604791 100.001238844495930 0.500006640254684
0.311400000000000 0.999999999994802 0.414188497106802 -1.238507932964115 100.001238844495930 0.500006633555037
0.311500000000000 0.999999999994798 0.413940501366968 -1.241637377689064 100.001238844495603 0.500006625076159
0.311600000000000 0.999999999994797 0.413691929422321 -1.244270418319999 100.001238844495418 0.500006615011340
0.311700000000000 0.999999999994796 0.413442880638328 -1.246406133009668 100.001238844495248 0.500006601724968
0.311800000000000 0.999999999994793 0.413193454581923 -1.248043434052687 100.001238844494594 0.500006588125484
0.311900000000000 0.999999999994793 0.412943751006778 -1.249181532604797 100.001238844495603 0.500006575892072
0.312000000000000 0.999999999994788 0.412693869790440 -1.249819981845110 100.001238844494296 0.500006564928289
0.312100000000000 0.999999999994790 0.412443910892901 -1.249958402205394 100.001238844494509 0.500006556793230
0.312200000000000 0.999999999994789 0.412193974290980 -1.249597007015406 100.001238844494424 0.500006548132296
0.312300000000000 0.999999999994785 0.411944159934780 -1.248735851875777 100.001238844493656 0.500006540060225
0.312400000000000 0.999999999994784 0.411694567724405 -1.247375379091069 100.001238844494708 0.500006531356985
0.312500000000000 0.999999999994782 0.411445297461819 -1.245516128423396 100.001238844493813 0.500006522080831
0.312600000000000 0.999999999994778 0.411196448785012 -1.243159201747647 100.001238844493798 0.500006507777509
0.312700000000000 0.999999999994779 0.410948121197092 -1.240304850733974 100.001238844493614 0.500006497051205
0.312800000000000 0.999999999994776 0.410700414044002 -1.236954377662923 100.001238844492889 0.500006487897697
0.312900000000000 0.999999999994777 0.410453426374291 -1.233109472588829 100.001238844492633 0.500006475986901
0.313000000000000 0.999999999994774 0.410207256975687 -1.228771055373065 100.001238844492505 0.500006468945372
0.313100000000000 0.999999999994773 0.409962004317067 -1.223941377209800 100.001238844492377 0.500006460410148
0.313200000000000 0.999999999994772 0.409717766473510 -1.218622136994214 100.001238844492889 0.500006453236144
0.313300000000000 0.999999999994768 0.409474641127355 -1.212815561353934 100.001238844492576 0.500006446205444
0.313400000000000 0.999999999994768 0.409232725497650 -1.206524057103339 100.001238844492548 0.500006438294311
0.313500000000000 0.999999999994766 0.408992116329516 -1.199749956128639 100.001238844491752 0.500006431730269
0.313600000000000 0.999999999994765 0.408752909831380 -1.192496296348502 100.001238844491553 0.500006422566302
0.313700000000000 0.999999999994763 0.408515201654799 -1.184765610302961 100.001238844492150 0.500006415214957
0.313800000000000 0.999999999994761 0.408279086882550 -1.176561043662570 100.001238844491340 0.500006409016535
0.313900000000000 0.999999999994760 0.408044659937679 -1.167886056070298 100.001238844491041 0.500006401863935
0.314000000000000 0.999999999994758 0.407812014561305 -1.158744009172824 100.001238844490814 0.500006395025222
0.314100000000000 0.999999999994756 0.407581243777233 -1.149138711465024 100.001238844491183 0.500006386738078
0.314200000000000 0.999999999994755 0.407352439879338 -1.139073656074157 100.001238844491098 0.500006381012896
0.314300000000000 0.999999999994752 0.407125694376228 -1.128553202799371 100.001238844491496 0.500006374012214
0.314400000000000 0.999999999994752 0.406901097936595 -1.117581392476339 100.001238844490274 0.500006367630869
0.314500000000000 0.999999999994748 0.406678740363067 -1.106162839284746 100.001238844491183 0.500006359341187
0.314600000000000 0.999999999994749 0.406458710563483 -1.094301892687046 100.001238844489933 0.500006351573072
0.314700000000000 0.999999999994746 0.406241096573766 -1.082002910986259 100.001238844489876 0.500006348508866
0.314800000000000 0.999999999994743 0.406025985421088 -1.069271625345325 100.001238844489635 0.500006341301702
0.314900000000000 0.999999999994743 0.405813463078431 -1.056112857517923 100.001238844490516 0.500006332917668
0.315000000000000 0.999999999994743 0.405603614543669 -1.042531525988642 100.001238844489365 0.500006326998298
0.315100000000000 0.999999999994740 0.405396523768576 -1.028533170347033 100.001238844489734 0.500006322361934
0.315200000000000 0.999999999994738 0.405192273569821 -1.014123606901832 100.001238844489507 0.500006316747109
0.315300000000000 0.999999999994736 0.404990945616012 -0.999308506491922 100.001238844489365 0.500006311107229
0.315400000000000 0.999999999994734 0.404792620413089 -0.984093821324885 100.001238844489166 0.500006305173357
0.315500000000000 0.999999999994733 0.404597377267096 -0.968485600957276 100.001238844488967 0.500006299299287
0.315600000000000 0.999999999994730 0.404405294257512 -0.952490062597081 100.001238844488910 0.500006293724058
0.315700000000000 0.999999999994730 0.404216448205804 -0.936113569843212 100.001238844488739 0.500006288755099
0.315800000000000 0.999999999994729 0.404030914636041 -0.919362732920863 100.001238844488455 0.500006283808099
0.315900000000000 0.999999999994726 0.403848767742292 -0.902244243505053 100.001238844488313 0.500006278951086
0.316000000000000 0.999999999994725 0.403670080362370 -0.884764972709318 100.001238844488228 0.500006273958714
0.316100000000000 0.999999999994721 0.403494923950930 -0.866931883628378 100.001238844488029 0.500006269077444
0.316200000000000 0.999999999994721 0.403323368569176 -0.848751949923992 100.001238844487830 0.500006265662806
0.316300000000000 0.999999999994720 0.403155482848252 -0.830232495914223 100.001238844487645 0.500006263203456
0.316400000000000 0.999999999994716 0.402991333919899 -0.811381190042810 100.001238844487432 0.500006259506001
0.316500000000000 0.999999999994716 0.402830987414399 -0.792205386662634 100.001238844487446 0.500006256109261
0.316600000000000 0.999999999994714 0.402674507450518 -0.772712847264144 100.001238844487361 0.500006252276064
0.316700000000000 0.999999999994714 0.402521956584208 -0.752911439298322 100.001238844487119 0.500006247481817
0.316800000000000 0.999999999994712 0.402373395832923 -0.732808674881593 100.001238844487091 0.500006244802998
0.316900000000000 0.999999999994710 0.402228884633322 -0.712412843894753 100.001238844486750 0.500006242319393
0.317000000000000 0.999999999994708 0.402088480762967 -0.691732265002612 100.001238844486579 0.500006238885102
0.317100000000000 0.999999999994707 0.401952240359293 -0.670775023236610 100.001238844486636 0.500006235823645
0.317200000000000 0.999999999994706 0.401820217898179 -0.649549640875686 100.001238844486352 0.500006232185172
0.317300000000000 0.999999999994704 0.401692466170324 -0.628064455159365 100.001238844486124 0.500006228978206
0.317400000000000 0.999999999994702 0.401569036268777 -0.606328101391441 100.001238844485954 0.500006225915141
0.317500000000000 0.999999999994700 0.401449977556982 -0.584349247995114 100.001238844485840 0.500006223137906
0.317600000000000 0.999999999994701 0.401335337661141 -0.562136598975716 100.001238844485556 0.500006221124372
0.317700000000000 0.999999999994696 0.401225162434258 -0.539699176780069 100.001238844485471 0.500006219054635
0.317800000000000 0.999999999994696 0.401119495931551 -0.517045940404304 100.001238844485243 0.500006217012623
0.317900000000000 0.999999999994695 0.401018380407553 -0.494185940158428 100.001238844485016 0.500006215048118
0.318000000000000 0.999999999994694 0.400921856295705 -0.471128338414450 100.001238844485016 0.500006213062932
0.318100000000000 0.999999999994691 0.400829962189974 -0.447882369300256 100.001238844484746 0.500006211007068
0.318200000000000 0.999999999994689 0.400742734838383 -0.424457262109993 100.001238844484689 0.500006209189851
0.318300000000000 0.999999999994687 0.400660209122333 -0.400862450968866 100.001238844484419 0.500006207323555
0.318400000000000 0.999999999994687 0.400582418041334 -0.377107323988136 100.001238844484391 0.500006205610543
0.318500000000000 0.999999999994681 0.400509392706622 -0.353201377041619 100.001238844484078 0.500006204060024
0.318600000000000 0.999999999994680 0.400441162326349 -0.329154146822673 100.001238844483822 0.500006202744973
0.318700000000000 0.999999999994682 0.400377754190040 -0.304975281963517 100.001238844483751 0.500006201545080
0.318800000000000 0.999999999994680 0.400319193654226 -0.280674466994839 100.001238844483652 0.500006200412445
0.318900000000000 0.999999999994677 0.400265504136968 -0.256261405424595 100.001238844483481 0.500006199390743
0.319000000000000 0.999999999994678 0.400216707112389 -0.231745835468349 100.001238844483382 0.500006198538173
0.319100000000000 0.999999999994675 0.400172822091421 -0.207137643852477 100.001238844483112 0.500006197657567
0.319200000000000 0.999999999994671 0.400133866617584 -0.182446626259062 100.001238844482941 0.500006196863555
0.319300000000000 0.999999999994670 0.400099856267326 -0.157682661795836 100.001238844482899 0.500006196152055
0.319400000000000 0.999999999994668 0.400070804638152 -0.132855659257093 100.001238844482685 0.500006195521599
0.319500000000000 0.999999999994667 0.400046723350140 -0.107975485481102 100.001238844482629 0.500006195056103
0.319600000000000 0.999999999994663 0.400027622039864 -0.083052109775070 100.001238844482344 0.500006194715780
0.319700000000000 0.999999999994665 0.400013508349694 -0.058095505276838 100.001238844482231 0.500006194484740
0.319800000000000 0.999999999994660 0.400004387923791 -0.033115677462860 100.001238844482074 0.500006194342224
0.319900000000000 0.999999999994661 0.400000264407000 -0.008122624762947 100.001238844481804 0.500006194291467
0.320000000000000 0.999999999994661 0.400001139445648 0.016873664740178 100.001238844481662 0.500006194341603
0.320100000000000 0.999999999994656 0.400007012690435 0.041863226540406 100.001238844481520 0.500006194488475
0.320200000000000 0.999999999994657 0.400017881795643 0.066836057867665 100.001238844481378 0.500006194726765
0.320300000000000 0.999999999994655 0.400033742414967 0.091782153461202 100.001238844481122 0.500006195065819
0.320400000000000 0.999999999994654 0.400054588203267 0.116691526161729 100.001238844481094 0.500006195521675
0.320500000000000 0.999999999994650 0.400080410818846 0.141554196346814 100.001238844480866 0.500006196127630
0.320600000000000 0.999999999994647 0.400111199933127 0.166360277817286 100.001238844480611 0.500006196814863
0.320700000000000 0.999999999994647 0.400146943235852 0.191099836969487 100.001238844480554 0.500006197597963
0.320800000000000 0.999999999994647 0.400187626435206 0.215762986895007 100.001238844480497 0.500006198461451
0.320900000000000 0.999999999994645 0.400233233265141 0.240339871616965 100.001238844480298 0.500006199383985
0.321000000000000 0.999999999994640 0.400283745488333 0.264820635552352 100.001238844480142 0.500006200425090
0.321100000000000 0.999999999994641 0.400339142904813 0.289195507198297 100.001238844480042 0.500006201537542
0.321200000000000 0.999999999994638 0.400399403361013 0.313454717976943 100.001238844479758 0.500006202780015
0.321300000000000 0.999999999994638 0.400464502754315 0.337588543009795 100.001238844479602 0.500006204234782
0.321400000000000 0.999999999994637 0.400534415056490 0.361587458238763 100.001238844479403 0.500006205473265
0.321500000000000 0.999999999994634 0.400609112315581 0.385441738047476 100.001238844479204 0.500006206931585
0.321600000000000 0.999999999994633 0.400688564646756 0.409141778144023 100.001238844479033 0.500006208885402
0.321700000000000 0.999999999994632 0.400772740264772 0.432678184816806 100.001238844478763 0.500006211028418
0.321800000000000 0.999999999994630 0.400861605508796 0.456041591765265 100.001238844478735 0.500006213164021
0.321900000000000 0.999999999994626 0.400955124848105 0.479222663407331 100.001238844478706 0.500006215243628
0.322000000000000 0.999999999994626 0.401053260894570 0.502212162819043 100.001238844478621 0.500006217086982
0.322100000000000 0.999999999994624 0.401155974412673 0.525000849812791 100.001238844478308 0.500006218901762
0.322200000000000 0.999999999994622 0.401263224323101 0.547579521460938 100.001238844478152 0.500006221158983
0.322300000000000 0.999999999994622 0.401374967723199 0.569939148453739 100.001238844477925 0.500006223889160
0.322400000000000 0.999999999994622 0.401491159922123 0.592070880039487 100.001238844477783 0.500006226593373
0.322500000000000 0.999999999994617 0.401611754458886 0.613965863248615 100.001238844477527 0.500006229275376
0.322600000000000 0.999999999994617 0.401736703110906 0.635615333007327 100.001238844477356 0.500006231983186
0.322700000000000 0.999999999994614 0.401865955909736 0.657010592798148 100.001238844477484 0.500006234962616
0.322800000000000 0.999999999994613 0.401999461169323 0.678143163570113 100.001238844477598 0.500006237710835
0.322900000000000 0.999999999994610 0.402137165505044 0.699004537849860 100.001238844477200 0.500006240595597
0.323000000000000 0.999999999994608 0.402279013834304 0.719586236683752 100.001238844476902 0.500006244587563
0.323100000000000 0.999999999994607 0.402424949421311 0.739880213619378 100.001238844476745 0.500006248400157
0.323200000000000 0.999999999994607 0.402574913902589 0.759878229469478 100.001238844476546 0.500006252943189
0.323300000000000 0.999999999994603 0.402728847305207 0.779572432976935 100.001238844476433 0.500006257124725
0.323400000000000 0.999999999994603 0.402886688081759 0.798954930890473 100.001238844476461 0.500006261056744
0.323500000000000 0.999999999994599 0.403048373114152 0.818017904522312 100.001238844476092 0.500006265267443
0.323600000000000 0.999999999994599 0.403213837748788 0.836753816017312 100.001238844476035 0.500006269057134
0.323700000000000 0.999999999994599 0.403383015840217 0.855155286244612 100.001238844475864 0.500006271441835
0.323800000000000 0.999999999994596 0.403555839733625 0.873214597937688 100.001238844475722 0.500006275454492
0.323900000000000 0.999999999994595 0.403732240304389 0.890924769959255 100.001238844475552 0.500006279035418
0.324000000000000 0.999999999994594 0.403912147015104 0.908278653107058 100.001238844475608 0.500006282764759
0.324100000000000 0.999999999994592 0.404095487903758 0.925269148643355 100.001238844475097 0.500006288101306
0.324200000000000 0.999999999994592 0.404282189638928 0.941889665249355 100.001238844474855 0.500006293202686
0.324300000000000 0.999999999994589 0.404472177567432 0.958133573174683 100.001238844474585 0.500006297895539
0.324400000000000 0.999999999994586 0.404665375709709 0.973994237418187 100.001238844474841 0.500006303504553
0.324500000000000 0.999999999994585 0.404861706790776 0.989465337032059 100.001238844474386 0.500006309841796
0.324600000000000 0.999999999994584 0.405061092316487 1.004540999536551 100.001238844474244 0.500006313789924
0.324700000000000 0.999999999994580 0.405263452565955 1.019214823690489 100.001238844474514 0.500006319042193
0.324800000000000 0.999999999994580 0.405468706604479 1.033481083219111 100.001238844474273 0.500006324176883
0.324900000000000 0.999999999994577 0.405676772351667 1.047334043091472 100.001238844473676 0.500006329498271
0.325000000000000 0.999999999994576 0.405887566583730 1.060767995145343 100.001238844473562 0.500006336782683
0.325100000000000 0.999999999994573 0.406101004992734 1.073777813087324 100.001238844473519 0.500006343450223
0.325200000000000 0.999999999994572 0.406317002242072 1.086358338043006 100.001238844473392 0.500006349008264
0.325300000000000 0.999999999994572 0.406535471957903 1.098504350729162 100.001238844473292 0.500006355484504
0.325400000000000 0.999999999994569 0.406756326759388 1.110211001217017 100.001238844473164 0.500006362815291
0.325500000000000 0.999999999994570 0.406979478308369 1.121473563556497 100.001238844473079 0.500006371510587
0.325600000000000 0.999999999994567 0.407204837381776 1.132287918136548 100.001238844472709 0.500006377261931
0.325700000000000 0.999999999994565 0.407432313895859 1.142649577994904 100.001238844472567 0.500006381854943
0.325800000000000 0.999999999994563 0.407661816874783 1.152554100623684 100.001238844472368 0.500006388696318
0.325900000000000 0.999999999994561 0.407893254508538 1.161997590012074 100.001238844472425 0.500006397071439
0.326000000000000 0.999999999994559 0.408126534239037 1.170976462068623 100.001238844472169 0.500006404756861
0.326100000000000 0.999999999994559 0.408361562811056 1.179487334922777 100.001238844471956 0.500006409283677
0.326200000000000 0.999999999994558 0.408598246239179 1.187526275988332 100.001238844471786 0.500006416866242
0.326300000000000 0.999999999994557 0.408836489849917 1.195090341792513 100.001238844471601 0.500006424310131
0.326400000000000 0.999999999994554 0.409076198368930 1.202176471002064 100.001238844471558 0.500006432047089
0.326500000000000 0.999999999994552 0.409317275924167 1.208781742318637 100.001238844471146 0.500006441132347
0.326600000000000 0.999999999994550 0.409559626084368 1.214903484031380 100.001238844471146 0.500006451943477
0.326700000000000 0.999999999994551 0.409803151942202 1.220539610184765 100.001238844471004 0.500006460082752
0.326800000000000 0.999999999994545 0.410047756137120 1.225687674943440 100.001238844470919 0.500006467869669
0.326900000000000 0.999999999994545 0.410293340863973 1.230345672865913 100.001238844470720 0.500006474643651
0.327000000000000 0.999999999994543 0.410539807909677 1.234511531813638 100.001238844470464 0.500006482975064
0.327100000000000 0.999999999994542 0.410787058669460 1.238183405344235 100.001238844470322 0.500006495102824
0.327200000000000 0.999999999994539 0.411034994262097 1.241360384852663 100.001238844470194 0.500006504103621
0.327300000000000 0.999999999994539 0.411283515566771 1.244040971687660 100.001238844469924 0.500006512793590
0.327400000000000 0.999999999994535 0.411532523213560 1.246224180231771 100.001238844469782 0.500006520092432
0.327500000000000 0.999999999994534 0.411781917615796 1.247908820982504 100.001238844469498 0.500006529938927
0.327600000000000 0.999999999994534 0.412031599043119 1.249094646963366 100.001238844469441 0.500006537008030
0.327700000000000 0.999999999994531 0.412281467653094 1.249780787621172 100.001238844469242 0.500006546243845
0.327800000000000 0.999999999994529 0.412531423492660 1.249967005709841 100.001238844468489 0.500006557180854
0.327900000000000 0.999999999994528 0.412781366583383 1.249653290035650 100.001238844468332 0.500006569024101
0.328000000000000 0.999999999994525 0.413031196971554 1.248839894286119 100.001238844468702 0.500006580166215
0.328100000000000 0.999999999994522 0.413280814769617 1.247527229173092 100.001238844468418 0.500006589537167
0.328200000000000 0.999999999994523 0.413530120152839 1.245715507351135 100.001238844468475 0.500006601030084
0.328300000000000 0.999999999994521 0.413779013431642 1.243405876913011 100.001238844467707 0.500006609362006
0.328400000000000 0.999999999994519 0.414027395079807 1.240598818045436 100.001238844467366 0.500006620049203
0.328500000000000 0.999999999994519 0.414275165718965 1.237295319932335 100.001238844467281 0.500006634728695
0.328600000000000 0.999999999994517 0.414522226252185 1.233497219066082 100.001238844467139 0.500006647005109
0.328700000000000 0.999999999994513 0.414768477904629 1.229205900645227 100.001238844467935 0.500006658534086
0.328800000000000 0.999999999994512 0.415013822191432 1.224422874573436 100.001238844467224 0.500006671845584
0.328900000000000 0.999999999994511 0.415258160984321 1.219150196558957 100.001238844466883 0.500006685172740
0.329000000000000 0.999999999994511 0.415501396607844 1.213390346005575 100.001238844467082 0.500006693999019
0.329100000000000 0.999999999994508 0.415743431823854 1.207145213208706 100.001238844466798 0.500006703362571
0.329200000000000 0.999999999994506 0.415984169839416 1.200417359772041 100.001238844466243 0.500006712481184
0.329300000000000 0.999999999994503 0.416223514358816 1.193209196366499 100.001238844466968 0.500006724702217
0.329400000000000 0.999999999994504 0.416461369642906 1.185523874433188 100.001238844465917 0.500006736784085
0.329500000000000 0.999999999994500 0.416697640569609 1.177364425321551 100.001238844466684 0.500006749219383
0.329600000000000 0.999999999994501 0.416932232623832 1.168733876216463 100.001238844464808 0.500006764762768
0.329700000000000 0.999999999994498 0.417165051995906 1.159636261249260 100.001238844465647 0.500006776576167
0.329800000000000 0.999999999994495 0.417396005580430 1.150074583953921 100.001238844465661 0.500006792040070
0.329900000000000 0.999999999994494 0.417625000998741 1.140053114630168 100.001238844465050 0.500006805972327
0.330000000000000 0.999999999994493 0.417851946710446 1.129575970160319 100.001238844464581 0.500006817152003
0.330100000000000 0.999999999994493 0.418076751984175 1.118647117310984 100.001238844464723 0.500006828130706
0.330200000000000 0.999999999994491 0.418299326921327 1.107270914614913 100.001238844464353 0.500006839038576
0.330300000000000 0.999999999994486 0.418519582518721 1.095451965449554 100.001238844464865 0.500006849275632
0.330400000000000 0.999999999994485 0.418737430663573 1.083194566327502 100.001238844465064 0.500006863532508
0.330500000000000 0.999999999994483 0.418952784250927 1.070504506914520 100.001238844463217 0.500006872148954
0.330600000000000 0.999999999994483 0.419165557189168 1.057386129010466 100.001238844464694 0.500006883049757
0.330700000000000 0.999999999994480 0.419375664326390 1.043844472344505 100.001238844464126 0.500006898338092
0.330800000000000 0.999999999994479 0.419583021601055 1.029885419568259 100.001238844464083 0.500006913045341
0.330900000000000 0.999999999994478 0.419787546082603 1.015514392056821 100.001238844463813 0.500006928820749
0.331000000000000 0.999999999994475 0.419989156008497 1.000737657474867 100.001238844462705 0.500006940373485
0.331100000000000 0.999999999994473 0.420187770785501 0.985560638960969 100.001238844462506 0.500006952644514
0.331200000000000 0.999999999994473 0.420383310961896 0.969989321635094 100.001238844463046 0.500006966424201
0.331300000000000 0.999999999994472 0.420575698310328 0.954029969966113 100.001238844463018 0.500006981291988
0.331400000000000 0.999999999994468 0.420764855873717 0.937689019358267 100.001238844463003 0.500006996694154
0.331500000000000 0.999999999994465 0.420950708055675 0.920973647795213 100.001238844462549 0.500007006620019
0.331600000000000 0.999999999994464 0.421133180586989 0.903889953485711 100.001238844462875 0.500007016603338
0.331700000000000 0.999999999994465 0.421312200459858 0.886444445263805 100.001238844462364 0.500007029521801
0.331800000000000 0.999999999994461 0.421487696078605 0.868644744067591 100.001238844462080 0.500007039593118
0.331900000000000 0.999999999994461 0.421659597271861 0.850497468199730 100.001238844462236 0.500007051214860
0.332000000000000 0.999999999994459 0.421827835247352 0.832009786896807 100.001238844461355 0.500007065046629
0.332100000000000 0.999999999994459 0.421992342718241 0.813189594644272 100.001238844461128 0.500007076851564
0.332200000000000 0.999999999994455 0.422153053963484 0.794044660785049 100.001238844460801 0.500007084751003
0.332300000000000 0.999999999994452 0.422309904758994 0.774582182896970 100.001238844461511 0.500007092512154
0.332400000000000 0.999999999994454 0.422462832308312 0.754809221526609 100.001238844460829 0.500007105652453
0.332500000000000 0.999999999994451 0.422611775397071 0.734734549454674 100.001238844461028 0.500007117431215
0.332600000000000 0.999999999994447 0.422756674478679 0.714366091732361 100.001238844461142 0.500007128645214
0.332700000000000 0.999999999994446 0.422897471594317 0.693711780354048 100.001238844460417 0.500007140805143
0.332800000000000 0.999999999994446 0.423034110449731 0.672780340452264 100.001238844460119 0.500007150652221
0.332900000000000 0.999999999994443 0.423166536401490 0.651579550861445 100.001238844460303 0.500007162220005
0.333000000000000 0.999999999994442 0.423294696482336 0.630118399613015 100.001238844460147 0.500007172107095
0.333100000000000 0.999999999994441 0.423418539457776 0.608405231022994 100.001238844459763 0.500007181872010
0.333200000000000 0.999999999994438 0.423538015773800 0.586448499607814 100.001238844459678 0.500007192861242
0.333300000000000 0.999999999994436 0.423653077585365 0.564256836519959 100.001238844459550 0.500007205813083
0.333400000000000 0.999999999994434 0.423763678871503 0.541839862240518 100.001238844459266 0.500007216413833
0.333500000000000 0.999999999994434 0.423869775422708 0.519206077608235 100.001238844459237 0.500007227270355
0.333600000000000 0.999999999994432 0.423971324810453 0.496364774904220 100.001238844458953 0.500007237094833
0.333700000000000 0.999999999994431 0.424068286478037 0.473325400256471 100.001238844458726 0.500007244423521
0.333800000000000 0.999999999994428 0.424160621660335 0.450096417661133 100.001238844458499 0.500007252909453
0.333900000000000 0.999999999994428 0.424248293422716 0.426687664826385 100.001238844458541 0.500007259992982
0.334000000000000 0.999999999994424 0.424331266738261 0.403108390995258 100.001238844458129 0.500007266240886
0.334100000000000 0.999999999994422 0.424409508395157 0.379367491260265 100.001238844458356 0.500007273792370
0.334200000000000 0.999999999994420 0.424482987087560 0.355475136209325 100.001238844457930 0.500007279957369
0.334300000000000 0.999999999994419 0.424551673442223 0.331440484018810 100.001238844457689 0.500007286216309
0.334400000000000 0.999999999994417 0.424615539970195 0.307273211400948 100.001238844457674 0.500007292288305
0.334500000000000 0.999999999994416 0.424674561170350 0.282983537314019 100.001238844457191 0.500007296498325
0.334600000000000 0.999999999994414 0.424728713484631 0.258580670114960 100.001238844457333 0.500007300444881
0.334700000000000 0.999999999994412 0.424777975218058 0.234074026022170 100.001238844456779 0.500007304955243
0.334800000000000 0.999999999994410 0.424822326643100 0.209473864739402 100.001238844456992 0.500007308826080
0.334900000000000 0.999999999994411 0.424861750058317 0.184790198274455 100.001238844456907 0.500007311756552
0.335000000000000 0.999999999994409 0.424896229669519 0.160032076227930 100.001238844456722 0.500007315290410
0.335100000000000 0.999999999994405 0.424925751620785 0.135209836338226 100.001238844456651 0.500007318503498
0.335200000000000 0.999999999994406 0.424950304100996 0.110333595782475 100.001238844456338 0.500007321100278
0.335300000000000 0.999999999994402 0.424969877318786 0.085413437620029 100.001238844455941 0.500007322982617
0.335400000000000 0.999999999994399 0.424984463466020 0.060459110507332 100.001238844456040 0.500007324410071
0.335500000000000 0.999999999994400 0.424994056748169 0.035481002522537 100.001238844455600 0.500007325180067
0.335600000000000 0.999999999994398 0.424998653357171 0.010488594898666 100.001238844455571 0.500007325607510
0.335700000000000 0.999999999994395 0.424998251427102 -0.014508178046836 100.001238844455344 0.500007325634715
0.335800000000000 0.999999999994395 0.424992851104123 -0.039499122557059 100.001238844455173 0.500007325229486
0.335900000000000 0.999999999994393 0.424982454579596 -0.064473980366324 100.001238844455003 0.500007324542767
0.336000000000000 0.999999999994391 0.424967066034404 -0.089423104004922 100.001238844454832 0.500007323459614
0.336100000000000 0.999999999994388 0.424946691542463 -0.114337224214688 100.001238844454633 0.500007321233250
0.336200000000000 0.999999999994386 0.424921339180134 -0.139205583765857 100.001238844454434 0.500007318492730
0.336300000000000 0.999999999994387 0.424891019101630 -0.164018152719328 100.001238844454306 0.500007315387030
0.336400000000000 0.999999999994384 0.424855743477865 -0.188764794356264 100.001238844454164 0.500007312356093
0.336500000000000 0.999999999994383 0.424815526453376 -0.213435900585070 100.001238844453979 0.500007308989319
0.336600000000000 0.999999999994382 0.424770384089440 -0.238021921627599 100.001238844453852 0.500007304597425
0.336700000000000 0.999999999994379 0.424720334416418 -0.262512710986858 100.001238844453610 0.500007299837435
0.336800000000000 0.999999999994378 0.424665397449124 -0.286898569789572 100.001238844453496 0.500007294473028
0.336900000000000 0.999999999994375 0.424605595197427 -0.311169240823139 100.001238844453269 0.500007289994631
0.337000000000000 0.999999999994373 0.424540951609666 -0.335315594876479 100.001238844453098 0.500007284762475
0.337100000000000 0.999999999994372 0.424471492533004 -0.359327781055701 100.001238844452871 0.500007279396598
0.337200000000000 0.999999999994371 0.424397245752113 -0.383196261457506 100.001238844452757 0.500007273696245
0.337300000000000 0.999999999994367 0.424318240934076 -0.406911757345265 100.001238844452502 0.500007266616439
0.337400000000000 0.999999999994368 0.424234509621160 -0.430464793632072 100.001238844452416 0.500007258001452
0.337500000000000 0.999999999994364 0.424146085273898 -0.453845665758120 100.001238844452075 0.500007248992935
0.337600000000000 0.999999999994364 0.424053003307586 -0.477044514618611 100.001238844452104 0.500007241975352
0.337700000000000 0.999999999994360 0.423955300988412 -0.500052692967426 100.001238844451962 0.500007234120561
0.337800000000000 0.999999999994361 0.423853017389933 -0.522860779100847 100.001238844451763 0.500007226514706
0.337900000000000 0.999999999994360 0.423746193386758 -0.545460179872483 100.001238844451720 0.500007216396709
0.338000000000000 0.999999999994355 0.423634871671789 -0.567841307468235 100.001238844451365 0.500007206650128
0.338100000000000 0.999999999994356 0.423519096803727 -0.589995079263703 100.001238844451322 0.500007198110973
0.338200000000000 0.999999999994353 0.423398915060901 -0.611913395621026 100.001238844451223 0.500007186338954
0.338300000000000 0.999999999994352 0.423274374474519 -0.633586827379124 100.001238844450668 0.500007175261508
0.338400000000000 0.999999999994350 0.423145524915461 -0.655006388946623 100.001238844450569 0.500007167014128
0.338500000000000 0.999999999994350 0.423012417965180 -0.676163961508672 100.001238844450455 0.500007158840514
0.338600000000000 0.999999999994348 0.422875106831602 -0.697051402242127 100.001238844450427 0.500007148581775
0.338700000000000 0.999999999994346 0.422733646377841 -0.717660309783019 100.001238844450327 0.500007136473225
0.338800000000000 0.999999999994342 0.422588093196759 -0.737981781486288 100.001238844450086 0.500007127242325
0.338900000000000 0.999999999994342 0.422438505509212 -0.758008428950249 100.001238844449730 0.500007115552406
0.339000000000000 0.999999999994340 0.422284943103837 -0.777731972933094 100.001238844449659 0.500007103367790
0.339100000000000 0.999999999994338 0.422127467408872 -0.797144288511024 100.001238844449887 0.500007092554753
0.339200000000000 0.999999999994337 0.421966141418341 -0.816237846401859 100.001238844449432 0.500007081315113
0.339300000000000 0.999999999994336 0.421801029651876 -0.835004915167090 100.001238844448977 0.500007070438278
0.339400000000000 0.999999999994333 0.421632198128612 -0.853438235411234 100.001238844448665 0.500007057883726
0.339500000000000 0.999999999994331 0.421459714370855 -0.871530024132484 100.001238844448807 0.500007047144239
0.339600000000000 0.999999999994330 0.421283647313336 -0.889273946762260 100.001238844448551 0.500007030384290
0.339700000000000 0.999999999994328 0.421104067331262 -0.906661943779069 100.001238844448324 0.500007016030648
0.339800000000000 0.999999999994326 0.420921046283366 -0.923687209632955 100.001238844448210 0.500007002843026
0.339900000000000 0.999999999994323 0.420734657351629 -0.940343335260293 100.001238844448196 0.500006987158191
0.340000000000000 0.999999999994322 0.420544975095759 -0.956622947659457 100.001238844447826 0.500006975657772
0.340100000000000 0.999999999994321 0.420352075383858 -0.972520336038356 100.001238844447656 0.500006960788008
0.340200000000000 0.999999999994318 0.420156035343050 -0.988028623292733 100.001238844447599 0.500006947545412
0.340300000000000 0.999999999994316 0.419956933415711 -1.003141518998823 100.001238844447329 0.500006936878194
0.340400000000000 0.999999999994316 0.419754849236786 -1.017853394614971 100.001238844447187 0.500006924680285
0.340500000000000 0.999999999994314 0.419549863591300 -1.032158381660659 100.001238844446988 0.500006910764945
0.340600000000000 0.999999999994311 0.419342058436459 -1.046050625302763 100.001238844446846 0.500006896489870
0.340700000000000 0.999999999994310 0.419131516892499 -1.059524348264738 100.001238844446718 0.500006884191425
0.340800000000000 0.999999999994309 0.418918323197762 -1.072574140705338 100.001238844446505 0.500006874161744
0.340900000000000 0.999999999994308 0.418702562605370 -1.085195268498317 100.001238844446220 0.500006861236704
0.341000000000000 0.999999999994306 0.418484321387402 -1.097382279465978 100.001238844446362 0.500006849776357
0.341100000000000 0.999999999994304 0.418263686832731 -1.109130448114225 100.001238844446249 0.500006838187753
0.341200000000000 0.999999999994301 0.418040747183453 -1.120434973374750 100.001238844445680 0.500006827623511
0.341300000000000 0.999999999994300 0.417815591612922 -1.131291338864149 100.001238844445936 0.500006818063020
0.341400000000000 0.999999999994298 0.417588310168287 -1.141695324421576 100.001238844445680 0.500006808152714
0.341500000000000 0.999999999994298 0.417358993690699 -1.151643208872028 100.001238844445311 0.500006792853308
0.341600000000000 0.999999999994294 0.417127733817836 -1.161130753279617 100.001238844444984 0.500006775094509
0.341700000000000 0.999999999994294 0.416894623034983 -1.170153713058038 100.001238844445041 0.500006760097354
0.341800000000000 0.999999999994292 0.416659754607164 -1.178708535905376 100.001238844444885 0.500006747255427
0.341900000000000 0.999999999994291 0.416423222492497 -1.186791839595723 100.001238844444600 0.500006736147597
0.342000000000000 0.999999999994289 0.416185121258586 -1.194400917913587 100.001238844444515 0.500006720536553
0.342100000000000 0.999999999994287 0.415945546103107 -1.201532175921454 100.001238844444373 0.500006706985886
0.342200000000000 0.999999999994283 0.415704592872968 -1.208182708323960 100.001238844444003 0.500006696171806
0.342300000000000 0.999999999994281 0.415462357940025 -1.214350172931499 100.001238844443861 0.500006684285283
0.342400000000000 0.999999999994280 0.415218938169433 -1.220031985992425 100.001238844443776 0.500006672749470
0.342500000000000 0.999999999994279 0.414974430959256 -1.225225395606734 100.001238844443662 0.500006667438990
0.342600000000000 0.999999999994278 0.414728934093427 -1.229929292825126 100.001238844443591 0.500006656526534
0.342700000000000 0.999999999994274 0.414482545688152 -1.234141473737163 100.001238844443549 0.500006643951131
0.342800000000000 0.999999999994275 0.414235364270608 -1.237860016652556 100.001238844443208 0.500006632639476
0.342900000000000 0.999999999994273 0.413987488681260 -1.241083715608972 100.001238844442895 0.500006619119605
0.343000000000000 0.999999999994267 0.413739018040774 -1.243810980464426 100.001238844442895 0.500006607125455
0.343100000000000 0.999999999994268 0.413490051759703 -1.246040495922219 100.001238844442440 0.500006599466013
0.343200000000000 0.999999999994267 0.413240689402055 -1.247772044950434 100.001238844442213 0.500006587747997
0.343300000000000 0.999999999994267 0.412991030675892 -1.249004413054240 100.001238844442199 0.500006578482614
0.343400000000000 0.999999999994264 0.412741175447149 -1.249737218766808 100.001238844442042 0.500006570287031
0.343500000000000 0.999999999994262 0.412491223638264 -1.249970287983583 100.001238844441900 0.500006561679145
0.343600000000000 0.999999999994262 0.412241275188450 -1.249703621549360 100.001238844441730 0.500006551486382
0.343700000000000 0.999999999994259 0.411991430031849 -1.248937276697742 100.001238844442213 0.500006540330919
0.343800000000000 0.999999999994257 0.411741788114852 -1.247671070864327 100.001238844441502 0.500006534323283
0.343900000000000 0.999999999994254 0.411492449291419 -1.245906107546149 100.001238844441218 0.500006526009907
0.344000000000000 0.999999999994255 0.411243513261906 -1.243642827147004 100.001238844441005 0.500006518704440
0.344100000000000 0.999999999994251 0.410995079552022 -1.240882532708260 100.001238844441346 0.500006507462042
0.344200000000000 0.999999999994250 0.410747247495838 -1.237625837656571 100.001238844440735 0.500006498382746
0.344300000000000 0.999999999994249 0.410500116221713 -1.233874176956814 100.001238844440593 0.500006489819914
0.344400000000000 0.999999999994246 0.410253784531130 -1.229629395310494 100.001238844439854 0.500006477531216
0.344500000000000 0.999999999994243 0.410008350912018 -1.224892784608224 100.001238844440053 0.500006466525693
0.344600000000000 0.999999999994241 0.409763913545006 -1.219666119027225 100.001238844440053 0.500006458264845
0.344700000000000 0.999999999994241 0.409520570200107 -1.213951732858562 100.001238844439882 0.500006449757957
0.344800000000000 0.999999999994239 0.409278418198582 -1.207751784266406 100.001238844439598 0.500006442549197
0.344900000000000 0.999999999994237 0.409037554380295 -1.201068923189764 100.001238844439527 0.500006434573898
0.345000000000000 0.999999999994236 0.408798075055384 -1.193905800043971 100.001238844439797 0.500006426108243
0.345100000000000 0.999999999994232 0.408560075993403 -1.186265172096133 100.001238844439655 0.500006418438719
0.345200000000000 0.999999999994232 0.408323652355328 -1.178150369588910 100.001238844438404 0.500006408310477
0.345300000000000 0.999999999994229 0.408088898676670 -1.169564315117288 100.001238844438873 0.500006399548141
0.345400000000000 0.999999999994230 0.407855908857179 -1.160510436000936 100.001238844438092 0.500006392208766
0.345500000000000 0.999999999994228 0.407624776062636 -1.150992658124530 100.001238844439058 0.500006382746283
0.345600000000000 0.999999999994225 0.407395592734587 -1.141014303381430 100.001238844437637 0.500006376751045
0.345700000000000 0.999999999994227 0.407168450564314 -1.130579535490085 100.001238844438177 0.500006372196994
0.345800000000000 0.999999999994224 0.406943440375602 -1.119692870865447 100.001238844437992 0.500006365194419
0.345900000000000 0.999999999994220 0.406720652121025 -1.108358511283464 100.001238844437665 0.500006357485507
0.346000000000000 0.999999999994217 0.406500174891061 -1.096580874900050 100.001238844437609 0.500006350351161
0.346100000000000 0.999999999994217 0.406282096867549 -1.084364629211376 100.001238844437324 0.500006344245953
0.346200000000000 0.999999999994215 0.406066505270454 -1.071714725023007 100.001238844437239 0.500006338444339
0.346300000000000 0.999999999994213 0.405853486307917 -1.058636331967594 100.001238844436955 0.500006331761316
0.346400000000000 0.999999999994210 0.405643125159163 -1.045134573449486 100.001238844436301 0.500006325345013
0.346500000000000 0.999999999994210 0.405435505947888 -1.031214880072620 100.001238844437324 0.500006318868962
0.346600000000000 0.999999999994210 0.405230711718883 -1.016882614489046 100.001238844435960 0.500006314427519
0.346700000000000 0.999999999994207 0.405028824401913 -1.002143558294574 100.001238844435790 0.500006311461933
0.346800000000000 0.999999999994204 0.404829924725033 -0.987003947517759 100.001238844436827 0.500006306531176
0.346900000000000 0.999999999994204 0.404634092203335 -0.971469682576203 100.001238844436756 0.500006301205617
0.347000000000000 0.999999999994201 0.404441405142527 -0.955546954916610 100.001238844436486 0.500006295701982
0.347100000000000 0.999999999994200 0.404251940593293 -0.939242124922732 100.001238844435036 0.500006290098647
0.347200000000000 0.999999999994201 0.404065774336847 -0.922561528196735 100.001238844434994 0.500006286124264
0.347300000000000 0.999999999994196 0.403882980840685 -0.905511962779693 100.001238844435335 0.500006282560031
0.347400000000000 0.999999999994196 0.403703633197328 -0.888100386179001 100.001238844435292 0.500006278144576
0.347500000000000 0.999999999994193 0.403527803119099 -0.870333646268793 100.001238844434994 0.500006273926852
0.347600000000000 0.999999999994191 0.403355560920976 -0.852218866456046 100.001238844434880 0.500006269744977
0.347700000000000 0.999999999994189 0.403186975484976 -0.833763253595016 100.001238844434909 0.500006265916654
0.347800000000000 0.999999999994187 0.403022114220790 -0.814974328674676 100.001238844434567 0.500006261273014
0.347900000000000 0.999999999994185 0.402861043066879 -0.795859286289720 100.001238844434425 0.500006258427881
0.348000000000000 0.999999999994185 0.402703826452642 -0.776426010549646 100.001238844434383 0.500006255414271
0.348100000000000 0.999999999994184 0.402550527227911 -0.756682421035961 100.001238844434170 0.500006251108469
0.348200000000000 0.999999999994185 0.402401206674822 -0.736636279229590 100.001238844434070 0.500006246583221
0.348300000000000 0.999999999994181 0.402255924505267 -0.716295527829909 100.001238844433857 0.500006242394573
0.348400000000000 0.999999999994181 0.402114738829081 -0.695668242571716 100.001238844433658 0.500006238945555
0.348500000000000 0.999999999994178 0.401977706110570 -0.674762801637397 100.001238844433601 0.500006235314813
0.348600000000000 0.999999999994176 0.401844881152152 -0.653587453950303 100.001238844433288 0.500006232260000
0.348700000000000 0.999999999994173 0.401716317084614 -0.632150666480399 100.001238844433232 0.500006229759946
0.348800000000000 0.999999999994173 0.401592065327383 -0.610461084232525 100.001238844433175 0.500006227334984
0.348900000000000 0.999999999994169 0.401472175566358 -0.588527398093739 100.001238844432805 0.500006224883169
0.349000000000000 0.999999999994168 0.401356695738195 -0.566358412891794 100.001238844432692 0.500006222219882
0.349100000000000 0.999999999994168 0.401245672019441 -0.543962927530434 100.001238844432464 0.500006219738776
0.349200000000000 0.999999999994167 0.401139148812776 -0.521349882205835 100.001238844432322 0.500006217518583
0.349300000000000 0.999999999994163 0.401037168717986 -0.498528366058386 100.001238844432379 0.500006215310905
0.349400000000000 0.999999999994160 0.400939772515561 -0.475507485510063 100.001238844432010 0.500006213221126
0.349500000000000 0.999999999994161 0.400846999157057 -0.452296423803852 100.001238844431839 0.500006211354168
0.349600000000000 0.999999999994157 0.400758885741285 -0.428904525416095 100.001238844431583 0.500006209423558
0.349700000000000 0.999999999994158 0.400675467505833 -0.405341063393549 100.001238844431583 0.500006207786645
0.349800000000000 0.999999999994155 0.400596777806324 -0.381615580092726 100.001238844431313 0.500006205952588
0.349900000000000 0.999999999994155 0.400522848103550 -0.357737492364483 100.001238844431285 0.500006204220388
0.350000000000000 0.999999999994155 0.400453707969585 -0.333716267600209 100.001238844431086 0.500006202874573
0.350100000000000 0.999999999994151 0.400389385060157 -0.309561596900660 100.001238844430972 0.500006201604056
0.350200000000000 0.999999999994149 0.400329905094856 -0.285283156766639 100.001238844430702 0.500006200361521
0.350300000000000 0.999999999994147 0.400275291857519 -0.260890632223473 100.001238844430588 0.500006199224800
0.350400000000000 0.999999999994145 0.400225567196937 -0.236393685338148 100.001238844430475 0.500006198424081
0.350500000000000 0.999999999994145 0.400180751004015 -0.211802230297152 100.001238844430134 0.500006197649034
0.350600000000000 0.999999999994142 0.400140861202606 -0.187126041748020 100.001238844430048 0.500006197032402
0.350700000000000 0.999999999994142 0.400105913746756 -0.162375026944806 100.001238844429807 0.500006196487973
0.350800000000000 0.999999999994137 0.400075922607413 -0.137559116456827 100.001238844429707 0.500006195969379
0.350900000000000 0.999999999994138 0.400050899771951 -0.112688224253433 100.001238844429650 0.500006195508793
0.351000000000000 0.999999999994135 0.400030855242324 -0.087772283583009 100.001238844429352 0.500006195132506
0.351100000000000 0.999999999994133 0.400015797032798 -0.062821243870419 100.001238844429196 0.500006194859298
0.351200000000000 0.999999999994131 0.400005731165194 -0.037845079622413 100.001238844428983 0.500006194691047
0.351300000000000 0.999999999994132 0.400000661665421 -0.012853779417819 100.001238844428826 0.500006194626660
0.351400000000000 0.999999999994129 0.400000590561686 0.012142668292833 100.001238844428798 0.500006194665239
0.351500000000000 0.999999999994127 0.400005517882821 0.037134255487272 100.001238844428499 0.500006194806204
0.351600000000000 0.999999999994124 0.400015441656360 0.062110977182866 100.001238844428315 0.500006195056897
0.351700000000000 0.999999999994124 0.400030357913612 0.087062877377812 100.001238844428116 0.500006195400336
0.351800000000000 0.999999999994120 0.400050260693447 0.111979983393731 100.001238844427931 0.500006195822632
0.351900000000000 0.999999999994120 0.400075142036496 0.136852278719025 100.001238844427718 0.500006196378183
0.352000000000000 0.999999999994118 0.400104991988190 0.161669833843871 100.001238844427633 0.500006197056011
0.352100000000000 0.999999999994116 0.400139798609570 0.186422733000714 100.001238844427462 0.500006197846624
0.352200000000000 0.999999999994115 0.400179547978539 0.211101055440843 100.001238844427490 0.500006198795667
0.352300000000000 0.999999999994112 0.400224224201455 0.235695010604013 100.001238844427291 0.500006199740098
0.352400000000000 0.999999999994109 0.400273809418467 0.260194718230172 100.001238844426979 0.500006200766331
0.352500000000000 0.999999999994107 0.400328283801143 0.284590371668284 100.001238844426851 0.500006201896356
0.352600000000000 0.999999999994108 0.400387625563971 0.308872207402200 100.001238844426695 0.500006203153650
0.352700000000000 0.999999999994104 0.400451810972775 0.333030501697085 100.001238844426609 0.500006204585763
0.352800000000000 0.999999999994105 0.400520814358052 0.357055623523123 100.001238844426325 0.500006206100440
0.352900000000000 0.999999999994104 0.400594608129399 0.380937994120223 100.001238844426382 0.500006207587328
0.353000000000000 0.999999999994102 0.400673162782521 0.404668048671727 100.001238844425984 0.500006209085417
0.353100000000000 0.999999999994102 0.400756446905580 0.428236276697437 100.001238844425956 0.500006210671101
0.353200000000000 0.999999999994098 0.400844427192343 0.451633248267586 100.001238844425686 0.500006212365332
0.353300000000000 0.999999999994097 0.400937068450901 0.474849527578108 100.001238844425600 0.500006214537802
0.353400000000000 0.999999999994098 0.401034333626298 0.497875921369263 100.001238844425330 0.500006216784654
0.353500000000000 0.999999999994093 0.401136183830551 0.520703292646709 100.001238844425217 0.500006218738922
0.353600000000000 0.999999999994092 0.401242578338286 0.543322398174745 100.001238844425075 0.500006220974539
0.353700000000000 0.999999999994091 0.401353474602455 0.565724270160025 100.001238844424861 0.500006223076646
0.353800000000000 0.999999999994088 0.401468828277453 0.587899887518784 100.001238844424691 0.500006225387226
0.353900000000000 0.999999999994087 0.401588593226340 0.609840351433686 100.001238844424648 0.500006228099898
0.354000000000000 0.999999999994085 0.401712721556619 0.631537010007660 100.001238844424520 0.500006230478712
0.354100000000000 0.999999999994082 0.401841163622243 0.652980972111144 100.001238844424208 0.500006233871824
0.354200000000000 0.999999999994083 0.401973868034682 0.674163704198560 100.001238844424194 0.500006238062426
0.354300000000000 0.999999999994080 0.402110781726038 0.695076951500833 100.001238844424194 0.500006241612017
0.354400000000000 0.999999999994078 0.402251849963178 0.715712312684320 100.001238844423924 0.500006244740891
0.354500000000000 0.999999999994077 0.402397016331979 0.736061373232333 100.001238844423455 0.500006248596677
0.354600000000000 0.999999999994077 0.402546222772140 0.756116087418231 100.001238844423625 0.500006252528344
0.354700000000000 0.999999999994073 0.402699409629071 0.775868560691543 100.001238844423426 0.500006255572234
0.354800000000000 0.999999999994072 0.402856515651392 0.795310714350869 100.001238844423057 0.500006259088029
0.354900000000000 0.999999999994070 0.403017477999040 0.814434736157020 100.001238844422829 0.500006263394771
0.355000000000000 0.999999999994069 0.403182232299874 0.833233119731088 100.001238844422744 0.500006267360037
0.355100000000000 0.999999999994065 0.403350712672045 0.851698272749766 100.001238844422772 0.500006271592978
0.355200000000000 0.999999999994065 0.403522851740824 0.869822859312195 100.001238844422772 0.500006275683794
0.355300000000000 0.999999999994065 0.403698580672099 0.887599619477854 100.001238844422261 0.500006279725850
0.355400000000000 0.999999999994062 0.403877829188838 0.905021380688965 100.001238844422232 0.500006284282899
0.355500000000000 0.999999999994061 0.404060525598591 0.922081161957197 100.001238844422005 0.500006289498183
0.355600000000000 0.999999999994058 0.404246596843421 0.938772290973444 100.001238844422119 0.500006293996138
0.355700000000000 0.999999999994057 0.404435968518126 0.955087960937515 100.001238844421891 0.500006298996372
0.355800000000000 0.999999999994054 0.404628564879303 0.971021597130624 100.001238844421408 0.500006304994118
0.355900000000000 0.999999999994052 0.404824308889432 0.986566831377644 100.001238844421394 0.500006311981331
0.356000000000000 0.999999999994051 0.405023122275572 1.001717678127377 100.001238844421138 0.500006317687112
0.356100000000000 0.999999999994051 0.405224925561014 1.016468089308901 100.001238844420982 0.500006321957971
0.356200000000000 0.999999999994048 0.405429638057017 1.030811988356594 100.001238844420882 0.500006326568779
0.356300000000000 0.999999999994045 0.405637177896771 1.044743669556297 100.001238844420925 0.500006331209851
0.356400000000000 0.999999999994046 0.405847462089176 1.058257595499915 100.001238844420556 0.500006335522296
0.356500000000000 0.999999999994044 0.406060406537549 1.071348244498458 100.001238844420328 0.500006340745457
0.356600000000000 0.999999999994043 0.406275926083133 1.084010520102739 100.001238844420143 0.500006345405476
0.356700000000000 0.999999999994039 0.406493934545093 1.096239297536756 100.001238844420129 0.500006350152162
0.356800000000000 0.999999999994038 0.406714344730791 1.108029577723791 100.001238844419959 0.500006356183768
0.356900000000000 0.999999999994039 0.406937068469679 1.119376582661088 100.001238844419817 0.500006364226693
0.357000000000000 0.999999999994035 0.407162016673479 1.130275909870682 100.001238844419504 0.500006372796868
0.357100000000000 0.999999999994033 0.407389099412150 1.140723550376117 100.001238844419561 0.500006377928401
0.357200000000000 0.999999999994030 0.407618225913763 1.150715089701993 100.001238844419390 0.500006382263947
0.357300000000000 0.999999999994031 0.407849304535411 1.160246230128091 100.001238844419134 0.500006389278241
0.357400000000000 0.999999999994030 0.408082242831626 1.169313244331629 100.001238844418879 0.500006398031464
0.357500000000000 0.999999999994028 0.408316947648297 1.177912775250944 100.001238844418708 0.500006405390782
0.357600000000000 0.999999999994024 0.408553325115966 1.186041017645156 100.001238844418509 0.500006415661901
0.357700000000000 0.999999999994024 0.408791280703320 1.193695170000977 100.001238844418509 0.500006423537091
0.357800000000000 0.999999999994020 0.409030719272596 1.200871963120898 100.001238844418452 0.500006431475575
0.357900000000000 0.999999999994020 0.409271545076029 1.207568563742466 100.001238844417927 0.500006439031982
0.358000000000000 0.999999999994018 0.409513661799826 1.213782145312083 100.001238844417927 0.500006447997465
0.358100000000000 0.999999999994015 0.409756972617879 1.219510412761286 100.001238844417429 0.500006456073725
0.358200000000000 0.999999999994015 0.410001380221289 1.224750828420930 100.001238844417486 0.500006466266864
0.358300000000000 0.999999999994014 0.410246786865491 1.229501576924090 100.001238844417600 0.500006475150845
0.358400000000000 0.999999999994012 0.410493094413836 1.233760558767286 100.001238844417458 0.500006485170940
0.358500000000000 0.999999999994010 0.410740204369816 1.237526259352467 100.001238844417173 0.500006494000702
0.358600000000000 0.999999999994006 0.410988017926711 1.240797101863920 100.001238844416974 0.500006502507812
0.358700000000000 0.999999999994008 0.411236435959574 1.243571472545511 100.001238844416747 0.500006514485217
0.358800000000000 0.999999999994006 0.411485359119202 1.245848754692304 100.001238844416477 0.500006523809266
0.358900000000000 0.999999999994005 0.411734687852365 1.247627514373409 100.001238844416278 0.500006536990445
0.359000000000000 0.999999999994002 0.411984322467369 1.248907804863338 100.001238844416250 0.500006544489239
0.359100000000000 0.999999999994001 0.412234163165705 1.249688505776752 100.001238844416122 0.500006553892221
0.359200000000000 0.999999999993997 0.412484110013565 1.249969378588713 100.001238844416008 0.500006564277086
0.359300000000000 0.999999999993997 0.412734063096328 1.249750865322881 100.001238844415695 0.500006568710956
0.359400000000000 0.999999999993993 0.412983922472399 1.249032243085478 100.001238844415440 0.500006577318435
0.359500000000000 0.999999999993992 0.413233588164256 1.247813873444773 100.001238844415269 0.500006589165033
0.359600000000000 0.999999999993992 0.413482960315946 1.246096619909537 100.001238844415170 0.500006599546973
0.359700000000000 0.999999999993990 0.413731939200625 1.243880903245928 100.001238844415155 0.500006611775460
0.359800000000000 0.999999999993988 0.413980425247650 1.241167870581514 100.001238844414956 0.500006622594909
0.359900000000000 0.999999999993986 0.414228319082544 1.237958333816841 100.001238844414601 0.500006635391745
0.360000000000000 0.999999999993985 0.414475521570977 1.234253881466262 100.001238844413933 0.500006646379706
0.360100000000000 0.999999999993984 0.414721933881999 1.230055962332289 100.001238844414189 0.500006655966924
0.360200000000000 0.999999999993982 0.414967457489596 1.225366174792216 100.001238844414246 0.500006665145749
0.360300000000000 0.999999999993979 0.415211994199076 1.220186234697234 100.001238844414189 0.500006675866948
0.360400000000000 0.999999999993975 0.415455446177892 1.214518041534767 100.001238844414416 0.500006690206095
0.360500000000000 0.999999999993979 0.415697716058513 1.208364353918364 100.001238844413464 0.500006702163743
0.360600000000000 0.999999999993973 0.415938706995273 1.201727634745740 100.001238844414189 0.500006711734477
0.360700000000000 0.999999999993973 0.416178322601752 1.194610005927808 100.001238844413109 0.500006725315743
0.360800000000000 0.999999999993972 0.416416467015640 1.187014589616539 100.001238844412740 0.500006739568918
0.360900000000000 0.999999999993970 0.416653045024031 1.178944768377675 100.001238844412825 0.500006750395710
0.361000000000000 0.999999999993967 0.416887962040816 1.170403417679684 100.001238844411745 0.500006761968427
0.361100000000000 0.999999999993967 0.417121124106305 1.161393926615843 100.001238844412512 0.500006774580590
0.361200000000000 0.999999999993965 0.417352437953738 1.151919836478569 100.001238844412512 0.500006788922014
0.361300000000000 0.999999999993961 0.417581811077078 1.141985214506935 100.001238844412256 0.500006801762077
0.361400000000000 0.999999999993961 0.417809151773692 1.131594030159867 100.001238844411461 0.500006813158375
0.361500000000000 0.999999999993958 0.418034369163131 1.120750537519238 100.001238844411944 0.500006822020076
0.361600000000000 0.999999999993957 0.418257373197208 1.109458804840828 100.001238844412342 0.500006831380183
0.361700000000000 0.999999999993956 0.418478074660437 1.097723082997746 100.001238844411461 0.500006844143841
0.361800000000000 0.999999999993953 0.418696385262157 1.085548376982389 100.001238844411233 0.500006856826848
0.361900000000000 0.999999999993955 0.418912217702215 1.072939588190384 100.001238844411546 0.500006869069672
0.362000000000000 0.999999999993951 0.419125485688309 1.059901896646008 100.001238844410892 0.500006879405660
0.362100000000000 0.999999999993950 0.419336103920880 1.046440048216391 100.001238844411503 0.500006892801748
0.362200000000000 0.999999999993946 0.419543988123592 1.032559524694362 100.001238844410381 0.500006908147660
0.362300000000000 0.999999999993945 0.419749055132218 1.018265972749537 100.001238844410494 0.500006924397565
0.362400000000000 0.999999999993943 0.419951222919350 1.003565111531331 100.001238844410565 0.500006941481543
0.362500000000000 0.999999999993941 0.420150410663924 0.988463288278594 100.001238844409841 0.500006954697035
0.362600000000000 0.999999999993941 0.420346538797177 0.972966682639971 100.001238844409883 0.500006962772370
0.362700000000000 0.999999999993939 0.420539528905315 0.957080659127328 100.001238844409698 0.500006973895516
0.362800000000000 0.999999999993934 0.420729303730814 0.940811407663615 100.001238844409841 0.500006989501731
0.362900000000000 0.999999999993934 0.420915787391981 0.924166521876229 100.001238844408789 0.500006999284435
0.363000000000000 0.999999999993934 0.421098905340069 0.907151732486799 100.001238844408959 0.500007011914045
0.363100000000000 0.999999999993931 0.421278584292276 0.889773953432053 100.001238844409187 0.500007026286238
0.363200000000000 0.999999999993929 0.421454752421030 0.872040840132003 100.001238844408235 0.500007036099830
0.363300000000000 0.999999999993927 0.421627339299307 0.853958734510658 100.001238844409116 0.500007047992027
0.363400000000000 0.999999999993926 0.421796275887725 0.835535174175194 100.001238844409102 0.500007059272845
0.363500000000000 0.999999999993924 0.421961494619516 0.816777357168327 100.001238844408419 0.500007071354876
0.363600000000000 0.999999999993922 0.422122929382399 0.797692614613537 100.001238844407780 0.500007085557964
0.363700000000000 0.999999999993919 0.422280515625574 0.778289244028459 100.001238844408391 0.500007096519252
0.363800000000000 0.999999999993919 0.422434190341576 0.758574377713257 100.001238844407396 0.500007109196397
0.363900000000000 0.999999999993917 0.422583892049400 0.738556148488132 100.001238844408050 0.500007121619240
0.364000000000000 0.999999999993915 0.422729560889678 0.718242646579831 100.001238844406700 0.500007133160809
0.364100000000000 0.999999999993913 0.422871138622246 0.697641973268268 100.001238844407993 0.500007144003990
0.364200000000000 0.999999999993911 0.423008568591957 0.676761873463297 100.001238844408206 0.500007157555549
0.364300000000000 0.999999999993909 0.423141795823688 0.655611403269813 100.001238844405805 0.500007168921347
0.364400000000000 0.999999999993907 0.423270767070365 0.634198802802437 100.001238844406572 0.500007179616683
0.364500000000000 0.999999999993904 0.423395430743805 0.612532401215308 100.001238844406402 0.500007191113618
0.364600000000000 0.999999999993903 0.423515737019905 0.590621524537412 100.001238844405648 0.500007199347474
0.364700000000000 0.999999999993903 0.423631637837138 0.568474475491482 100.001238844406643 0.500007207187220
0.364800000000000 0.999999999993902 0.423743086866052 0.546100271589913 100.001238844405378 0.500007213741006
0.364900000000000 0.999999999993898 0.423850039511192 0.523507230926851 100.001238844405165 0.500007222450860
0.365000000000000 0.999999999993896 0.423952452957125 0.500704836254190 100.001238844406032 0.500007230814954
0.365100000000000 0.999999999993897 0.424050286253696 0.477702268548965 100.001238844404796 0.500007238524138
0.365200000000000 0.999999999993892 0.424143500262207 0.454508455153206 100.001238844405165 0.500007246866541
0.365300000000000 0.999999999993891 0.424232057670923 0.431132740555603 100.001238844406060 0.500007255432762
0.365400000000000 0.999999999993890 0.424315923055295 0.407584652651857 100.001238844403716 0.500007263396983
0.365500000000000 0.999999999993887 0.424395062920082 0.383873967117951 100.001238844404654 0.500007269354493
0.365600000000000 0.999999999993888 0.424469445648798 0.360009692292987 100.001238844405549 0.500007275252077
0.365700000000000 0.999999999993886 0.424539041473785 0.336001303081259 100.001238844403190 0.500007281287323
0.365800000000000 0.999999999993884 0.424603822532216 0.311858377364528 100.001238844403474 0.500007287461280
0.365900000000000 0.999999999993880 0.424663762917743 0.287590904730447 100.001238844404583 0.500007292685772
0.366000000000000 0.999999999993879 0.424718838680662 0.263208471035065 100.001238844403247 0.500007297366645
0.366100000000000 0.999999999993879 0.424769027739125 0.238720154707516 100.001238844404199 0.500007303209473
0.366200000000000 0.999999999993877 0.424814309979719 0.214136563752407 100.001238844402849 0.500007308058191
0.366300000000000 0.999999999993875 0.424854667353531 0.189467754200718 100.001238844403900 0.500007311551430
0.366400000000000 0.999999999993872 0.424890083757831 0.164723125951082 100.001238844402451 0.500007314716490
0.366500000000000 0.999999999993871 0.424920545015203 0.139912530936983 100.001238844402252 0.500007317592759
0.366600000000000 0.999999999993868 0.424946038899312 0.115045627585383 100.001238844402096 0.500007320467124
0.366700000000000 0.999999999993868 0.424966555195875 0.090132882722211 100.001238844402536 0.500007322624283
0.366800000000000 0.999999999993867 0.424982085732201 0.065184249591301 100.001238844402366 0.500007324153599
0.366900000000000 0.999999999993865 0.424992624341832 0.040209831772221 100.001238844402309 0.500007325065221
0.367000000000000 0.999999999993863 0.424998166826115 0.015219216850246 100.001238844402081 0.500007325611503
0.367100000000000 0.999999999993862 0.424998710913818 -0.009777924576725 100.001238844401954 0.500007325740577
0.367200000000000 0.999999999993859 0.424994256402103 -0.034770566752124 100.001238844401769 0.500007325461651
0.367300000000000 0.999999999993858 0.424984805105359 -0.059749558197341 100.001238844401627 0.500007324671546
0.367400000000000 0.999999999993857 0.424970360812468 -0.084704312482716 100.001238844401342 0.500007323674485
0.367500000000000 0.999999999993854 0.424950929341238 -0.109625114123734 100.001238844401328 0.500007322386805
0.367600000000000 0.999999999993854 0.424926518409963 -0.134502687584360 100.001238844401058 0.500007320004416
0.367700000000000 0.999999999993850 0.424897137699801 -0.159326672504657 100.001238844400916 0.500007316828428
0.367800000000000 0.999999999993850 0.424862798953546 -0.184086810365736 100.001238844400746 0.500007313329980
0.367900000000000 0.999999999993848 0.424823515959299 -0.208772896678433 100.001238844400518 0.500007310172403
0.368000000000000 0.999999999993846 0.424779304465123 -0.233375542086075 100.001238844400461 0.500007306505035
0.368100000000000 0.999999999993845 0.424730182182182 -0.257884509347145 100.001238844400177 0.500007303284591
0.368200000000000 0.999999999993842 0.424676168783879 -0.282290399027054 100.001238844400007 0.500007299600635
0.368300000000000 0.999999999993845 0.424617285835261 -0.306583702505550 100.001238844399950 0.500007294689267
0.368400000000000 0.999999999993840 0.424553556870225 -0.330754234456588 100.001238844399666 0.500007289905227
0.368500000000000 0.999999999993838 0.424485007361520 -0.354792791674950 100.001238844399523 0.500007283746055
0.368600000000000 0.999999999993835 0.424411664680685 -0.378689590734080 100.001238844399325 0.500007276697280
0.368700000000000 0.999999999993835 0.424333558148189 -0.402434921108155 100.001238844399182 0.500007269305195
0.368800000000000 0.999999999993833 0.424250719034827 -0.426018986813937 100.001238844399055 0.500007262831516
0.368900000000000 0.999999999993833 0.424163180463729 -0.449433058414617 100.001238844398827 0.500007254362948
0.369000000000000 0.999999999993831 0.424070977376883 -0.472667688281054 100.001238844398671 0.500007244116759
0.369100000000000 0.999999999993828 0.423974146664864 -0.495712820534270 100.001238844398358 0.500007235666079
0.369200000000000 0.999999999993827 0.423872727099647 -0.518559694209523 100.001238844398429 0.500007226929133
0.369300000000000 0.999999999993824 0.423766759228532 -0.541199325887439 100.001238844398131 0.500007217108806
0.369400000000000 0.999999999993823 0.423656285444983 -0.563622233641662 100.001238844397960 0.500007208516677
0.369500000000000 0.999999999993821 0.423541349972101 -0.585819596485658 100.001238844397818 0.500007200452179
0.369600000000000 0.999999999993821 0.423421998781895 -0.607782751814553 100.001238844397704 0.500007191708076
0.369700000000000 0.999999999993819 0.423298279582778 -0.629502994079712 100.001238844397648 0.500007181781435
0.369800000000000 0.999999999993816 0.423170241829499 -0.650971566194197 100.001238844397449 0.500007171071406
0.369900000000000 0.999999999993814 0.423037936742511 -0.672179561563982 100.001238844397108 0.500007161679487
0.370000000000000 0.999999999993815 0.422901417228651 -0.693119027585469 100.001238844397250 0.500007150109282
0.370100000000000 0.999999999993812 0.422760737875815 -0.713781106762282 100.001238844397108 0.500007139653367
0.370200000000000 0.999999999993811 0.422615954993515 -0.734157427742829 100.001238844396582 0.500007131189554
0.370300000000000 0.999999999993809 0.422467126476905 -0.754240510285428 100.001238844396255 0.500007119877437
0.370400000000000 0.999999999993806 0.422314311793943 -0.774022114294748 100.001238844396369 0.500007107176114
0.370500000000000 0.999999999993804 0.422157572070297 -0.793493886796124 100.001238844396326 0.500007096502446
0.370600000000000 0.999999999993804 0.421996969963308 -0.812648873505761 100.001238844396283 0.500007081291436
0.370700000000000 0.999999999993802 0.421832569651850 -0.831478815656681 100.001238844395857 0.500007066266991
0.370800000000000 0.999999999993800 0.421664436881099 -0.849976296414614 100.001238844395800 0.500007050508521
0.370900000000000 0.999999999993800 0.421492638934546 -0.868133353353102 100.001238844395289 0.500007038861991
0.371000000000000 0.999999999993796 0.421317244558052 -0.885943317263857 100.001238844395317 0.500007026330450
0.371100000000000 0.999999999993796 0.421138323880174 -0.903399043028504 100.001238844395189 0.500007013097546
0.371200000000000 0.999999999993792 0.420955948466169 -0.920493292936899 100.001238844394976 0.500007001497297
0.371300000000000 0.999999999993793 0.420770191278861 -0.937219340166239 100.001238844394550 0.500006990590800
0.371400000000000 0.999999999993790 0.420581126618741 -0.953570522941286 100.001238844394649 0.500006980160885
0.371500000000000 0.999999999993787 0.420388830047017 -0.969540903348216 100.001238844394237 0.500006964456049
0.371600000000000 0.999999999993788 0.420193378431830 -0.985123352454439 100.001238844394351 0.500006950569167
0.371700000000000 0.999999999993785 0.419994849984310 -1.000311557889459 100.001238844394123 0.500006939376314
0.371800000000000 0.999999999993783 0.419793324140647 -1.015099579559620 100.001238844393953 0.500006929624381
0.371900000000000 0.999999999993779 0.419588881457598 -1.029482158357053 100.001238844393754 0.500006914671890
0.372000000000000 0.999999999993778 0.419381603647410 -1.043453006386117 100.001238844393711 0.500006899940880
0.372100000000000 0.999999999993779 0.419171573625757 -1.057006360966529 100.001238844393370 0.500006887295182
0.372200000000000 0.999999999993776 0.418958875417755 -1.070136893494837 100.001238844393143 0.500006875826908
0.372300000000000 0.999999999993775 0.418743594116039 -1.082839257607906 100.001238844393157 0.500006866601541
0.372400000000000 0.999999999993775 0.418525815804789 -1.095108879946823 100.001238844392958 0.500006854165176
0.372500000000000 0.999999999993771 0.418305627519726 -1.106940822438207 100.001238844392816 0.500006838799081
0.372600000000000 0.999999999993769 0.418083117319280 -1.118329792846441 100.001238844392674 0.500006826688163
0.372700000000000 0.999999999993769 0.417858374210000 -1.129271601762730 100.001238844392645 0.500006813804480
0.372800000000000 0.999999999993767 0.417631488072691 -1.139761698849612 100.001238844392191 0.500006802122807
0.372900000000000 0.999999999993765 0.417402549684901 -1.149795654871053 100.001238844392105 0.500006794354673
0.373000000000000 0.999999999993762 0.417171650577034 -1.159370377956706 100.001238844391935 0.500006779942280
0.373100000000000 0.999999999993762 0.416938883021500 -1.168481554799330 100.001238844391878 0.500006764420013
0.373200000000000 0.999999999993760 0.416704340119534 -1.177125186406426 100.001238844391651 0.500006751947718
0.373300000000000 0.999999999993758 0.416468115672374 -1.185298277578038 100.001238844391565 0.500006737126753
0.373400000000000 0.999999999993757 0.416230304174104 -1.192996901177263 100.001238844391111 0.500006727765654
0.373500000000000 0.999999999993754 0.415991000753357 -1.200218633475611 100.001238844391224 0.500006716102112
0.373600000000000 0.999999999993754 0.415750301109094 -1.206960195804066 100.001238844390997 0.500006706816635
0.373700000000000 0.999999999993751 0.415508301512086 -1.213219141506456 100.001238844390812 0.500006696923554
0.373800000000000 0.999999999993751 0.415265098738101 -1.218992877590383 100.001238844390741 0.500006687515948
0.373900000000000 0.999999999993749 0.415020790023945 -1.224279376529154 100.001238844390429 0.500006675164776
0.374000000000000 0.999999999993747 0.414775473041884 -1.229076324140786 100.001238844390315 0.500006662304546
0.374100000000000 0.999999999993742 0.414529245909674 -1.233381567611520 100.001238844390173 0.500006651824711
0.374200000000000 0.999999999993744 0.414282207099800 -1.237193715724454 100.001238844389889 0.500006639663940
0.374300000000000 0.999999999993741 0.414034455394251 -1.240511064039880 100.001238844389832 0.500006628046554
0.374400000000000 0.999999999993741 0.413786089865716 -1.243332409631244 100.001238844389746 0.500006615444100
0.374500000000000 0.999999999993736 0.413537209840664 -1.245656419416202 100.001238844389420 0.500006604406500
0.374600000000000 0.999999999993737 0.413287914848666 -1.247482395094406 100.001238844389320 0.500006592063371
0.374700000000000 0.999999999993734 0.413038304589696 -1.248809328986021 100.001238844389107 0.500006581879294
0.374800000000000 0.999999999993733 0.412788478890685 -1.249636958375977 100.001238844388894 0.500006570515815
0.374900000000000 0.999999999993729 0.412538537674617 -1.249964588314466 100.001238844388865 0.500006562525249
0.375000000000000 0.999999999993727 0.412288580904892 -1.249792505635976 100.001238844388723 0.500006552689411
0.375100000000000 0.999999999993728 0.412038708525805 -1.249120619697301 100.001238844388482 0.500006543005197
0.375200000000000 0.999999999993727 0.411789020449412 -1.247949333612156 100.001238844388368 0.500006531797688
0.375300000000000 0.999999999993724 0.411539616503748 -1.246279097978491 100.001238844388240 0.500006519296167
0.375400000000000 0.999999999993722 0.411290596446327 -1.244110162972224 100.001238844388041 0.500006510711355
0.375500000000000 0.999999999993721 0.411042059869071 -1.241443927569755 100.001238844387800 0.500006499425723
0.375600000000000 0.999999999993717 0.410794106137659 -1.238281264838741 100.001238844387586 0.500006487850545
0.375700000000000 0.999999999993718 0.410546834452219 -1.234622950475771 100.001238844387558 0.500006482039394
0.375800000000000 0.999999999993716 0.410300343723440 -1.230471098985114 100.001238844387387 0.500006473929411
0.375900000000000 0.999999999993716 0.410054732495454 -1.225827276699575 100.001238844387018 0.500006464693910
0.376000000000000 0.999999999993711 0.409810099004007 -1.220692994607624 100.001238844387501 0.500006458579071
0.376100000000000 0.999999999993711 0.409566541078717 -1.215070799644287 100.001238844386222 0.500006449547907
0.376200000000000 0.999999999993708 0.409324156091027 -1.208962732344251 100.001238844386478 0.500006440149617
0.376300000000000 0.999999999993708 0.409083040983788 -1.202371034154033 100.001238844386364 0.500006432817812
0.376400000000000 0.999999999993706 0.408843292203945 -1.195298422348062 100.001238844386762 0.500006426559196
0.376500000000000 0.999999999993705 0.408605005633592 -1.187747829955267 100.001238844386521 0.500006420116557
0.376600000000000 0.999999999993702 0.408368276563063 -1.179722244404688 100.001238844385398 0.500006413874737
0.376700000000000 0.999999999993701 0.408133199681630 -1.171224689671439 100.001238844386478 0.500006410014469
0.376800000000000 0.999999999993698 0.407899868993535 -1.162258989598358 100.001238844386179 0.500006403536349
0.376900000000000 0.999999999993696 0.407668377747252 -1.152828882374253 100.001238844385966 0.500006392714579
0.377000000000000 0.999999999993696 0.407438818504041 -1.142937497805247 100.001238844384773 0.500006384987063
0.377100000000000 0.999999999993694 0.407211283097741 -1.132588976527048 100.001238844384517 0.500006378199157
0.377200000000000 0.999999999993693 0.406985862529745 -1.121787511161214 100.001238844385426 0.500006371726290
0.377300000000000 0.999999999993691 0.406762646921709 -1.110537702990527 100.001238844385256 0.500006362420606
0.377400000000000 0.999999999993686 0.406541725506991 -1.098843840872101 100.001238844384090 0.500006352663784
0.377500000000000 0.999999999993687 0.406323186658206 -1.086710239438026 100.001238844384858 0.500006346424990
0.377600000000000 0.999999999993687 0.406107117799301 -1.074142069760232 100.001238844385455 0.500006340186104
0.377700000000000 0.999999999993682 0.405893605344628 -1.061144259218505 100.001238844385213 0.500006335004204
0.377800000000000 0.999999999993685 0.405682734675270 -1.047722212734493 100.001238844383806 0.500006328673560
0.377900000000000 0.999999999993681 0.405474590106177 -1.033881192272128 100.001238844384346 0.500006322325985
0.378000000000000 0.999999999993678 0.405269254873890 -1.019626716423036 100.001238844384062 0.500006316135458
0.378100000000000 0.999999999993676 0.405066811102631 -1.004964393171495 100.001238844382840 0.500006311038053
0.378200000000000 0.999999999993677 0.404867339767435 -0.989900103985617 100.001238844383892 0.500006306827122
0.378300000000000 0.999999999993673 0.404670920648053 -0.974439922585762 100.001238844382641 0.500006302993529
0.378400000000000 0.999999999993671 0.404477632288317 -0.958590134578161 100.001238844382357 0.500006298532445
0.378500000000000 0.999999999993673 0.404287551966133 -0.942357115597102 100.001238844383892 0.500006293113573
0.378600000000000 0.999999999993668 0.404100755677592 -0.925747310019716 100.001238844382698 0.500006287215370
0.378700000000000 0.999999999993666 0.403917318122177 -0.908767239585949 100.001238844383550 0.500006281966351
0.378800000000000 0.999999999993666 0.403737312663181 -0.891423742927313 100.001238844382414 0.500006276913670
0.378900000000000 0.999999999993665 0.403560811290856 -0.873723722703903 100.001238844383238 0.500006272347631
0.379000000000000 0.999999999993664 0.403387884608354 -0.855674141553700 100.001238844382016 0.500006269254517
0.379100000000000 0.999999999993662 0.403218601778562 -0.837282434422723 100.001238844382939 0.500006265741257
0.379200000000000 0.999999999993659 0.403053030494047 -0.818555875656325 100.001238844381589 0.500006262496600
0.379300000000000 0.999999999993658 0.402891236959524 -0.799502067849491 100.001238844380225 0.500006258591817
0.379400000000000 0.999999999993655 0.402733285869714 -0.780128516888812 100.001238844381731 0.500006254961801
0.379500000000000 0.999999999993655 0.402579240387988 -0.760443027313005 100.001238844381604 0.500006251159705
0.379600000000000 0.999999999993653 0.402429162116379 -0.740453409749658 100.001238844381518 0.500006247662902
0.379700000000000 0.999999999993652 0.402283111069673 -0.720167726484856 100.001238844381390 0.500006243961885
0.379800000000000 0.999999999993651 0.402141145649108 -0.699594053165535 100.001238844381234 0.500006240334756
0.379900000000000 0.999999999993649 0.402003322633831 -0.678740534803436 100.001238844381021 0.500006237352691
0.380000000000000 0.999999999993647 0.401869697143564 -0.657615620955485 100.001238844380879 0.500006234247571
0.380100000000000 0.999999999993646 0.401740322607976 -0.636227765912078 100.001238844380708 0.500006230992645
0.380200000000000 0.999999999993643 0.401615250767799 -0.614585405753653 100.001238844379557 0.500006228337159
0.380300000000000 0.999999999993642 0.401494531648766 -0.592697253689308 100.001238844379316 0.500006225895347
0.380400000000000 0.999999999993640 0.401378213529023 -0.570572077732016 100.001238844380254 0.500006223572665
0.380500000000000 0.999999999993638 0.401266342922120 -0.548218756837316 100.001238844379031 0.500006221193926
0.380600000000000 0.999999999993637 0.401158964553721 -0.525646290158367 100.001238844378577 0.500006218449118
0.380700000000000 0.999999999993637 0.401056121357572 -0.502863598748795 100.001238844379714 0.500006215921748
0.380800000000000 0.999999999993632 0.400957854464601 -0.479879790057923 100.001238844378392 0.500006213620327
0.380900000000000 0.999999999993630 0.400864203171595 -0.456704100512335 100.001238844378193 0.500006211323517
0.381000000000000 0.999999999993632 0.400775204929321 -0.433345760525804 100.001238844379287 0.500006209210453
0.381100000000000 0.999999999993628 0.400690895341153 -0.409814013917040 100.001238844377852 0.500006207685504
0.381200000000000 0.999999999993627 0.400611308131213 -0.386118400376948 100.001238844378804 0.500006206180644
0.381300000000000 0.999999999993623 0.400536475125265 -0.362268372411005 100.001238844378776 0.500006204792096
0.381400000000000 0.999999999993624 0.400466426253161 -0.338273437421460 100.001238844377468 0.500006203623121
0.381500000000000 0.999999999993623 0.400401189528732 -0.314143246411019 100.001238844377355 0.500006202475292
0.381600000000000 0.999999999993620 0.400340791040398 -0.289887412626012 100.001238844378221 0.500006201468797
0.381700000000000 0.999999999993619 0.400285254939231 -0.265515688877564 100.001238844377070 0.500006200448187
0.381800000000000 0.999999999993617 0.400234603428144 -0.241037807854974 100.001238844377980 0.500006199465454
0.381900000000000 0.999999999993615 0.400188856760708 -0.216463536275480 100.001238844376815 0.500006198582498
0.382000000000000 0.999999999993614 0.400148033231092 -0.191802698981713 100.001238844377056 0.500006197804603
0.382100000000000 0.999999999993611 0.400112149164988 -0.167065157337805 100.001238844376942 0.500006197131322
0.382200000000000 0.999999999993611 0.400081218911420 -0.142260819031079 100.001238844376829 0.500006196537917
0.382300000000000 0.999999999993609 0.400055254841031 -0.117399564812136 100.001238844376672 0.500006196081259
0.382400000000000 0.999999999993608 0.400034267338050 -0.092491373179705 100.001238844376530 0.500006195709867
0.382500000000000 0.999999999993606 0.400018264793388 -0.067546203493526 100.001238844376374 0.500006195430227
0.382600000000000 0.999999999993605 0.400007253604426 -0.042574036564082 100.001238844376061 0.500006195244291
0.382700000000000 0.999999999993602 0.400001238171515 -0.017584859766116 100.001238844375962 0.500006195158542
0.382800000000000 0.999999999993601 0.400000220902268 0.007411381989503 100.001238844375735 0.500006195183727
0.382900000000000 0.999999999993600 0.400004202206176 0.032404653556685 100.001238844375692 0.500006195311563
0.383000000000000 0.999999999993596 0.400013180489334 0.057384961810849 100.001238844375393 0.500006195543188
0.383100000000000 0.999999999993597 0.400027152161544 0.082342331213350 100.001238844375422 0.500006195870415
0.383200000000000 0.999999999993595 0.400046111635878 0.107266762739495 100.001238844375223 0.500006196306350
0.383300000000000 0.999999999993592 0.400070051329117 0.132148294056669 100.001238844375052 0.500006196849485
0.383400000000000 0.999999999993592 0.400098961669281 0.156977000628159 100.001238844374924 0.500006197464242
0.383500000000000 0.999999999993590 0.400132831096581 0.181742924776294 100.001238844374882 0.500006198188590
0.383600000000000 0.999999999993589 0.400171646064330 0.206436153706609 100.001238844374598 0.500006199043336
0.383700000000000 0.999999999993585 0.400215391046011 0.231046799079573 100.001238844374569 0.500006200065902
0.383800000000000 0.999999999993585 0.400264048548366 0.255565080869176 100.001238844374228 0.500006201120291
0.383900000000000 0.999999999993582 0.400317599121112 0.279981205616450 100.001238844373944 0.500006202160368
0.384000000000000 0.999999999993579 0.400376021353905 0.304285372092055 100.001238844373916 0.500006203272895
0.384100000000000 0.999999999993581 0.400439291885330 0.328467868775750 100.001238844373802 0.500006204429547
0.384200000000000 0.999999999993580 0.400507385414125 0.352519003804128 100.001238844373717 0.500006205695773
0.384300000000000 0.999999999993577 0.400580274698692 0.376429059303517 100.001238844373532 0.500006207439207
0.384400000000000 0.999999999993574 0.400657930583226 0.400188614456654 100.001238844373347 0.500006209163678
0.384500000000000 0.999999999993573 0.400740322010407 0.423788071119174 100.001238844373034 0.500006211251342
0.384600000000000 0.999999999993571 0.400827416021300 0.447218008741396 100.001238844372978 0.500006213658127
0.384700000000000 0.999999999993573 0.400919177792831 0.470469212895966 100.001238844372764 0.500006215692128
0.384800000000000 0.999999999993567 0.401015570634649 0.493532220332851 100.001238844372722 0.500006218097978
0.384900000000000 0.999999999993566 0.401116555998976 0.516397921036117 100.001238844372580 0.500006220330188
0.385000000000000 0.999999999993568 0.401222093511195 0.539057150140598 100.001238844372409 0.500006222472670
0.385100000000000 0.999999999993566 0.401332140968807 0.561500793021011 100.001238844372381 0.500006224801486
0.385200000000000 0.999999999993563 0.401446654360319 0.583719873165797 100.001238844372139 0.500006227331240
0.385300000000000 0.999999999993560 0.401565587892357 0.605705548333992 100.001238844371883 0.500006229812700
0.385400000000000 0.999999999993557 0.401688894003465 0.627448977001663 100.001238844371727 0.500006232539492
0.385500000000000 0.999999999993556 0.401816523387475 0.648941554159791 100.001238844371670 0.500006234945920
0.385600000000000 0.999999999993555 0.401948425008025 0.670174579401934 100.001238844371599 0.500006237699442
0.385700000000000 0.999999999993551 0.402084546104600 0.691139509724677 100.001238844371272 0.500006241170065
0.385800000000000 0.999999999993553 0.402224832236425 0.711828086942944 100.001238844370889 0.500006244513420
0.385900000000000 0.999999999993551 0.402369227310079 0.732232041164507 100.001238844371045 0.500006247689594
0.386000000000000 0.999999999993551 0.402517673585108 0.752343170973430 100.001238844371031 0.500006250993326
0.386100000000000 0.999999999993548 0.402670111700854 0.772153475701491 100.001238844370775 0.500006254106975
0.386200000000000 0.999999999993546 0.402826480699674 0.791654980640681 100.001238844370761 0.500006257426312
0.386300000000000 0.999999999993544 0.402986718055364 0.810839977629053 100.001238844370107 0.500006260231251
0.386400000000000 0.999999999993543 0.403150759691566 0.829700669540922 100.001238844370278 0.500006263518143
0.386500000000000 0.999999999993540 0.403318539999719 0.848229530619818 100.001238844370178 0.500006267165547
0.386600000000000 0.999999999993540 0.403489991869585 0.866419069020057 100.001238844369936 0.500006271889104
0.386700000000000 0.999999999993538 0.403665046729769 0.884262166406257 100.001238844369709 0.500006276366568
0.386800000000000 0.999999999993535 0.403843634570840 0.901751554816677 100.001238844369524 0.500006281765936
0.386900000000000 0.999999999993535 0.404025683958050 0.918880244230721 100.001238844369311 0.500006288082068
0.387000000000000 0.999999999993532 0.404211122097612 0.935641645976949 100.001238844369027 0.500006292921335
0.387100000000000 0.999999999993531 0.404399874852303 0.952028908108355 100.001238844369254 0.500006297631257
0.387200000000000 0.999999999993528 0.404591866750295 0.968035534209168 100.001238844368885 0.500006301656654
0.387300000000000 0.999999999993528 0.404787021011287 0.983654932635969 100.001238844368700 0.500006306830844
0.387400000000000 0.999999999993526 0.404985259573198 0.998880878070849 100.001238844368373 0.500006312979539
0.387500000000000 0.999999999993524 0.405186503160082 1.013707460866803 100.001238844368316 0.500006318324040
0.387600000000000 0.999999999993521 0.405390671307644 1.028128703855968 100.001238844368146 0.500006323325914
0.387700000000000 0.999999999993518 0.405597682374356 1.042138810311150 100.001238844368174 0.500006328278466
0.387800000000000 0.999999999993520 0.405807453559955 1.055731986735655 100.001238844367947 0.500006335178819
0.387900000000000 0.999999999993518 0.406019900953079 1.068902912571390 100.001238844367805 0.500006342847815
0.388000000000000 0.999999999993516 0.406234939602720 1.081646515909058 100.001238844367492 0.500006349200625
0.388100000000000 0.999999999993513 0.406452483540408 1.093957693624995 100.001238844367492 0.500006354276889
0.388200000000000 0.999999999993511 0.406672445792107 1.105831490914749 100.001238844367123 0.500006358391189
0.388300000000000 0.999999999993512 0.406894738379693 1.117262815195661 100.001238844366910 0.500006365347078
0.388400000000000 0.999999999993507 0.407119272374616 1.128247260963307 100.001238844367052 0.500006373336557
0.388500000000000 0.999999999993508 0.407345957976227 1.138780511907231 100.001238844366767 0.500006381509603
0.388600000000000 0.999999999993506 0.407574704550162 1.148858550661665 100.001238844366512 0.500006387635165
0.388700000000000 0.999999999993504 0.407805420618953 1.158476952364992 100.001238844366441 0.500006396227210
0.388800000000000 0.999999999993506 0.408038013911932 1.167632213146917 100.001238844366412 0.500006403338238
0.388900000000000 0.999999999993502 0.408272391446715 1.176320725185931 100.001238844365957 0.500006408315178
0.389000000000000 0.999999999993499 0.408508459504848 1.184538726981572 100.001238844366014 0.500006414511453
0.389100000000000 0.999999999993499 0.408746123659262 1.192282894852242 100.001238844365787 0.500006422384410
0.389200000000000 0.999999999993496 0.408985288853681 1.199550264379351 100.001238844365702 0.500006430367544
0.389300000000000 0.999999999993493 0.409225859437440 1.206337852463425 100.001238844365417 0.500006439383201
0.389400000000000 0.999999999993492 0.409467739212659 1.212643169858846 100.001238844365446 0.500006446715859
0.389500000000000 0.999999999993490 0.409710831449033 1.218463386686926 100.001238844365233 0.500006456093196
0.389600000000000 0.999999999993489 0.409955038923371 1.223796393337647 100.001238844365048 0.500006464869676
0.389700000000000 0.999999999993487 0.410200264012766 1.228640311470054 100.001238844364735 0.500006469917066
0.389800000000000 0.999999999993485 0.410446408629507 1.232992362221203 100.001238844364735 0.500006481565387
0.389900000000000 0.999999999993484 0.410693374298106 1.236851450710972 100.001238844364366 0.500006491884113
0.390000000000000 0.999999999993483 0.410941062274913 1.240215992383159 100.001238844364309 0.500006501371976
0.390100000000000 0.999999999993482 0.411189373522727 1.243084635219933 100.001238844364252 0.500006510101628
0.390200000000000 0.999999999993480 0.411438208729483 1.245455979473493 100.001238844363940 0.500006521208916
0.390300000000000 0.999999999993477 0.411687468373329 1.247329322074492 100.001238844363598 0.500006531641401
0.390400000000000 0.999999999993477 0.411937052820819 1.248704264423159 100.001238844363826 0.500006537017479
0.390500000000000 0.999999999993473 0.412186862262178 1.249579432577022 100.001238844363442 0.500006547618800
0.390600000000000 0.999999999993474 0.412436796768622 1.249955010570533 100.001238844363257 0.500006556773773
0.390700000000000 0.999999999993471 0.412686756416430 1.249830869246342 100.001238844363058 0.500006564215094
0.390800000000000 0.999999999993470 0.412936641227152 1.249206580482068 100.001238844362973 0.500006575910107
0.390900000000000 0.999999999993466 0.413186351260503 1.248082963091969 100.001238844362689 0.500006584742448
0.391000000000000 0.999999999993464 0.413435786671102 1.246460144843360 100.001238844362604 0.500006594724839
0.391100000000000 0.999999999993462 0.413684847678033 1.244338640455175 100.001238844362462 0.500006607522136
0.391200000000000 0.999999999993461 0.413933434663048 1.241719567762421 100.001238844362263 0.500006619769927
0.391300000000000 0.999999999993461 0.414181448220292 1.238603930166089 100.001238844362263 0.500006632010678
0.391400000000000 0.999999999993461 0.414428789156786 1.234992850397644 100.001238844361723 0.500006645763310
0.391500000000000 0.999999999993458 0.414675358545640 1.230887866330141 100.001238844361765 0.500006659856435
0.391600000000000 0.999999999993455 0.414921057802445 1.226290869331908 100.001238844361637 0.500006671212799
0.391700000000000 0.999999999993454 0.415165788711736 1.221203659193517 100.001238844360941 0.500006680320027
0.391800000000000 0.999999999993451 0.415409453423184 1.215628084956272 100.001238844361836 0.500006689451181
0.391900000000000 0.999999999993450 0.415651954491873 1.209566350364194 100.001238844361922 0.500006698916596
0.392000000000000 0.999999999993450 0.415893194941079 1.203020937445622 100.001238844361751 0.500006708009815
0.392100000000000 0.999999999993448 0.416133078277331 1.195994195446613 100.001238844360813 0.500006719948775
0.392200000000000 0.999999999993447 0.416371508530919 1.188489008946353 100.001238844361154 0.500006733805228
0.392300000000000 0.999999999993447 0.416608390341103 1.180508588409808 100.001238844359193 0.500006747071153
0.392400000000000 0.999999999993445 0.416843628985949 1.172056110860126 100.001238844360870 0.500006759916735
0.392500000000000 0.999999999993441 0.417077130428653 1.163135256088532 100.001238844360273 0.500006768843376
0.392600000000000 0.999999999993440 0.417308801306990 1.153749083623299 100.001238844359989 0.500006779790329
0.392700000000000 0.999999999993438 0.417538548937772 1.143901320691408 100.001238844359250 0.500006793021262
0.392800000000000 0.999999999993437 0.417766281410946 1.133595979034520 100.001238844359250 0.500006807651592
0.392900000000000 0.999999999993434 0.417991907664693 1.122837525954667 100.001238844359634 0.500006819742097
0.393000000000000 0.999999999993431 0.418215337522012 1.111630351255920 100.001238844359079 0.500006828356995
0.393100000000000 0.999999999993429 0.418436481613725 1.099978136187722 100.001238844360188 0.500006842412364
0.393200000000000 0.999999999993429 0.418655251443425 1.087885929937262 100.001238844359406 0.500006857525156
0.393300000000000 0.999999999993426 0.418871559487610 1.075358412574497 100.001238844357971 0.500006875345182
0.393400000000000 0.999999999993425 0.419085319248017 1.062401159142551 100.001238844358141 0.500006889756387
0.393500000000000 0.999999999993423 0.419296445303848 1.049019377522290 100.001238844358951 0.500006900554299
0.393600000000000 0.999999999993421 0.419504853250260 1.035218007008333 100.001238844358127 0.500006912116409
0.393700000000000 0.999999999993420 0.419710459729934 1.021002589097602 100.001238844357943 0.500006924184906
0.393800000000000 0.999999999993418 0.419913182498708 1.006378710527426 100.001238844357630 0.500006937729873
0.393900000000000 0.999999999993417 0.420112940493077 0.991352599533425 100.001238844357587 0.500006948901566
0.394000000000000 0.999999999993416 0.420309653828537 0.975929816054322 100.001238844357516 0.500006962178004
0.394100000000000 0.999999999993414 0.420503243829891 0.960116892839432 100.001238844357388 0.500006973947455
0.394200000000000 0.999999999993413 0.420693633092780 0.943920006950489 100.001238844357644 0.500006985642830
0.394300000000000 0.999999999993410 0.420880745494751 0.927345802343916 100.001238844356934 0.500006995694965
0.394400000000000 0.999999999993408 0.421064506236937 0.910400877518114 100.001238844356791 0.500007004423374
0.394500000000000 0.999999999993407 0.421244841809956 0.893091519725171 100.001238844357161 0.500007016276590
0.394600000000000 0.999999999993405 0.421421680040526 0.875424801833996 100.001238844355953 0.500007029788732
0.394700000000000 0.999999999993404 0.421594950216513 0.857408271785952 100.001238844356777 0.500007040694591
0.394800000000000 0.999999999993401 0.421764583042039 0.839048541824912 100.001238844356109 0.500007054113246
0.394900000000000 0.999999999993399 0.421930510639687 0.820353180609654 100.001238844355939 0.500007068039824
0.395000000000000 0.999999999993398 0.422092666669606 0.801330008609647 100.001238844356351 0.500007079642706
0.395100000000000 0.999999999993395 0.422250986303821 0.781986317550262 100.001238844356038 0.500007091510640
0.395200000000000 0.999999999993394 0.422405406210898 0.762329782037321 100.001238844355825 0.500007104082995
0.395300000000000 0.999999999993392 0.422555864614434 0.742368278739193 100.001238844354958 0.500007117183310
0.395400000000000 0.999999999993391 0.422702301318493 0.722109738150684 100.001238844355328 0.500007131142595
0.395500000000000 0.999999999993388 0.422844657787339 0.701562829852137 100.001238844355186 0.500007141843915
0.395600000000000 0.999999999993387 0.422982877128288 0.680735329080779 100.001238844354219 0.500007152501494
0.395700000000000 0.999999999993386 0.423116904013594 0.659635097299875 100.001238844354418 0.500007166226807
0.395800000000000 0.999999999993384 0.423246684894138 0.638272078661827 100.001238844353651 0.500007173028883
0.395900000000000 0.999999999993381 0.423372167909459 0.616653196818195 100.001238844354702 0.500007183493682
0.396000000000000 0.999999999993379 0.423493302819302 0.594787726713500 100.001238844353423 0.500007193534479
0.396100000000000 0.999999999993379 0.423610041171417 0.572684289633215 100.001238844354248 0.500007203868573
0.396200000000000 0.999999999993377 0.423722336290692 0.550352029280316 100.001238844354077 0.500007212731987
0.396300000000000 0.999999999993376 0.423830143275449 0.527799546694513 100.001238844352869 0.500007221984899
0.396400000000000 0.999999999993373 0.423933418967572 0.505035657712967 100.001238844353793 0.500007232607364
0.396500000000000 0.999999999993371 0.424032122054912 0.482070033034182 100.001238844352599 0.500007241640991
0.396600000000000 0.999999999993369 0.424126213089383 0.458911631806504 100.001238844352599 0.500007250244261
0.396700000000000 0.999999999993367 0.424215654463853 0.435569912310229 100.001238844352699 0.500007257533667
0.396800000000000 0.999999999993365 0.424300410383424 0.412053533525040 100.001238844352486 0.500007266461401
0.396900000000000 0.999999999993364 0.424380446948759 0.388372792880904 100.001238844352969 0.500007273225038
0.397000000000000 0.999999999993362 0.424455732189063 0.364536685667795 100.001238844352258 0.500007279807272
0.397100000000000 0.999999999993362 0.424526235993783 0.340554810702538 100.001238844351121 0.500007285942283
0.397200000000000 0.999999999993359 0.424591930206016 0.316437119634789 100.001238844352486 0.500007290446643
0.397300000000000 0.999999999993358 0.424652788593411 0.292192902077113 100.001238844350837 0.500007294578349
0.397400000000000 0.999999999993355 0.424708786815505 0.267831786365563 100.001238844351775 0.500007298530924
0.397500000000000 0.999999999993353 0.424759902443952 0.243363266950837 100.001238844351505 0.500007302910018
0.397600000000000 0.999999999993351 0.424806114985719 0.218797203233534 100.001238844350183 0.500007307395065
0.397700000000000 0.999999999993349 0.424847405915416 0.194143413415714 100.001238844351207 0.500007311885369
0.397800000000000 0.999999999993349 0.424883758708662 0.169412089708530 100.001238844351320 0.500007315659697
0.397900000000000 0.999999999993347 0.424915158890877 0.144613548770394 100.001238844349757 0.500007318099171
0.398000000000000 0.999999999993346 0.424941593940215 0.119757003120925 100.001238844350809 0.500007320397921
0.398100000000000 0.999999999993343 0.424963053207928 0.094851960185102 100.001238844349359 0.500007322931084
0.398200000000000 0.999999999993343 0.424979528105826 0.069909525851596 100.001238844349430 0.500007324450754
0.398300000000000 0.999999999993340 0.424991012138439 0.044939531014619 100.001238844350226 0.500007325309645
0.398400000000000 0.999999999993339 0.424997500731083 0.019951341380124 100.001238844349814 0.500007325905859
0.398500000000000 0.999999999993337 0.424998991269162 -0.005044798292176 100.001238844348705 0.500007326108587
0.398600000000000 0.999999999993333 0.424995483115614 -0.030039360904418 100.001238844349103 0.500007325848807
0.398700000000000 0.999999999993333 0.424986977600884 -0.055022202029390 100.001238844348904 0.500007324968367
0.398800000000000 0.999999999993334 0.424973478120357 -0.079982809038034 100.001238844348947 0.500007323674095
0.398900000000000 0.999999999993331 0.424954990138379 -0.104910993699032 100.001238844348748 0.500007322274087
0.399000000000000 0.999999999993329 0.424931521059056 -0.129797552067827 100.001238844348464 0.500007320089519
0.399100000000000 0.999999999993326 0.424903080246234 -0.154632099537536 100.001238844348393 0.500007317571819
0.399200000000000 0.999999999993325 0.424869679115860 -0.179404483575592 100.001238844348109 0.500007315144553
0.399300000000000 0.999999999993323 0.424831331017240 -0.204105528926245 100.001238844347967 0.500007311567610
0.399400000000000 0.999999999993322 0.424788051235465 -0.228725054735666 100.001238844347796 0.500007307297052
0.399500000000000 0.999999999993320 0.424739857060705 -0.253253182608914 100.001238844347739 0.500007302363892
0.399600000000000 0.999999999993316 0.424686767750298 -0.277680126775019 100.001238844347483 0.500007296674265
0.399700000000000 0.999999999993315 0.424628804564275 -0.301995637443698 100.001238844347228 0.500007291581214
0.399800000000000 0.999999999993314 0.424565990735235 -0.326190232408333 100.001238844347114 0.500007286518300
0.399900000000000 0.999999999993312 0.424498351383115 -0.350254524192138 100.001238844346901 0.500007280585134
0.400000000000000 0.999999999993311 0.424425913529651 -0.374178884787649 100.001238844346943 0.500007273733130
0.400100000000000 0.999999999993310 0.424348706155443 -0.397953346552572 100.001238844346716 0.500007267446050
0.400200000000000 0.999999999993307 0.424266760138529 -0.421568902070781 100.001238844346503 0.500007259803597
0.400300000000000 0.999999999993306 0.424180108234377 -0.445015787103527 100.001238844346403 0.500007252085814
0.400400000000000 0.999999999993303 0.424088785108253 -0.468284661661740 100.001238844346034 0.500007244169777
0.400500000000000 0.999999999993302 0.423992827315079 -0.491365971189950 100.001238844345878 0.500007237277946
0.400600000000000 0.999999999993301 0.423892273256408 -0.514250795036396 100.001238844345792 0.500007229994986
0.400700000000000 0.999999999993299 0.423787163135370 -0.536930046662393 100.001238844345579 0.500007221976098
0.400800000000000 0.999999999993297 0.423677538977620 -0.559394582570147 100.001238844345352 0.500007213595818
0.400900000000000 0.999999999993296 0.423563444632208 -0.581635310127589 100.001238844345224 0.500007205478980
0.401000000000000 0.999999999993294 0.423444925717214 -0.603643627885271 100.001238844345124 0.500007195942342
0.401100000000000 0.999999999993292 0.423322029600099 -0.625410654604675 100.001238844344869 0.500007185399410
0.401200000000000 0.999999999993290 0.423194805444023 -0.646927297026317 100.001238844344755 0.500007176281718
0.401300000000000 0.999999999993289 0.423063304141204 -0.668185363660491 100.001238844344613 0.500007165998846
0.401400000000000 0.999999999993288 0.422927578275181 -0.689176126905235 100.001238844344385 0.500007156037510
0.401500000000000 0.999999999993285 0.422787682080721 -0.709891810528023 100.001238844344300 0.500007142118360
0.401600000000000 0.999999999993284 0.422643671503632 -0.730323074458420 100.001238844344158 0.500007131635041
0.401700000000000 0.999999999993281 0.422495604163157 -0.750462510261455 100.001238844343845 0.500007119169159
0.401800000000000 0.999999999993282 0.422343539239665 -0.770301934293246 100.001238844343717 0.500007105620915
0.401900000000000 0.999999999993278 0.422187537533629 -0.789833319355135 100.001238844343504 0.500007091686002
0.402000000000000 0.999999999993277 0.422027661456355 -0.809048584290427 100.001238844343604 0.500007079531509
0.402100000000000 0.999999999993278 0.421863974991862 -0.827940072509884 100.001238844343149 0.500007069039875
0.402200000000000 0.999999999993275 0.421696543574675 -0.846500950026933 100.001238844342851 0.500007054270330
0.402300000000000 0.999999999993271 0.421525434124215 -0.864723201380619 100.001238844342652 0.500007040123272
0.402400000000000 0.999999999993269 0.421350715111892 -0.882599303861324 100.001238844342893 0.500007028704676
0.402500000000000 0.999999999993268 0.421172456421271 -0.900122663882008 100.001238844342282 0.500007015195561
0.402600000000000 0.999999999993266 0.420990729345606 -0.917285788976024 100.001238844342566 0.500007003933983
0.402700000000000 0.999999999993264 0.420805606615121 -0.934081786945911 100.001238844342012 0.500006995285383
0.402800000000000 0.999999999993262 0.420617162291524 -0.950504235462332 100.001238844341671 0.500006986581972
0.402900000000000 0.999999999993261 0.420425471712954 -0.966546791474630 100.001238844341884 0.500006975681014
0.403000000000000 0.999999999993261 0.420230611472881 -0.982203250610239 100.001238844341515 0.500006960461764
0.403100000000000 0.999999999993258 0.420032659465777 -0.997466807045801 100.001238844341387 0.500006946190342
0.403200000000000 0.999999999993255 0.419831694889917 -1.012331221759273 100.001238844341401 0.500006934267421
0.403300000000000 0.999999999993251 0.419627798127157 -1.026790897275435 100.001238844341131 0.500006921237846
0.403400000000000 0.999999999993253 0.419421050693926 -1.040840088493195 100.001238844340804 0.500006906694288
0.403500000000000 0.999999999993251 0.419211535252494 -1.054473077238276 100.001238844340975 0.500006891653597
0.403600000000000 0.999999999993249 0.418999335580296 -1.067684434787770 100.001238844340662 0.500006875868350
0.403700000000000 0.999999999993247 0.418784536586579 -1.080468268727897 100.001238844340477 0.500006865875055
0.403800000000000 0.999999999993243 0.418567224253674 -1.092819730282405 100.001238844340094 0.500006858957393
0.403900000000000 0.999999999993243 0.418347485475629 -1.104734555357565 100.001238844340008 0.500006847770720
0.404000000000000 0.999999999993241 0.418125408061824 -1.116207862772698 100.001238844339753 0.500006833521480
0.404100000000000 0.999999999993239 0.417901080810806 -1.127234633711742 100.001238844339639 0.500006820985637
0.404200000000000 0.999999999993239 0.417674593432822 -1.137810767351177 100.001238844339383 0.500006806707744
0.404300000000000 0.999999999993235 0.417446036481387 -1.147931936643003 100.001238844339269 0.500006791779257
0.404400000000000 0.999999999993235 0.417215501347785 -1.157594089769655 100.001238844339355 0.500006776247209
0.404500000000000 0.999999999993233 0.416983080247199 -1.166793036012243 100.001238844338872 0.500006763908484
0.404600000000000 0.999999999993230 0.416748866155339 -1.175525358212730 100.001238844338914 0.500006751758123
0.404700000000000 0.999999999993229 0.416512952746648 -1.183787493327427 100.001238844338729 0.500006740642288
0.404800000000000 0.999999999993229 0.416275434369542 -1.191576254809625 100.001238844338332 0.500006729185975
0.404900000000000 0.999999999993225 0.416036405987710 -1.198888682765569 100.001238844338303 0.500006715539426
0.405000000000000 0.999999999993225 0.415795963186892 -1.205721517500947 100.001238844338175 0.500006703715585
0.405100000000000 0.999999999993222 0.415554202139774 -1.212072144374664 100.001238844338005 0.500006692316534
0.405200000000000 0.999999999993220 0.415311219543282 -1.217937937720500 100.001238844337934 0.500006682397482
0.405300000000000 0.999999999993220 0.415067112580787 -1.223316656150384 100.001238844337877 0.500006672703511
0.405400000000000 0.999999999993219 0.414821978855095 -1.228206348833437 100.001238844337422 0.500006660787716
0.405500000000000 0.999999999993218 0.414575916408441 -1.232604569588544 100.001238844337422 0.500006652676579
0.405600000000000 0.999999999993214 0.414329023649161 -1.236510097285397 100.001238844337209 0.500006641761915
0.405700000000000 0.999999999993212 0.414081399262546 -1.239921400914779 100.001238844336896 0.500006627648772
0.405800000000000 0.999999999993211 0.413833142297788 -1.242836364806360 100.001238844336939 0.500006619654819
0.405900000000000 0.999999999993209 0.413584352056720 -1.245254569243373 100.001238844336626 0.500006608531177
0.406000000000000 0.999999999993208 0.413335127999104 -1.247174862826826 100.001238844336541 0.500006596567798
0.406100000000000 0.999999999993208 0.413085569807847 -1.248596156375155 100.001238844336385 0.500006587776270
0.406200000000000 0.999999999993205 0.412835777284003 -1.249518363764391 100.001238844336044 0.500006576143051
0.406300000000000 0.999999999993204 0.412585850301498 -1.249940849473567 100.001238844336029 0.500006565002183
0.406400000000000 0.999999999993201 0.412335888823024 -1.249863351001166 100.001238844335887 0.500006555527927
0.406500000000000 0.999999999993202 0.412085992801403 -1.249286231574464 100.001238844335745 0.500006543571763
0.406600000000000 0.999999999993198 0.411836262156663 -1.248209460613839 100.001238844335575 0.500006532404897
0.406700000000000 0.999999999993197 0.411586796780835 -1.246633341961051 100.001238844335347 0.500006523611822
0.406800000000000 0.999999999993193 0.411337696449759 -1.244558734243201 100.001238844334807 0.500006514345597
0.406900000000000 0.999999999993193 0.411089060768524 -1.241986490995677 100.001238844334921 0.500006504314297
0.407000000000000 0.999999999993190 0.410840989170441 -1.238917476765158 100.001238844334694 0.500006495560872
0.407100000000000 0.999999999993190 0.410593580878493 -1.235352927290551 100.001238844334296 0.500006487978152
0.407200000000000 0.999999999993188 0.410346934813074 -1.231294633287615 100.001238844334452 0.500006477057410
0.407300000000000 0.999999999993184 0.410101149584094 -1.226743914912969 100.001238844334182 0.500006466546313
0.407400000000000 0.999999999993185 0.409856323516575 -1.221702293014922 100.001238844333997 0.500006460106835
0.407500000000000 0.999999999993182 0.409612554546961 -1.216172132409685 100.001238844333699 0.500006453458112
0.407600000000000 0.999999999993181 0.409369940148224 -1.210155708733853 100.001238844334523 0.500006445826736
0.407700000000000 0.999999999993181 0.409128577324296 -1.203655434408222 100.001238844333997 0.500006437147813
0.407800000000000 0.999999999993178 0.408888562589339 -1.196673797206488 100.001238844333258 0.500006428777130
0.407900000000000 0.999999999993174 0.408649991913958 -1.189213746534011 100.001238844333955 0.500006418836737
0.408000000000000 0.999999999993174 0.408412960699768 -1.181278022373012 100.001238844333130 0.500006410234742
0.408100000000000 0.999999999993170 0.408177563760438 -1.172869757980033 100.001238844332875 0.500006403431245
0.408200000000000 0.999999999993172 0.407943895243041 -1.163992493053601 100.001238844331553 0.500006396333229
0.408300000000000 0.999999999993168 0.407712048594897 -1.154649684648221 100.001238844333045 0.500006390026514
0.408400000000000 0.999999999993168 0.407482116496570 -1.144845545074392 100.001238844332875 0.500006379027140
0.408500000000000 0.999999999993165 0.407254190878593 -1.134583370741798 100.001238844332917 0.500006370536261
0.408600000000000 0.999999999993167 0.407028362946274 -1.123867098549931 100.001238844331425 0.500006366399057
0.408700000000000 0.999999999993163 0.406804723019380 -1.112701652593465 100.001238844332136 0.500006359393357
0.408800000000000 0.999999999993162 0.406583360501884 -1.101091279917214 100.001238844331596 0.500006351993659
0.408900000000000 0.999999999993159 0.406364363918151 -1.089040523132611 100.001238844331510 0.500006345312111
0.409000000000000 0.999999999993157 0.406147820852103 -1.076554244506939 100.001238844331681 0.500006338870171
0.409100000000000 0.999999999993156 0.405933817928515 -1.063637175595456 100.001238844331382 0.500006335467621
0.409200000000000 0.999999999993152 0.405722440750391 -1.050294798873936 100.001238844331297 0.500006331684055
0.409300000000000 0.999999999993153 0.405513773841609 -1.036532429115575 100.001238844331539 0.500006327749171
0.409400000000000 0.999999999993152 0.405307900644549 -1.022355563256405 100.001238844331837 0.500006323737817
0.409500000000000 0.999999999993151 0.405104903464230 -1.007770083637770 100.001238844329578 0.500006317492955
0.409600000000000 0.999999999993150 0.404904863469475 -0.992781464639407 100.001238844331169 0.500006312667249
0.409700000000000 0.999999999993146 0.404707860645177 -0.977396072663651 100.001238844330828 0.500006305553463
0.409800000000000 0.999999999993146 0.404513973753577 -0.961619784219986 100.001238844329805 0.500006298906148
0.409900000000000 0.999999999993143 0.404323280343899 -0.945458837505663 100.001238844330686 0.500006293391408
0.410000000000000 0.999999999993140 0.404135856699047 -0.928919661010062 100.001238844329322 0.500006289298389
0.410100000000000 0.999999999993140 0.403951777781064 -0.912009033066164 100.001238844329066 0.500006285069006
0.410200000000000 0.999999999993138 0.403771117189923 -0.894733799597648 100.001238844329009 0.500006279959434
0.410300000000000 0.999999999993136 0.403593947167977 -0.877100695209093 100.001238844329833 0.500006275548075
0.410400000000000 0.999999999993133 0.403420338569959 -0.859116860640077 100.001238844329691 0.500006271038054
0.410500000000000 0.999999999993133 0.403250360817780 -0.840789485504303 100.001238844329549 0.500006266457201
0.410600000000000 0.999999999993133 0.403084081886708 -0.822125847398376 100.001238844329237 0.500006262243081
0.410700000000000 0.999999999993129 0.402921568278051 -0.803133408372536 100.001238844329180 0.500006258398031
0.410800000000000 0.999999999993127 0.402762884986378 -0.783819774831088 100.001238844329066 0.500006254820972
0.410900000000000 0.999999999993124 0.402608095470437 -0.764192699495802 100.001238844327716 0.500006251278735
0.411000000000000 0.999999999993123 0.402457261627384 -0.744260048848184 100.001238844328640 0.500006247642719
0.411100000000000 0.999999999993121 0.402310443765168 -0.724029850114567 100.001238844327361 0.500006243512088
0.411200000000000 0.999999999993121 0.402167700590426 -0.703510089700335 100.001238844328270 0.500006239661245
0.411300000000000 0.999999999993120 0.402029089195908 -0.682708917334567 100.001238844328171 0.500006236471268
0.411400000000000 0.999999999993119 0.401894665021395 -0.661634717033271 100.001238844326849 0.500006233469453
0.411500000000000 0.999999999993115 0.401764481823731 -0.640295935057496 100.001238844327787 0.500006230529688
0.411600000000000 0.999999999993113 0.401638591660809 -0.618701117190652 100.001238844327730 0.500006227577387
0.411700000000000 0.999999999993112 0.401517044885118 -0.596858772175531 100.001238844326409 0.500006225393549
0.411800000000000 0.999999999993111 0.401399890104785 -0.574777833518540 100.001238844326281 0.500006222766360
0.411900000000000 0.999999999993109 0.401287174162029 -0.552467035548496 100.001238844327261 0.500006220277047
0.412000000000000 0.999999999993109 0.401178942137506 -0.529935255508867 100.001238844326963 0.500006218166617
0.412100000000000 0.999999999993105 0.401075237317716 -0.507191557453071 100.001238844325741 0.500006216134567
0.412200000000000 0.999999999993104 0.400976101170419 -0.484245067517882 100.001238844325670 0.500006214029245
0.412300000000000 0.999999999993105 0.400881573340587 -0.461104891032169 100.001238844326565 0.500006212202547
0.412400000000000 0.999999999993102 0.400791691636916 -0.437780283354543 100.001238844326281 0.500006210630175
0.412500000000000 0.999999999993100 0.400706492003109 -0.414280642275805 100.001238844324959 0.500006208996278
0.412600000000000 0.999999999993096 0.400626008505280 -0.390615349100387 100.001238844324774 0.500006207382885
0.412700000000000 0.999999999993097 0.400550273328415 -0.366793835509786 100.001238844325925 0.500006205921090
0.412800000000000 0.999999999993094 0.400479316759474 -0.342825649070134 100.001238844325627 0.500006204529177
0.412900000000000 0.999999999993090 0.400413167173827 -0.318720360789859 100.001238844324405 0.500006203257081
0.413000000000000 0.999999999993090 0.400351851022756 -0.294487641539867 100.001238844324192 0.500006202006467
0.413100000000000 0.999999999993090 0.400295392822107 -0.270137175913047 100.001238844324035 0.500006200806610
0.413200000000000 0.999999999993088 0.400243815148759 -0.245678670999767 100.001238844325030 0.500006199746310
0.413300000000000 0.999999999993087 0.400197138632268 -0.221121894546501 100.001238844324860 0.500006198851048
0.413400000000000 0.999999999993082 0.400155381941824 -0.196476683195278 100.001238844323581 0.500006198074618
0.413500000000000 0.999999999993080 0.400118561777435 -0.171752894448906 100.001238844324519 0.500006197409625
0.413600000000000 0.999999999993081 0.400086692863618 -0.146960426039241 100.001238844323325 0.500006196835616
0.413700000000000 0.999999999993078 0.400059787943992 -0.122109190510187 100.001238844323154 0.500006196357002
0.413800000000000 0.999999999993078 0.400037857776246 -0.097209133989185 100.001238844322970 0.500006195965547
0.413900000000000 0.999999999993073 0.400020911129630 -0.072270201691814 100.001238844323836 0.500006195677428
0.414000000000000 0.999999999993074 0.400008954782248 -0.047302360777809 100.001238844322600 0.500006195495395
0.414100000000000 0.999999999993074 0.400001993514308 -0.022315621242728 100.001238844323581 0.500006195405945
0.414200000000000 0.999999999993068 0.400000030107858 0.002680041427771 100.001238844322259 0.500006195419360
0.414300000000000 0.999999999993071 0.400003065350313 0.027674651768902 100.001238844322188 0.500006195533665
0.414400000000000 0.999999999993070 0.400011098030254 0.052658201799898 100.001238844323126 0.500006195743891
0.414500000000000 0.999999999993064 0.400024124936854 0.077620709936152 100.001238844322401 0.500006196039164
0.414600000000000 0.999999999993063 0.400042140858728 0.102552133487974 100.001238844322188 0.500006196466635
0.414700000000000 0.999999999993063 0.400065138587938 0.127442559082990 100.001238844322046 0.500006196982453
0.414800000000000 0.999999999993062 0.400093108928961 0.152282019254694 100.001238844321790 0.500006197599415
0.414900000000000 0.999999999993060 0.400126040695434 0.177060572784376 100.001238844321705 0.500006198330867
0.415000000000000 0.999999999993058 0.400163920718954 0.201768344657545 100.001238844321534 0.500006199115889
0.415100000000000 0.999999999993056 0.400206733853650 0.226395426977767 100.001238844321392 0.500006200000491
0.415200000000000 0.999999999993055 0.400254462977082 0.250931960779615 100.001238844321236 0.500006201011032
0.415300000000000 0.999999999993053 0.400307088999057 0.275368124164590 100.001238844321065 0.500006202179669
0.415400000000000 0.999999999993052 0.400364590872965 0.299694174763934 100.001238844320937 0.500006203432038
0.415500000000000 0.999999999993048 0.400426945601159 0.323900345065795 100.001238844320781 0.500006204887491
0.415600000000000 0.999999999993049 0.400494128247051 0.347977012492938 100.001238844320568 0.500006206368033
0.415700000000000 0.999999999993045 0.400566111948899 0.371914542217181 100.001238844320312 0.500006207885187
0.415800000000000 0.999999999993044 0.400642867920774 0.395703328146126 100.001238844320142 0.500006209558376
0.415900000000000 0.999999999993044 0.400724365468166 0.419333892699540 100.001238844320071 0.500006211248962
0.416000000000000 0.999999999993039 0.400810572006774 0.442796813791660 100.001238844319886 0.500006212826895
0.416100000000000 0.999999999993039 0.400901453062116 0.466082603661171 100.001238844319715 0.500006214746632
0.416200000000000 0.999999999993036 0.400996972278575 0.489181935045692 100.001238844319602 0.500006217107751
0.416300000000000 0.999999999993036 0.401097091459162 0.512085726294156 100.001238844319374 0.500006219162956
0.416400000000000 0.999999999993033 0.401201770578235 0.534784771406441 100.001238844319090 0.500006221118240
0.416500000000000 0.999999999993034 0.401310967777793 0.557269954712750 100.001238844318948 0.500006223165197
0.416600000000000 0.999999999993029 0.401424639389223 0.579532282294827 100.001238844318891 0.500006225315676
0.416700000000000 0.999999999993029 0.401542739953372 0.601562838838037 100.001238844318621 0.500006227645356
0.416800000000000 0.999999999993026 0.401665222237567 0.623352803352691 100.001238844318635 0.500006230227943
0.416900000000000 0.999999999993025 0.401792037257700 0.644893481235787 100.001238844318351 0.500006232952844
0.417000000000000 0.999999999993024 0.401923134294436 0.666176212424329 100.001238844318308 0.500006236124156
0.417100000000000 0.999999999993022 0.402058460916573 0.687192540611847 100.001238844318109 0.500006239393819
0.417200000000000 0.999999999993018 0.402197963000048 0.707933988672854 100.001238844317896 0.500006243267782
0.417300000000000 0.999999999993019 0.402341584757454 0.728392401939508 100.001238844317868 0.500006246770356
0.417400000000000 0.999999999993017 0.402489268762120 0.748559542198879 100.001238844317655 0.500006250292591
0.417500000000000 0.999999999993014 0.402640955952458 0.768427292424294 100.001238844317456 0.500006254225209
0.417600000000000 0.999999999993014 0.402796585667988 0.787987782438643 100.001238844317356 0.500006258000067
0.417700000000000 0.999999999993013 0.402956095671809 0.807233115256581 100.001238844317015 0.500006262199229
0.417800000000000 0.999999999993009 0.403119422166876 0.826155586191096 100.001238844316831 0.500006266906427
0.417900000000000 0.999999999993008 0.403286499837369 0.844747710612601 100.001238844316944 0.500006271450004
0.418000000000000 0.999999999993006 0.403457261880616 0.863002107567514 100.001238844316703 0.500006275354413
0.418100000000000 0.999999999993006 0.403631640019511 0.880911407735657 100.001238844316319 0.500006279191885
0.418200000000000 0.999999999993002 0.403809564520725 0.898468420266140 100.001238844316305 0.500006283211969
0.418300000000000 0.999999999993004 0.403990964208018 0.915665905386792 100.001238844316106 0.500006289401560
0.418400000000000 0.999999999993001 0.404175766542092 0.932497476318713 100.001238844316021 0.500006293304035
0.418500000000000 0.999999999992999 0.404363897640430 0.948956074325569 100.001238844315452 0.500006297914983
0.418600000000000 0.999999999992998 0.404555282261818 0.965035170897969 100.001238844315722 0.500006302745381
0.418700000000000 0.999999999992996 0.404749843880971 0.980728462100823 100.001238844315509 0.500006306570942
0.418800000000000 0.999999999992993 0.404947504695250 0.996029473426064 100.001238844315338 0.500006311319734
0.418900000000000 0.999999999992993 0.405148185637732 1.010932033941578 100.001238844314969 0.500006317539404
0.419000000000000 0.999999999992990 0.405351806456652 1.025430467969297 100.001238844314955 0.500006322378414
0.419100000000000 0.999999999992988 0.405558285738047 1.039518825812931 100.001238844314841 0.500006327360338
0.419200000000000 0.999999999992987 0.405767540922072 1.053191598937814 100.001238844314642 0.500006331172815
0.419300000000000 0.999999999992984 0.405979488324874 1.066443052571846 100.001238844314230 0.500006336612595
0.419400000000000 0.999999999992985 0.406194043153710 1.079267833877725 100.001238844314202 0.500006344291891
0.419500000000000 0.999999999992982 0.406411119608675 1.091661231380139 100.001238844314230 0.500006349730542
0.419600000000000 0.999999999992981 0.406630630899917 1.103618042246655 100.001238844314088 0.500006355581904
0.419700000000000 0.999999999992980 0.406852489251048 1.115133612428967 100.001238844313917 0.500006360436578
0.419800000000000 0.999999999992979 0.407076605929116 1.126203022122192 100.001238844313733 0.500006367798382
0.419900000000000 0.999999999992977 0.407302891293141 1.136822114179594 100.001238844313548 0.500006374662848
0.420000000000000 0.999999999992975 0.407531254862235 1.146986648997288 100.001238844313406 0.500006380936937
0.420100000000000 0.999999999992972 0.407761605313751 1.156692445364891 100.001238844313150 0.500006387947272
0.420200000000000 0.999999999992970 0.407993850487096 1.165935298897921 100.001238844313221 0.500006399454721
0.420300000000000 0.999999999992970 0.408227897468583 1.174711881760049 100.001238844312894 0.500006411213830
0.420400000000000 0.999999999992967 0.408463652700409 1.183019094788845 100.001238844312780 0.500006418380872
0.420500000000000 0.999999999992965 0.408701021936076 1.190853143379818 100.001238844312581 0.500006426496251
0.420600000000000 0.999999999992964 0.408939910249070 1.198211019200559 100.001238844312610 0.500006434081065
0.420700000000000 0.999999999992962 0.409180222125617 1.205089860278373 100.001238844312141 0.500006440158039
0.420800000000000 0.999999999992960 0.409421861461914 1.211486622055172 100.001238844312070 0.500006448256264
0.420900000000000 0.999999999992959 0.409664731606082 1.217398871533732 100.001238844311956 0.500006456874329
0.421000000000000 0.999999999992955 0.409908735419101 1.222824168628831 100.001238844311928 0.500006466937993
0.421100000000000 0.999999999992957 0.410153775317669 1.227760511870712 100.001238844311573 0.500006476395479
0.421200000000000 0.999999999992956 0.410399753303150 1.232205749258940 100.001238844311473 0.500006487426639
0.421300000000000 0.999999999992953 0.410646571004442 1.236158300345806 100.001238844311388 0.500006497604146
0.421400000000000 0.999999999992950 0.410894129754758 1.239616796671429 100.001238844311274 0.500006504291237
0.421500000000000 0.999999999992948 0.411142330573627 1.242579471567536 100.001238844310990 0.500006512226987
0.421600000000000 0.999999999992947 0.411391074198980 1.245045273823643 100.001238844310819 0.500006519752438
0.421700000000000 0.999999999992946 0.411640261156017 1.247013123901107 100.001238844310677 0.500006528027473
0.421800000000000 0.999999999992943 0.411889791800925 1.248482417480475 100.001238844310336 0.500006534772181
0.421900000000000 0.999999999992943 0.412139566338435 1.249452237927998 100.001238844310066 0.500006544090252
0.422000000000000 0.999999999992941 0.412389484854792 1.249922313303902 100.001238844310109 0.500006554533511
0.422100000000000 0.999999999992937 0.412639447411929 1.249892682543591 100.001238844309910 0.500006563261982
0.422200000000000 0.999999999992939 0.412889354040092 1.249362978548814 100.001238844309768 0.500006575008052
0.422300000000000 0.999999999992936 0.413139104786550 1.248333747000401 100.001238844309654 0.500006585594618
0.422400000000000 0.999999999992934 0.413388599763706 1.246805094405702 100.001238844309455 0.500006598825638
0.422500000000000 0.999999999992933 0.413637739173510 1.244777801496441 100.001238844309412 0.500006612578313
0.422600000000000 0.999999999992930 0.413886423395014 1.242252867543203 100.001238844308915 0.500006624500383
0.422700000000000 0.999999999992929 0.414134552990568 1.239231121942933 100.001238844308830 0.500006636831810
0.422800000000000 0.999999999992926 0.414382028758645 1.235714100248986 100.001238844308546 0.500006645516900
0.422900000000000 0.999999999992925 0.414628751753394 1.231702818858017 100.001238844308489 0.500006655385309
0.423000000000000 0.999999999992921 0.414874623316373 1.227199140263842 100.001238844308546 0.500006663248512
0.423100000000000 0.999999999992922 0.415119545105075 1.222204361430193 100.001238844308162 0.500006675291423
0.423200000000000 0.999999999992918 0.415363419135830 1.216720764010646 100.001238844307736 0.500006688008121
0.423300000000000 0.999999999992916 0.415606147920258 1.210751032557103 100.001238844307551 0.500006695419533
0.423400000000000 0.999999999992915 0.415847634409192 1.204296867642516 100.001238844307380 0.500006705867170
0.423500000000000 0.999999999992914 0.416087782018808 1.197361226870001 100.001238844306968 0.500006714791944
0.423600000000000 0.999999999992912 0.416326494714416 1.189946642996822 100.001238844307863 0.500006725081768
0.423700000000000 0.999999999992910 0.416563676975809 1.182055721212550 100.001238844306528 0.500006740983145
0.423800000000000 0.999999999992909 0.416799233903358 1.173692062945290 100.001238844307395 0.500006757161758
0.423900000000000 0.999999999992908 0.417033071352680 1.164859636142233 100.001238844306641 0.500006766317906
0.424000000000000 0.999999999992906 0.417265095828119 1.155560949933729 100.001238844307693 0.500006780421328
0.424100000000000 0.999999999992904 0.417495214511403 1.145800267129317 100.001238844306471 0.500006793122772
0.424200000000000 0.999999999992901 0.417723335386551 1.135581357643027 100.001238844306357 0.500006805961088
0.424300000000000 0.999999999992899 0.417949367210562 1.124908169835919 100.001238844306016 0.500006820488209
0.424400000000000 0.999999999992901 0.418173219589337 1.113785254968899 100.001238844306130 0.500006833496064
0.424500000000000 0.999999999992897 0.418394803028196 1.102217050589775 100.001238844305163 0.500006845123511
0.424600000000000 0.999999999992897 0.418614028958838 1.090208393774645 100.001238844306158 0.500006853080596
0.424700000000000 0.999999999992895 0.418830809676235 1.077763061904169 100.001238844305220 0.500006868551079
0.424800000000000 0.999999999992891 0.419045058436153 1.064886894759712 100.001238844305462 0.500006882109281
0.424900000000000 0.999999999992891 0.419256689574335 1.051584863931825 100.001238844306087 0.500006895671521
0.425000000000000 0.999999999992888 0.419465618472949 1.037862449624553 100.001238844304936 0.500006907549039
0.425100000000000 0.999999999992886 0.419671761600217 1.023725040615934 100.001238844304680 0.500006918796026
0.425200000000000 0.999999999992887 0.419875036475916 1.009177754047994 100.001238844304524 0.500006934872662
0.425300000000000 0.999999999992884 0.420075361821980 0.994227510358895 100.001238844304481 0.500006944581876
0.425400000000000 0.999999999992882 0.420272657592844 0.978879715619570 100.001238844303600 0.500006953752904
0.425500000000000 0.999999999992881 0.420466844850686 0.963140025720903 100.001238844304552 0.500006967071144
0.425600000000000 0.999999999992878 0.420657845872080 0.947014935851762 100.001238844303572 0.500006982472816
0.425700000000000 0.999999999992878 0.420845584244311 0.930511060024485 100.001238844303771 0.500006998319220
0.425800000000000 0.999999999992877 0.421029984898147 0.913635223187781 100.001238844303430 0.500007012504531
0.425900000000000 0.999999999992872 0.421210974119957 0.896394155039289 100.001238844303259 0.500007025245549
0.426000000000000 0.999999999992870 0.421388479545139 0.878794618676706 100.001238844302918 0.500007037750939
0.426100000000000 0.999999999992870 0.421562430190095 0.860843658007756 100.001238844302634 0.500007049964478
0.426200000000000 0.999999999992869 0.421732756519288 0.842548720028654 100.001238844302264 0.500007059598130
0.426300000000000 0.999999999992866 0.421899390422851 0.823916608029043 100.001238844301952 0.500007071021712
0.426400000000000 0.999999999992866 0.422062265228605 0.804954894832219 100.001238844302748 0.500007083148646
0.426500000000000 0.999999999992862 0.422221315766854 0.785671035471934 100.001238844302122 0.500007096945110
0.426600000000000 0.999999999992863 0.422376478434779 0.766073246863143 100.001238844302193 0.500007108390686
0.426700000000000 0.999999999992860 0.422527691194582 0.746168960797911 100.001238844301184 0.500007120647706
0.426800000000000 0.999999999992858 0.422674893557955 0.725966241173757 100.001238844301469 0.500007132886383
0.426900000000000 0.999999999992858 0.422818026671333 0.705473380591601 100.001238844301668 0.500007143557692
0.427000000000000 0.999999999992854 0.422957033321626 0.684698486945693 100.001238844300715 0.500007153334582
0.427100000000000 0.999999999992852 0.423091857913366 0.663649628086333 100.001238844300644 0.500007163866584
0.427200000000000 0.999999999992854 0.423222446531493 0.642335540777502 100.001238844301866 0.500007172999065
0.427300000000000 0.999999999992849 0.423348746970379 0.620764591310101 100.001238844301298 0.500007181792044
0.427400000000000 0.999999999992849 0.423470708693353 0.598945092897696 100.001238844301326 0.500007192153021
0.427500000000000 0.999999999992847 0.423588282896749 0.576886067936132 100.001238844300147 0.500007202199130
0.427600000000000 0.999999999992845 0.423701422595003 0.554596680112204 100.001238844300346 0.500007209986389
0.427700000000000 0.999999999992845 0.423810082559200 0.532085335927091 100.001238844300303 0.500007218415799
0.427800000000000 0.999999999992842 0.423914219274338 0.509360756794201 100.001238844300033 0.500007228866616
0.427900000000000 0.999999999992838 0.424013791071529 0.486432697075014 100.001238844299138 0.500007237808181
0.428000000000000 0.999999999992839 0.424108758135220 0.463309930694586 100.001238844300133 0.500007247209880
0.428100000000000 0.999999999992836 0.424199082486265 0.440002050365376 100.001238844299024 0.500007255420806
0.428200000000000 0.999999999992834 0.424284728023936 0.416518250825121 100.001238844298712 0.500007263054015
0.428300000000000 0.999999999992834 0.424365660542317 0.392868284417052 100.001238844299081 0.500007268662505
0.428400000000000 0.999999999992830 0.424441847705967 0.369061112270730 100.001238844299024 0.500007274324759
0.428500000000000 0.999999999992829 0.424513258985684 0.345105825249367 100.001238844298854 0.500007281524247
0.428600000000000 0.999999999992827 0.424579865776670 0.321012581162446 100.001238844299053 0.500007288078985
0.428700000000000 0.999999999992826 0.424641641461092 0.296791099036857 100.001238844298854 0.500007293750964
0.428800000000000 0.999999999992825 0.424698561355829 0.272451005420212 100.001238844297774 0.500007298773063
0.428900000000000 0.999999999992822 0.424750602702663 0.248001926033391 100.001238844297291 0.500007303460513
0.429000000000000 0.999999999992821 0.424797744664089 0.223453438471293 100.001238844297134 0.500007308264899
0.429100000000000 0.999999999992817 0.424839968356325 0.198815507477551 100.001238844297262 0.500007312757580
0.429200000000000 0.999999999992817 0.424877256874359 0.174097954406025 100.001238844297148 0.500007316952660
0.429300000000000 0.999999999992817 0.424909595356103 0.149311397564954 100.001238844297845 0.500007319605762
0.429400000000000 0.999999999992813 0.424936970906869 0.124464887353722 100.001238844296381 0.500007322201714
0.429500000000000 0.999999999992813 0.424959372572722 0.099568776740362 100.001238844296438 0.500007324150415
0.429600000000000 0.999999999992812 0.424976791407301 0.074632802292018 100.001238844296012 0.500007325728851
0.429700000000000 0.999999999992810 0.424989220412628 0.049666695325518 100.001238844296111 0.500007327060874
0.429800000000000 0.999999999992808 0.424996654637500 0.024681210232704 100.001238844296012 0.500007327716778
0.429900000000000 0.999999999992808 0.424999091165977 -0.000314050362149 100.001238844296608 0.500007327986460
0.430000000000000 0.999999999992805 0.424996529007952 -0.025309440163761 100.001238844295386 0.500007327871621
0.430100000000000 0.999999999992803 0.424988969178941 -0.050294548446351 100.001238844296537 0.500007327400934
0.430200000000000 0.999999999992801 0.424976414691317 -0.075259808471914 100.001238844295017 0.500007326388046
0.430300000000000 0.999999999992799 0.424958870524004 -0.100195129391958 100.001238844296296 0.500007324794199
0.430400000000000 0.999999999992795 0.424936343698363 -0.125090163058049 100.001238844295472 0.500007322966560
0.430500000000000 0.999999999992794 0.424908843190844 -0.149935717909380 100.001238844294988 0.500007319963256
0.430600000000000 0.999999999992794 0.424876379956594 -0.174721197715631 100.001238844295074 0.500007316585853
0.430700000000000 0.999999999992790 0.424838967018031 -0.199436513540876 100.001238844294875 0.500007313225589
0.430800000000000 0.999999999992788 0.424796619407060 -0.224071658995238 100.001238844294619 0.500007310289432
0.430900000000000 0.999999999992787 0.424749354086819 -0.248617326951070 100.001238844294420 0.500007306696988
0.431000000000000 0.999999999992786 0.424697189885581 -0.273064182542501 100.001238844294292 0.500007301130540
0.431100000000000 0.999999999992784 0.424640147611562 -0.297401759468551 100.001238844294107 0.500007295261278
0.431200000000000 0.999999999992782 0.424578250143376 -0.321619802262961 100.001238844293880 0.500007290750669
0.431300000000000 0.999999999992782 0.424511522233371 -0.345709836087306 100.001238844293653 0.500007283855517
0.431400000000000 0.999999999992780 0.424439990504701 -0.369661640471789 100.001238844293482 0.500007276383548
0.431500000000000 0.999999999992777 0.424363683635151 -0.393464864349183 100.001238844293454 0.500007271278706
0.431600000000000 0.999999999992774 0.424282632198237 -0.417110905034516 100.001238844293098 0.500007265188888
0.431700000000000 0.999999999992773 0.424196868595105 -0.440590097739395 100.001238844293056 0.500007258933948
0.431800000000000 0.999999999992769 0.424106427122832 -0.463893140559847 100.001238844292786 0.500007252142614
0.431900000000000 0.999999999992770 0.424011343899292 -0.487011135328313 100.001238844292615 0.500007242796538
0.432000000000000 0.999999999992767 0.423911656920422 -0.509934187672692 100.001238844292402 0.500007233923677
0.432100000000000 0.999999999992765 0.423807406060305 -0.532653403629878 100.001238844292374 0.500007224191327
0.432200000000000 0.999999999992764 0.423698632992741 -0.555159691662241 100.001238844292033 0.500007213597034
0.432300000000000 0.999999999992763 0.423585381220990 -0.577443840908652 100.001238844291862 0.500007203302277
0.432400000000000 0.999999999992760 0.423467696068292 -0.599496860853106 100.001238844291692 0.500007193835307
0.432500000000000 0.999999999992760 0.423345624631584 -0.621310002622537 100.001238844291635 0.500007184864823
0.432600000000000 0.999999999992756 0.423219215721091 -0.642874885324104 100.001238844291450 0.500007174292365
0.432700000000000 0.999999999992756 0.423088519884228 -0.664182516200538 100.001238844291180 0.500007164446248
0.432800000000000 0.999999999992755 0.422953589392213 -0.685224644032967 100.001238844290981 0.500007153582265
0.432900000000000 0.999999999992752 0.422814478177215 -0.705992918658995 100.001238844291024 0.500007141211408
0.433000000000000 0.999999999992751 0.422671241897150 -0.726478420818088 100.001238844290611 0.500007131668061
0.433100000000000 0.999999999992748 0.422523937862831 -0.746673539766419 100.001238844290398 0.500007120856679
0.433200000000000 0.999999999992748 0.422372624959809 -0.766570146536657 100.001238844290327 0.500007109127388
0.433300000000000 0.999999999992745 0.422217363674416 -0.786160354886727 100.001238844290114 0.500007095905887
0.433400000000000 0.999999999992744 0.422058216080572 -0.805436179983655 100.001238844289901 0.500007082336871
0.433500000000000 0.999999999992742 0.421895245840044 -0.824389720603524 100.001238844289844 0.500007069997014
0.433600000000000 0.999999999992742 0.421728518175190 -0.843013271288443 100.001238844289631 0.500007060014283
0.433700000000000 0.999999999992738 0.421558099792550 -0.861299694666297 100.001238844289389 0.500007049867519
0.433800000000000 0.999999999992738 0.421384058840185 -0.879241714607652 100.001238844289190 0.500007039244619
0.433900000000000 0.999999999992735 0.421206464916413 -0.896832094128478 100.001238844289162 0.500007028690551
0.434000000000000 0.999999999992733 0.421025388985402 -0.914064426117774 100.001238844288878 0.500007012540114
0.434100000000000 0.999999999992731 0.420840903442063 -0.930930811036079 100.001238844288963 0.500006999896822
0.434200000000000 0.999999999992731 0.420653082142138 -0.947424518304364 100.001238844288594 0.500006990772168
0.434300000000000 0.999999999992729 0.420462000194963 -0.963539750693423 100.001238844288423 0.500006977670518
0.434400000000000 0.999999999992727 0.420267733954001 -0.979269871295719 100.001238844288480 0.500006962337404
0.434500000000000 0.999999999992726 0.420070361102989 -0.994608206717070 100.001238844287940 0.500006948493690
0.434600000000000 0.999999999992722 0.419869960586020 -1.009548825152117 100.001238844287940 0.500006934174702
0.434700000000000 0.999999999992720 0.419666612550899 -1.024085623774797 100.001238844287826 0.500006920680745
0.434800000000000 0.999999999992719 0.419460398350337 -1.038212651579832 100.001238844287627 0.500006909467558
0.434900000000000 0.999999999992718 0.419251400471815 -1.051924510529642 100.001238844287599 0.500006897980472
0.435000000000000 0.999999999992717 0.419039702472623 -1.065215904917341 100.001238844287059 0.500006884233917
0.435100000000000 0.999999999992715 0.418825389003541 -1.078081194526878 100.001238844286945 0.500006871663513
0.435200000000000 0.999999999992714 0.418608545791579 -1.090515251097428 100.001238844286917 0.500006860127146
0.435300000000000 0.999999999992712 0.418389259564920 -1.102513192354926 100.001238844286661 0.500006848668540
0.435400000000000 0.999999999992710 0.418167618008718 -1.114070331032419 100.001238844286860 0.500006836069789
0.435500000000000 0.999999999992709 0.417943709743082 -1.125182006460819 100.001238844286149 0.500006822750996
0.435600000000000 0.999999999992707 0.417717624326399 -1.135843491243056 100.001238844286405 0.500006811915035
0.435700000000000 0.999999999992706 0.417489452178995 -1.146050890002095 100.001238844286036 0.500006799414879
0.435800000000000 0.999999999992705 0.417259284527185 -1.155800047930022 100.001238844286036 0.500006786066163
0.435900000000000 0.999999999992702 0.417027213404039 -1.165087045115328 100.001238844286163 0.500006772107890
0.436000000000000 0.999999999992702 0.416793331587435 -1.173908357248089 100.001238844285609 0.500006755320466
0.436100000000000 0.999999999992700 0.416557732642401 -1.182259636687670 100.001238844285552 0.500006745330653
0.436200000000000 0.999999999992697 0.416320510851553 -1.190138044614359 100.001238844285297 0.500006736298938
0.436300000000000 0.999999999992696 0.416081761088652 -1.197540515335813 100.001238844285240 0.500006727229153
0.436400000000000 0.999999999992693 0.415841578809929 -1.204464288911138 100.001238844285382 0.500006715719114
0.436500000000000 0.999999999992691 0.415600060049851 -1.210906344946713 100.001238844284899 0.500006704784411
0.436600000000000 0.999999999992691 0.415357301406405 -1.216864059323015 100.001238844284856 0.500006695018289
0.436700000000000 0.999999999992689 0.415113399935454 -1.222335485141167 100.001238844284259 0.500006681123558
0.436800000000000 0.999999999992687 0.414868453130892 -1.227318188902204 100.001238844284700 0.500006666075910
0.436900000000000 0.999999999992686 0.414622558946100 -1.231810005089538 100.001238844283876 0.500006651998976
0.437000000000000 0.999999999992683 0.414375815747506 -1.235808965278550 100.001238844283904 0.500006641030040
0.437100000000000 0.999999999992682 0.414128322229158 -1.239313764969079 100.001238844284046 0.500006629546643
0.437200000000000 0.999999999992680 0.413880177343544 -1.242323130026894 100.001238844283819 0.500006615968985
0.437300000000000 0.999999999992679 0.413631480318322 -1.244835584918030 100.001238844283478 0.500006603676298
0.437400000000000 0.999999999992678 0.413382330638924 -1.246850018246170 100.001238844283435 0.500006594007724
0.437500000000000 0.999999999992676 0.413132827931487 -1.248366133237216 100.001238844283250 0.500006580627338
0.437600000000000 0.999999999992674 0.412883071936543 -1.249383089422589 100.001238844283009 0.500006566456067
0.437700000000000 0.999999999992672 0.412633162542921 -1.249900239284659 100.001238844282938 0.500006554508130
0.437800000000000 0.999999999992670 0.412383199734443 -1.249917278488039 100.001238844282454 0.500006546009373
0.437900000000000 0.999999999992671 0.412133283494991 -1.249434511556720 100.001238844282469 0.500006537072142
0.438000000000000 0.999999999992666 0.411883513772123 -1.248452003343872 100.001238844282256 0.500006529301672
0.438100000000000 0.999999999992666 0.411633990466689 -1.246970149956586 100.001238844282426 0.500006522659365
0.438200000000000 0.999999999992666 0.411384813360562 -1.244989746116471 100.001238844282170 0.500006514626241
0.438300000000000 0.999999999992661 0.411136082083000 -1.242511526781800 100.001238844281943 0.500006505919116
0.438400000000000 0.999999999992662 0.410887896125141 -1.239536139340329 100.001238844281829 0.500006500809382
0.438500000000000 0.999999999992663 0.410640354754669 -1.236065162659502 100.001238844281616 0.500006494466399
0.438600000000000 0.999999999992658 0.410393556935485 -1.232100060796163 100.001238844281374 0.500006485961240
0.438700000000000 0.999999999992655 0.410147601345359 -1.227642235271750 100.001238844281474 0.500006477576034
0.438800000000000 0.999999999992655 0.409902586313903 -1.222693764611040 100.001238844281090 0.500006465688596
0.438900000000000 0.999999999992654 0.409658609804662 -1.217256227194564 100.001238844280920 0.500006455218740
0.439000000000000 0.999999999992652 0.409415769414768 -1.211331708399863 100.001238844280465 0.500006447240535
0.439100000000000 0.999999999992652 0.409174162284132 -1.204922697805927 100.001238844280408 0.500006440279132
0.439200000000000 0.999999999992646 0.408933885032115 -1.198031913477160 100.001238844280067 0.500006432463282
0.439300000000000 0.999999999992645 0.408695033737036 -1.190662047457417 100.001238844280181 0.500006424565824
0.439400000000000 0.999999999992644 0.408457703901172 -1.182816167406050 100.001238844280181 0.500006415161927
0.439500000000000 0.999999999992643 0.408221990438014 -1.174497097193067 100.001238844280124 0.500006407973847
0.439600000000000 0.999999999992640 0.407987987624622 -1.165708373008957 100.001238844279683 0.500006400523882
0.439700000000000 0.999999999992640 0.407755789044756 -1.156453395246649 100.001238844280252 0.500006394146044
0.439800000000000 0.999999999992638 0.407525487537975 -1.146736202706387 100.001238844279328 0.500006384936920
0.439900000000000 0.999999999992637 0.407297175172276 -1.136560482241429 100.001238844278603 0.500006375221803
0.440000000000000 0.999999999992637 0.407070943273741 -1.125929954418114 100.001238844278646 0.500006368960112
0.440100000000000 0.999999999992634 0.406846882330916 -1.114849279518482 100.001238844280138 0.500006361507206
0.440200000000000 0.999999999992631 0.406625081944542 -1.103322679015012 100.001238844278674 0.500006355216698
0.440300000000000 0.999999999992631 0.406405630822581 -1.091354855479966 100.001238844278475 0.500006349047207
0.440400000000000 0.999999999992627 0.406188616734600 -1.078950493023396 100.001238844278063 0.500006344105131
0.440500000000000 0.999999999992626 0.405974126456151 -1.066114846545064 100.001238844279186 0.500006337208256
0.440600000000000 0.999999999992623 0.405762245755412 -1.052852738982254 100.001238844278447 0.500006331692630
0.440700000000000 0.999999999992624 0.405553059370580 -1.039169642023301 100.001238844277765 0.500006325768754
0.440800000000000 0.999999999992621 0.405346650948687 -1.025071004541414 100.001238844277651 0.500006319689087
0.440900000000000 0.999999999992621 0.405143103026596 -1.010562477124008 100.001238844277651 0.500006313335179
0.441000000000000 0.999999999992619 0.404942497019671 -0.995649628477779 100.001238844277424 0.500006309060370
0.441100000000000 0.999999999992615 0.404744913162221 -0.980338692561317 100.001238844277026 0.500006304136272
0.441200000000000 0.999999999992614 0.404550430455879 -0.964635768099580 100.001238844277012 0.500006298821486
0.441300000000000 0.999999999992612 0.404359126658725 -0.948547190140945 100.001238844277268 0.500006292602659
0.441400000000000 0.999999999992613 0.404171078258926 -0.932079329940987 100.001238844276273 0.500006286104609
0.441500000000000 0.999999999992608 0.403986360487418 -0.915238384043111 100.001238844277083 0.500006282936692
0.441600000000000 0.999999999992607 0.403805047224703 -0.898031659685331 100.001238844276514 0.500006277791686
0.441700000000000 0.999999999992606 0.403627210968866 -0.880465688509514 100.001238844276088 0.500006273856474
0.441800000000000 0.999999999992603 0.403452922865138 -0.862547451157854 100.001238844276315 0.500006271471892
0.441900000000000 0.999999999992603 0.403282252609823 -0.844284458103811 100.001238844275960 0.500006267633503
0.442000000000000 0.999999999992599 0.403115268441752 -0.825683784221840 100.001238844275960 0.500006264315552
0.442100000000000 0.999999999992600 0.402952037135291 -0.806752995331593 100.001238844275733 0.500006260459572
0.442200000000000 0.999999999992597 0.402792623940549 -0.787499776142753 100.001238844275235 0.500006255184796
0.442300000000000 0.999999999992597 0.402637092603141 -0.767931487385339 100.001238844275406 0.500006251200963
0.442400000000000 0.999999999992596 0.402485505341975 -0.748056027822181 100.001238844275150 0.500006247894976
0.442500000000000 0.999999999992593 0.402337922781353 -0.727881447908810 100.001238844275179 0.500006244483053
0.442600000000000 0.999999999992590 0.402194403928070 -0.707415873319527 100.001238844274980 0.500006240561808
0.442700000000000 0.999999999992589 0.402055006182182 -0.686667248180378 100.001238844274582 0.500006237840834
0.442800000000000 0.999999999992587 0.401919785303407 -0.665644031633039 100.001238844274866 0.500006235162363
0.442900000000000 0.999999999992587 0.401788795359149 -0.644354695312229 100.001238844274013 0.500006232107778
0.443000000000000 0.999999999992587 0.401662088721220 -0.622807721991599 100.001238844274539 0.500006228903790
0.443100000000000 0.999999999992585 0.401539716059411 -0.601011652415645 100.001238844274653 0.500006226033852
0.443200000000000 0.999999999992582 0.401421726323809 -0.578975141460393 100.001238844273502 0.500006223845662
0.443300000000000 0.999999999992579 0.401308166705786 -0.556707119391205 100.001238844274411 0.500006221627326
0.443400000000000 0.999999999992579 0.401199082612426 -0.534216503142498 100.001238844272820 0.500006219323363
0.443500000000000 0.999999999992576 0.401094517664155 -0.511512244084300 100.001238844273786 0.500006217172060
0.443600000000000 0.999999999992575 0.400994513673499 -0.488603469717431 100.001238844272820 0.500006214928991
0.443700000000000 0.999999999992575 0.400899110629461 -0.465499291680466 100.001238844272308 0.500006212849028
0.443800000000000 0.999999999992573 0.400808346682959 -0.442208978567127 100.001238844272478 0.500006210794832
0.443900000000000 0.999999999992569 0.400722258134121 -0.418741771506706 100.001238844272081 0.500006209088162
0.444000000000000 0.999999999992570 0.400640879412305 -0.395107136767660 100.001238844272592 0.500006207370545
0.444100000000000 0.999999999992568 0.400564243051401 -0.371314571300753 100.001238844272422 0.500006205481180
0.444200000000000 0.999999999992566 0.400492379699550 -0.347373434906471 100.001238844272365 0.500006204012225
0.444300000000000 0.999999999992566 0.400425318104093 -0.323293368093694 100.001238844272081 0.500006202701169
0.444400000000000 0.999999999992563 0.400363085086296 -0.299084000463598 100.001238844272009 0.500006201540896
0.444500000000000 0.999999999992562 0.400305705536312 -0.274755012768932 100.001238844271882 0.500006200525422
0.444600000000000 0.999999999992558 0.400253202399164 -0.250316175480272 100.001238844271697 0.500006199537857
0.444700000000000 0.999999999992559 0.400205596669576 -0.225777226436346 100.001238844271569 0.500006198674474
0.444800000000000 0.999999999992557 0.400162907383694 -0.201148012025350 100.001238844271327 0.500006197858821
0.444900000000000 0.999999999992553 0.400125151613606 -0.176438332568047 100.001238844271256 0.500006197195194
0.445000000000000 0.999999999992554 0.400092344464697 -0.151658048646847 100.001238844270929 0.500006196704183
0.445100000000000 0.999999999992552 0.400064499058560 -0.126817138580865 100.001238844270773 0.500006196265869
0.445200000000000 0.999999999992551 0.400041626527937 -0.101925523703897 100.001238844270631 0.500006195906005
0.445300000000000 0.999999999992548 0.400023736020098 -0.076993136808511 100.001238844270574 0.500006195648889
0.445400000000000 0.999999999992548 0.400010834691600 -0.052029948673282 100.001238844270276 0.500006195487927
0.445500000000000 0.999999999992543 0.400002927698866 -0.027045988613846 100.001238844270134 0.500006195398112
0.445600000000000 0.999999999992541 0.400000018197448 -0.002051248968391 100.001238844269949 0.500006195397477
0.445700000000000 0.999999999992540 0.400002107347822 0.022944316670629 100.001238844269920 0.500006195499417
0.445800000000000 0.999999999992539 0.400009194315023 0.047930704645608 100.001238844269707 0.500006195703996
0.445900000000000 0.999999999992537 0.400021276263548 0.072897914523819 100.001238844269551 0.500006196016847
0.446000000000000 0.999999999992537 0.400038348360405 0.097835969743255 100.001238844269437 0.500006196436226
0.446100000000000 0.999999999992534 0.400060403778407 0.122734902907488 100.001238844269267 0.500006196957254
0.446200000000000 0.999999999992537 0.400087433698536 0.147584761767145 100.001238844269025 0.500006197571888
0.446300000000000 0.999999999992532 0.400119427310627 0.172375583299279 100.001238844268912 0.500006198317376
0.446400000000000 0.999999999992531 0.400156371818830 0.197097474920470 100.001238844268840 0.500006199163009
0.446500000000000 0.999999999992529 0.400198252447850 0.221740531601560 100.001238844268727 0.500006200146222
0.446600000000000 0.999999999992528 0.400245052448100 0.246294915499337 100.001238844268556 0.500006201234626
0.446700000000000 0.999999999992525 0.400296753108580 0.270750847953457 100.001238844268244 0.500006202322196
0.446800000000000 0.999999999992525 0.400353333759754 0.295098518538159 100.001238844268102 0.500006203474726
0.446900000000000 0.999999999992525 0.400414771774493 0.319328161934775 100.001238844267959 0.500006204774630
0.447000000000000 0.999999999992522 0.400481042580943 0.343430097767109 100.001238844267760 0.500006206199524
0.447100000000000 0.999999999992518 0.400552119678408 0.367394717687131 100.001238844267561 0.500006207645985
0.447200000000000 0.999999999992519 0.400627974638242 0.391212344621155 100.001238844267490 0.500006209458449
0.447300000000000 0.999999999992514 0.400708577118159 0.414873520249902 100.001238844267363 0.500006211403031
0.447400000000000 0.999999999992513 0.400793894893773 0.438368880194473 100.001238844267121 0.500006213064683
0.447500000000000 0.999999999992512 0.400883893858511 0.461688961796890 100.001238844267021 0.500006214701003
0.447600000000000 0.999999999992511 0.400978538023727 0.484824407331908 100.001238844266823 0.500006216451573
0.447700000000000 0.999999999992512 0.401077789540826 0.507765972746421 100.001238844266709 0.500006218280528
0.447800000000000 0.999999999992507 0.401181608720612 0.530504495933747 100.001238844266481 0.500006220123510
0.447900000000000 0.999999999992506 0.401289954045786 0.553030857031991 100.001238844266425 0.500006222118941
0.448000000000000 0.999999999992503 0.401402782187398 0.575336056488364 100.001238844266211 0.500006224223157
0.448100000000000 0.999999999992502 0.401520048015695 0.597411081338018 100.001238844266027 0.500006226984443
0.448200000000000 0.999999999992502 0.401641704621363 0.619247153763364 100.001238844265870 0.500006230140832
0.448300000000000 0.999999999992499 0.401767703353003 0.640835630928676 100.001238844265657 0.500006233148771
0.448400000000000 0.999999999992499 0.401897993836097 0.662167924124887 100.001238844265629 0.500006235698888
0.448500000000000 0.999999999992494 0.402032523971435 0.683235368315576 100.001238844265416 0.500006238657241
0.448600000000000 0.999999999992492 0.402171239949554 0.704029523895700 100.001238844265202 0.500006242145699
0.448700000000000 0.999999999992492 0.402314086287229 0.724542092928712 100.001238844265018 0.500006246063561
0.448800000000000 0.999999999992491 0.402461005868808 0.744765050668124 100.001238844264890 0.500006249118541
0.448900000000000 0.999999999992491 0.402611939950508 0.764690136639973 100.001238844264776 0.500006252564235
0.449000000000000 0.999999999992488 0.402766828168788 0.784309411939979 100.001238844264705 0.500006256190273
0.449100000000000 0.999999999992483 0.402925608588164 0.803615097043671 100.001238844264321 0.500006259473967
0.449200000000000 0.999999999992485 0.403088217714778 0.822599384688427 100.001238844264350 0.500006263100027
0.449300000000000 0.999999999992483 0.403254590507399 0.841254605500320 100.001238844264165 0.500006267725071
0.449400000000000 0.999999999992483 0.403424660417939 0.859573361398846 100.001238844263952 0.500006272860094
0.449500000000000 0.999999999992477 0.403598359450073 0.877548577533450 100.001238844263725 0.500006276341108
0.449600000000000 0.999999999992478 0.403775618158990 0.895172834591232 100.001238844263554 0.500006280141611
0.449700000000000 0.999999999992474 0.403956365643456 0.912438979415159 100.001238844263412 0.500006285221584
0.449800000000000 0.999999999992474 0.404140529607294 0.929340217584217 100.001238844263099 0.500006290609590
0.449900000000000 0.999999999992472 0.404328036406187 0.945869863540587 100.001238844263270 0.500006295624400
0.450000000000000 0.999999999992469 0.404518811055370 0.962021196450289 100.001238844262929 0.500006301303120
0.450100000000000 0.999999999992471 0.404712777264531 0.977787882665521 100.001238844262929 0.500006306447943
0.450200000000000 0.999999999992468 0.404909857478710 0.993163606722558 100.001238844262616 0.500006311138490
0.450300000000000 0.999999999992466 0.405109972878833 1.008142039034724 100.001238844262375 0.500006317166275
0.450400000000000 0.999999999992466 0.405313043425989 1.022717314774895 100.001238844262588 0.500006323296787
0.450500000000000 0.999999999992464 0.405518987923151 1.036883718928346 100.001238844262048 0.500006328357316
0.450600000000000 0.999999999992460 0.405727724021802 1.050635447089826 100.001238844262161 0.500006333767716
0.450700000000000 0.999999999992458 0.405939168246111 1.063967026955321 100.001238844261906 0.500006339247702
0.450800000000000 0.999999999992456 0.406153236045300 1.076873185277976 100.001238844261664 0.500006344173419
0.450900000000000 0.999999999992457 0.406369841805118 1.089348557386598 100.001238844261337 0.500006350732237
0.451000000000000 0.999999999992454 0.406588898911303 1.101388511493729 100.001238844261451 0.500006355045269
0.451100000000000 0.999999999992451 0.406810319771738 1.112987893080250 100.001238844261167 0.500006360821987
0.451200000000000 0.999999999992450 0.407034015793802 1.124141845482321 100.001238844260740 0.500006370529673
0.451300000000000 0.999999999992446 0.407259897500690 1.134846396890991 100.001238844260854 0.500006378721434
0.451400000000000 0.999999999992448 0.407487874585823 1.145097218718925 100.001238844260627 0.500006385908426
0.451500000000000 0.999999999992446 0.407717855880706 1.154890011634186 100.001238844260314 0.500006394369075
0.451600000000000 0.999999999992444 0.407949749426124 1.164221172381772 100.001238844260229 0.500006400491839
0.451700000000000 0.999999999992442 0.408183462506522 1.173086743025775 100.001238844260016 0.500006406881387
0.451800000000000 0.999999999992441 0.408418901642244 1.181483032362417 100.001238844259888 0.500006415255874
0.451900000000000 0.999999999992441 0.408655972678621 1.189406986709168 100.001238844259987 0.500006422035317
0.452000000000000 0.999999999992437 0.408894580819531 1.196855242291256 100.001238844259774 0.500006429521401
0.452100000000000 0.999999999992437 0.409134630649486 1.203824971871941 100.001238844259532 0.500006435902535
0.452200000000000 0.999999999992433 0.409376026168492 1.210313152828198 100.001238844259547 0.500006444004860
0.452300000000000 0.999999999992434 0.409618670836289 1.216317404923320 100.001238844259291 0.500006451241656
0.452400000000000 0.999999999992430 0.409862467630506 1.221835289977171 100.001238844259049 0.500006458052804
0.452500000000000 0.999999999992430 0.410107319066226 1.226864619334053 100.001238844258864 0.500006464211588
0.452600000000000 0.999999999992427 0.410353127208989 1.231403080185101 100.001238844258566 0.500006473417055
0.452700000000000 0.999999999992426 0.410599793713068 1.235448873540818 100.001238844258509 0.500006485491049
0.452800000000000 0.999999999992425 0.410847219924551 1.239000730473877 100.001238844258410 0.500006496128760
0.452900000000000 0.999999999992422 0.411095306902039 1.242057032657492 100.001238844258381 0.500006507773007
0.453000000000000 0.999999999992421 0.411343955447692 1.244616837344364 100.001238844258040 0.500006516948617
0.453100000000000 0.999999999992419 0.411593066129745 1.246678746109831 100.001238844257898 0.500006528310222
0.453200000000000 0.999999999992418 0.411842539330341 1.248242294941739 100.001238844257699 0.500006537362132
0.453300000000000 0.999999999992417 0.412092275323585 1.249306875356257 100.001238844257443 0.500006543885247
0.453400000000000 0.999999999992414 0.412342174234879 1.249871599580386 100.001238844257159 0.500006553646743
0.453500000000000 0.999999999992413 0.412592136070142 1.249936163133264 100.001238844257443 0.500006567628493
0.453600000000000 0.999999999992412 0.412842060833356 1.249500847983389 100.001238844257003 0.500006581978286
0.453700000000000 0.999999999992409 0.413091848626107 1.248566357206865 100.001238844257017 0.500006590082214
0.453800000000000 0.999999999992408 0.413341399577991 1.247132261516682 100.001238844256619 0.500006601967155
0.453900000000000 0.999999999992403 0.413590613893475 1.245199742310200 100.001238844256505 0.500006610043778
0.454000000000000 0.999999999992406 0.413839391924822 1.242769094068390 100.001238844256420 0.500006620271274
0.454100000000000 0.999999999992402 0.414087634163845 1.239841412610691 100.001238844256221 0.500006631100155
0.454200000000000 0.999999999992400 0.414335241350583 1.236418095004478 100.001238844255852 0.500006639721338
0.454300000000000 0.999999999992399 0.414582114481308 1.232500296003005 100.001238844255724 0.500006648788124
0.454400000000000 0.999999999992396 0.414828154853969 1.228089884826187 100.001238844255582 0.500006654572469
0.454500000000000 0.999999999992396 0.415073264056379 1.223187880368654 100.001238844255681 0.500006666224529
0.454600000000000 0.999999999992392 0.415317344039990 1.217796916240392 100.001238844255312 0.500006675474697
0.454700000000000 0.999999999992393 0.415560297180465 1.211918599438096 100.001238844255226 0.500006689008337
0.454800000000000 0.999999999992391 0.415802026264904 1.205555424475283 100.001238844255056 0.500006705039582
0.454900000000000 0.999999999992389 0.416042434655983 1.198710668213070 100.001238844254871 0.500006714732646
0.455000000000000 0.999999999992387 0.416281426261672 1.191386500069100 100.001238844254800 0.500006724941135
0.455100000000000 0.999999999992386 0.416518905474671 1.183585593323545 100.001238844254402 0.500006738689681
0.455200000000000 0.999999999992385 0.416754777289596 1.175311298884299 100.001238844254146 0.500006753196903
0.455300000000000 0.999999999992380 0.416988947384341 1.166567102795334 100.001238844254004 0.500006766370720
0.455400000000000 0.999999999992382 0.417221322131532 1.157356464913584 100.001238844254601 0.500006778653940
0.455500000000000 0.999999999992379 0.417451808604336 1.147682930500129 100.001238844253137 0.500006791645904
0.455600000000000 0.999999999992379 0.417680314606621 1.137550255595415 100.001238844253493 0.500006806611876
0.455700000000000 0.999999999992374 0.417906748765365 1.126962923113610 100.001238844252669 0.500006818630715
0.455800000000000 0.999999999992374 0.418131020545611 1.115924835334281 100.001238844253010 0.500006831469593
0.455900000000000 0.999999999992372 0.418353040245157 1.104440408240238 100.001238844253407 0.500006845084292
0.456000000000000 0.999999999992370 0.418572719099077 1.092514604560974 100.001238844253550 0.500006855385435
0.456100000000000 0.999999999992368 0.418789969271654 1.080151753661302 100.001238844252129 0.500006867215499
0.456200000000000 0.999999999992366 0.419004703861216 1.067356866900379 100.001238844252384 0.500006879808257
0.456300000000000 0.999999999992364 0.419216837004128 1.054135318791844 100.001238844251318 0.500006890402725
0.456400000000000 0.999999999992364 0.419426283883308 1.040492196391425 100.001238844252157 0.500006901138491
0.456500000000000 0.999999999992363 0.419632960737505 1.026432972491121 100.001238844251048 0.500006911829702
0.456600000000000 0.999999999992359 0.419836784864213 1.011962759310331 100.001238844252498 0.500006927667795
0.456700000000000 0.999999999992358 0.420037674693242 0.997087763628785 100.001238844251532 0.500006944274317
0.456800000000000 0.999999999992356 0.420235549925857 0.981814510674985 100.001238844250850 0.500006955908169
0.456900000000000 0.999999999992354 0.420430331459634 0.966148432709727 100.001238844250537 0.500006969290623
0.457000000000000 0.999999999992353 0.420621941394634 0.950096121342028 100.001238844251517 0.500006981223946
0.457100000000000 0.999999999992351 0.420810303134921 0.933664028882533 100.001238844250338 0.500006991434628
0.457200000000000 0.999999999992350 0.420995341349825 0.916858349803709 100.001238844250807 0.500007003457651
0.457300000000000 0.999999999992349 0.421176982022556 0.899686031359843 100.001238844249485 0.500007015156976
0.457400000000000 0.999999999992346 0.421355152519656 0.882153968347109 100.001238844250963 0.500007026287070
0.457500000000000 0.999999999992345 0.421529781564412 0.864268826025823 100.001238844249116 0.500007039876626
0.457600000000000 0.999999999992343 0.421700799298837 0.846038129198631 100.001238844249599 0.500007052624564
0.457700000000000 0.999999999992342 0.421868137328687 0.827468991523741 100.001238844249443 0.500007066029309
0.457800000000000 0.999999999992340 0.422031728734490 0.808569050211833 100.001238844250508 0.500007078315105
0.457900000000000 0.999999999992335 0.422191508106537 0.789345770182111 100.001238844249684 0.500007090260175
0.458000000000000 0.999999999992336 0.422347411538565 0.769806714729334 100.001238844249798 0.500007102829856
0.458100000000000 0.999999999992334 0.422499376653157 0.749959611893563 100.001238844249656 0.500007116623662
0.458200000000000 0.999999999992333 0.422647342660795 0.729812613855711 100.001238844249713 0.500007129962315
0.458300000000000 0.999999999992331 0.422791250406337 0.709373918360207 100.001238844248377 0.500007141832018
0.458400000000000 0.999999999992329 0.422931042331967 0.688651295772569 100.001238844249457 0.500007155108074
0.458500000000000 0.999999999992326 0.423066662521901 0.667653397694226 100.001238844248945 0.500007167208739
0.458600000000000 0.999999999992326 0.423198056806161 0.646389040525730 100.001238844249031 0.500007175424019
0.458700000000000 0.999999999992325 0.423325172713509 0.624866392965373 100.001238844248050 0.500007182108215
0.458800000000000 0.999999999992322 0.423447959395897 0.603093516667202 100.001238844248263 0.500007190692427
0.458900000000000 0.999999999992321 0.423566367659866 0.581078888318247 100.001238844247467 0.500007202384355
0.459000000000000 0.999999999992319 0.423680350133372 0.558832257176998 100.001238844247410 0.500007211536221
0.459100000000000 0.999999999992317 0.423789861247999 0.536361913222493 100.001238844247297 0.500007221630272
0.459200000000000 0.999999999992316 0.423894857218892 0.513677393003822 100.001238844247496 0.500007229664425
0.459300000000000 0.999999999992315 0.423995296083302 0.490787401901870 100.001238844247041 0.500007237618631
0.459400000000000 0.999999999992312 0.424091137622078 0.467700649141986 100.001238844246870 0.500007247593878
0.459500000000000 0.999999999992310 0.424182343512678 0.444427405560763 100.001238844246330 0.500007254621352
0.459600000000000 0.999999999992309 0.424268877315990 0.420976235799010 100.001238844247098 0.500007262162992
0.459700000000000 0.999999999992305 0.424350704412087 0.397356764812362 100.001238844245819 0.500007269111364
0.459800000000000 0.999999999992307 0.424427792105180 0.373578613799327 100.001238844246245 0.500007274808482
0.459900000000000 0.999999999992302 0.424500109607895 0.349651249748308 100.001238844245975 0.500007279510060
0.460000000000000 0.999999999992298 0.424567627967789 0.325583550986172 100.001238844245677 0.500007285630151
0.460100000000000 0.999999999992298 0.424630320106949 0.301385382997529 100.001238844246075 0.500007292164508
0.460200000000000 0.999999999992297 0.424688160952877 0.277066942236646 100.001238844244739 0.500007297477574
0.460300000000000 0.999999999992294 0.424741127411879 0.252637825260162 100.001238844245748 0.500007302030048
0.460400000000000 0.999999999992294 0.424789198294791 0.228107468388523 100.001238844244483 0.500007306678846
0.460500000000000 0.999999999992293 0.424832354395672 0.203486285046147 100.001238844245336 0.500007310016859
0.460600000000000 0.999999999992291 0.424870578434666 0.178783112353204 100.001238844244085 0.500007314163818
0.460700000000000 0.999999999992290 0.424903855111837 0.154008908601070 100.001238844243943 0.500007317016127
0.460800000000000 0.999999999992285 0.424932171179830 0.129173267901523 100.001238844244938 0.500007319248092
0.460900000000000 0.999999999992286 0.424955515304677 0.104285709630036 100.001238844243673 0.500007321413969
0.461000000000000 0.999999999992285 0.424973878118356 0.079356382191617 100.001238844244682 0.500007323202415
0.461100000000000 0.999999999992282 0.424987252271616 0.054395324636601 100.001238844244455 0.500007324532910
0.461200000000000 0.999999999992282 0.424995632418609 0.029412536004174 100.001238844244199 0.500007325399703
0.461300000000000 0.999999999992277 0.424999015208959 0.004417973094220 100.001238844243005 0.500007325818908
0.461400000000000 0.999999999992276 0.424997399235085 -0.020578893892121 100.001238844242806 0.500007325740760
0.461500000000000 0.999999999992277 0.424990785104503 -0.045567393740380 100.001238844242636 0.500007325117855
0.461600000000000 0.999999999992272 0.424979175510676 -0.070537305509722 100.001238844243431 0.500007324154115
0.461700000000000 0.999999999992272 0.424962575090402 -0.095479441723116 100.001238844243318 0.500007322368840
0.461800000000000 0.999999999992270 0.424940990504460 -0.120382742277514 100.001238844242579 0.500007320718776
0.461900000000000 0.999999999992267 0.424914430440660 -0.145237985959384 100.001238844242465 0.500007318551664
0.462000000000000 0.999999999992266 0.424882905485501 -0.170035415275358 100.001238844242408 0.500007315538713
0.462100000000000 0.999999999992263 0.424846428181771 -0.194765224604803 100.001238844242096 0.500007311345829
0.462200000000000 0.999999999992261 0.424805013151908 -0.219416413320108 100.001238844241954 0.500007308090286
0.462300000000000 0.999999999992262 0.424758677004760 -0.243980121174430 100.001238844241826 0.500007303823780
0.462400000000000 0.999999999992258 0.424707438227962 -0.268446437711756 100.001238844241641 0.500007298639865
0.462500000000000 0.999999999992258 0.424651317344982 -0.292804886852191 100.001238844241570 0.500007294397793
0.462600000000000 0.999999999992258 0.424590336858967 -0.317046149447652 100.001238844241328 0.500007290064996
0.462700000000000 0.999999999992257 0.424524521169001 -0.341160589003176 100.001238844241129 0.500007285499514
0.462800000000000 0.999999999992254 0.424453896594984 -0.365138631936761 100.001238844240959 0.500007280474240
0.462900000000000 0.999999999992254 0.424378491339910 -0.388971023877163 100.001238844240703 0.500007273713459
0.463000000000000 0.999999999992250 0.424298335529677 -0.412647787443852 100.001238844240447 0.500007266835263
0.463100000000000 0.999999999992251 0.424213461215932 -0.436159630780404 100.001238844240447 0.500007259131754
0.463200000000000 0.999999999992248 0.424123902327192 -0.459497089994117 100.001238844240305 0.500007250835040
0.463300000000000 0.999999999992245 0.424029694709867 -0.482650440655876 100.001238844240106 0.500007243777751
0.463400000000000 0.999999999992242 0.423930876051422 -0.505610995263187 100.001238844239879 0.500007235303694
0.463500000000000 0.999999999992242 0.423827485855105 -0.528369285035289 100.001238844239879 0.500007226800274
0.463600000000000 0.999999999992237 0.423719565472154 -0.550916293372522 100.001238844239751 0.500007217848209
0.463700000000000 0.999999999992239 0.423607158051994 -0.573243057225329 100.001238844239339 0.500007208144468
0.463800000000000 0.999999999992237 0.423490308515652 -0.595340822211130 100.001238844239310 0.500007196645924
0.463900000000000 0.999999999992236 0.423369063574446 -0.617200443898643 100.001238844239140 0.500007185114979
0.464000000000000 0.999999999992233 0.423243471787029 -0.638812583434217 100.001238844238912 0.500007177336932
0.464100000000000 0.999999999992232 0.423113583460299 -0.660169091543070 100.001238844238799 0.500007170397978
0.464200000000000 0.999999999992228 0.422979450520128 -0.681261932604830 100.001238844238685 0.500007160987720
0.464300000000000 0.999999999992228 0.422841126536663 -0.702082702396344 100.001238844238458 0.500007148755495
0.464400000000000 0.999999999992224 0.422698666801746 -0.722622584849950 100.001238844238131 0.500007137044143
0.464500000000000 0.999999999992225 0.422552128310700 -0.742873354620331 100.001238844237989 0.500007125994211
0.464600000000000 0.999999999992222 0.422401569672612 -0.762827101691769 100.001238844237989 0.500007114248146
0.464700000000000 0.999999999992221 0.422247051080460 -0.782475895867364 100.001238844237747 0.500007101409253
0.464800000000000 0.999999999992219 0.422088634303022 -0.801811910550165 100.001238844237548 0.500007087197662
0.464900000000000 0.999999999992218 0.421926382696130 -0.820827099161639 100.001238844237420 0.500007074117002
0.465000000000000 0.999999999992218 0.421760361170621 -0.839513952385480 100.001238844237179 0.500007061454709
0.465100000000000 0.999999999992214 0.421590636127129 -0.857865086784830 100.001238844237179 0.500007048489449
0.465200000000000 0.999999999992213 0.421417275490834 -0.875872636345197 100.001238844236951 0.500007039798128
0.465300000000000 0.999999999992210 0.421240348634638 -0.893529984062531 100.001238844236610 0.500007030404921
0.465400000000000 0.999999999992209 0.421059926284479 -0.910830224322567 100.001238844236468 0.500007018889106
0.465500000000000 0.999999999992207 0.420876080547417 -0.927766446404643 100.001238844236411 0.500007005110981
0.465600000000000 0.999999999992209 0.420688884931797 -0.944331553175458 100.001238844236255 0.500006992036816
0.465700000000000 0.999999999992207 0.420498414325986 -0.960518829440750 100.001238844236070 0.500006980571338
0.465800000000000 0.999999999992201 0.420304744891118 -0.976322269231434 100.001238844235814 0.500006966255528
0.465900000000000 0.999999999992199 0.420107954062105 -0.991735137980931 100.001238844235615 0.500006953090429
0.466000000000000 0.999999999992198 0.419908120531203 -1.006751594318433 100.001238844235274 0.500006937904527
0.466100000000000 0.999999999992196 0.419705324226693 -1.021365123038031 100.001238844235417 0.500006925822778
0.466200000000000 0.999999999992194 0.419499646281283 -1.035570186217462 100.001238844234905 0.500006913798772
0.466300000000000 0.999999999992195 0.419291168930489 -1.049361299254093 100.001238844234976 0.500006899800017
0.466400000000000 0.999999999992192 0.419079975518101 -1.062732862738627 100.001238844234706 0.500006884675202
0.466500000000000 0.999999999992189 0.418866150519739 -1.075679155358319 100.001238844234848 0.500006872405929
0.466600000000000 0.999999999992191 0.418649779477728 -1.088195222717265 100.001238844234848 0.500006860660300
0.466700000000000 0.999999999992187 0.418430948912994 -1.100276244155638 100.001238844234081 0.500006847439053
0.466800000000000 0.999999999992185 0.418209746326761 -1.111917235343200 100.001238844234166 0.500006834411753
0.466900000000000 0.999999999992184 0.417986260171677 -1.123113662825597 100.001238844233853 0.500006820229626
0.467000000000000 0.999999999992181 0.417760579808866 -1.133860976421406 100.001238844233683 0.500006805698721
0.467100000000000 0.999999999992179 0.417532795521011 -1.144154510072513 100.001238844233796 0.500006795015012
0.467200000000000 0.999999999992178 0.417302998444068 -1.153990392740614 100.001238844233370 0.500006785435357
0.467300000000000 0.999999999992177 0.417071280458385 -1.163365054956394 100.001238844233129 0.500006772767128
0.467400000000000 0.999999999992174 0.416837734228311 -1.172274217989915 100.001238844232887 0.500006763154717
0.467500000000000 0.999999999992173 0.416602453152834 -1.180714816974937 100.001238844233313 0.500006750791698
0.467600000000000 0.999999999992172 0.416365531291375 -1.188683325380103 100.001238844232603 0.500006737434699
0.467700000000000 0.999999999992173 0.416127063402420 -1.196176265889215 100.001238844232716 0.500006726543697
0.467800000000000 0.999999999992169 0.415887144859679 -1.203190961384497 100.001238844232262 0.500006714324127
0.467900000000000 0.999999999992167 0.415645871575149 -1.209724711779986 100.001238844232347 0.500006699497860
0.468000000000000 0.999999999992163 0.415403340047076 -1.215774352171196 100.001238844232120 0.500006688739074
0.468100000000000 0.999999999992164 0.415159647314914 -1.221337626092468 100.001238844231921 0.500006680109610
0.468200000000000 0.999999999992161 0.414914890827426 -1.226412707957741 100.001238844231636 0.500006668746875
0.468300000000000 0.999999999992160 0.414669168433190 -1.230997425199345 100.001238844231537 0.500006656390517
0.468400000000000 0.999999999992158 0.414422578387803 -1.235089879678636 100.001238844231437 0.500006643836255
0.468500000000000 0.999999999992157 0.414175219321294 -1.238688220228646 100.001238844231239 0.500006633742527
0.468600000000000 0.999999999992153 0.413927190120290 -1.241791736025051 100.001238844231139 0.500006617096036
0.468700000000000 0.999999999992154 0.413678589958696 -1.244398275060050 100.001238844230912 0.500006605195069
0.468800000000000 0.999999999992152 0.413429518322360 -1.246506841156218 100.001238844230841 0.500006597489460
0.468900000000000 0.999999999992149 0.413180074828797 -1.248117128101216 100.001238844230684 0.500006587297884
0.469000000000000 0.999999999992150 0.412930359238974 -1.249228012506507 100.001238844230613 0.500006580604944
0.469100000000000 0.999999999992147 0.412680471415869 -1.249839587304943 100.001238844230372 0.500006570706669
0.469200000000000 0.999999999992145 0.412430511253614 -1.249951457544078 100.001238844229874 0.500006559483549
0.469300000000000 0.999999999992146 0.412180578706879 -1.249563410913007 100.001238844229846 0.500006549034253
0.469400000000000 0.999999999992142 0.411930773741447 -1.248675548694973 100.001238844229931 0.500006540035644
0.469500000000000 0.999999999992140 0.411681196295139 -1.247288046141125 100.001238844229647 0.500006534733443
0.469600000000000 0.999999999992139 0.411431946174561 -1.245402037921060 100.001238844229448 0.500006525894383
0.469700000000000 0.999999999992139 0.411183122991995 -1.243018341935124 100.001238844229391 0.500006512740015
0.469800000000000 0.999999999992136 0.410934826244573 -1.240137287973391 100.001238844229263 0.500006503033484
0.469900000000000 0.999999999992136 0.410687155255308 -1.236760282364506 100.001238844228851 0.500006493614464
0.470000000000000 0.999999999992130 0.410440209051676 -1.232888882360953 100.001238844228965 0.500006481931492
0.470100000000000 0.999999999992132 0.410194086381356 -1.228524327494485 100.001238844228538 0.500006471802478
0.470200000000000 0.999999999992129 0.409948885676427 -1.223668528471977 100.001238844228638 0.500006461193452
0.470300000000000 0.999999999992127 0.409704704985641 -1.218323412990128 100.001238844228268 0.500006450285510
0.470400000000000 0.999999999992127 0.409461641967683 -1.212490953178237 100.001238844228027 0.500006441096275
0.470500000000000 0.999999999992125 0.409219793836425 -1.206173626647560 100.001238844227984 0.500006431857478
0.470600000000000 0.999999999992120 0.408979257332920 -1.199373684232500 100.001238844227785 0.500006425887508
0.470700000000000 0.999999999992121 0.408740128687364 -1.192093978826255 100.001238844227629 0.500006421554809
0.470800000000000 0.999999999992119 0.408502503520525 -1.184337755704046 100.001238844227487 0.500006414871199
0.470900000000000 0.999999999992117 0.408266476829942 -1.176108006378186 100.001238844227260 0.500006407171280
0.471000000000000 0.999999999992117 0.408032143009552 -1.167407772606600 100.001238844227188 0.500006401394627
0.471100000000000 0.999999999992115 0.407799595781250 -1.158240729899444 100.001238844226933 0.500006395233232
0.471200000000000 0.999999999992111 0.407568928122209 -1.148610654886573 100.001238844226734 0.500006387419025
0.471300000000000 0.999999999992111 0.407340232260572 -1.138521262675933 100.001238844226535 0.500006379538694
0.471400000000000 0.999999999992109 0.407113599660464 -1.127976476552490 100.001238844226521 0.500006372861259
0.471500000000000 0.999999999992108 0.406889120963284 -1.116980601658892 100.001238844226634 0.500006366377547
0.471600000000000 0.999999999992106 0.406666885951483 -1.105537923428713 100.001238844226037 0.500006361330466
0.471700000000000 0.999999999992104 0.406446983487817 -1.093653351326987 100.001238844225469 0.500006354025946
0.471800000000000 0.999999999992101 0.406229501495826 -1.081331378265268 100.001238844225895 0.500006347342031
0.471900000000000 0.999999999992101 0.406014526974537 -1.068576749101240 100.001238844225881 0.500006343233807
0.472000000000000 0.999999999992098 0.405802145898775 -1.055394958356590 100.001238844224773 0.500006337459533
0.472100000000000 0.999999999992097 0.405592443184866 -1.041791101653323 100.001238844225469 0.500006331907266
0.472200000000000 0.999999999992097 0.405385502685992 -1.027770714157287 100.001238844224389 0.500006325592469
0.472300000000000 0.999999999992095 0.405181407139296 -1.013339425509566 100.001238844225242 0.500006318306933
0.472400000000000 0.999999999992093 0.404980238157464 -0.998502849237133 100.001238844224716 0.500006311668626
0.472500000000000 0.999999999992091 0.404782076197702 -0.983266926297501 100.001238844225128 0.500006305587203
0.472600000000000 0.999999999992090 0.404587000514581 -0.967637744204908 100.001238844224062 0.500006300103196
0.472700000000000 0.999999999992088 0.404395089128540 -0.951621559235541 100.001238844224048 0.500006295143960
0.472800000000000 0.999999999992085 0.404206418798913 -0.935224727570198 100.001238844224829 0.500006291156830
0.472900000000000 0.999999999992085 0.404021064976262 -0.918453975152747 100.001238844224773 0.500006286547259
0.473000000000000 0.999999999992083 0.403839101776080 -0.901315932359334 100.001238844224162 0.500006282036172
0.473100000000000 0.999999999992083 0.403660601960559 -0.883817504583794 100.001238844223778 0.500006277161868
0.473200000000000 0.999999999992079 0.403485636896511 -0.865965741946006 100.001238844223678 0.500006271484848
0.473300000000000 0.999999999992078 0.403314276551401 -0.847767586276957 100.001238844224673 0.500006266733370
0.473400000000000 0.999999999992075 0.403146589464830 -0.829230374466125 100.001238844223039 0.500006262376874
0.473500000000000 0.999999999992074 0.402982642709793 -0.810361438969232 100.001238844224332 0.500006259065270
0.473600000000000 0.999999999992071 0.402822501857054 -0.791168467322030 100.001238844222087 0.500006255620168
0.473700000000000 0.999999999992070 0.402666230944511 -0.771659104936262 100.001238844222911 0.500006252286584
0.473800000000000 0.999999999992070 0.402513892468018 -0.751841126839750 100.001238844222101 0.500006249268374
0.473900000000000 0.999999999992067 0.402365547345560 -0.731722537435476 100.001238844222897 0.500006245967063
0.474000000000000 0.999999999992065 0.402221254887763 -0.711311407605358 100.001238844222826 0.500006242219954
0.474100000000000 0.999999999992062 0.402081072792821 -0.690615794539833 100.001238844221490 0.500006238796972
0.474200000000000 0.999999999992063 0.401945057127297 -0.669643956954119 100.001238844221589 0.500006235806174
0.474300000000000 0.999999999992061 0.401813262296025 -0.648404255520008 100.001238844221760 0.500006233399785
0.474400000000000 0.999999999992058 0.401685741008533 -0.626905282425518 100.001238844221561 0.500006230919171
0.474500000000000 0.999999999992056 0.401562544241387 -0.605155776403625 100.001238844221149 0.500006227504810
0.474600000000000 0.999999999992056 0.401443721250443 -0.583164209014483 100.001238844221405 0.500006224573904
0.474700000000000 0.999999999992054 0.401329319563396 -0.560939386424170 100.001238844220907 0.500006222033687
0.474800000000000 0.999999999992054 0.401219384934825 -0.538490239359764 100.001238844220779 0.500006219627232
0.474900000000000 0.999999999992051 0.401113961329411 -0.515825737651326 100.001238844220808 0.500006217392977
0.475000000000000 0.999999999992050 0.401013090906910 -0.492954959756240 100.001238844220637 0.500006215250282
0.475100000000000 0.999999999992046 0.400916814002128 -0.469887077067537 100.001238844220154 0.500006213078034
0.475200000000000 0.999999999992045 0.400825169113138 -0.446631292912789 100.001238844220069 0.500006210988782
0.475300000000000 0.999999999992043 0.400738192899072 -0.423196795677567 100.001238844220154 0.500006209472243
0.475400000000000 0.999999999992042 0.400655920147058 -0.399593108359608 100.001238844220069 0.500006207854823
0.475500000000000 0.999999999992043 0.400578383749708 -0.375829659779561 100.001238844219529 0.500006206198181
0.475600000000000 0.999999999992041 0.400505614714036 -0.351915880066015 100.001238844219714 0.500006204785372
0.475700000000000 0.999999999992038 0.400437642149651 -0.327861311262017 100.001238844219543 0.500006203670172
0.475800000000000 0.999999999992037 0.400374493237375 -0.303675699863916 100.001238844219046 0.500006202422785
0.475900000000000 0.999999999992035 0.400316193228940 -0.279368604818496 100.001238844219131 0.500006201407400
0.476000000000000 0.999999999992032 0.400262765447126 -0.254949747538658 100.001238844219046 0.500006200600058
0.476100000000000 0.999999999992030 0.400214231259884 -0.230428951333817 100.001238844218648 0.500006199837463
0.476200000000000 0.999999999992029 0.400170610073620 -0.205816011259531 100.001238844218619 0.500006199149943
0.476300000000000 0.999999999992029 0.400131919330269 -0.181120784986198 100.001238844218591 0.500006198511214
0.476400000000000 0.999999999992027 0.400098174498503 -0.156353150571783 100.001238844218378 0.500006197927195
0.476500000000000 0.999999999992027 0.400069389069032 -0.131523003476990 100.001238844217966 0.500006197421215
0.476600000000000 0.999999999992023 0.400045574550985 -0.106640268673991 100.001238844218165 0.500006197005052
0.476700000000000 0.999999999992023 0.400026740467037 -0.081714888216862 100.001238844217511 0.500006196691006
0.476800000000000 0.999999999992020 0.400012894350657 -0.056756816368224 100.001238844217781 0.500006196488882
0.476900000000000 0.999999999992019 0.400004041739185 -0.031776056937404 100.001238844217397 0.500006196381224
0.477000000000000 0.999999999992016 0.400000186170712 -0.006782599597947 100.001238844217170 0.500006196372251
0.477100000000000 0.999999999992013 0.400001329185826 0.018213568459419 100.001238844217042 0.500006196465719
0.477200000000000 0.999999999992014 0.400007470325635 0.043202435122063 100.001238844217227 0.500006196667529
0.477300000000000 0.999999999992012 0.400018607132667 0.068174026593423 100.001238844216999 0.500006196975497
0.477400000000000 0.999999999992011 0.400034735152894 0.093118348599006 100.001238844216502 0.500006197395204
0.477500000000000 0.999999999992008 0.400055847934780 0.118025419838903 100.001238844216672 0.500006197935963
0.477600000000000 0.999999999992007 0.400081937036529 0.142885316811487 100.001238844216516 0.500006198555843
0.477700000000000 0.999999999992006 0.400112992029418 0.167688095216930 100.001238844216289 0.500006199246751
0.477800000000000 0.999999999992002 0.400149000500630 0.192423858603386 100.001238844216289 0.500006199957460
0.477900000000000 0.999999999992003 0.400189948054921 0.217082667026061 100.001238844215735 0.500006200765622
0.478000000000000 0.999999999991999 0.400235818313377 0.241654626975900 100.001238844215550 0.500006201748042
0.478100000000000 0.999999999991999 0.400286592927807 0.266129946698445 100.001238844215720 0.500006202833962
0.478200000000000 0.999999999991998 0.400342251590198 0.290498811337476 100.001238844215266 0.500006204100048
0.478300000000000 0.999999999991997 0.400402772044084 0.314751546784396 100.001238844215081 0.500006205345802
0.478400000000000 0.999999999991993 0.400468130091135 0.338878406822879 100.001238844214981 0.500006206706628
0.478500000000000 0.999999999991992 0.400538299599342 0.362869813513462 100.001238844215209 0.500006207936895
0.478600000000000 0.999999999991991 0.400613252513759 0.386716097007853 100.001238844214640 0.500006209289953
0.478700000000000 0.999999999991990 0.400692958859059 0.410407723530427 100.001238844214626 0.500006210762304
0.478800000000000 0.999999999991988 0.400777386759828 0.433935234831120 100.001238844214299 0.500006212289528
0.478900000000000 0.999999999991986 0.400866502446519 0.457289134332362 100.001238844214242 0.500006214260742
0.479000000000000 0.999999999991984 0.400960270273694 0.480460165095723 100.001238844214328 0.500006216327412
0.479100000000000 0.999999999991980 0.401058652739113 0.503439013970057 100.001238844213901 0.500006218719994
0.479200000000000 0.999999999991982 0.401161610489781 0.526216483072782 100.001238844213702 0.500006221503767
0.479300000000000 0.999999999991980 0.401269102354060 0.548783585428030 100.001238844213589 0.500006224048398
0.479400000000000 0.999999999991979 0.401381085358399 0.571131287773721 100.001238844213702 0.500006226371404
0.479500000000000 0.999999999991977 0.401497514729556 0.593250623064735 100.001238844213276 0.500006228622089
0.479600000000000 0.999999999991974 0.401618343901484 0.615132628250686 100.001238844212907 0.500006231497666
0.479700000000000 0.999999999991974 0.401743524541914 0.636768607548331 100.001238844212963 0.500006234692988
0.479800000000000 0.999999999991969 0.401873006592792 0.658149994935341 100.001238844212736 0.500006237663909
0.479900000000000 0.999999999991969 0.402006738278272 0.679268172189366 100.001238844212907 0.500006240841480
0.480000000000000 0.999999999991971 0.402144666130708 0.700114849938660 100.001238844212395 0.500006243156387
0.480100000000000 0.999999999991967 0.402286734984005 0.720681317142272 100.001238844212480 0.500006247211008
0.480200000000000 0.999999999991966 0.402432888009911 0.740959670583471 100.001238844212324 0.500006250752174
0.480300000000000 0.999999999991962 0.402583066774153 0.760941752226751 100.001238844212054 0.500006254109585
0.480400000000000 0.999999999991963 0.402737211217407 0.780619463372100 100.001238844212011 0.500006258099129
0.480500000000000 0.999999999991958 0.402895259696861 0.799985073155998 100.001238844211883 0.500006261654166
0.480600000000000 0.999999999991959 0.403057149018953 0.819030802014003 100.001238844211471 0.500006265032500
0.480700000000000 0.999999999991956 0.403222814434896 0.837748873978841 100.001238844211287 0.500006269542885
0.480800000000000 0.999999999991955 0.403392189690927 0.856132017886372 100.001238844211343 0.500006273416728
0.480900000000000 0.999999999991952 0.403565207064512 0.874172812904760 100.001238844210974 0.500006277221410
0.481000000000000 0.999999999991952 0.403741797359890 0.891863941871395 100.001238844210775 0.500006281856110
0.481100000000000 0.999999999991951 0.403921889964952 0.909198566743207 100.001238844210704 0.500006285217612
0.481200000000000 0.999999999991948 0.404105412868634 0.926169528514206 100.001238844210718 0.500006289334667
0.481300000000000 0.999999999991948 0.404292292671556 0.942770102683169 100.001238844210491 0.500006293650188
0.481400000000000 0.999999999991944 0.404482454642019 0.958993692656796 100.001238844210462 0.500006297767518
0.481500000000000 0.999999999991942 0.404675822723828 0.974833645036076 100.001238844209823 0.500006303277166
0.481600000000000 0.999999999991942 0.404872319575333 0.990283758820081 100.001238844210349 0.500006308909715
0.481700000000000 0.999999999991940 0.405071866629382 1.005337982858407 100.001238844210036 0.500006313392789
0.481800000000000 0.999999999991938 0.405274384083316 1.019990008153683 100.001238844209752 0.500006319612528
0.481900000000000 0.999999999991936 0.405479790934563 1.034234147557663 100.001238844209297 0.500006325845737
0.482000000000000 0.999999999991934 0.405688005064558 1.048064931249145 100.001238844209269 0.500006329729943
0.482100000000000 0.999999999991933 0.405898943226185 1.061476533316583 100.001238844209070 0.500006334310615
0.482200000000000 0.999999999991930 0.406112521035285 1.074463404258676 100.001238844209126 0.500006341591664
0.482300000000000 0.999999999991928 0.406328653045999 1.087020479806623 100.001238844209013 0.500006350238395
0.482400000000000 0.999999999991926 0.406547252841080 1.099143116977515 100.001238844208572 0.500006356137952
0.482500000000000 0.999999999991928 0.406768233027136 1.110826194935205 100.001238844208501 0.500006362241293
0.482600000000000 0.999999999991924 0.406991505203519 1.122064752685508 100.001238844208245 0.500006371775363
0.482700000000000 0.999999999991923 0.407216980068677 1.132854751193557 100.001238844208132 0.500006379670302
0.482800000000000 0.999999999991922 0.407444567469751 1.143191713595740 100.001238844208189 0.500006387732645
0.482900000000000 0.999999999991918 0.407674176394735 1.153071523465771 100.001238844207947 0.500006395761795
0.483000000000000 0.999999999991917 0.407905715031661 1.162490298893116 100.001238844207847 0.500006402953119
0.483100000000000 0.999999999991916 0.408139090800081 1.171444234086363 100.001238844207606 0.500006409746612
0.483200000000000 0.999999999991915 0.408374210373811 1.179929674386025 100.001238844207450 0.500006417002295
0.483300000000000 0.999999999991912 0.408610979737327 1.187943380766467 100.001238844207180 0.500006422895965
0.483400000000000 0.999999999991911 0.408849304226940 1.195482112253014 100.001238844207165 0.500006427838463
0.483500000000000 0.999999999991910 0.409089088541441 1.202542734325759 100.001238844206654 0.500006433251371
0.483600000000000 0.999999999991907 0.409330236761140 1.209122192912836 100.001238844206426 0.500006441917660
0.483700000000000 0.999999999991905 0.409572652427919 1.215218165020621 100.001238844206526 0.500006450133216
0.483800000000000 0.999999999991904 0.409816238582797 1.220827965396534 100.001238844206569 0.500006460903980
0.483900000000000 0.999999999991903 0.410060897773838 1.225949330525441 100.001238844206455 0.500006474495594
0.484000000000000 0.999999999991899 0.410306532186363 1.230580920573773 100.001238844206284 0.500006482225778
0.484100000000000 0.999999999991900 0.410553043613189 1.234720141998715 100.001238844205915 0.500006493185916
0.484200000000000 0.999999999991899 0.410800333477338 1.238365884156475 100.001238844205659 0.500006500657841
0.484300000000000 0.999999999991896 0.411048302917304 1.241516418773866 100.001238844205602 0.500006507969804
0.484400000000000 0.999999999991895 0.411296852757792 1.244170329070041 100.001238844205147 0.500006517067865
0.484500000000000 0.999999999991894 0.411545883576203 1.246326562568543 100.001238844205631 0.500006527845931
0.484600000000000 0.999999999991890 0.411795295766209 1.247984332464744 100.001238844204977 0.500006539363762
0.484700000000000 0.999999999991890 0.412044989601318 1.249143229073822 100.001238844204892 0.500006548456076
0.484800000000000 0.999999999991888 0.412294865268539 1.249802793539847 100.001238844204764 0.500006555057365
0.484900000000000 0.999999999991886 0.412544822866725 1.249962602247603 100.001238844204551 0.500006561160517
0.485000000000000 0.999999999991885 0.412794762402819 1.249622151832143 100.001238844204465 0.500006572255463
0.485100000000000 0.999999999991883 0.413044583893018 1.248782052058984 100.001238844204124 0.500006582418016
0.485200000000000 0.999999999991883 0.413294187433114 1.247442486407046 100.001238844203954 0.500006593548402
0.485300000000000 0.999999999991880 0.413543473229116 1.245604371668649 100.001238844203868 0.500006600889269
0.485400000000000 0.999999999991880 0.413792341601847 1.243267936638027 100.001238844203655 0.500006610749449
0.485500000000000 0.999999999991874 0.414040692998137 1.240434214598000 100.001238844203641 0.500006621886549
0.485600000000000 0.999999999991875 0.414288428087457 1.237104400721950 100.001238844203328 0.500006633522532
0.485700000000000 0.999999999991875 0.414535447798255 1.233279886665957 100.001238844203314 0.500006644907686
0.485800000000000 0.999999999991873 0.414781653359482 1.228962290142626 100.001238844202959 0.500006654952112
0.485900000000000 0.999999999991870 0.415026946314585 1.224153133540810 100.001238844203087 0.500006666165832
0.486000000000000 0.999999999991868 0.415271228561731 1.218854445782738 100.001238844202732 0.500006677243374
0.486100000000000 0.999999999991865 0.415514402406343 1.213068269668430 100.001238844202760 0.500006689107103
0.486200000000000 0.999999999991865 0.415756370584553 1.206796868413481 100.001238844202319 0.500006702357459
0.486300000000000 0.999999999991863 0.415997036319102 1.200042845226951 100.001238844201907 0.500006715827621
0.486400000000000 0.999999999991861 0.416236303371016 1.192808982653132 100.001238844202220 0.500006728532531
0.486500000000000 0.999999999991860 0.416474076064303 1.185098127612470 100.001238844201708 0.500006741021531
0.486600000000000 0.999999999991856 0.416710259313109 1.176913333493386 100.001238844201595 0.500006753647940
0.486700000000000 0.999999999991858 0.416944758680302 1.168258036282224 100.001238844201836 0.500006764494004
0.486800000000000 0.999999999991856 0.417177480392608 1.159135439635479 100.001238844201595 0.500006776578440
0.486900000000000 0.999999999991852 0.417408331374035 1.149549309948371 100.001238844201168 0.500006788510549
0.487000000000000 0.999999999991850 0.417637219308265 1.139503482125015 100.001238844200998 0.500006800270806
0.487100000000000 0.999999999991849 0.417864052636062 1.129001686172783 100.001238844200799 0.500006815114444
0.487200000000000 0.999999999991847 0.418088740630160 1.118048519916552 100.001238844200685 0.500006828503382
0.487300000000000 0.999999999991846 0.418311193444685 1.106648195550918 100.001238844200515 0.500006842326482
0.487400000000000 0.999999999991846 0.418531322148507 1.094805650346406 100.001238844199747 0.500006852403280
0.487500000000000 0.999999999991843 0.418749038736246 1.082525207694322 100.001238844199577 0.500006863298324
0.487600000000000 0.999999999991841 0.418964256113697 1.069811652867791 100.001238844200699 0.500006876338814
0.487700000000000 0.999999999991838 0.419176888169976 1.056670035904056 100.001238844200060 0.500006891828463
0.487800000000000 0.999999999991838 0.419386849886492 1.043106231330129 100.001238844199548 0.500006903196181
0.487900000000000 0.999999999991837 0.419594057354403 1.029125468897367 100.001238844198753 0.500006912554771
0.488000000000000 0.999999999991836 0.419798427659489 1.014732448778346 100.001238844198753 0.500006929052584
0.488100000000000 0.999999999991832 0.419999879023369 0.999933845292362 100.001238844198639 0.500006943225518
0.488200000000000 0.999999999991831 0.420198330905285 0.984735357873110 100.001238844198937 0.500006957298498
0.488300000000000 0.999999999991830 0.420393703963319 0.969143274900097 100.001238844198298 0.500006969206675
0.488400000000000 0.999999999991828 0.420585920054845 0.953163307758158 100.001238844198511 0.500006984043514
0.488500000000000 0.999999999991824 0.420774902287975 0.936802241338242 100.001238844198298 0.500006997970839
0.488600000000000 0.999999999991826 0.420960575128229 0.920066874409615 100.001238844197729 0.500007008630323
0.488700000000000 0.999999999991821 0.421142864340905 0.902963400095769 100.001238844198213 0.500007020678685
0.488800000000000 0.999999999991820 0.421321697021011 0.885498932904172 100.001238844198554 0.500007031594890
0.488900000000000 0.999999999991821 0.421497001650758 0.867680222856557 100.001238844197189 0.500007043461453
0.489000000000000 0.999999999991817 0.421668708135487 0.849514759437480 100.001238844197658 0.500007053103846
0.489100000000000 0.999999999991818 0.421836747790432 0.831009151999713 100.001238844197118 0.500007066106201
0.489200000000000 0.999999999991816 0.422001053347613 0.812170950150637 100.001238844197502 0.500007081079158
0.489300000000000 0.999999999991811 0.422161559092386 0.793008148161807 100.001238844196394 0.500007094214447
0.489400000000000 0.999999999991811 0.422318200857410 0.773528225479169 100.001238844197388 0.500007107018072
0.489500000000000 0.999999999991809 0.422470916002833 0.753738974112156 100.001238844196067 0.500007119470309
0.489600000000000 0.999999999991807 0.422619643515555 0.733648879635678 100.001238844196450 0.500007127316708
0.489700000000000 0.999999999991805 0.422764323995274 0.713265585890970 100.001238844196820 0.500007133610178
0.489800000000000 0.999999999991802 0.422904899554123 0.692596563547655 100.001238844196294 0.500007143207703
0.489900000000000 0.999999999991802 0.423041313900404 0.671650303293187 100.001238844196479 0.500007154363924
0.490000000000000 0.999999999991802 0.423173512476520 0.650435669869576 100.001238844195086 0.500007163734132
0.490100000000000 0.999999999991801 0.423301442398350 0.628960524272641 100.001238844195157 0.500007175390409
0.490200000000000 0.999999999991796 0.423425052516212 0.607234352299003 100.001238844194660 0.500007183604789
0.490300000000000 0.999999999991794 0.423544293443921 0.585265320874914 100.001238844195200 0.500007191699379
0.490400000000000 0.999999999991794 0.423659117426556 0.563061556309371 100.001238844195157 0.500007203441441
0.490500000000000 0.999999999991791 0.423769478477572 0.540632621631856 100.001238844194660 0.500007214746918
0.490600000000000 0.999999999991789 0.423875332502154 0.517987880003938 100.001238844194631 0.500007223526788
0.490700000000000 0.999999999991789 0.423976637188167 0.495135793219787 100.001238844194546 0.500007232963123
0.490800000000000 0.999999999991787 0.424073351984116 0.472085494475943 100.001238844193693 0.500007242983615
0.490900000000000 0.999999999991783 0.424165438216936 0.448846656185115 100.001238844193779 0.500007251395959
0.491000000000000 0.999999999991783 0.424252859050280 0.425427961799521 100.001238844194120 0.500007260976303
0.491100000000000 0.999999999991783 0.424335579529397 0.401839551775134 100.001238844193523 0.500007268343798
0.491200000000000 0.999999999991778 0.424413566604187 0.378090335415479 100.001238844194205 0.500007275733129
0.491300000000000 0.999999999991777 0.424486789089670 0.354190044470608 100.001238844193551 0.500007282228910
0.491400000000000 0.999999999991777 0.424555217737167 0.330148324815864 100.001238844192756 0.500007287586741
0.491500000000000 0.999999999991777 0.424618825187194 0.305974417192467 100.001238844193722 0.500007293093789
0.491600000000000 0.999999999991773 0.424677585998374 0.281678264035823 100.001238844192301 0.500007297860204
0.491700000000000 0.999999999991771 0.424731476673277 0.257269366969047 100.001238844192244 0.500007302516881
0.491800000000000 0.999999999991769 0.424780475626161 0.232757335151196 100.001238844192130 0.500007307383668
0.491900000000000 0.999999999991766 0.424824563270861 0.208152564350961 100.001238844192017 0.500007311026363
0.492000000000000 0.999999999991766 0.424863721985777 0.183464305438331 100.001238844191818 0.500007314763464
0.492100000000000 0.999999999991764 0.424897936079621 0.158702602525474 100.001238844191619 0.500007318176457
0.492200000000000 0.999999999991763 0.424927191904287 0.133877860659667 100.001238844191178 0.500007320491250
0.492300000000000 0.999999999991761 0.424951477778964 0.108999341666336 100.001238844192088 0.500007322726630
0.492400000000000 0.999999999991760 0.424970783954174 0.084077090696381 100.001238844192287 0.500007324668055
0.492500000000000 0.999999999991758 0.424985102691859 0.059121187819975 100.001238844191846 0.500007326161667
0.492600000000000 0.999999999991757 0.424994428252812 0.034141539871345 100.001238844191676 0.500007327225623
0.492700000000000 0.999999999991755 0.424998756915143 0.009148414604628 100.001238844191420 0.500007327747741
0.492800000000000 0.999999999991753 0.424998086989680 -0.015848124817935 100.001238844190354 0.500007327818112
0.492900000000000 0.999999999991749 0.424992418761447 -0.040838397131184 100.001238844190993 0.500007327469810
0.493000000000000 0.999999999991749 0.424981754453918 -0.065812704532551 100.001238844191107 0.500007326508753
0.493100000000000 0.999999999991745 0.424966098327147 -0.090760371024618 100.001238844189587 0.500007325291425
0.493200000000000 0.999999999991745 0.424945456670880 -0.115671774208614 100.001238844189615 0.500007323613991
0.493300000000000 0.999999999991743 0.424919837739023 -0.140536899022392 100.001238844189118 0.500007321528489
0.493400000000000 0.999999999991740 0.424889251765214 -0.165345950406249 100.001238844189388 0.500007318819752
0.493500000000000 0.999999999991739 0.424853710931060 -0.190089259458517 100.001238844190283 0.500007314975893
0.493600000000000 0.999999999991736 0.424813229467831 -0.214755991998647 100.001238844189245 0.500007311711584
0.493700000000000 0.999999999991736 0.424767823630196 -0.239336734158901 100.001238844189302 0.500007308283060
0.493800000000000 0.999999999991732 0.424717511535474 -0.263822285919293 100.001238844188975 0.500007303159906
0.493900000000000 0.999999999991732 0.424662313256654 -0.288202282771242 100.001238844188890 0.500007297670004
0.494000000000000 0.999999999991730 0.424602250879255 -0.312466960097049 100.001238844188805 0.500007291886958
0.494100000000000 0.999999999991728 0.424537348458968 -0.336606380616290 100.001238844188293 0.500007286604885
0.494200000000000 0.999999999991727 0.424467631957848 -0.360611412608375 100.001238844188038 0.500007280153820
0.494300000000000 0.999999999991724 0.424393129252435 -0.384472054351087 100.001238844188038 0.500007273927736
0.494400000000000 0.999999999991721 0.424313870187880 -0.408178608353984 100.001238844188023 0.500007268633466
0.494500000000000 0.999999999991723 0.424229886481072 -0.431722056642805 100.001238844187782 0.500007262492091
0.494600000000000 0.999999999991722 0.424141211658089 -0.455093325973889 100.001238844187640 0.500007253931274
0.494700000000000 0.999999999991718 0.424047881108770 -0.478282854714837 100.001238844187355 0.500007243741510
0.494800000000000 0.999999999991716 0.423949932148536 -0.501280937232393 100.001238844187213 0.500007233927841
0.494900000000000 0.999999999991714 0.423847403973381 -0.524078477921308 100.001238844187029 0.500007224058243
0.495000000000000 0.999999999991714 0.423740337632572 -0.546666033766378 100.001238844186858 0.500007215920765
0.495100000000000 0.999999999991712 0.423628776004083 -0.569034760123404 100.001238844186730 0.500007208653252
0.495200000000000 0.999999999991709 0.423512763750460 -0.591175652061705 100.001238844186531 0.500007202703197
0.495300000000000 0.999999999991708 0.423392347207784 -0.613080987438764 100.001238844186361 0.500007191378901
0.495400000000000 0.999999999991708 0.423267574469775 -0.634740914972231 100.001238844186190 0.500007181119472
0.495500000000000 0.999999999991705 0.423138495489790 -0.656146668477834 100.001238844185934 0.500007172706943
0.495600000000000 0.999999999991704 0.423005161897223 -0.677290264668658 100.001238844185750 0.500007162444625
0.495700000000000 0.999999999991701 0.422867626983206 -0.698163066647579 100.001238844185721 0.500007151486107
0.495800000000000 0.999999999991699 0.422725945712729 -0.718756974702655 100.001238844185622 0.500007138061095
0.495900000000000 0.999999999991696 0.422580174726180 -0.739063334553516 100.001238844185323 0.500007125103557
0.496000000000000 0.999999999991697 0.422430372358515 -0.759073840269421 100.001238844185096 0.500007114056858
0.496100000000000 0.999999999991694 0.422276598536618 -0.778780885867937 100.001238844184783 0.500007102000048
0.496200000000000 0.999999999991693 0.422118914774666 -0.798176204323750 100.001238844184712 0.500007091946809
0.496300000000000 0.999999999991690 0.421957384131968 -0.817252604924702 100.001238844184627 0.500007079447679
0.496400000000000 0.999999999991689 0.421792071186794 -0.836002100851993 100.001238844184471 0.500007067364228
0.496500000000000 0.999999999991687 0.421623042084452 -0.854416992465261 100.001238844184329 0.500007057439388
0.496600000000000 0.999999999991686 0.421450364421874 -0.872490466639466 100.001238844184030 0.500007045025524
0.496700000000000 0.999999999991682 0.421274107232894 -0.890214970101909 100.001238844184002 0.500007032903104
0.496800000000000 0.999999999991683 0.421094341013015 -0.907583433853249 100.001238844183746 0.500007020928610
0.496900000000000 0.999999999991681 0.420911137659193 -0.924588914665528 100.001238844183518 0.500007009099663
0.497000000000000 0.999999999991676 0.420724570441149 -0.941224623628565 100.001238844183433 0.500006997327366
0.497100000000000 0.999999999991676 0.420534713931782 -0.957484322719123 100.001238844183149 0.500006981689750
0.497200000000000 0.999999999991674 0.420341644049075 -0.973360798376036 100.001238844182993 0.500006968935541
0.497300000000000 0.999999999991670 0.420145438018240 -0.988848176639318 100.001238844182893 0.500006954513159
0.497400000000000 0.999999999991671 0.419946174259377 -1.003940401960720 100.001238844182552 0.500006937008013
0.497500000000000 0.999999999991670 0.419743932475550 -1.018630690506122 100.001238844182353 0.500006923910489
0.497600000000000 0.999999999991668 0.419538793611174 -1.032913403970807 100.001238844182353 0.500006912937305
0.497700000000000 0.999999999991666 0.419330839711481 -1.046783175834926 100.001238844182211 0.500006900568162
0.497800000000000 0.999999999991664 0.419120153931692 -1.060234276637066 100.001238844181941 0.500006888702185
0.497900000000000 0.999999999991663 0.418906820540514 -1.073261294081337 100.001238844181756 0.500006877715668
0.498000000000000 0.999999999991661 0.418690924818852 -1.085859528243742 100.001238844181643 0.500006862135737
0.498100000000000 0.999999999991660 0.418472553121024 -1.098022939236220 100.001238844181330 0.500006852805468
0.498200000000000 0.999999999991656 0.418251792826658 -1.109747301428237 100.001238844181060 0.500006842822995
0.498300000000000 0.999999999991654 0.418028732186078 -1.121028145798089 100.001238844181159 0.500006829731284
0.498400000000000 0.999999999991653 0.417803460375051 -1.131860683968564 100.001238844180733 0.500006816597283
0.498500000000000 0.999999999991650 0.417576067504035 -1.142240353374657 100.001238844180534 0.500006806050609
0.498600000000000 0.999999999991650 0.417346644527056 -1.152163277696080 100.001238844180591 0.500006794995598
0.498700000000000 0.999999999991648 0.417115283182675 -1.161625495660408 100.001238844180307 0.500006783349423
0.498800000000000 0.999999999991645 0.416882075968893 -1.170623370180091 100.001238844179994 0.500006769395766
0.498900000000000 0.999999999991646 0.416647116122486 -1.179153149829370 100.001238844180023 0.500006754905801
0.499000000000000 0.999999999991643 0.416410497599321 -1.187211395477449 100.001238844180307 0.500006740211022
0.499100000000000 0.999999999991643 0.416172315047727 -1.194794620425824 100.001238844179852 0.500006728462768
0.499200000000000 0.999999999991640 0.415932663726701 -1.201900194715234 100.001238844179483 0.500006714880002
0.499300000000000 0.999999999991636 0.415691639432908 -1.208525391647921 100.001238844179483 0.500006698062600
0.499400000000000 0.999999999991636 0.415449338576769 -1.214666790630979 100.001238844179312 0.500006687326962
0.499500000000000 0.999999999991637 0.415205858080475 -1.220322683965169 100.001238844179099 0.500006673629292
0.499600000000000 0.999999999991635 0.414961295282980 -1.225490625331132 100.001238844178800 0.500006659204327
0.499700000000000 0.999999999991630 0.414715748007245 -1.230168214077790 100.001238844178687 0.500006648153537
0.499800000000000 0.999999999991630 0.414469314494283 -1.234353669923936 100.001238844178602 0.500006639394593
0.499900000000000 0.999999999991626 0.414222093333517 -1.238045284293089 100.001238844178332 0.500006633377241
0.500000000000000 0.999999999991624 0.413974183376959 -1.241242138554767 100.001238844178317 0.500006623206750
