# t  Norma  <x>  <p>  <H>  DeltaX*DeltaP
0.000000000000000 1.000000000000000 0.400000000000001 0.000000000000000 100.001238845015763 0.500006194183365
0.000100000000000 0.999999999999999 0.399999999999999 -0.000000000000004 100.001238845015706 0.500006194183127
0.000200000000000 0.999999999999996 0.399999999999999 -0.000000000000008 100.001238845015436 0.500006194182471
0.000300000000000 0.999999999999995 0.399999999999998 -0.000000000000011 100.001238845015308 0.500006194181573
0.000400000000000 0.999999999999993 0.399999999999997 -0.000000000000014 100.001238845015138 0.500006194180506
0.000500000000000 0.999999999999994 0.399999999999997 -0.000000000000017 100.001238845015038 0.500006194179196
0.000600000000000 0.999999999999991 0.399999999999996 -0.000000000000021 100.001238845014669 0.500006194177656
0.000700000000000 0.999999999999988 0.399999999999996 -0.000000000000026 100.001238845014768 0.500006194175881
0.000800000000000 0.999999999999986 0.399999999999995 -0.000000000000029 100.001238845014612 0.500006194173881
0.000900000000000 0.999999999999987 0.399999999999994 -0.000000000000032 100.001238845014370 0.500006194171663
0.001000000000000 0.999999999999983 0.399999999999994 -0.000000000000036 100.001238845014228 0.500006194169148
0.001100000000000 0.999999999999982 0.399999999999993 -0.000000000000041 100.001238845014186 0.500006194166361
0.001200000000000 0.999999999999980 0.399999999999992 -0.000000000000045 100.001238845014072 0.500006194163301
0.001300000000000 0.999999999999979 0.399999999999992 -0.000000000000049 100.001238845013688 0.500006194159923
0.001400000000000 0.999999999999978 0.399999999999992 -0.000000000000053 100.001238845013603 0.500006194156224
0.001500000000000 0.999999999999978 0.399999999999991 -0.000000000000055 100.001238845013376 0.500006194152245
0.001600000000000 0.999999999999976 0.399999999999990 -0.000000000000058 100.001238845013177 0.500006194147922
0.001700000000000 0.999999999999973 0.399999999999989 -0.000000000000061 100.001238845013233 0.500006194143238
0.001800000000000 0.999999999999970 0.399999999999988 -0.000000000000066 100.001238845013006 0.500006194138171
0.001900000000000 0.999999999999968 0.399999999999988 -0.000000000000068 100.001238845012807 0.500006194132720
0.002000000000000 0.999999999999967 0.399999999999987 -0.000000000000071 100.001238845012580 0.500006194126886
0.002100000000000 0.999999999999967 0.399999999999986 -0.000000000000074 100.001238845012267 0.500006194120640
0.002200000000000 0.999999999999963 0.399999999999986 -0.000000000000078 100.001238845012509 0.500006194113996
0.002300000000000 0.999999999999964 0.399999999999985 -0.000000000000082 100.001238845012267 0.500006194106901
0.002400000000000 0.999999999999962 0.399999999999985 -0.000000000000085 100.001238845011983 0.500006194099355
0.002500000000000 0.999999999999959 0.399999999999984 -0.000000000000087 100.001238845011784 0.500006194091391
0.002600000000000 0.999999999999958 0.399999999999983 -0.000000000000090 100.001238845011670 0.500006194082970
0.002700000000000 0.999999999999956 0.399999999999982 -0.000000000000095 100.001238845011386 0.500006194074080
0.002800000000000 0.999999999999956 0.399999999999982 -0.000000000000097 100.001238845011272 0.500006194064751
0.002900000000000 0.999999999999951 0.399999999999981 -0.000000000000101 100.001238845011130 0.500006194054922
0.003000000000000 0.999999999999952 0.399999999999981 -0.000000000000104 100.001238845011159 0.500006194044631
0.003100000000000 0.999999999999949 0.399999999999979 -0.000000000000107 100.001238845010931 0.500006194033931
0.003200000000000 0.999999999999948 0.399999999999979 -0.000000000000111 100.001238845010690 0.500006194022752
0.003300000000000 0.999999999999946 0.399999999999979 -0.000000000000114 100.001238845010391 0.500006194011079
0.003400000000000 0.999999999999945 0.399999999999978 -0.000000000000117 100.001238845010477 0.500006193999001
0.003500000000000 0.999999999999942 0.399999999999977 -0.000000000000121 100.001238845010164 0.500006193986475
0.003600000000000 0.999999999999943 0.399999999999976 -0.000000000000124 100.001238845010107 0.500006193973548
0.003700000000000 0.999999999999941 0.399999999999976 -0.000000000000126 100.001238845009922 0.500006193960178
0.003800000000000 0.999999999999937 0.399999999999975 -0.000000000000129 100.001238845009709 0.500006193946466
0.003900000000000 0.999999999999938 0.399999999999974 -0.000000000000132 100.001238845009595 0.500006193932414
0.004000000000000 0.999999999999935 0.399999999999974 -0.000000000000135 100.001238845009340 0.500006193917961
0.004100000000000 0.999999999999933 0.399999999999973 -0.000000000000139 100.001238845009283 0.500006193903191
0.004200000000000 0.999999999999931 0.399999999999972 -0.000000000000142 100.001238845008913 0.500006193888166
0.004300000000000 0.999999999999930 0.399999999999972 -0.000000000000144 100.001238845008942 0.500006193872847
0.004400000000000 0.999999999999929 0.399999999999971 -0.000000000000148 100.001238845008530 0.500006193857298
0.004500000000000 0.999999999999929 0.399999999999970 -0.000000000000149 100.001238845008402 0.500006193841554
0.004600000000000 0.999999999999925 0.399999999999970 -0.000000000000152 100.001238845008260 0.500006193825664
0.004700000000000 0.999999999999923 0.399999999999969 -0.000000000000154 100.001238845008231 0.500006193809706
0.004800000000000 0.999999999999921 0.399999999999968 -0.000000000000157 100.001238845008231 0.500006193793550
0.004900000000000 0.999999999999921 0.399999999999968 -0.000000000000160 100.001238845007975 0.500006193777230
0.005000000000000 0.999999999999920 0.399999999999967 -0.000000000000163 100.001238845007506 0.500006193760887
0.005100000000000 0.999999999999918 0.399999999999966 -0.000000000000165 100.001238845007634 0.500006193744737
0.005200000000000 0.999999999999917 0.399999999999966 -0.000000000000166 100.001238845007521 0.500006193728879
0.005300000000000 0.999999999999914 0.399999999999965 -0.000000000000168 100.001238845007435 0.500006193713134
0.005400000000000 0.999999999999912 0.399999999999964 -0.000000000000168 100.001238845007435 0.500006193697139
0.005500000000000 0.999999999999912 0.399999999999963 -0.000000000000170 100.001238845006810 0.500006193680879
0.005600000000000 0.999999999999911 0.399999999999963 -0.000000000000172 100.001238845006952 0.500006193664706
0.005700000000000 0.999999999999907 0.399999999999962 -0.000000000000175 100.001238845006498 0.500006193648995
0.005800000000000 0.999999999999906 0.399999999999961 -0.000000000000176 100.001238845006100 0.500006193633850
0.005900000000000 0.999999999999903 0.399999999999960 -0.000000000000178 100.001238845006327 0.500006193619136
0.006000000000000 0.999999999999902 0.399999999999960 -0.000000000000180 100.001238845006014 0.500006193604997
0.006100000000000 0.999999999999900 0.399999999999959 -0.000000000000182 100.001238845005986 0.500006193591551
0.006200000000000 0.999999999999898 0.399999999999959 -0.000000000000184 100.001238845006014 0.500006193578482
0.006300000000000 0.999999999999897 0.399999999999958 -0.000000000000186 100.001238845005503 0.500006193565714
0.006400000000000 0.999999999999894 0.399999999999957 -0.000000000000187 100.001238845005503 0.500006193553431
0.006500000000000 0.999999999999895 0.399999999999956 -0.000000000000191 100.001238845005361 0.500006193541645
0.006600000000000 0.999999999999891 0.399999999999956 -0.000000000000193 100.001238845005147 0.500006193530263
0.006700000000000 0.999999999999889 0.399999999999954 -0.000000000000193 100.001238845005034 0.500006193519416
0.006800000000000 0.999999999999889 0.399999999999954 -0.000000000000194 100.001238845004735 0.500006193509338
0.006900000000000 0.999999999999886 0.399999999999954 -0.000000000000195 100.001238845004508 0.500006193500071
0.007000000000000 0.999999999999885 0.399999999999954 -0.000000000000197 100.001238845004366 0.500006193491634
0.007100000000000 0.999999999999882 0.399999999999952 -0.000000000000197 100.001238845004266 0.500006193484245
0.007200000000000 0.999999999999883 0.399999999999952 -0.000000000000199 100.001238845004139 0.500006193477902
0.007300000000000 0.999999999999882 0.399999999999951 -0.000000000000201 100.001238845003911 0.500006193472540
0.007400000000000 0.999999999999877 0.399999999999950 -0.000000000000202 100.001238845003826 0.500006193468168
0.007500000000000 0.999999999999876 0.399999999999950 -0.000000000000203 100.001238845003442 0.500006193464884
0.007600000000000 0.999999999999876 0.399999999999949 -0.000000000000204 100.001238845003456 0.500006193462473
0.007700000000000 0.999999999999875 0.399999999999949 -0.000000000000204 100.001238845003257 0.500006193460935
0.007800000000000 0.999999999999873 0.399999999999947 -0.000000000000206 100.001238845003058 0.500006193460353
0.007900000000000 0.999999999999869 0.399999999999947 -0.000000000000206 100.001238845002945 0.500006193460542
0.008000000000000 0.999999999999870 0.399999999999946 -0.000000000000206 100.001238845002646 0.500006193461480
0.008100000000000 0.999999999999869 0.399999999999946 -0.000000000000206 100.001238845002476 0.500006193463246
0.008200000000000 0.999999999999865 0.399999999999945 -0.000000000000207 100.001238845002518 0.500006193465818
0.008300000000000 0.999999999999865 0.399999999999944 -0.000000000000206 100.001238845002263 0.500006193469104
0.008400000000000 0.999999999999861 0.399999999999943 -0.000000000000206 100.001238845002149 0.500006193473299
0.008500000000000 0.999999999999861 0.399999999999943 -0.000000000000206 100.001238845001978 0.500006193478285
0.008600000000000 0.999999999999860 0.399999999999942 -0.000000000000206 100.001238845001723 0.500006193484049
0.008700000000000 0.999999999999859 0.399999999999941 -0.000000000000205 100.001238845001481 0.500006193490738
0.008800000000000 0.999999999999854 0.399999999999941 -0.000000000000203 100.001238845001609 0.500006193498319
0.008900000000000 0.999999999999854 0.399999999999940 -0.000000000000205 100.001238845001438 0.500006193506746
0.009000000000000 0.999999999999852 0.399999999999940 -0.000000000000205 100.001238845001154 0.500006193516035
0.009100000000000 0.999999999999852 0.399999999999939 -0.000000000000203 100.001238845000984 0.500006193526241
0.009200000000000 0.999999999999850 0.399999999999938 -0.000000000000203 100.001238845000671 0.500006193537192
0.009300000000000 0.999999999999848 0.399999999999938 -0.000000000000203 100.001238845000870 0.500006193548973
0.009400000000000 0.999999999999846 0.399999999999937 -0.000000000000203 100.001238845000472 0.500006193561524
0.009500000000000 0.999999999999843 0.399999999999936 -0.000000000000204 100.001238845000330 0.500006193574683
0.009600000000000 0.999999999999843 0.399999999999935 -0.000000000000203 100.001238845000131 0.500006193588527
0.009700000000000 0.999999999999843 0.399999999999934 -0.000000000000203 100.001238845000103 0.500006193602888
0.009800000000000 0.999999999999841 0.399999999999934 -0.000000000000202 100.001238844999875 0.500006193617687
0.009900000000000 0.999999999999841 0.399999999999933 -0.000000000000199 100.001238844999733 0.500006193633054
0.010000000000000 0.999999999999839 0.399999999999933 -0.000000000000197 100.001238844999563 0.500006193648880
0.010100000000000 0.999999999999838 0.399999999999932 -0.000000000000197 100.001238844999463 0.500006193664893
0.010200000000000 0.999999999999832 0.399999999999931 -0.000000000000196 100.001238844999236 0.500006193680992
0.010300000000000 0.999999999999830 0.399999999999930 -0.000000000000193 100.001238844999108 0.500006193697025
0.010400000000000 0.999999999999830 0.399999999999930 -0.000000000000193 100.001238844999378 0.500006193713228
0.010500000000000 0.999999999999830 0.399999999999929 -0.000000000000191 100.001238844999079 0.500006193729800
0.010600000000000 0.999999999999827 0.399999999999929 -0.000000000000190 100.001238844999421 0.500006193746556
0.010700000000000 0.999999999999823 0.399999999999928 -0.000000000000188 100.001238844998170 0.500006193763210
0.010800000000000 0.999999999999824 0.399999999999927 -0.000000000000187 100.001238844998440 0.500006193779518
0.010900000000000 0.999999999999821 0.399999999999926 -0.000000000000186 100.001238844997459 0.500006193795482
0.011000000000000 0.999999999999821 0.399999999999926 -0.000000000000183 100.001238844996877 0.500006193811349
0.011100000000000 0.999999999999819 0.399999999999925 -0.000000000000181 100.001238844997857 0.500006193827190
0.011200000000000 0.999999999999815 0.399999999999924 -0.000000000000181 100.001238844997431 0.500006193842830
0.011300000000000 0.999999999999816 0.399999999999924 -0.000000000000179 100.001238844997374 0.500006193858379
0.011400000000000 0.999999999999813 0.399999999999923 -0.000000000000177 100.001238844996692 0.500006193873906
0.011500000000000 0.999999999999813 0.399999999999922 -0.000000000000175 100.001238844997232 0.500006193889254
0.011600000000000 0.999999999999812 0.399999999999922 -0.000000000000175 100.001238844996891 0.500006193904282
0.011700000000000 0.999999999999809 0.399999999999922 -0.000000000000172 100.001238844997246 0.500006193918846
0.011800000000000 0.999999999999808 0.399999999999920 -0.000000000000170 100.001238844996536 0.500006193933074
0.011900000000000 0.999999999999810 0.399999999999920 -0.000000000000169 100.001238844996124 0.500006193946953
0.012000000000000 0.999999999999805 0.399999999999919 -0.000000000000166 100.001238844996337 0.500006193960391
0.012100000000000 0.999999999999803 0.399999999999919 -0.000000000000162 100.001238844996180 0.500006193973403
0.012200000000000 0.999999999999800 0.399999999999917 -0.000000000000159 100.001238844995413 0.500006193986201
0.012300000000000 0.999999999999800 0.399999999999917 -0.000000000000157 100.001238844995314 0.500006193998656
0.012400000000000 0.999999999999797 0.399999999999916 -0.000000000000155 100.001238844995072 0.500006194010800
0.012500000000000 0.999999999999795 0.399999999999915 -0.000000000000151 100.001238844995513 0.500006194022544
0.012600000000000 0.999999999999795 0.399999999999915 -0.000000000000150 100.001238844995299 0.500006194033937
0.012700000000000 0.999999999999792 0.399999999999914 -0.000000000000149 100.001238844994617 0.500006194044904
0.012800000000000 0.999999999999792 0.399999999999913 -0.000000000000146 100.001238844994361 0.500006194055360
0.012900000000000 0.999999999999792 0.399999999999913 -0.000000000000143 100.001238844994873 0.500006194065269
0.013000000000000 0.999999999999789 0.399999999999912 -0.000000000000141 100.001238844994660 0.500006194074738
0.013100000000000 0.999999999999788 0.399999999999911 -0.000000000000137 100.001238844995015 0.500006194083676
0.013200000000000 0.999999999999785 0.399999999999911 -0.000000000000135 100.001238844995385 0.500006194092039
0.013300000000000 0.999999999999783 0.399999999999909 -0.000000000000131 100.001238844994134 0.500006194100045
0.013400000000000 0.999999999999781 0.399999999999910 -0.000000000000128 100.001238844994532 0.500006194107562
0.013500000000000 0.999999999999779 0.399999999999909 -0.000000000000124 100.001238844994518 0.500006194114689
0.013600000000000 0.999999999999778 0.399999999999908 -0.000000000000122 100.001238844993097 0.500006194121365
0.013700000000000 0.999999999999778 0.399999999999907 -0.000000000000120 100.001238844993935 0.500006194127765
0.013800000000000 0.999999999999775 0.399999999999907 -0.000000000000117 100.001238844993466 0.500006194133717
0.013900000000000 0.999999999999774 0.399999999999906 -0.000000000000112 100.001238844991889 0.500006194139313
0.014000000000000 0.999999999999770 0.399999999999905 -0.000000000000110 100.001238844992315 0.500006194144550
0.014100000000000 0.999999999999768 0.399999999999904 -0.000000000000108 100.001238844992315 0.500006194149387
0.014200000000000 0.999999999999767 0.399999999999904 -0.000000000000104 100.001238844992841 0.500006194153809
0.014300000000000 0.999999999999768 0.399999999999902 -0.000000000000100 100.001238844992002 0.500006194157885
0.014400000000000 0.999999999999765 0.399999999999902 -0.000000000000097 100.001238844991889 0.500006194161508
0.014500000000000 0.999999999999760 0.399999999999902 -0.000000000000094 100.001238844992372 0.500006194164799
0.014600000000000 0.999999999999757 0.399999999999901 -0.000000000000091 100.001238844991178 0.500006194167744
0.014700000000000 0.999999999999758 0.399999999999900 -0.000000000000089 100.001238844992244 0.500006194170380
0.014800000000000 0.999999999999758 0.399999999999899 -0.000000000000086 100.001238844991235 0.500006194172713
0.014900000000000 0.999999999999756 0.399999999999899 -0.000000000000081 100.001238844990723 0.500006194174723
0.015000000000000 0.999999999999754 0.399999999999898 -0.000000000000078 100.001238844991832 0.500006194176472
0.015100000000000 0.999999999999754 0.399999999999897 -0.000000000000076 100.001238844990610 0.500006194177956
0.015200000000000 0.999999999999751 0.399999999999896 -0.000000000000071 100.001238844990127 0.500006194179187
0.015300000000000 0.999999999999748 0.399999999999897 -0.000000000000068 100.001238844991576 0.500006194180262
0.015400000000000 0.999999999999747 0.399999999999895 -0.000000000000065 100.001238844990155 0.500006194181196
0.015500000000000 0.999999999999747 0.399999999999894 -0.000000000000062 100.001238844989956 0.500006194181830
0.015600000000000 0.999999999999746 0.399999999999894 -0.000000000000059 100.001238844990752 0.500006194182197
0.015700000000000 0.999999999999743 0.399999999999894 -0.000000000000055 100.001238844990667 0.500006194182286
0.015800000000000 0.999999999999741 0.399999999999892 -0.000000000000052 100.001238844989317 0.500006194182248
0.015900000000000 0.999999999999739 0.399999999999893 -0.000000000000048 100.001238844990553 0.500006194182024
0.016000000000000 0.999999999999738 0.399999999999891 -0.000000000000044 100.001238844989984 0.500006194181638
0.016100000000000 0.999999999999737 0.399999999999891 -0.000000000000041 100.001238844988706 0.500006194180912
0.016200000000000 0.999999999999737 0.399999999999890 -0.000000000000037 100.001238844989970 0.500006194179905
0.016300000000000 0.999999999999734 0.399999999999890 -0.000000000000035 100.001238844989075 0.500006194178597
0.016400000000000 0.999999999999732 0.399999999999889 -0.000000000000032 100.001238844988848 0.500006194177078
0.016500000000000 0.999999999999729 0.399999999999888 -0.000000000000030 100.001238844988706 0.500006194175174
0.016600000000000 0.999999999999728 0.399999999999888 -0.000000000000024 100.001238844988919 0.500006194173011
0.016700000000000 0.999999999999726 0.399999999999887 -0.000000000000022 100.001238844988464 0.500006194170580
0.016800000000000 0.999999999999724 0.399999999999886 -0.000000000000018 100.001238844988137 0.500006194167940
0.016900000000000 0.999999999999722 0.399999999999886 -0.000000000000012 100.001238844988137 0.500006194164978
0.017000000000000 0.999999999999722 0.399999999999885 -0.000000000000010 100.001238844987967 0.500006194161740
0.017100000000000 0.999999999999719 0.399999999999884 -0.000000000000006 100.001238844987853 0.500006194158124
0.017200000000000 0.999999999999718 0.399999999999884 -0.000000000000002 100.001238844987625 0.500006194154203
0.017300000000000 0.999999999999718 0.399999999999883 0.000000000000000 100.001238844987540 0.500006194149901
0.017400000000000 0.999999999999715 0.399999999999882 0.000000000000004 100.001238844987213 0.500006194145211
0.017500000000000 0.999999999999713 0.399999999999882 0.000000000000007 100.001238844987128 0.500006194140156
0.017600000000000 0.999999999999710 0.399999999999881 0.000000000000011 100.001238844987057 0.500006194134823
0.017700000000000 0.999999999999711 0.399999999999880 0.000000000000014 100.001238844986887 0.500006194129158
0.017800000000000 0.999999999999708 0.399999999999880 0.000000000000017 100.001238844986617 0.500006194123146
0.017900000000000 0.999999999999707 0.399999999999879 0.000000000000020 100.001238844986489 0.500006194116774
0.018000000000000 0.999999999999705 0.399999999999878 0.000000000000023 100.001238844986403 0.500006194110039
0.018100000000000 0.999999999999702 0.399999999999878 0.000000000000026 100.001238844986148 0.500006194102836
0.018200000000000 0.999999999999703 0.399999999999877 0.000000000000029 100.001238844986005 0.500006194095107
0.018300000000000 0.999999999999700 0.399999999999877 0.000000000000033 100.001238844985920 0.500006194086887
0.018400000000000 0.999999999999701 0.399999999999876 0.000000000000037 100.001238844985863 0.500006194078161
0.018500000000000 0.999999999999697 0.399999999999876 0.000000000000040 100.001238844985579 0.500006194068900
0.018600000000000 0.999999999999696 0.399999999999875 0.000000000000043 100.001238844985437 0.500006194059104
0.018700000000000 0.999999999999694 0.399999999999874 0.000000000000047 100.001238844985153 0.500006194048870
0.018800000000000 0.999999999999693 0.399999999999874 0.000000000000051 100.001238844985096 0.500006194038165
0.018900000000000 0.999999999999692 0.399999999999873 0.000000000000053 100.001238844984925 0.500006194026979
0.019000000000000 0.999999999999688 0.399999999999872 0.000000000000056 100.001238844984798 0.500006194015418
0.019100000000000 0.999999999999688 0.399999999999872 0.000000000000059 100.001238844984556 0.500006194003442
0.019200000000000 0.999999999999686 0.399999999999871 0.000000000000061 100.001238844984499 0.500006193990988
0.019300000000000 0.999999999999684 0.399999999999871 0.000000000000064 100.001238844984272 0.500006193978050
0.019400000000000 0.999999999999682 0.399999999999870 0.000000000000067 100.001238844984115 0.500006193964688
0.019500000000000 0.999999999999682 0.399999999999869 0.000000000000068 100.001238844983888 0.500006193950904
0.019600000000000 0.999999999999679 0.399999999999869 0.000000000000070 100.001238844983817 0.500006193936664
0.019700000000000 0.999999999999679 0.399999999999868 0.000000000000073 100.001238844983533 0.500006193921953
0.019800000000000 0.999999999999676 0.399999999999867 0.000000000000076 100.001238844983533 0.500006193906933
0.019900000000000 0.999999999999675 0.399999999999867 0.000000000000078 100.001238844983305 0.500006193891595
0.020000000000000 0.999999999999672 0.399999999999866 0.000000000000081 100.001238844983021 0.500006193876022
0.020100000000000 0.999999999999673 0.399999999999865 0.000000000000083 100.001238844983334 0.500006193860419
0.020200000000000 0.999999999999668 0.399999999999864 0.000000000000087 100.001238844982737 0.500006193844729
0.020300000000000 0.999999999999668 0.399999999999864 0.000000000000088 100.001238844982424 0.500006193828864
0.020400000000000 0.999999999999666 0.399999999999863 0.000000000000091 100.001238844982652 0.500006193812799
0.020500000000000 0.999999999999664 0.399999999999863 0.000000000000094 100.001238844982296 0.500006193796800
0.020600000000000 0.999999999999663 0.399999999999862 0.000000000000097 100.001238844981813 0.500006193780911
0.020700000000000 0.999999999999661 0.399999999999861 0.000000000000100 100.001238844981813 0.500006193765149
0.020800000000000 0.999999999999658 0.399999999999860 0.000000000000104 100.001238844981586 0.500006193749400
0.020900000000000 0.999999999999659 0.399999999999860 0.000000000000106 100.001238844981486 0.500006193733386
0.021000000000000 0.999999999999657 0.399999999999860 0.000000000000109 100.001238844981430 0.500006193717055
0.021100000000000 0.999999999999652 0.399999999999859 0.000000000000111 100.001238844981188 0.500006193700714
0.021200000000000 0.999999999999653 0.399999999999858 0.000000000000114 100.001238844981245 0.500006193684696
0.021300000000000 0.999999999999649 0.399999999999858 0.000000000000114 100.001238844980946 0.500006193668978
0.021400000000000 0.999999999999649 0.399999999999857 0.000000000000117 100.001238844980946 0.500006193653372
0.021500000000000 0.999999999999647 0.399999999999856 0.000000000000120 100.001238844980634 0.500006193638226
0.021600000000000 0.999999999999645 0.399999999999856 0.000000000000123 100.001238844980250 0.500006193623384
0.021700000000000 0.999999999999646 0.399999999999856 0.000000000000123 100.001238844980264 0.500006193608853
0.021800000000000 0.999999999999644 0.399999999999855 0.000000000000125 100.001238844980151 0.500006193594755
0.021900000000000 0.999999999999642 0.399999999999854 0.000000000000126 100.001238844980207 0.500006193581040
0.022000000000000 0.999999999999638 0.399999999999853 0.000000000000128 100.001238844979824 0.500006193567887
0.022100000000000 0.999999999999639 0.399999999999853 0.000000000000130 100.001238844979767 0.500006193555555
0.022200000000000 0.999999999999637 0.399999999999852 0.000000000000133 100.001238844979554 0.500006193544009
0.022300000000000 0.999999999999635 0.399999999999852 0.000000000000136 100.001238844979270 0.500006193533021
0.022400000000000 0.999999999999635 0.399999999999851 0.000000000000138 100.001238844979156 0.500006193522682
0.022500000000000 0.999999999999632 0.399999999999850 0.000000000000139 100.001238844978928 0.500006193513089
0.022600000000000 0.999999999999630 0.399999999999850 0.000000000000140 100.001238844979170 0.500006193504025
0.022700000000000 0.999999999999629 0.399999999999849 0.000000000000141 100.001238844978445 0.500006193495460
0.022800000000000 0.999999999999628 0.399999999999848 0.000000000000144 100.001238844978360 0.500006193487471
0.022900000000000 0.999999999999625 0.399999999999847 0.000000000000144 100.001238844978417 0.500006193480388
0.023000000000000 0.999999999999624 0.399999999999847 0.000000000000144 100.001238844978033 0.500006193474194
0.023100000000000 0.999999999999621 0.399999999999846 0.000000000000145 100.001238844977777 0.500006193468943
0.023200000000000 0.999999999999622 0.399999999999845 0.000000000000145 100.001238844977820 0.500006193464793
0.023300000000000 0.999999999999617 0.399999999999845 0.000000000000146 100.001238844978033 0.500006193461692
0.023400000000000 0.999999999999617 0.399999999999844 0.000000000000148 100.001238844977848 0.500006193459710
0.023500000000000 0.999999999999615 0.399999999999843 0.000000000000148 100.001238844977081 0.500006193458710
0.023600000000000 0.999999999999612 0.399999999999843 0.000000000000149 100.001238844977337 0.500006193458543
0.023700000000000 0.999999999999612 0.399999999999843 0.000000000000151 100.001238844977109 0.500006193459444
0.023800000000000 0.999999999999610 0.399999999999842 0.000000000000152 100.001238844976655 0.500006193461395
0.023900000000000 0.999999999999609 0.399999999999841 0.000000000000152 100.001238844976740 0.500006193464223
0.024000000000000 0.999999999999607 0.399999999999840 0.000000000000153 100.001238844976740 0.500006193468059
0.024100000000000 0.999999999999606 0.399999999999841 0.000000000000155 100.001238844976342 0.500006193473000
0.024200000000000 0.999999999999605 0.399999999999839 0.000000000000156 100.001238844976299 0.500006193478984
0.024300000000000 0.999999999999603 0.399999999999839 0.000000000000155 100.001238844976029 0.500006193485844
0.024400000000000 0.999999999999599 0.399999999999838 0.000000000000154 100.001238844975944 0.500006193493605
0.024500000000000 0.999999999999600 0.399999999999838 0.000000000000154 100.001238844975745 0.500006193502158
0.024600000000000 0.999999999999598 0.399999999999837 0.000000000000154 100.001238844975575 0.500006193511351
0.024700000000000 0.999999999999596 0.399999999999836 0.000000000000153 100.001238844975518 0.500006193521038
0.024800000000000 0.999999999999595 0.399999999999835 0.000000000000152 100.001238844975177 0.500006193531391
0.024900000000000 0.999999999999592 0.399999999999835 0.000000000000154 100.001238844975092 0.500006193542286
0.025000000000000 0.999999999999589 0.399999999999835 0.000000000000154 100.001238844975049 0.500006193553657
0.025100000000000 0.999999999999589 0.399999999999834 0.000000000000153 100.001238844974978 0.500006193565516
0.025200000000000 0.999999999999587 0.399999999999833 0.000000000000152 100.001238844974694 0.500006193577846
0.025300000000000 0.999999999999584 0.399999999999833 0.000000000000153 100.001238844974580 0.500006193590809
0.025400000000000 0.999999999999586 0.399999999999832 0.000000000000152 100.001238844974452 0.500006193604518
0.025500000000000 0.999999999999583 0.399999999999831 0.000000000000153 100.001238844974068 0.500006193618852
0.025600000000000 0.999999999999580 0.399999999999831 0.000000000000152 100.001238844973983 0.500006193633775
0.025700000000000 0.999999999999578 0.399999999999830 0.000000000000150 100.001238844973670 0.500006193648870
0.025800000000000 0.999999999999577 0.399999999999830 0.000000000000149 100.001238844972875 0.500006193664077
0.025900000000000 0.999999999999576 0.399999999999829 0.000000000000148 100.001238844974040 0.500006193679680
0.026000000000000 0.999999999999575 0.399999999999828 0.000000000000147 100.001238844973869 0.500006193695759
0.026100000000000 0.999999999999573 0.399999999999828 0.000000000000146 100.001238844973585 0.500006193712057
0.026200000000000 0.999999999999570 0.399999999999827 0.000000000000145 100.001238844972818 0.500006193728393
0.026300000000000 0.999999999999568 0.399999999999826 0.000000000000145 100.001238844972704 0.500006193744603
0.026400000000000 0.999999999999569 0.399999999999826 0.000000000000144 100.001238844972477 0.500006193760653
0.026500000000000 0.999999999999567 0.399999999999825 0.000000000000143 100.001238844972534 0.500006193776777
0.026600000000000 0.999999999999563 0.399999999999825 0.000000000000142 100.001238844972491 0.500006193792966
0.026700000000000 0.999999999999563 0.399999999999824 0.000000000000140 100.001238844972534 0.500006193809227
0.026800000000000 0.999999999999561 0.399999999999823 0.000000000000139 100.001238844970885 0.500006193825414
0.026900000000000 0.999999999999557 0.399999999999823 0.000000000000137 100.001238844971738 0.500006193841594
0.027000000000000 0.999999999999557 0.399999999999822 0.000000000000136 100.001238844971567 0.500006193857660
0.027100000000000 0.999999999999555 0.399999999999822 0.000000000000134 100.001238844971510 0.500006193873390
0.027200000000000 0.999999999999554 0.399999999999821 0.000000000000134 100.001238844971141 0.500006193888724
0.027300000000000 0.999999999999551 0.399999999999820 0.000000000000131 100.001238844971127 0.500006193903624
0.027400000000000 0.999999999999553 0.399999999999820 0.000000000000130 100.001238844970743 0.500006193918269
0.027500000000000 0.999999999999550 0.399999999999819 0.000000000000126 100.001238844970601 0.500006193932630
0.027600000000000 0.999999999999547 0.399999999999818 0.000000000000123 100.001238844970558 0.500006193946612
0.027700000000000 0.999999999999547 0.399999999999818 0.000000000000121 100.001238844969762 0.500006193960276
0.027800000000000 0.999999999999547 0.399999999999818 0.000000000000119 100.001238844969947 0.500006193973629
0.027900000000000 0.999999999999543 0.399999999999816 0.000000000000116 100.001238844969947 0.500006193986628
0.028000000000000 0.999999999999542 0.399999999999816 0.000000000000113 100.001238844970075 0.500006193999142
0.028100000000000 0.999999999999541 0.399999999999815 0.000000000000110 100.001238844969492 0.500006194011280
0.028200000000000 0.999999999999538 0.399999999999815 0.000000000000109 100.001238844968924 0.500006194022961
0.028300000000000 0.999999999999538 0.399999999999814 0.000000000000108 100.001238844969947 0.500006194034336
0.028400000000000 0.999999999999535 0.399999999999814 0.000000000000105 100.001238844969521 0.500006194045299
0.028500000000000 0.999999999999532 0.399999999999813 0.000000000000102 100.001238844969208 0.500006194055891
0.028600000000000 0.999999999999531 0.399999999999812 0.000000000000099 100.001238844968782 0.500006194066144
0.028700000000000 0.999999999999529 0.399999999999812 0.000000000000097 100.001238844968896 0.500006194075976
0.028800000000000 0.999999999999528 0.399999999999811 0.000000000000094 100.001238844968384 0.500006194085290
0.028900000000000 0.999999999999527 0.399999999999811 0.000000000000091 100.001238844968242 0.500006194094036
0.029000000000000 0.999999999999525 0.399999999999810 0.000000000000089 100.001238844968640 0.500006194102302
0.029100000000000 0.999999999999520 0.399999999999809 0.000000000000086 100.001238844967858 0.500006194110000
0.029200000000000 0.999999999999522 0.399999999999809 0.000000000000082 100.001238844968043 0.500006194117139
0.029300000000000 0.999999999999521 0.399999999999808 0.000000000000079 100.001238844967631 0.500006194123762
0.029400000000000 0.999999999999519 0.399999999999808 0.000000000000076 100.001238844968043 0.500006194129960
0.029500000000000 0.999999999999517 0.399999999999807 0.000000000000072 100.001238844968412 0.500006194135791
0.029600000000000 0.999999999999515 0.399999999999806 0.000000000000069 100.001238844967219 0.500006194141188
0.029700000000000 0.999999999999514 0.399999999999806 0.000000000000066 100.001238844966821 0.500006194146234
0.029800000000000 0.999999999999513 0.399999999999805 0.000000000000063 100.001238844966394 0.500006194150922
0.029900000000000 0.999999999999511 0.399999999999805 0.000000000000060 100.001238844967617 0.500006194155212
0.030000000000000 0.999999999999510 0.399999999999803 0.000000000000057 100.001238844966252 0.500006194159191
0.030100000000000 0.999999999999508 0.399999999999803 0.000000000000054 100.001238844967219 0.500006194162786
0.030200000000000 0.999999999999506 0.399999999999802 0.000000000000050 100.001238844965712 0.500006194166059
0.030300000000000 0.999999999999501 0.399999999999802 0.000000000000047 100.001238844965883 0.500006194169044
0.030400000000000 0.999999999999503 0.399999999999801 0.000000000000042 100.001238844965883 0.500006194171734
0.030500000000000 0.999999999999501 0.399999999999800 0.000000000000039 100.001238844965940 0.500006194174049
0.030600000000000 0.999999999999497 0.399999999999801 0.000000000000034 100.001238844965712 0.500006194176047
0.030700000000000 0.999999999999496 0.399999999999799 0.000000000000031 100.001238844965485 0.500006194177956
0.030800000000000 0.999999999999498 0.399999999999798 0.000000000000027 100.001238844965485 0.500006194179563
0.030900000000000 0.999999999999492 0.399999999999798 0.000000000000023 100.001238844965172 0.500006194180980
0.031000000000000 0.999999999999494 0.399999999999797 0.000000000000018 100.001238844965059 0.500006194182136
0.031100000000000 0.999999999999489 0.399999999999796 0.000000000000016 100.001238844964917 0.500006194182953
0.031200000000000 0.999999999999488 0.399999999999796 0.000000000000013 100.001238844964746 0.500006194183435
0.031300000000000 0.999999999999487 0.399999999999795 0.000000000000010 100.001238844964547 0.500006194183782
0.031400000000000 0.999999999999485 0.399999999999794 0.000000000000006 100.001238844964263 0.500006194183923
0.031500000000000 0.999999999999484 0.399999999999793 0.000000000000001 100.001238844964263 0.500006194183830
0.031600000000000 0.999999999999483 0.399999999999793 -0.000000000000002 100.001238844963922 0.500006194183498
0.031700000000000 0.999999999999481 0.399999999999792 -0.000000000000006 100.001238844963751 0.500006194182959
0.031800000000000 0.999999999999478 0.399999999999791 -0.000000000000008 100.001238844963694 0.500006194182193
0.031900000000000 0.999999999999478 0.399999999999790 -0.000000000000011 100.001238844963410 0.500006194181251
0.032000000000000 0.999999999999474 0.399999999999790 -0.000000000000015 100.001238844963353 0.500006194180051
0.032100000000000 0.999999999999472 0.399999999999789 -0.000000000000019 100.001238844962984 0.500006194178696
0.032200000000000 0.999999999999473 0.399999999999789 -0.000000000000025 100.001238844962984 0.500006194177104
0.032300000000000 0.999999999999469 0.399999999999788 -0.000000000000028 100.001238844962799 0.500006194175337
0.032400000000000 0.999999999999467 0.399999999999787 -0.000000000000033 100.001238844962643 0.500006194173302
0.032500000000000 0.999999999999468 0.399999999999786 -0.000000000000037 100.001238844962515 0.500006194170872
0.032600000000000 0.999999999999464 0.399999999999787 -0.000000000000041 100.001238844962302 0.500006194168051
0.032700000000000 0.999999999999462 0.399999999999785 -0.000000000000043 100.001238844962174 0.500006194164887
0.032800000000000 0.999999999999460 0.399999999999784 -0.000000000000045 100.001238844961932 0.500006194161356
0.032900000000000 0.999999999999458 0.399999999999784 -0.000000000000048 100.001238844961804 0.500006194157453
0.033000000000000 0.999999999999458 0.399999999999783 -0.000000000000052 100.001238844961591 0.500006194153128
0.033100000000000 0.999999999999457 0.399999999999783 -0.000000000000056 100.001238844961392 0.500006194148469
0.033200000000000 0.999999999999455 0.399999999999782 -0.000000000000059 100.001238844961279 0.500006194143507
0.033300000000000 0.999999999999451 0.399999999999781 -0.000000000000064 100.001238844961023 0.500006194138121
0.033400000000000 0.999999999999451 0.399999999999780 -0.000000000000068 100.001238844960810 0.500006194132276
0.033500000000000 0.999999999999449 0.399999999999780 -0.000000000000072 100.001238844960511 0.500006194126030
0.033600000000000 0.999999999999447 0.399999999999778 -0.000000000000076 100.001238844960568 0.500006194119376
0.033700000000000 0.999999999999446 0.399999999999778 -0.000000000000080 100.001238844960369 0.500006194112238
0.033800000000000 0.999999999999444 0.399999999999777 -0.000000000000082 100.001238844960312 0.500006194104739
0.033900000000000 0.999999999999444 0.399999999999777 -0.000000000000085 100.001238844960000 0.500006194096770
0.034000000000000 0.999999999999439 0.399999999999776 -0.000000000000088 100.001238844959914 0.500006194088451
0.034100000000000 0.999999999999440 0.399999999999776 -0.000000000000090 100.001238844959815 0.500006194079689
0.034200000000000 0.999999999999435 0.399999999999775 -0.000000000000094 100.001238844959602 0.500006194070503
0.034300000000000 0.999999999999434 0.399999999999775 -0.000000000000097 100.001238844959417 0.500006194060843
0.034400000000000 0.999999999999433 0.399999999999774 -0.000000000000100 100.001238844959431 0.500006194050723
0.034500000000000 0.999999999999433 0.399999999999773 -0.000000000000103 100.001238844959289 0.500006194040161
0.034600000000000 0.999999999999434 0.399999999999772 -0.000000000000107 100.001238844959005 0.500006194029153
0.034700000000000 0.999999999999431 0.399999999999772 -0.000000000000110 100.001238844958891 0.500006194017639
0.034800000000000 0.999999999999428 0.399999999999771 -0.000000000000114 100.001238844958607 0.500006194005777
0.034900000000000 0.999999999999427 0.399999999999770 -0.000000000000117 100.001238844958579 0.500006193993659
0.035000000000000 0.999999999999426 0.399999999999769 -0.000000000000121 100.001238844958380 0.500006193981160
0.035100000000000 0.999999999999421 0.399999999999769 -0.000000000000123 100.001238844958124 0.500006193968304
0.035200000000000 0.999999999999419 0.399999999999768 -0.000000000000127 100.001238844957953 0.500006193955085
0.035300000000000 0.999999999999420 0.399999999999768 -0.000000000000131 100.001238844957783 0.500006193941424
0.035400000000000 0.999999999999419 0.399999999999767 -0.000000000000133 100.001238844957527 0.500006193927234
0.035500000000000 0.999999999999417 0.399999999999766 -0.000000000000138 100.001238844957399 0.500006193912596
0.035600000000000 0.999999999999415 0.399999999999766 -0.000000000000139 100.001238844957385 0.500006193897744
0.035700000000000 0.999999999999413 0.399999999999765 -0.000000000000142 100.001238844957214 0.500006193882410
0.035800000000000 0.999999999999411 0.399999999999765 -0.000000000000145 100.001238844957044 0.500006193866548
0.035900000000000 0.999999999999409 0.399999999999764 -0.000000000000149 100.001238844956674 0.500006193850349
0.036000000000000 0.999999999999408 0.399999999999763 -0.000000000000153 100.001238844956688 0.500006193833926
0.036100000000000 0.999999999999406 0.399999999999762 -0.000000000000156 100.001238844956418 0.500006193817530
0.036200000000000 0.999999999999403 0.399999999999761 -0.000000000000160 100.001238844956390 0.500006193801271
0.036300000000000 0.999999999999403 0.399999999999761 -0.000000000000163 100.001238844955907 0.500006193784953
0.036400000000000 0.999999999999402 0.399999999999760 -0.000000000000166 100.001238844956092 0.500006193768553
0.036500000000000 0.999999999999401 0.399999999999759 -0.000000000000167 100.001238844955779 0.500006193752042
0.036600000000000 0.999999999999400 0.399999999999759 -0.000000000000170 100.001238844955537 0.500006193735508
0.036700000000000 0.999999999999398 0.399999999999758 -0.000000000000173 100.001238844955239 0.500006193719193
0.036800000000000 0.999999999999394 0.399999999999758 -0.000000000000175 100.001238844955310 0.500006193703151
0.036900000000000 0.999999999999394 0.399999999999757 -0.000000000000178 100.001238844955097 0.500006193687291
0.037000000000000 0.999999999999391 0.399999999999756 -0.000000000000181 100.001238844955054 0.500006193671573
0.037100000000000 0.999999999999392 0.399999999999755 -0.000000000000184 100.001238844954713 0.500006193656171
0.037200000000000 0.999999999999388 0.399999999999755 -0.000000000000185 100.001238844954557 0.500006193641135
0.037300000000000 0.999999999999387 0.399999999999754 -0.000000000000186 100.001238844954656 0.500006193626224
0.037400000000000 0.999999999999388 0.399999999999754 -0.000000000000189 100.001238844954429 0.500006193611559
0.037500000000000 0.999999999999384 0.399999999999752 -0.000000000000191 100.001238844953861 0.500006193597416
0.037600000000000 0.999999999999382 0.399999999999752 -0.000000000000192 100.001238844953960 0.500006193583843
0.037700000000000 0.999999999999379 0.399999999999752 -0.000000000000196 100.001238844953889 0.500006193570773
0.037800000000000 0.999999999999382 0.399999999999752 -0.000000000000196 100.001238844953662 0.500006193558150
0.037900000000000 0.999999999999379 0.399999999999750 -0.000000000000197 100.001238844953690 0.500006193546081
0.038000000000000 0.999999999999376 0.399999999999750 -0.000000000000199 100.001238844953349 0.500006193534429
0.038100000000000 0.999999999999374 0.399999999999749 -0.000000000000202 100.001238844953122 0.500006193523424
0.038200000000000 0.999999999999375 0.399999999999749 -0.000000000000205 100.001238844953093 0.500006193513136
0.038300000000000 0.999999999999371 0.399999999999747 -0.000000000000206 100.001238844952695 0.500006193503698
0.038400000000000 0.999999999999370 0.399999999999746 -0.000000000000209 100.001238844952724 0.500006193495186
0.038500000000000 0.999999999999368 0.399999999999747 -0.000000000000209 100.001238844952638 0.500006193487801
0.038600000000000 0.999999999999366 0.399999999999745 -0.000000000000210 100.001238844952525 0.500006193481577
0.038700000000000 0.999999999999365 0.399999999999745 -0.000000000000211 100.001238844952468 0.500006193476162
0.038800000000000 0.999999999999364 0.399999999999744 -0.000000000000212 100.001238844951828 0.500006193471659
0.038900000000000 0.999999999999361 0.399999999999743 -0.000000000000213 100.001238844951800 0.500006193468133
0.039000000000000 0.999999999999360 0.399999999999742 -0.000000000000213 100.001238844951871 0.500006193465396
0.039100000000000 0.999999999999355 0.399999999999742 -0.000000000000213 100.001238844951715 0.500006193463394
0.039200000000000 0.999999999999355 0.399999999999741 -0.000000000000213 100.001238844951416 0.500006193462225
0.039300000000000 0.999999999999355 0.399999999999740 -0.000000000000214 100.001238844951175 0.500006193461996
0.039400000000000 0.999999999999355 0.399999999999739 -0.000000000000214 100.001238844951132 0.500006193462862
0.039500000000000 0.999999999999351 0.399999999999739 -0.000000000000216 100.001238844950763 0.500006193464556
0.039600000000000 0.999999999999351 0.399999999999739 -0.000000000000217 100.001238844950848 0.500006193467188
0.039700000000000 0.999999999999347 0.399999999999737 -0.000000000000218 100.001238844950564 0.500006193470965
0.039800000000000 0.999999999999348 0.399999999999737 -0.000000000000218 100.001238844950365 0.500006193475629
0.039900000000000 0.999999999999344 0.399999999999736 -0.000000000000217 100.001238844950521 0.500006193481146
0.040000000000000 0.999999999999342 0.399999999999736 -0.000000000000216 100.001238844950137 0.500006193487485
0.040100000000000 0.999999999999342 0.399999999999735 -0.000000000000216 100.001238844950066 0.500006193494759
0.040200000000000 0.999999999999341 0.399999999999734 -0.000000000000217 100.001238844950052 0.500006193502918
0.040300000000000 0.999999999999339 0.399999999999733 -0.000000000000217 100.001238844949853 0.500006193512056
0.040400000000000 0.999999999999337 0.399999999999733 -0.000000000000218 100.001238844949356 0.500006193522006
0.040500000000000 0.999999999999335 0.399999999999732 -0.000000000000218 100.001238844949413 0.500006193532672
0.040600000000000 0.999999999999333 0.399999999999731 -0.000000000000216 100.001238844949114 0.500006193543858
0.040700000000000 0.999999999999333 0.399999999999731 -0.000000000000217 100.001238844949015 0.500006193555454
0.040800000000000 0.999999999999329 0.399999999999730 -0.000000000000217 100.001238844948929 0.500006193567498
0.040900000000000 0.999999999999328 0.399999999999729 -0.000000000000216 100.001238844948659 0.500006193580057
0.041000000000000 0.999999999999326 0.399999999999728 -0.000000000000217 100.001238844948318 0.500006193593300
0.041100000000000 0.999999999999324 0.399999999999728 -0.000000000000214 100.001238844948261 0.500006193606810
0.041200000000000 0.999999999999324 0.399999999999727 -0.000000000000214 100.001238844948233 0.500006193620397
0.041300000000000 0.999999999999322 0.399999999999727 -0.000000000000214 100.001238844947949 0.500006193634285
0.041400000000000 0.999999999999319 0.399999999999726 -0.000000000000213 100.001238844947849 0.500006193648791
0.041500000000000 0.999999999999316 0.399999999999725 -0.000000000000212 100.001238844947551 0.500006193663869
0.041600000000000 0.999999999999317 0.399999999999724 -0.000000000000212 100.001238844946897 0.500006193679414
0.041700000000000 0.999999999999315 0.399999999999724 -0.000000000000210 100.001238844947238 0.500006193695264
0.041800000000000 0.999999999999312 0.399999999999723 -0.000000000000209 100.001238844947039 0.500006193711154
0.041900000000000 0.999999999999312 0.399999999999722 -0.000000000000207 100.001238844946442 0.500006193726995
0.042000000000000 0.999999999999309 0.399999999999721 -0.000000000000205 100.001238844946798 0.500006193743009
0.042100000000000 0.999999999999308 0.399999999999720 -0.000000000000204 100.001238844947096 0.500006193759066
0.042200000000000 0.999999999999304 0.399999999999719 -0.000000000000202 100.001238844946442 0.500006193775199
0.042300000000000 0.999999999999304 0.399999999999719 -0.000000000000202 100.001238844946670 0.500006193791378
0.042400000000000 0.999999999999302 0.399999999999718 -0.000000000000199 100.001238844945860 0.500006193807608
0.042500000000000 0.999999999999301 0.399999999999717 -0.000000000000197 100.001238844945107 0.500006193824008
0.042600000000000 0.999999999999299 0.399999999999717 -0.000000000000194 100.001238844945874 0.500006193840277
0.042700000000000 0.999999999999296 0.399999999999716 -0.000000000000193 100.001238844946016 0.500006193856293
0.042800000000000 0.999999999999295 0.399999999999716 -0.000000000000191 100.001238844945277 0.500006193872211
0.042900000000000 0.999999999999296 0.399999999999715 -0.000000000000192 100.001238844946045 0.500006193888020
0.043000000000000 0.999999999999293 0.399999999999715 -0.000000000000190 100.001238844945050 0.500006193903656
0.043100000000000 0.999999999999291 0.399999999999713 -0.000000000000188 100.001238844944041 0.500006193919029
0.043200000000000 0.999999999999290 0.399999999999713 -0.000000000000186 100.001238844943856 0.500006193933964
0.043300000000000 0.999999999999288 0.399999999999713 -0.000000000000184 100.001238844944339 0.500006193948474
0.043400000000000 0.999999999999284 0.399999999999711 -0.000000000000183 100.001238844943870 0.500006193962606
0.043500000000000 0.999999999999285 0.399999999999710 -0.000000000000182 100.001238844944140 0.500006193976156
0.043600000000000 0.999999999999285 0.399999999999710 -0.000000000000179 100.001238844944140 0.500006193989119
0.043700000000000 0.999999999999283 0.399999999999709 -0.000000000000179 100.001238844944041 0.500006194001642
0.043800000000000 0.999999999999280 0.399999999999708 -0.000000000000176 100.001238844944112 0.500006194013795
0.043900000000000 0.999999999999279 0.399999999999708 -0.000000000000174 100.001238844942549 0.500006194025502
0.044000000000000 0.999999999999277 0.399999999999707 -0.000000000000172 100.001238844944368 0.500006194036825
0.044100000000000 0.999999999999273 0.399999999999706 -0.000000000000169 100.001238844943913 0.500006194047642
0.044200000000000 0.999999999999272 0.399999999999706 -0.000000000000166 100.001238844943103 0.500006194057936
0.044300000000000 0.999999999999271 0.399999999999705 -0.000000000000165 100.001238844942918 0.500006194067772
0.044400000000000 0.999999999999269 0.399999999999705 -0.000000000000162 100.001238844942719 0.500006194077097
0.044500000000000 0.999999999999268 0.399999999999704 -0.000000000000160 100.001238844942378 0.500006194085902
0.044600000000000 0.999999999999265 0.399999999999703 -0.000000000000158 100.001238844941867 0.500006194094244
0.044700000000000 0.999999999999265 0.399999999999702 -0.000000000000155 100.001238844942861 0.500006194102295
0.044800000000000 0.999999999999262 0.399999999999701 -0.000000000000153 100.001238844942009 0.500006194109900
0.044900000000000 0.999999999999260 0.399999999999701 -0.000000000000150 100.001238844940758 0.500006194117134
0.045000000000000 0.999999999999258 0.399999999999700 -0.000000000000146 100.001238844941284 0.500006194124024
0.045100000000000 0.999999999999258 0.399999999999700 -0.000000000000143 100.001238844941028 0.500006194130573
0.045200000000000 0.999999999999257 0.399999999999699 -0.000000000000142 100.001238844940787 0.500006194136697
0.045300000000000 0.999999999999252 0.399999999999698 -0.000000000000141 100.001238844940701 0.500006194142336
0.045400000000000 0.999999999999252 0.399999999999698 -0.000000000000137 100.001238844941554 0.500006194147539
0.045500000000000 0.999999999999251 0.399999999999696 -0.000000000000134 100.001238844941298 0.500006194152324
0.045600000000000 0.999999999999247 0.399999999999696 -0.000000000000131 100.001238844940247 0.500006194156693
0.045700000000000 0.999999999999245 0.399999999999696 -0.000000000000128 100.001238844940374 0.500006194160714
0.045800000000000 0.999999999999243 0.399999999999694 -0.000000000000127 100.001238844940374 0.500006194164449
0.045900000000000 0.999999999999243 0.399999999999694 -0.000000000000123 100.001238844940133 0.500006194167790
0.046000000000000 0.999999999999243 0.399999999999694 -0.000000000000120 100.001238844940204 0.500006194170719
0.046100000000000 0.999999999999243 0.399999999999693 -0.000000000000116 100.001238844940190 0.500006194173348
0.046200000000000 0.999999999999239 0.399999999999692 -0.000000000000113 100.001238844939849 0.500006194175694
0.046300000000000 0.999999999999235 0.399999999999692 -0.000000000000109 100.001238844939735 0.500006194177814
0.046400000000000 0.999999999999235 0.399999999999691 -0.000000000000105 100.001238844939593 0.500006194179722
0.046500000000000 0.999999999999235 0.399999999999691 -0.000000000000101 100.001238844939266 0.500006194181313
0.046600000000000 0.999999999999232 0.399999999999690 -0.000000000000096 100.001238844939337 0.500006194182624
0.046700000000000 0.999999999999232 0.399999999999689 -0.000000000000091 100.001238844938968 0.500006194183734
0.046800000000000 0.999999999999230 0.399999999999688 -0.000000000000089 100.001238844939024 0.500006194184661
0.046900000000000 0.999999999999228 0.399999999999687 -0.000000000000085 100.001238844938513 0.500006194185391
0.047000000000000 0.999999999999226 0.399999999999687 -0.000000000000081 100.001238844938754 0.500006194185911
0.047100000000000 0.999999999999226 0.399999999999686 -0.000000000000077 100.001238844938143 0.500006194186175
0.047200000000000 0.999999999999220 0.399999999999685 -0.000000000000073 100.001238844938086 0.500006194186232
0.047300000000000 0.999999999999222 0.399999999999685 -0.000000000000069 100.001238844938229 0.500006194185932
0.047400000000000 0.999999999999220 0.399999999999684 -0.000000000000065 100.001238844937717 0.500006194185350
0.047500000000000 0.999999999999217 0.399999999999683 -0.000000000000061 100.001238844937518 0.500006194184550
0.047600000000000 0.999999999999216 0.399999999999682 -0.000000000000057 100.001238844937276 0.500006194183487
0.047700000000000 0.999999999999212 0.399999999999682 -0.000000000000054 100.001238844937234 0.500006194182141
0.047800000000000 0.999999999999213 0.399999999999681 -0.000000000000050 100.001238844937035 0.500006194180639
0.047900000000000 0.999999999999211 0.399999999999681 -0.000000000000045 100.001238844937291 0.500006194178947
0.048000000000000 0.999999999999210 0.399999999999680 -0.000000000000041 100.001238844936864 0.500006194176985
0.048100000000000 0.999999999999206 0.399999999999680 -0.000000000000037 100.001238844936580 0.500006194174655
0.048200000000000 0.999999999999205 0.399999999999679 -0.000000000000033 100.001238844936609 0.500006194172149
0.048300000000000 0.999999999999203 0.399999999999678 -0.000000000000029 100.001238844936552 0.500006194169344
0.048400000000000 0.999999999999202 0.399999999999677 -0.000000000000025 100.001238844936239 0.500006194166183
0.048500000000000 0.999999999999202 0.399999999999677 -0.000000000000021 100.001238844935870 0.500006194162676
0.048600000000000 0.999999999999198 0.399999999999676 -0.000000000000017 100.001238844935870 0.500006194158902
0.048700000000000 0.999999999999198 0.399999999999676 -0.000000000000012 100.001238844935557 0.500006194154739
0.048800000000000 0.999999999999197 0.399999999999675 -0.000000000000009 100.001238844935699 0.500006194150227
0.048900000000000 0.999999999999196 0.399999999999674 -0.000000000000003 100.001238844935500 0.500006194145260
0.049000000000000 0.999999999999192 0.399999999999673 0.000000000000001 100.001238844935131 0.500006194139868
0.049100000000000 0.999999999999193 0.399999999999673 0.000000000000005 100.001238844935088 0.500006194134133
0.049200000000000 0.999999999999190 0.399999999999672 0.000000000000008 100.001238844934861 0.500006194128017
0.049300000000000 0.999999999999188 0.399999999999672 0.000000000000011 100.001238844934733 0.500006194121534
0.049400000000000 0.999999999999188 0.399999999999671 0.000000000000015 100.001238844934562 0.500006194114706
0.049500000000000 0.999999999999184 0.399999999999670 0.000000000000018 100.001238844934306 0.500006194107466
0.049600000000000 0.999999999999184 0.399999999999669 0.000000000000020 100.001238844934136 0.500006194099779
0.049700000000000 0.999999999999182 0.399999999999669 0.000000000000023 100.001238844934022 0.500006194091609
0.049800000000000 0.999999999999180 0.399999999999668 0.000000000000026 100.001238844933766 0.500006194082947
0.049900000000000 0.999999999999178 0.399999999999667 0.000000000000031 100.001238844933525 0.500006194073743
0.050000000000000 0.999999999999178 0.399999999999667 0.000000000000034 100.001238844933425 0.500006194064092
0.050100000000000 0.999999999999175 0.399999999999666 0.000000000000037 100.001238844933312 0.500006194053993
0.050200000000000 0.999999999999171 0.399999999999666 0.000000000000040 100.001238844933056 0.500006194043500
0.050300000000000 0.999999999999170 0.399999999999664 0.000000000000044 100.001238844932999 0.500006194032598
0.050400000000000 0.999999999999170 0.399999999999664 0.000000000000047 100.001238844932729 0.500006194021316
0.050500000000000 0.999999999999167 0.399999999999663 0.000000000000050 100.001238844932629 0.500006194009786
0.050600000000000 0.999999999999167 0.399999999999663 0.000000000000054 100.001238844932445 0.500006193997744
0.050700000000000 0.999999999999164 0.399999999999662 0.000000000000058 100.001238844932161 0.500006193985206
0.050800000000000 0.999999999999161 0.399999999999661 0.000000000000060 100.001238844932075 0.500006193972167
0.050900000000000 0.999999999999160 0.399999999999661 0.000000000000063 100.001238844931919 0.500006193958687
0.051000000000000 0.999999999999157 0.399999999999660 0.000000000000067 100.001238844931862 0.500006193944977
0.051100000000000 0.999999999999158 0.399999999999660 0.000000000000070 100.001238844931564 0.500006193930893
0.051200000000000 0.999999999999156 0.399999999999659 0.000000000000073 100.001238844931322 0.500006193916641
0.051300000000000 0.999999999999153 0.399999999999658 0.000000000000077 100.001238844931237 0.500006193902063
0.051400000000000 0.999999999999151 0.399999999999658 0.000000000000080 100.001238844931123 0.500006193886948
0.051500000000000 0.999999999999150 0.399999999999657 0.000000000000085 100.001238844930754 0.500006193871517
0.051600000000000 0.999999999999149 0.399999999999657 0.000000000000088 100.001238844930725 0.500006193856052
0.051700000000000 0.999999999999147 0.399999999999656 0.000000000000091 100.001238844930683 0.500006193840417
0.051800000000000 0.999999999999145 0.399999999999655 0.000000000000093 100.001238844930327 0.500006193824397
0.051900000000000 0.999999999999143 0.399999999999655 0.000000000000098 100.001238844930384 0.500006193807991
0.052000000000000 0.999999999999144 0.399999999999654 0.000000000000101 100.001238844930270 0.500006193791240
0.052100000000000 0.999999999999141 0.399999999999653 0.000000000000104 100.001238844930086 0.500006193774291
0.052200000000000 0.999999999999139 0.399999999999652 0.000000000000107 100.001238844929929 0.500006193757367
0.052300000000000 0.999999999999137 0.399999999999652 0.000000000000110 100.001238844929560 0.500006193740433
0.052400000000000 0.999999999999138 0.399999999999652 0.000000000000112 100.001238844929276 0.500006193723588
0.052500000000000 0.999999999999133 0.399999999999651 0.000000000000115 100.001238844929446 0.500006193706913
0.052600000000000 0.999999999999133 0.399999999999650 0.000000000000117 100.001238844929361 0.500006193690434
0.052700000000000 0.999999999999132 0.399999999999649 0.000000000000118 100.001238844929077 0.500006193674154
0.052800000000000 0.999999999999130 0.399999999999649 0.000000000000120 100.001238844929020 0.500006193658110
0.052900000000000 0.999999999999128 0.399999999999649 0.000000000000124 100.001238844928750 0.500006193642398
0.053000000000000 0.999999999999126 0.399999999999648 0.000000000000126 100.001238844928395 0.500006193627261
0.053100000000000 0.999999999999126 0.399999999999647 0.000000000000129 100.001238844928565 0.500006193612847
0.053200000000000 0.999999999999124 0.399999999999647 0.000000000000131 100.001238844928281 0.500006193599122
0.053300000000000 0.999999999999122 0.399999999999646 0.000000000000134 100.001238844927585 0.500006193586084
0.053400000000000 0.999999999999121 0.399999999999645 0.000000000000136 100.001238844927911 0.500006193573586
0.053500000000000 0.999999999999119 0.399999999999645 0.000000000000138 100.001238844927670 0.500006193561594
0.053600000000000 0.999999999999117 0.399999999999644 0.000000000000140 100.001238844927613 0.500006193550206
0.053700000000000 0.999999999999115 0.399999999999644 0.000000000000142 100.001238844927371 0.500006193539352
0.053800000000000 0.999999999999115 0.399999999999643 0.000000000000144 100.001238844927116 0.500006193528880
0.053900000000000 0.999999999999114 0.399999999999643 0.000000000000146 100.001238844926945 0.500006193518964
0.054000000000000 0.999999999999112 0.399999999999642 0.000000000000148 100.001238844926917 0.500006193509880
0.054100000000000 0.999999999999111 0.399999999999641 0.000000000000149 100.001238844927002 0.500006193501590
0.054200000000000 0.999999999999106 0.399999999999641 0.000000000000150 100.001238844926391 0.500006193493941
0.054300000000000 0.999999999999105 0.399999999999640 0.000000000000153 100.001238844926462 0.500006193486969
0.054400000000000 0.999999999999103 0.399999999999639 0.000000000000152 100.001238844926377 0.500006193480975
0.054500000000000 0.999999999999104 0.399999999999639 0.000000000000154 100.001238844926206 0.500006193476008
0.054600000000000 0.999999999999101 0.399999999999638 0.000000000000155 100.001238844925837 0.500006193471897
0.054700000000000 0.999999999999099 0.399999999999638 0.000000000000156 100.001238844926149 0.500006193468886
0.054800000000000 0.999999999999097 0.399999999999637 0.000000000000157 100.001238844925638 0.500006193466929
0.054900000000000 0.999999999999095 0.399999999999637 0.000000000000158 100.001238844925552 0.500006193465928
0.055000000000000 0.999999999999096 0.399999999999635 0.000000000000158 100.001238844925425 0.500006193465768
0.055100000000000 0.999999999999093 0.399999999999635 0.000000000000158 100.001238844925254 0.500006193466363
0.055200000000000 0.999999999999092 0.399999999999634 0.000000000000159 100.001238844925055 0.500006193467793
0.055300000000000 0.999999999999089 0.399999999999635 0.000000000000159 100.001238844925027 0.500006193469919
0.055400000000000 0.999999999999090 0.399999999999633 0.000000000000161 100.001238844924643 0.500006193473042
0.055500000000000 0.999999999999088 0.399999999999633 0.000000000000162 100.001238844924487 0.500006193477046
0.055600000000000 0.999999999999085 0.399999999999632 0.000000000000161 100.001238844924188 0.500006193481829
0.055700000000000 0.999999999999085 0.399999999999632 0.000000000000161 100.001238844924188 0.500006193487688
0.055800000000000 0.999999999999084 0.399999999999632 0.000000000000161 100.001238844923961 0.500006193494717
0.055900000000000 0.999999999999080 0.399999999999630 0.000000000000162 100.001238844923847 0.500006193502698
0.056000000000000 0.999999999999078 0.399999999999630 0.000000000000163 100.001238844923776 0.500006193511334
0.056100000000000 0.999999999999075 0.399999999999629 0.000000000000162 100.001238844923591 0.500006193520589
0.056200000000000 0.999999999999075 0.399999999999629 0.000000000000162 100.001238844923336 0.500006193530277
0.056300000000000 0.999999999999074 0.399999999999628 0.000000000000163 100.001238844923236 0.500006193540691
0.056400000000000 0.999999999999072 0.399999999999627 0.000000000000164 100.001238844923108 0.500006193551892
0.056500000000000 0.999999999999070 0.399999999999627 0.000000000000164 100.001238844922824 0.500006193563832
0.056600000000000 0.999999999999071 0.399999999999626 0.000000000000164 100.001238844922710 0.500006193576482
0.056700000000000 0.999999999999066 0.399999999999625 0.000000000000163 100.001238844922554 0.500006193589633
0.056800000000000 0.999999999999065 0.399999999999625 0.000000000000162 100.001238844922426 0.500006193603078
0.056900000000000 0.999999999999063 0.399999999999624 0.000000000000162 100.001238844922170 0.500006193617119
0.057000000000000 0.999999999999061 0.399999999999624 0.000000000000162 100.001238844922142 0.500006193631883
0.057100000000000 0.999999999999060 0.399999999999623 0.000000000000161 100.001238844921843 0.500006193647070
0.057200000000000 0.999999999999055 0.399999999999623 0.000000000000160 100.001238844921374 0.500006193662370
0.057300000000000 0.999999999999056 0.399999999999622 0.000000000000159 100.001238844922000 0.500006193677841
0.057400000000000 0.999999999999054 0.399999999999620 0.000000000000157 100.001238844921517 0.500006193693566
0.057500000000000 0.999999999999053 0.399999999999620 0.000000000000158 100.001238844921915 0.500006193709486
0.057600000000000 0.999999999999052 0.399999999999620 0.000000000000158 100.001238844921062 0.500006193725555
0.057700000000000 0.999999999999049 0.399999999999619 0.000000000000156 100.001238844921005 0.500006193741821
0.057800000000000 0.999999999999048 0.399999999999618 0.000000000000154 100.001238844920550 0.500006193758366
0.057900000000000 0.999999999999049 0.399999999999617 0.000000000000154 100.001238844920593 0.500006193774983
0.058000000000000 0.999999999999046 0.399999999999617 0.000000000000152 100.001238844919868 0.500006193791568
0.058100000000000 0.999999999999042 0.399999999999616 0.000000000000150 100.001238844920323 0.500006193808091
0.058200000000000 0.999999999999044 0.399999999999616 0.000000000000149 100.001238844920692 0.500006193824326
0.058300000000000 0.999999999999039 0.399999999999615 0.000000000000149 100.001238844919854 0.500006193840309
0.058400000000000 0.999999999999039 0.399999999999615 0.000000000000146 100.001238844920266 0.500006193856230
0.058500000000000 0.999999999999039 0.399999999999614 0.000000000000144 100.001238844920181 0.500006193872040
0.058600000000000 0.999999999999036 0.399999999999613 0.000000000000142 100.001238844918646 0.500006193887666
0.058700000000000 0.999999999999034 0.399999999999613 0.000000000000140 100.001238844918788 0.500006193903049
0.058800000000000 0.999999999999031 0.399999999999612 0.000000000000137 100.001238844917921 0.500006193918184
0.058900000000000 0.999999999999032 0.399999999999611 0.000000000000135 100.001238844920294 0.500006193932994
0.059000000000000 0.999999999999029 0.399999999999611 0.000000000000133 100.001238844917978 0.500006193947356
0.059100000000000 0.999999999999027 0.399999999999610 0.000000000000130 100.001238844918532 0.500006193961361
0.059200000000000 0.999999999999026 0.399999999999610 0.000000000000130 100.001238844918376 0.500006193974912
0.059300000000000 0.999999999999026 0.399999999999610 0.000000000000128 100.001238844918248 0.500006193988078
0.059400000000000 0.999999999999022 0.399999999999609 0.000000000000126 100.001238844917765 0.500006194001013
0.059500000000000 0.999999999999021 0.399999999999608 0.000000000000123 100.001238844917353 0.500006194013583
0.059600000000000 0.999999999999017 0.399999999999607 0.000000000000120 100.001238844917083 0.500006194025631
0.059700000000000 0.999999999999014 0.399999999999607 0.000000000000118 100.001238844917339 0.500006194037251
0.059800000000000 0.999999999999015 0.399999999999606 0.000000000000115 100.001238844916941 0.500006194048480
0.059900000000000 0.999999999999015 0.399999999999606 0.000000000000113 100.001238844917225 0.500006194059133
0.060000000000000 0.999999999999011 0.399999999999605 0.000000000000110 100.001238844917168 0.500006194069228
0.060100000000000 0.999999999999011 0.399999999999604 0.000000000000107 100.001238844917083 0.500006194078855
0.060200000000000 0.999999999999011 0.399999999999603 0.000000000000105 100.001238844916855 0.500006194087974
0.060300000000000 0.999999999999007 0.399999999999603 0.000000000000103 100.001238844916656 0.500006194096531
0.060400000000000 0.999999999999002 0.399999999999603 0.000000000000100 100.001238844916486 0.500006194104572
0.060500000000000 0.999999999999006 0.399999999999602 0.000000000000097 100.001238844916401 0.500006194112115
0.060600000000000 0.999999999999004 0.399999999999601 0.000000000000093 100.001238844916145 0.500006194119211
0.060700000000000 0.999999999999002 0.399999999999601 0.000000000000090 100.001238844916088 0.500006194125902
0.060800000000000 0.999999999999001 0.399999999999600 0.000000000000087 100.001238844915704 0.500006194132173
0.060900000000000 0.999999999999000 0.399999999999599 0.000000000000084 100.001238844915534 0.500006194138077
0.061000000000000 0.999999999998996 0.399999999999598 0.000000000000080 100.001238844915605 0.500006194143662
0.061100000000000 0.999999999998996 0.399999999999598 0.000000000000077 100.001238844915576 0.500006194148954
0.061200000000000 0.999999999998994 0.399999999999597 0.000000000000073 100.001238844915093 0.500006194153982
0.061300000000000 0.999999999998993 0.399999999999597 0.000000000000071 100.001238844915207 0.500006194158684
0.061400000000000 0.999999999998992 0.399999999999596 0.000000000000068 100.001238844915179 0.500006194162942
0.061500000000000 0.999999999998992 0.399999999999596 0.000000000000065 100.001238844914539 0.500006194166711
0.061600000000000 0.999999999998986 0.399999999999595 0.000000000000062 100.001238844914511 0.500006194170183
0.061700000000000 0.999999999998984 0.399999999999594 0.000000000000058 100.001238844914639 0.500006194173259
0.061800000000000 0.999999999998984 0.399999999999594 0.000000000000054 100.001238844914752 0.500006194176019
0.061900000000000 0.999999999998982 0.399999999999593 0.000000000000050 100.001238844913544 0.500006194178533
0.062000000000000 0.999999999998982 0.399999999999592 0.000000000000045 100.001238844914752 0.500006194180713
0.062100000000000 0.999999999998978 0.399999999999591 0.000000000000042 100.001238844914354 0.500006194182572
0.062200000000000 0.999999999998978 0.399999999999591 0.000000000000039 100.001238844913104 0.500006194184101
0.062300000000000 0.999999999998976 0.399999999999591 0.000000000000036 100.001238844914582 0.500006194185432
0.062400000000000 0.999999999998975 0.399999999999590 0.000000000000032 100.001238844913260 0.500006194186569
0.062500000000000 0.999999999998974 0.399999999999589 0.000000000000029 100.001238844913118 0.500006194187436
0.062600000000000 0.999999999998970 0.399999999999589 0.000000000000025 100.001238844911953 0.500006194187977
0.062700000000000 0.999999999998968 0.399999999999588 0.000000000000022 100.001238844911725 0.500006194188285
0.062800000000000 0.999999999998968 0.399999999999587 0.000000000000018 100.001238844913772 0.500006194188372
0.062900000000000 0.999999999998965 0.399999999999586 0.000000000000014 100.001238844911384 0.500006194188172
0.063000000000000 0.999999999998964 0.399999999999586 0.000000000000009 100.001238844912280 0.500006194187711
0.063100000000000 0.999999999998963 0.399999999999586 0.000000000000006 100.001238844910958 0.500006194187045
0.063200000000000 0.999999999998964 0.399999999999584 0.000000000000002 100.001238844912081 0.500006194186250
0.063300000000000 0.999999999998958 0.399999999999584 -0.000000000000001 100.001238844912962 0.500006194185270
0.063400000000000 0.999999999998957 0.399999999999583 -0.000000000000004 100.001238844912280 0.500006194183991
0.063500000000000 0.999999999998956 0.399999999999582 -0.000000000000009 100.001238844910915 0.500006194182483
0.063600000000000 0.999999999998953 0.399999999999582 -0.000000000000015 100.001238844910887 0.500006194180689
0.063700000000000 0.999999999998952 0.399999999999581 -0.000000000000018 100.001238844910546 0.500006194178654
0.063800000000000 0.999999999998949 0.399999999999580 -0.000000000000022 100.001238844911512 0.500006194176318
0.063900000000000 0.999999999998949 0.399999999999580 -0.000000000000026 100.001238844911271 0.500006194173760
0.064000000000000 0.999999999998949 0.399999999999579 -0.000000000000029 100.001238844910617 0.500006194170943
0.064100000000000 0.999999999998945 0.399999999999578 -0.000000000000034 100.001238844910461 0.500006194167857
0.064200000000000 0.999999999998943 0.399999999999578 -0.000000000000039 100.001238844910375 0.500006194164473
0.064300000000000 0.999999999998942 0.399999999999577 -0.000000000000044 100.001238844910148 0.500006194160828
0.064400000000000 0.999999999998941 0.399999999999576 -0.000000000000047 100.001238844909835 0.500006194156760
0.064500000000000 0.999999999998940 0.399999999999576 -0.000000000000051 100.001238844909651 0.500006194152276
0.064600000000000 0.999999999998937 0.399999999999575 -0.000000000000054 100.001238844909693 0.500006194147517
0.064700000000000 0.999999999998935 0.399999999999575 -0.000000000000057 100.001238844909381 0.500006194142378
0.064800000000000 0.999999999998935 0.399999999999574 -0.000000000000061 100.001238844909210 0.500006194136847
0.064900000000000 0.999999999998933 0.399999999999573 -0.000000000000064 100.001238844909153 0.500006194130972
0.065000000000000 0.999999999998932 0.399999999999573 -0.000000000000066 100.001238844908997 0.500006194124660
0.065100000000000 0.999999999998931 0.399999999999572 -0.000000000000070 100.001238844908869 0.500006194117971
0.065200000000000 0.999999999998930 0.399999999999571 -0.000000000000072 100.001238844908713 0.500006194110859
0.065300000000000 0.999999999998928 0.399999999999571 -0.000000000000077 100.001238844908485 0.500006194103212
0.065400000000000 0.999999999998924 0.399999999999570 -0.000000000000081 100.001238844908329 0.500006194095084
0.065500000000000 0.999999999998923 0.399999999999569 -0.000000000000084 100.001238844908130 0.500006194086550
0.065600000000000 0.999999999998923 0.399999999999569 -0.000000000000087 100.001238844907974 0.500006194077543
0.065700000000000 0.999999999998921 0.399999999999568 -0.000000000000092 100.001238844907988 0.500006194068029
0.065800000000000 0.999999999998916 0.399999999999567 -0.000000000000095 100.001238844907618 0.500006194058040
0.065900000000000 0.999999999998914 0.399999999999567 -0.000000000000099 100.001238844907448 0.500006194047584
0.066000000000000 0.999999999998914 0.399999999999566 -0.000000000000102 100.001238844907363 0.500006194036824
0.066100000000000 0.999999999998912 0.399999999999565 -0.000000000000106 100.001238844907192 0.500006194025556
0.066200000000000 0.999999999998913 0.399999999999565 -0.000000000000109 100.001238844906965 0.500006194013642
0.066300000000000 0.999999999998908 0.399999999999564 -0.000000000000111 100.001238844906950 0.500006194001378
0.066400000000000 0.999999999998908 0.399999999999564 -0.000000000000115 100.001238844906766 0.500006193988659
0.066500000000000 0.999999999998907 0.399999999999563 -0.000000000000119 100.001238844906510 0.500006193975595
0.066600000000000 0.999999999998906 0.399999999999562 -0.000000000000122 100.001238844906325 0.500006193962279
0.066700000000000 0.999999999998902 0.399999999999562 -0.000000000000125 100.001238844906226 0.500006193948464
0.066800000000000 0.999999999998901 0.399999999999560 -0.000000000000129 100.001238844905970 0.500006193934142
0.066900000000000 0.999999999998899 0.399999999999560 -0.000000000000131 100.001238844905799 0.500006193919154
0.067000000000000 0.999999999998899 0.399999999999559 -0.000000000000134 100.001238844905714 0.500006193903725
0.067100000000000 0.999999999998897 0.399999999999558 -0.000000000000137 100.001238844905487 0.500006193888047
0.067200000000000 0.999999999998894 0.399999999999558 -0.000000000000142 100.001238844905345 0.500006193872152
0.067300000000000 0.999999999998894 0.399999999999557 -0.000000000000143 100.001238844905444 0.500006193856188
0.067400000000000 0.999999999998890 0.399999999999557 -0.000000000000147 100.001238844904918 0.500006193840098
0.067500000000000 0.999999999998890 0.399999999999556 -0.000000000000149 100.001238844904876 0.500006193823949
0.067600000000000 0.999999999998889 0.399999999999555 -0.000000000000151 100.001238844904975 0.500006193807819
0.067700000000000 0.999999999998887 0.399999999999555 -0.000000000000153 100.001238844904748 0.500006193791793
0.067800000000000 0.999999999998885 0.399999999999553 -0.000000000000155 100.001238844904293 0.500006193775844
0.067900000000000 0.999999999998883 0.399999999999553 -0.000000000000157 100.001238844904336 0.500006193759709
0.068000000000000 0.999999999998882 0.399999999999552 -0.000000000000160 100.001238844904023 0.500006193743522
0.068100000000000 0.999999999998881 0.399999999999552 -0.000000000000163 100.001238844904023 0.500006193727358
0.068200000000000 0.999999999998880 0.399999999999552 -0.000000000000165 100.001238844903369 0.500006193711094
0.068300000000000 0.999999999998876 0.399999999999551 -0.000000000000169 100.001238844903526 0.500006193694697
0.068400000000000 0.999999999998873 0.399999999999549 -0.000000000000171 100.001238844903241 0.500006193678266
0.068500000000000 0.999999999998873 0.399999999999549 -0.000000000000175 100.001238844903042 0.500006193662161
0.068600000000000 0.999999999998872 0.399999999999548 -0.000000000000177 100.001238844902730 0.500006193646554
0.068700000000000 0.999999999998871 0.399999999999547 -0.000000000000181 100.001238844902844 0.500006193631297
0.068800000000000 0.999999999998867 0.399999999999546 -0.000000000000184 100.001238844902389 0.500006193616553
0.068900000000000 0.999999999998867 0.399999999999546 -0.000000000000185 100.001238844902375 0.500006193602244
0.069000000000000 0.999999999998865 0.399999999999545 -0.000000000000188 100.001238844902417 0.500006193588401
0.069100000000000 0.999999999998860 0.399999999999545 -0.000000000000190 100.001238844902161 0.500006193575073
0.069200000000000 0.999999999998862 0.399999999999544 -0.000000000000192 100.001238844902019 0.500006193562404
0.069300000000000 0.999999999998858 0.399999999999543 -0.000000000000196 100.001238844901721 0.500006193550398
0.069400000000000 0.999999999998857 0.399999999999542 -0.000000000000197 100.001238844901366 0.500006193539235
0.069500000000000 0.999999999998857 0.399999999999542 -0.000000000000199 100.001238844901465 0.500006193528977
0.069600000000000 0.999999999998855 0.399999999999541 -0.000000000000201 100.001238844901167 0.500006193519557
0.069700000000000 0.999999999998852 0.399999999999540 -0.000000000000202 100.001238844901167 0.500006193510962
0.069800000000000 0.999999999998852 0.399999999999540 -0.000000000000204 100.001238844901181 0.500006193503023
0.069900000000000 0.999999999998851 0.399999999999539 -0.000000000000205 100.001238844900996 0.500006193495667
0.070000000000000 0.999999999998847 0.399999999999537 -0.000000000000208 100.001238844900669 0.500006193489192
0.070100000000000 0.999999999998846 0.399999999999538 -0.000000000000208 100.001238844900456 0.500006193483531
0.070200000000000 0.999999999998846 0.399999999999537 -0.000000000000211 100.001238844900470 0.500006193478640
0.070300000000000 0.999999999998843 0.399999999999536 -0.000000000000212 100.001238844900271 0.500006193474590
0.070400000000000 0.999999999998844 0.399999999999535 -0.000000000000212 100.001238844899632 0.500006193471502
0.070500000000000 0.999999999998841 0.399999999999535 -0.000000000000213 100.001238844899973 0.500006193469293
0.070600000000000 0.999999999998838 0.399999999999534 -0.000000000000214 100.001238844899717 0.500006193467831
0.070700000000000 0.999999999998834 0.399999999999533 -0.000000000000216 100.001238844899405 0.500006193467144
0.070800000000000 0.999999999998836 0.399999999999533 -0.000000000000217 100.001238844899262 0.500006193467451
0.070900000000000 0.999999999998831 0.399999999999532 -0.000000000000217 100.001238844899149 0.500006193468674
0.071000000000000 0.999999999998831 0.399999999999531 -0.000000000000218 100.001238844899106 0.500006193470692
0.071100000000000 0.999999999998832 0.399999999999530 -0.000000000000218 100.001238844898950 0.500006193473555
0.071200000000000 0.999999999998827 0.399999999999530 -0.000000000000218 100.001238844898566 0.500006193477422
0.071300000000000 0.999999999998827 0.399999999999528 -0.000000000000221 100.001238844898452 0.500006193482435
0.071400000000000 0.999999999998823 0.399999999999529 -0.000000000000221 100.001238844898353 0.500006193488453
0.071500000000000 0.999999999998821 0.399999999999528 -0.000000000000221 100.001238844898012 0.500006193495380
0.071600000000000 0.999999999998821 0.399999999999527 -0.000000000000221 100.001238844898268 0.500006193502869
0.071700000000000 0.999999999998819 0.399999999999526 -0.000000000000224 100.001238844897685 0.500006193511156
0.071800000000000 0.999999999998817 0.399999999999525 -0.000000000000223 100.001238844897841 0.500006193520450
0.071900000000000 0.999999999998816 0.399999999999524 -0.000000000000224 100.001238844897443 0.500006193530658
0.072000000000000 0.999999999998814 0.399999999999524 -0.000000000000225 100.001238844897216 0.500006193541708
0.072100000000000 0.999999999998813 0.399999999999523 -0.000000000000224 100.001238844896932 0.500006193553593
0.072200000000000 0.999999999998810 0.399999999999523 -0.000000000000224 100.001238844897088 0.500006193565769
0.072300000000000 0.999999999998810 0.399999999999522 -0.000000000000225 100.001238844896619 0.500006193578372
0.072400000000000 0.999999999998806 0.399999999999520 -0.000000000000226 100.001238844896591 0.500006193591605
0.072500000000000 0.999999999998805 0.399999999999520 -0.000000000000226 100.001238844896591 0.500006193605419
0.072600000000000 0.999999999998803 0.399999999999520 -0.000000000000226 100.001238844896278 0.500006193619842
0.072700000000000 0.999999999998802 0.399999999999519 -0.000000000000225 100.001238844895823 0.500006193634684
0.072800000000000 0.999999999998802 0.399999999999518 -0.000000000000225 100.001238844895980 0.500006193649923
0.072900000000000 0.999999999998799 0.399999999999518 -0.000000000000224 100.001238844894999 0.500006193665543
0.073000000000000 0.999999999998796 0.399999999999517 -0.000000000000224 100.001238844895653 0.500006193681427
0.073100000000000 0.999999999998796 0.399999999999516 -0.000000000000224 100.001238844896164 0.500006193697517
0.073200000000000 0.999999999998792 0.399999999999516 -0.000000000000223 100.001238844895354 0.500006193713633
0.073300000000000 0.999999999998791 0.399999999999515 -0.000000000000222 100.001238844894914 0.500006193729759
0.073400000000000 0.999999999998791 0.399999999999514 -0.000000000000222 100.001238844894374 0.500006193745874
0.073500000000000 0.999999999998790 0.399999999999513 -0.000000000000223 100.001238844895198 0.500006193762061
0.073600000000000 0.999999999998788 0.399999999999512 -0.000000000000221 100.001238844894019 0.500006193778077
0.073700000000000 0.999999999998785 0.399999999999512 -0.000000000000220 100.001238844893805 0.500006193793853
0.073800000000000 0.999999999998784 0.399999999999511 -0.000000000000220 100.001238844894715 0.500006193809654
0.073900000000000 0.999999999998780 0.399999999999510 -0.000000000000219 100.001238844894374 0.500006193825639
0.074000000000000 0.999999999998779 0.399999999999510 -0.000000000000218 100.001238844893663 0.500006193841659
0.074100000000000 0.999999999998777 0.399999999999509 -0.000000000000216 100.001238844892981 0.500006193857638
0.074200000000000 0.999999999998776 0.399999999999508 -0.000000000000215 100.001238844893095 0.500006193873558
0.074300000000000 0.999999999998776 0.399999999999507 -0.000000000000214 100.001238844893933 0.500006193889292
0.074400000000000 0.999999999998774 0.399999999999507 -0.000000000000213 100.001238844893251 0.500006193904627
0.074500000000000 0.999999999998771 0.399999999999507 -0.000000000000211 100.001238844893081 0.500006193919508
0.074600000000000 0.999999999998769 0.399999999999506 -0.000000000000209 100.001238844892839 0.500006193933959
0.074700000000000 0.999999999998768 0.399999999999505 -0.000000000000208 100.001238844892711 0.500006193948067
0.074800000000000 0.999999999998768 0.399999999999504 -0.000000000000205 100.001238844892498 0.500006193961857
0.074900000000000 0.999999999998766 0.399999999999503 -0.000000000000204 100.001238844892427 0.500006193975300
0.075000000000000 0.999999999998764 0.399999999999503 -0.000000000000200 100.001238844892271 0.500006193988434
0.075100000000000 0.999999999998762 0.399999999999502 -0.000000000000197 100.001238844892725 0.500006194001236
0.075200000000000 0.999999999998762 0.399999999999502 -0.000000000000194 100.001238844892470 0.500006194013555
0.075300000000000 0.999999999998759 0.399999999999501 -0.000000000000191 100.001238844891077 0.500006194025492
0.075400000000000 0.999999999998757 0.399999999999499 -0.000000000000189 100.001238844891105 0.500006194037055
0.075500000000000 0.999999999998756 0.399999999999499 -0.000000000000187 100.001238844892015 0.500006194048176
0.075600000000000 0.999999999998753 0.399999999999499 -0.000000000000185 100.001238844890864 0.500006194058839
0.075700000000000 0.999999999998751 0.399999999999498 -0.000000000000182 100.001238844891120 0.500006194069158
0.075800000000000 0.999999999998751 0.399999999999497 -0.000000000000179 100.001238844890679 0.500006194079063
0.075900000000000 0.999999999998748 0.399999999999496 -0.000000000000176 100.001238844890906 0.500006194088471
0.076000000000000 0.999999999998747 0.399999999999495 -0.000000000000174 100.001238844890480 0.500006194097416
0.076100000000000 0.999999999998745 0.399999999999495 -0.000000000000172 100.001238844889627 0.500006194105841
0.076200000000000 0.999999999998745 0.399999999999495 -0.000000000000170 100.001238844890040 0.500006194113768
0.076300000000000 0.999999999998741 0.399999999999494 -0.000000000000167 100.001238844889912 0.500006194121236
0.076400000000000 0.999999999998740 0.399999999999493 -0.000000000000165 100.001238844889869 0.500006194128057
0.076500000000000 0.999999999998740 0.399999999999492 -0.000000000000162 100.001238844889741 0.500006194134362
0.076600000000000 0.999999999998737 0.399999999999492 -0.000000000000158 100.001238844888945 0.500006194140300
0.076700000000000 0.999999999998737 0.399999999999491 -0.000000000000153 100.001238844888917 0.500006194145892
0.076800000000000 0.999999999998733 0.399999999999490 -0.000000000000149 100.001238844888775 0.500006194151018
0.076900000000000 0.999999999998733 0.399999999999489 -0.000000000000146 100.001238844889002 0.500006194155723
0.077000000000000 0.999999999998731 0.399999999999489 -0.000000000000142 100.001238844888860 0.500006194159983
0.077100000000000 0.999999999998732 0.399999999999489 -0.000000000000138 100.001238844889301 0.500006194163845
0.077200000000000 0.999999999998726 0.399999999999488 -0.000000000000136 100.001238844889087 0.500006194167405
0.077300000000000 0.999999999998726 0.399999999999487 -0.000000000000133 100.001238844887808 0.500006194170742
0.077400000000000 0.999999999998726 0.399999999999486 -0.000000000000129 100.001238844888675 0.500006194173772
0.077500000000000 0.999999999998722 0.399999999999486 -0.000000000000124 100.001238844887979 0.500006194176517
0.077600000000000 0.999999999998721 0.399999999999485 -0.000000000000122 100.001238844889002 0.500006194178945
0.077700000000000 0.999999999998717 0.399999999999484 -0.000000000000119 100.001238844887567 0.500006194181138
0.077800000000000 0.999999999998717 0.399999999999483 -0.000000000000117 100.001238844887666 0.500006194183019
0.077900000000000 0.999999999998716 0.399999999999483 -0.000000000000115 100.001238844887439 0.500006194184684
0.078000000000000 0.999999999998714 0.399999999999482 -0.000000000000112 100.001238844886785 0.500006194186143
0.078100000000000 0.999999999998713 0.399999999999482 -0.000000000000110 100.001238844886544 0.500006194187292
0.078200000000000 0.999999999998711 0.399999999999481 -0.000000000000107 100.001238844886331 0.500006194188286
0.078300000000000 0.999999999998710 0.399999999999480 -0.000000000000102 100.001238844887396 0.500006194189048
0.078400000000000 0.999999999998707 0.399999999999479 -0.000000000000099 100.001238844886004 0.500006194189551
0.078500000000000 0.999999999998706 0.399999999999478 -0.000000000000097 100.001238844886899 0.500006194189803
0.078600000000000 0.999999999998703 0.399999999999478 -0.000000000000092 100.001238844885791 0.500006194189758
0.078700000000000 0.999999999998701 0.399999999999478 -0.000000000000088 100.001238844886529 0.500006194189518
0.078800000000000 0.999999999998701 0.399999999999477 -0.000000000000083 100.001238844886473 0.500006194189055
0.078900000000000 0.999999999998700 0.399999999999476 -0.000000000000080 100.001238844885165 0.500006194188318
0.079000000000000 0.999999999998699 0.399999999999475 -0.000000000000076 100.001238844886046 0.500006194187326
0.079100000000000 0.999999999998695 0.399999999999474 -0.000000000000072 100.001238844885876 0.500006194186085
0.079200000000000 0.999999999998693 0.399999999999474 -0.000000000000068 100.001238844884710 0.500006194184581
0.079300000000000 0.999999999998693 0.399999999999473 -0.000000000000063 100.001238844884639 0.500006194182928
0.079400000000000 0.999999999998691 0.399999999999473 -0.000000000000059 100.001238844885506 0.500006194181015
0.079500000000000 0.999999999998690 0.399999999999472 -0.000000000000055 100.001238844885478 0.500006194178904
0.079600000000000 0.999999999998689 0.399999999999471 -0.000000000000051 100.001238844885165 0.500006194176571
0.079700000000000 0.999999999998685 0.399999999999471 -0.000000000000046 100.001238844884512 0.500006194173925
0.079800000000000 0.999999999998686 0.399999999999469 -0.000000000000043 100.001238844884284 0.500006194170923
0.079900000000000 0.999999999998683 0.399999999999470 -0.000000000000039 100.001238844884199 0.500006194167481
0.080000000000000 0.999999999998680 0.399999999999468 -0.000000000000035 100.001238844883986 0.500006194163756
0.080100000000000 0.999999999998681 0.399999999999468 -0.000000000000030 100.001238844883829 0.500006194159642
0.080200000000000 0.999999999998678 0.399999999999468 -0.000000000000028 100.001238844883773 0.500006194155197
0.080300000000000 0.999999999998675 0.399999999999467 -0.000000000000023 100.001238844883517 0.500006194150520
0.080400000000000 0.999999999998676 0.399999999999466 -0.000000000000018 100.001238844883289 0.500006194145554
0.080500000000000 0.999999999998673 0.399999999999465 -0.000000000000016 100.001238844883176 0.500006194140227
0.080600000000000 0.999999999998670 0.399999999999465 -0.000000000000012 100.001238844882991 0.500006194134501
0.080700000000000 0.999999999998668 0.399999999999464 -0.000000000000008 100.001238844882948 0.500006194128415
0.080800000000000 0.999999999998668 0.399999999999464 -0.000000000000003 100.001238844882636 0.500006194121794
0.080900000000000 0.999999999998668 0.399999999999463 0.000000000000001 100.001238844882451 0.500006194114800
0.081000000000000 0.999999999998664 0.399999999999462 0.000000000000006 100.001238844882209 0.500006194107241
0.081100000000000 0.999999999998663 0.399999999999462 0.000000000000009 100.001238844882238 0.500006194099191
0.081200000000000 0.999999999998661 0.399999999999461 0.000000000000012 100.001238844881925 0.500006194090628
0.081300000000000 0.999999999998657 0.399999999999460 0.000000000000017 100.001238844881726 0.500006194081480
0.081400000000000 0.999999999998659 0.399999999999460 0.000000000000021 100.001238844881684 0.500006194071800
0.081500000000000 0.999999999998656 0.399999999999459 0.000000000000024 100.001238844881414 0.500006194061728
0.081600000000000 0.999999999998655 0.399999999999459 0.000000000000027 100.001238844881243 0.500006194051136
0.081700000000000 0.999999999998654 0.399999999999458 0.000000000000031 100.001238844881101 0.500006194039958
0.081800000000000 0.999999999998653 0.399999999999457 0.000000000000034 100.001238844881073 0.500006194028193
0.081900000000000 0.999999999998648 0.399999999999457 0.000000000000037 100.001238844880902 0.500006194015985
0.082000000000000 0.999999999998649 0.399999999999456 0.000000000000041 100.001238844880689 0.500006194003541
0.082100000000000 0.999999999998647 0.399999999999455 0.000000000000044 100.001238844880561 0.500006193990730
0.082200000000000 0.999999999998647 0.399999999999455 0.000000000000047 100.001238844880419 0.500006193977545
0.082300000000000 0.999999999998645 0.399999999999454 0.000000000000050 100.001238844880277 0.500006193963934
0.082400000000000 0.999999999998643 0.399999999999454 0.000000000000053 100.001238844879964 0.500006193949902
0.082500000000000 0.999999999998642 0.399999999999453 0.000000000000056 100.001238844879879 0.500006193935450
0.082600000000000 0.999999999998637 0.399999999999452 0.000000000000060 100.001238844879765 0.500006193920737
0.082700000000000 0.999999999998637 0.399999999999452 0.000000000000062 100.001238844879410 0.500006193905777
0.082800000000000 0.999999999998636 0.399999999999451 0.000000000000066 100.001238844879410 0.500006193890573
0.082900000000000 0.999999999998631 0.399999999999450 0.000000000000069 100.001238844879254 0.500006193875085
0.083000000000000 0.999999999998631 0.399999999999449 0.000000000000072 100.001238844878984 0.500006193859192
0.083100000000000 0.999999999998631 0.399999999999449 0.000000000000074 100.001238844878785 0.500006193843104
0.083200000000000 0.999999999998628 0.399999999999448 0.000000000000077 100.001238844878827 0.500006193826880
0.083300000000000 0.999999999998627 0.399999999999447 0.000000000000081 100.001238844878827 0.500006193810534
0.083400000000000 0.999999999998624 0.399999999999446 0.000000000000084 100.001238844878344 0.500006193794039
0.083500000000000 0.999999999998621 0.399999999999446 0.000000000000088 100.001238844878188 0.500006193777595
0.083600000000000 0.999999999998621 0.399999999999445 0.000000000000090 100.001238844878088 0.500006193761338
0.083700000000000 0.999999999998621 0.399999999999444 0.000000000000093 100.001238844877577 0.500006193745153
0.083800000000000 0.999999999998618 0.399999999999444 0.000000000000097 100.001238844877548 0.500006193728994
0.083900000000000 0.999999999998617 0.399999999999443 0.000000000000099 100.001238844877506 0.500006193712970
0.084000000000000 0.999999999998616 0.399999999999443 0.000000000000102 100.001238844877179 0.500006193697142
0.084100000000000 0.999999999998612 0.399999999999442 0.000000000000105 100.001238844877037 0.500006193681633
0.084200000000000 0.999999999998612 0.399999999999441 0.000000000000107 100.001238844876838 0.500006193666412
0.084300000000000 0.999999999998609 0.399999999999441 0.000000000000109 100.001238844876625 0.500006193651255
0.084400000000000 0.999999999998608 0.399999999999440 0.000000000000113 100.001238844876625 0.500006193636351
0.084500000000000 0.999999999998605 0.399999999999440 0.000000000000115 100.001238844876553 0.500006193621866
0.084600000000000 0.999999999998604 0.399999999999439 0.000000000000116 100.001238844876383 0.500006193607729
0.084700000000000 0.999999999998603 0.399999999999438 0.000000000000120 100.001238844875871 0.500006193594031
0.084800000000000 0.999999999998601 0.399999999999437 0.000000000000122 100.001238844876028 0.500006193580884
0.084900000000000 0.999999999998599 0.399999999999437 0.000000000000124 100.001238844875672 0.500006193568282
0.085000000000000 0.999999999998596 0.399999999999436 0.000000000000127 100.001238844875445 0.500006193556320
0.085100000000000 0.999999999998596 0.399999999999435 0.000000000000129 100.001238844875132 0.500006193545025
0.085200000000000 0.999999999998593 0.399999999999435 0.000000000000133 100.001238844875246 0.500006193534080
0.085300000000000 0.999999999998590 0.399999999999434 0.000000000000135 100.001238844874877 0.500006193523571
0.085400000000000 0.999999999998591 0.399999999999433 0.000000000000137 100.001238844874933 0.500006193513754
0.085500000000000 0.999999999998587 0.399999999999433 0.000000000000136 100.001238844874791 0.500006193504808
0.085600000000000 0.999999999998586 0.399999999999432 0.000000000000138 100.001238844874678 0.500006193496882
0.085700000000000 0.999999999998584 0.399999999999431 0.000000000000141 100.001238844874280 0.500006193490011
0.085800000000000 0.999999999998585 0.399999999999430 0.000000000000143 100.001238844874280 0.500006193484408
0.085900000000000 0.999999999998584 0.399999999999430 0.000000000000144 100.001238844874166 0.500006193479824
0.086000000000000 0.999999999998580 0.399999999999429 0.000000000000147 100.001238844873697 0.500006193476126
0.086100000000000 0.999999999998578 0.399999999999428 0.000000000000148 100.001238844873768 0.500006193473399
0.086200000000000 0.999999999998576 0.399999999999428 0.000000000000151 100.001238844873512 0.500006193471556
0.086300000000000 0.999999999998575 0.399999999999427 0.000000000000152 100.001238844873455 0.500006193470484
0.086400000000000 0.999999999998572 0.399999999999427 0.000000000000153 100.001238844873171 0.500006193470198
0.086500000000000 0.999999999998571 0.399999999999426 0.000000000000155 100.001238844872944 0.500006193470768
0.086600000000000 0.999999999998569 0.399999999999426 0.000000000000156 100.001238844872518 0.500006193472197
0.086700000000000 0.999999999998567 0.399999999999425 0.000000000000158 100.001238844872773 0.500006193474528
0.086800000000000 0.999999999998566 0.399999999999424 0.000000000000158 100.001238844872475 0.500006193477944
0.086900000000000 0.999999999998565 0.399999999999424 0.000000000000158 100.001238844872503 0.500006193482479
0.087000000000000 0.999999999998564 0.399999999999423 0.000000000000159 100.001238844872006 0.500006193487809
0.087100000000000 0.999999999998561 0.399999999999422 0.000000000000159 100.001238844871764 0.500006193493577
0.087200000000000 0.999999999998558 0.399999999999422 0.000000000000159 100.001238844871949 0.500006193500047
0.087300000000000 0.999999999998558 0.399999999999421 0.000000000000161 100.001238844871665 0.500006193507486
0.087400000000000 0.999999999998555 0.399999999999421 0.000000000000162 100.001238844871494 0.500006193515867
0.087500000000000 0.999999999998555 0.399999999999420 0.000000000000162 100.001238844871409 0.500006193524988
0.087600000000000 0.999999999998554 0.399999999999420 0.000000000000163 100.001238844871224 0.500006193534696
0.087700000000000 0.999999999998549 0.399999999999419 0.000000000000164 100.001238844870841 0.500006193544964
0.087800000000000 0.999999999998550 0.399999999999418 0.000000000000164 100.001238844871011 0.500006193555728
0.087900000000000 0.999999999998547 0.399999999999418 0.000000000000163 100.001238844870784 0.500006193566964
0.088000000000000 0.999999999998547 0.399999999999417 0.000000000000163 100.001238844870500 0.500006193578879
0.088100000000000 0.999999999998547 0.399999999999416 0.000000000000164 100.001238844870514 0.500006193591506
0.088200000000000 0.999999999998545 0.399999999999416 0.000000000000163 100.001238844870187 0.500006193604815
0.088300000000000 0.999999999998544 0.399999999999415 0.000000000000163 100.001238844870102 0.500006193618586
0.088400000000000 0.999999999998543 0.399999999999415 0.000000000000164 100.001238844869789 0.500006193632959
0.088500000000000 0.999999999998541 0.399999999999414 0.000000000000163 100.001238844869903 0.500006193647851
0.088600000000000 0.999999999998538 0.399999999999413 0.000000000000163 100.001238844870500 0.500006193663147
0.088700000000000 0.999999999998536 0.399999999999413 0.000000000000163 100.001238844869050 0.500006193678738
0.088800000000000 0.999999999998534 0.399999999999412 0.000000000000162 100.001238844868936 0.500006193694629
0.088900000000000 0.999999999998535 0.399999999999412 0.000000000000161 100.001238844869775 0.500006193710862
0.089000000000000 0.999999999998531 0.399999999999411 0.000000000000160 100.001238844868482 0.500006193727335
0.089100000000000 0.999999999998526 0.399999999999411 0.000000000000160 100.001238844868624 0.500006193743758
0.089200000000000 0.999999999998528 0.399999999999410 0.000000000000160 100.001238844868482 0.500006193760030
0.089300000000000 0.999999999998525 0.399999999999409 0.000000000000159 100.001238844868666 0.500006193776330
0.089400000000000 0.999999999998524 0.399999999999409 0.000000000000159 100.001238844867515 0.500006193792590
0.089500000000000 0.999999999998523 0.399999999999408 0.000000000000158 100.001238844868595 0.500006193808786
0.089600000000000 0.999999999998520 0.399999999999407 0.000000000000156 100.001238844868084 0.500006193824896
0.089700000000000 0.999999999998518 0.399999999999406 0.000000000000155 100.001238844868595 0.500006193840763
0.089800000000000 0.999999999998519 0.399999999999406 0.000000000000154 100.001238844867601 0.500006193856489
0.089900000000000 0.999999999998517 0.399999999999406 0.000000000000154 100.001238844866720 0.500006193872150
0.090000000000000 0.999999999998515 0.399999999999405 0.000000000000153 100.001238844867004 0.500006193887621
0.090100000000000 0.999999999998513 0.399999999999404 0.000000000000151 100.001238844867117 0.500006193902889
0.090200000000000 0.999999999998510 0.399999999999403 0.000000000000150 100.001238844866776 0.500006193918041
0.090300000000000 0.999999999998510 0.399999999999403 0.000000000000150 100.001238844866620 0.500006193933021
0.090400000000000 0.999999999998506 0.399999999999402 0.000000000000149 100.001238844866833 0.500006193947794
0.090500000000000 0.999999999998506 0.399999999999401 0.000000000000147 100.001238844866663 0.500006193962179
0.090600000000000 0.999999999998504 0.399999999999401 0.000000000000146 100.001238844866606 0.500006193976079
0.090700000000000 0.999999999998501 0.399999999999400 0.000000000000145 100.001238844867402 0.500006193989569
0.090800000000000 0.999999999998502 0.399999999999400 0.000000000000144 100.001238844865355 0.500006194002538
0.090900000000000 0.999999999998500 0.399999999999399 0.000000000000142 100.001238844865668 0.500006194015088
0.091000000000000 0.999999999998497 0.399999999999398 0.000000000000139 100.001238844865142 0.500006194027204
0.091100000000000 0.999999999998498 0.399999999999397 0.000000000000137 100.001238844864787 0.500006194039011
0.091200000000000 0.999999999998494 0.399999999999397 0.000000000000133 100.001238844865071 0.500006194050344
0.091300000000000 0.999999999998492 0.399999999999396 0.000000000000131 100.001238844864844 0.500006194061246
0.091400000000000 0.999999999998490 0.399999999999395 0.000000000000131 100.001238844864929 0.500006194071583
0.091500000000000 0.999999999998489 0.399999999999395 0.000000000000129 100.001238844864559 0.500006194081336
0.091600000000000 0.999999999998485 0.399999999999394 0.000000000000127 100.001238844864474 0.500006194090587
0.091700000000000 0.999999999998484 0.399999999999393 0.000000000000125 100.001238844864446 0.500006194099347
0.091800000000000 0.999999999998482 0.399999999999393 0.000000000000124 100.001238844863565 0.500006194107508
0.091900000000000 0.999999999998482 0.399999999999392 0.000000000000122 100.001238844864559 0.500006194115108
0.092000000000000 0.999999999998480 0.399999999999392 0.000000000000120 100.001238844863408 0.500006194122305
0.092100000000000 0.999999999998479 0.399999999999391 0.000000000000119 100.001238844863906 0.500006194129163
0.092200000000000 0.999999999998478 0.399999999999390 0.000000000000117 100.001238844863536 0.500006194135706
0.092300000000000 0.999999999998477 0.399999999999390 0.000000000000114 100.001238844863451 0.500006194141868
0.092400000000000 0.999999999998474 0.399999999999389 0.000000000000111 100.001238844863138 0.500006194147541
0.092500000000000 0.999999999998472 0.399999999999389 0.000000000000108 100.001238844863110 0.500006194152681
0.092600000000000 0.999999999998470 0.399999999999388 0.000000000000104 100.001238844862939 0.500006194157424
0.092700000000000 0.999999999998469 0.399999999999388 0.000000000000102 100.001238844862726 0.500006194161793
0.092800000000000 0.999999999998467 0.399999999999387 0.000000000000099 100.001238844862613 0.500006194165809
0.092900000000000 0.999999999998466 0.399999999999386 0.000000000000095 100.001238844862399 0.500006194169459
0.093000000000000 0.999999999998464 0.399999999999386 0.000000000000091 100.001238844862129 0.500006194172732
0.093100000000000 0.999999999998461 0.399999999999385 0.000000000000088 100.001238844862158 0.500006194175678
0.093200000000000 0.999999999998461 0.399999999999385 0.000000000000084 100.001238844862570 0.500006194178220
0.093300000000000 0.999999999998460 0.399999999999383 0.000000000000079 100.001238844861234 0.500006194180539
0.093400000000000 0.999999999998458 0.399999999999383 0.000000000000077 100.001238844860893 0.500006194182596
0.093500000000000 0.999999999998456 0.399999999999382 0.000000000000075 100.001238844860765 0.500006194184443
0.093600000000000 0.999999999998457 0.399999999999382 0.000000000000072 100.001238844861618 0.500006194186045
0.093700000000000 0.999999999998453 0.399999999999381 0.000000000000068 100.001238844860353 0.500006194187463
0.093800000000000 0.999999999998450 0.399999999999380 0.000000000000065 100.001238844861149 0.500006194188677
0.093900000000000 0.999999999998449 0.399999999999379 0.000000000000061 100.001238844859529 0.500006194189671
0.094000000000000 0.999999999998448 0.399999999999379 0.000000000000057 100.001238844861518 0.500006194190418
0.094100000000000 0.999999999998447 0.399999999999378 0.000000000000054 100.001238844859657 0.500006194190913
0.094200000000000 0.999999999998444 0.399999999999378 0.000000000000051 100.001238844859245 0.500006194191198
0.094300000000000 0.999999999998445 0.399999999999377 0.000000000000048 100.001238844860353 0.500006194191319
0.094400000000000 0.999999999998441 0.399999999999377 0.000000000000045 100.001238844860950 0.500006194191179
0.094500000000000 0.999999999998440 0.399999999999376 0.000000000000041 100.001238844860978 0.500006194190824
0.094600000000000 0.999999999998437 0.399999999999375 0.000000000000038 100.001238844860893 0.500006194190213
0.094700000000000 0.999999999998438 0.399999999999374 0.000000000000033 100.001238844860467 0.500006194189387
0.094800000000000 0.999999999998434 0.399999999999374 0.000000000000028 100.001238844859998 0.500006194188351
0.094900000000000 0.999999999998434 0.399999999999373 0.000000000000024 100.001238844859728 0.500006194187042
0.095000000000000 0.999999999998430 0.399999999999373 0.000000000000020 100.001238844859387 0.500006194185478
0.095100000000000 0.999999999998429 0.399999999999372 0.000000000000018 100.001238844858449 0.500006194183679
0.095200000000000 0.999999999998428 0.399999999999371 0.000000000000014 100.001238844859145 0.500006194181640
0.095300000000000 0.999999999998427 0.399999999999371 0.000000000000010 100.001238844857880 0.500006194179281
0.095400000000000 0.999999999998428 0.399999999999371 0.000000000000006 100.001238844858364 0.500006194176553
0.095500000000000 0.999999999998424 0.399999999999369 0.000000000000001 100.001238844858094 0.500006194173547
0.095600000000000 0.999999999998423 0.399999999999369 -0.000000000000002 100.001238844858037 0.500006194170152
0.095700000000000 0.999999999998420 0.399999999999368 -0.000000000000005 100.001238844857880 0.500006194166515
0.095800000000000 0.999999999998420 0.399999999999368 -0.000000000000009 100.001238844857625 0.500006194162458
0.095900000000000 0.999999999998415 0.399999999999367 -0.000000000000013 100.001238844857411 0.500006194158063
0.096000000000000 0.999999999998413 0.399999999999366 -0.000000000000019 100.001238844857255 0.500006194153237
0.096100000000000 0.999999999998414 0.399999999999365 -0.000000000000022 100.001238844857141 0.500006194148011
0.096200000000000 0.999999999998411 0.399999999999365 -0.000000000000027 100.001238844856900 0.500006194142306
0.096300000000000 0.999999999998408 0.399999999999364 -0.000000000000031 100.001238844856829 0.500006194136217
0.096400000000000 0.999999999998408 0.399999999999364 -0.000000000000036 100.001238844856545 0.500006194129792
0.096500000000000 0.999999999998404 0.399999999999363 -0.000000000000040 100.001238844856402 0.500006194123071
0.096600000000000 0.999999999998405 0.399999999999362 -0.000000000000045 100.001238844856232 0.500006194115978
0.096700000000000 0.999999999998403 0.399999999999362 -0.000000000000049 100.001238844856218 0.500006194108548
0.096800000000000 0.999999999998401 0.399999999999361 -0.000000000000052 100.001238844856061 0.500006194100669
0.096900000000000 0.999999999998399 0.399999999999360 -0.000000000000056 100.001238844855862 0.500006194092407
0.097000000000000 0.999999999998399 0.399999999999360 -0.000000000000061 100.001238844855607 0.500006194083708
0.097100000000000 0.999999999998396 0.399999999999359 -0.000000000000065 100.001238844855408 0.500006194074456
0.097200000000000 0.999999999998395 0.399999999999359 -0.000000000000069 100.001238844855266 0.500006194064638
0.097300000000000 0.999999999998391 0.399999999999358 -0.000000000000075 100.001238844855123 0.500006194054204
0.097400000000000 0.999999999998391 0.399999999999357 -0.000000000000078 100.001238844854939 0.500006194043329
0.097500000000000 0.999999999998390 0.399999999999356 -0.000000000000084 100.001238844854655 0.500006194032102
0.097600000000000 0.999999999998388 0.399999999999355 -0.000000000000089 100.001238844854555 0.500006194020532
0.097700000000000 0.999999999998386 0.399999999999355 -0.000000000000094 100.001238844854498 0.500006194008489
0.097800000000000 0.999999999998383 0.399999999999354 -0.000000000000097 100.001238844854257 0.500006193995872
0.097900000000000 0.999999999998385 0.399999999999353 -0.000000000000102 100.001238844854186 0.500006193982640
0.098000000000000 0.999999999998382 0.399999999999353 -0.000000000000106 100.001238844854015 0.500006193968896
0.098100000000000 0.999999999998380 0.399999999999352 -0.000000000000110 100.001238844853816 0.500006193954777
0.098200000000000 0.999999999998379 0.399999999999352 -0.000000000000114 100.001238844853503 0.500006193940248
0.098300000000000 0.999999999998375 0.399999999999351 -0.000000000000118 100.001238844853418 0.500006193925390
0.098400000000000 0.999999999998374 0.399999999999350 -0.000000000000121 100.001238844853319 0.500006193910252
0.098500000000000 0.999999999998373 0.399999999999350 -0.000000000000125 100.001238844853091 0.500006193894863
0.098600000000000 0.999999999998374 0.399999999999349 -0.000000000000128 100.001238844853134 0.500006193879257
0.098700000000000 0.999999999998371 0.399999999999348 -0.000000000000133 100.001238844852878 0.500006193863427
0.098800000000000 0.999999999998369 0.399999999999347 -0.000000000000138 100.001238844852736 0.500006193847551
0.098900000000000 0.999999999998365 0.399999999999347 -0.000000000000141 100.001238844852438 0.500006193831641
0.099000000000000 0.999999999998365 0.399999999999346 -0.000000000000145 100.001238844852395 0.500006193815557
0.099100000000000 0.999999999998364 0.399999999999345 -0.000000000000149 100.001238844852182 0.500006193799381
0.099200000000000 0.999999999998361 0.399999999999344 -0.000000000000153 100.001238844852054 0.500006193783302
0.099300000000000 0.999999999998358 0.399999999999344 -0.000000000000157 100.001238844851770 0.500006193766950
0.099400000000000 0.999999999998357 0.399999999999343 -0.000000000000158 100.001238844851756 0.500006193750198
0.099500000000000 0.999999999998356 0.399999999999343 -0.000000000000162 100.001238844851315 0.500006193733447
0.099600000000000 0.999999999998354 0.399999999999342 -0.000000000000164 100.001238844851542 0.500006193716925
0.099700000000000 0.999999999998354 0.399999999999342 -0.000000000000168 100.001238844851059 0.500006193700444
0.099800000000000 0.999999999998353 0.399999999999341 -0.000000000000172 100.001238844850974 0.500006193684101
0.099900000000000 0.999999999998351 0.399999999999341 -0.000000000000175 100.001238844850974 0.500006193668046
0.100000000000000 0.999999999998350 0.399999999999340 -0.000000000000179 100.001238844850889 0.500006193652390
0.100100000000000 0.999999999998348 0.400000499866212 0.004999045057307 100.001238844850633 0.500006193639192
0.100200000000000 0.999999999998345 0.400001999267135 0.009996090288323 100.001238844850548 0.500006193630497
0.100300000000000 0.999999999998345 0.400004497602518 0.014989139585924 100.001238844850377 0.500006193626110
0.100400000000000 0.999999999998344 0.400007993873349 0.019976193163341 100.001238844850135 0.500006193626580
0.100500000000000 0.999999999998342 0.400012486681296 0.024955258480550 100.001238844850008 0.500006193631691
0.100600000000000 0.999999999998340 0.400017974229604 0.029924343057694 100.001238844850064 0.500006193641711
0.100700000000000 0.999999999998338 0.400024454323635 0.034881460359792 100.001238844849922 0.500006193656389
0.100800000000000 0.999999999998337 0.400031924372255 0.039824632232161 100.001238844849496 0.500006193674232
0.100900000000000 0.999999999998335 0.400040381388129 0.044751873269682 100.001238844849325 0.500006193698770
0.101000000000000 0.999999999998333 0.400049821989200 0.049661222331161 100.001238844849397 0.500006193726063
0.101100000000000 0.999999999998331 0.400060242400300 0.054550708498746 100.001238844849098 0.500006193759873
0.101200000000000 0.999999999998332 0.400071638453915 0.059418379496408 100.001238844849013 0.500006193798789
0.101300000000000 0.999999999998328 0.400084005592908 0.064262291004286 100.001238844848686 0.500006193841374
0.101400000000000 0.999999999998328 0.400097338871413 0.069080499276439 100.001238844848814 0.500006193891949
0.101500000000000 0.999999999998326 0.400111632957158 0.073871084359614 100.001238844848586 0.500006193945855
0.101600000000000 0.999999999998326 0.400126882134564 0.078632132746336 100.001238844848089 0.500006194001271
0.101700000000000 0.999999999998324 0.400143080305592 0.083361732587623 100.001238844848174 0.500006194064337
0.101800000000000 0.999999999998322 0.400160220992288 0.088057996581269 100.001238844848046 0.500006194131966
0.101900000000000 0.999999999998319 0.400178297339804 0.092719042514225 100.001238844847734 0.500006194207885
0.102000000000000 0.999999999998319 0.400197302118638 0.097343006096050 100.001238844847819 0.500006194292557
0.102100000000000 0.999999999998317 0.400217227729377 0.101928052869845 100.001238844847464 0.500006194371617
0.102200000000000 0.999999999998318 0.400238066204049 0.106472330225106 100.001238844847677 0.500006194464084
0.102300000000000 0.999999999998314 0.400259809208299 0.110974027299103 100.001238844847563 0.500006194563678
0.102400000000000 0.999999999998313 0.400282448046409 0.115431340800106 100.001238844847080 0.500006194673873
0.102500000000000 0.999999999998312 0.400305973663929 0.119842485859251 100.001238844846910 0.500006194797662
0.102600000000000 0.999999999998311 0.400330376654457 0.124205729716205 100.001238844847023 0.500006194897341
0.102700000000000 0.999999999998308 0.400355647261356 0.128519301378737 100.001238844846739 0.500006195004084
0.102800000000000 0.999999999998307 0.400381775379279 0.132781483177267 100.001238844846540 0.500006195108699
0.102900000000000 0.999999999998303 0.400408750558950 0.136990553647121 100.001238844846625 0.500006195233959
0.103000000000000 0.999999999998303 0.400436562010246 0.141144826820711 100.001238844846426 0.500006195384470
0.103100000000000 0.999999999998303 0.400465198610310 0.145242660879845 100.001238844846128 0.500006195533283
0.103200000000000 0.999999999998302 0.400494648906964 0.149282402603582 100.001238844845886 0.500006195701033
0.103300000000000 0.999999999998299 0.400524901123925 0.153262466260852 100.001238844845901 0.500006195843482
0.103400000000000 0.999999999998298 0.400555943163251 0.157181218556980 100.001238844845773 0.500006196023621
0.103500000000000 0.999999999998295 0.400587762610976 0.161037133575236 100.001238844845687 0.500006196177476
0.103600000000000 0.999999999998294 0.400620346743499 0.164828640654882 100.001238844845446 0.500006196350281
0.103700000000000 0.999999999998294 0.400653682530254 0.168554239578669 100.001238844845147 0.500006196515982
0.103800000000000 0.999999999998292 0.400687756641096 0.172212435762450 100.001238844844963 0.500006196682026
0.103900000000000 0.999999999998292 0.400722555447847 0.175801742041822 100.001238844844977 0.500006196890540
0.104000000000000 0.999999999998288 0.400758065034516 0.179320768547276 100.001238844844949 0.500006197061949
0.104100000000000 0.999999999998288 0.400794271202517 0.182768078184979 100.001238844844721 0.500006197248712
0.104200000000000 0.999999999998286 0.400831159472759 0.186142302735988 100.001238844844551 0.500006197432046
0.104300000000000 0.999999999998284 0.400868715093704 0.189442085925839 100.001238844844409 0.500006197624595
0.104400000000000 0.999999999998283 0.400906923046547 0.192666111155607 100.001238844844138 0.500006197820826
0.104500000000000 0.999999999998282 0.400945768051289 0.195813082862510 100.001238844844636 0.500006198032835
0.104600000000000 0.999999999998280 0.400985234572708 0.198881744186052 100.001238844843996 0.500006198257595
0.104700000000000 0.999999999998276 0.401025306826498 0.201870860807635 100.001238844843769 0.500006198509587
0.104800000000000 0.999999999998277 0.401065968790744 0.204779291518380 100.001238844843513 0.500006198679197
0.104900000000000 0.999999999998274 0.401107204208412 0.207605825557434 100.001238844843584 0.500006198862422
0.105000000000000 0.999999999998275 0.401148996585331 0.210349301589220 100.001238844844437 0.500006199124307
0.105100000000000 0.999999999998273 0.401191329205320 0.213008661562082 100.001238844843272 0.500006199383842
0.105200000000000 0.999999999998272 0.401234185142203 0.215582863454353 100.001238844843087 0.500006199594716
0.105300000000000 0.999999999998267 0.401277547259203 0.218070842519316 100.001238844843130 0.500006199832336
0.105400000000000 0.999999999998267 0.401321398210698 0.220471574567031 100.001238844842931 0.500006200161190
0.105500000000000 0.999999999998267 0.401365720455356 0.222784127317876 100.001238844842717 0.500006200521272
0.105600000000000 0.999999999998265 0.401410496271783 0.225007632889937 100.001238844843073 0.500006200785439
0.105700000000000 0.999999999998263 0.401455707760141 0.227141174261007 100.001238844842575 0.500006201014789
0.105800000000000 0.999999999998264 0.401501336835108 0.229183810563258 100.001238844842788 0.500006201408606
0.105900000000000 0.999999999998261 0.401547365246098 0.231134833432723 100.001238844842220 0.500006201719673
0.106000000000000 0.999999999998259 0.401593774589395 0.232993420010506 100.001238844842476 0.500006202045482
0.106100000000000 0.999999999998257 0.401640546305043 0.234758828559392 100.001238844842490 0.500006202382506
0.106200000000000 0.999999999998257 0.401687661692199 0.236430393180651 100.001238844841879 0.500006202636231
0.106300000000000 0.999999999998254 0.401735101913927 0.238007418132409 100.001238844841367 0.500006202870236
0.106400000000000 0.999999999998253 0.401782847999714 0.239489263438742 100.001238844841836 0.500006203106468
0.106500000000000 0.999999999998251 0.401830880854836 0.240875326729544 100.001238844841168 0.500006203368356
0.106600000000000 0.999999999998252 0.401879181268772 0.242165052255559 100.001238844841055 0.500006203659662
0.106700000000000 0.999999999998249 0.401927729924213 0.243357928245197 100.001238844841495 0.500006203970835
0.106800000000000 0.999999999998249 0.401976507401898 0.244453446584478 100.001238844841339 0.500006204377709
0.106900000000000 0.999999999998245 0.402025494193880 0.245451228319293 100.001238844841197 0.500006204735929
0.107000000000000 0.999999999998245 0.402074670717209 0.246350903114695 100.001238844840543 0.500006204974495
0.107100000000000 0.999999999998243 0.402124017306581 0.247152016151410 100.001238844839833 0.500006205327067
0.107200000000000 0.999999999998243 0.402173514220666 0.247854262197177 100.001238844839676 0.500006205756732
0.107300000000000 0.999999999998239 0.402223141665522 0.248457421338061 100.001238844840003 0.500006206112456
0.107400000000000 0.999999999998239 0.402272879798687 0.248961228313625 100.001238844839946 0.500006206453692
0.107500000000000 0.999999999998236 0.402322708729865 0.249365469593070 100.001238844839719 0.500006206810245
0.107600000000000 0.999999999998234 0.402372608537119 0.249670044049216 100.001238844839506 0.500006207031024
0.107700000000000 0.999999999998235 0.402422559262438 0.249874689405846 100.001238844839548 0.500006207466624
0.107800000000000 0.999999999998232 0.402472540917773 0.249979365680386 100.001238844839321 0.500006208012436
0.107900000000000 0.999999999998231 0.402522533518371 0.249984149056940 100.001238844839222 0.500006208373178
0.108000000000000 0.999999999998228 0.402572517082004 0.249888988999664 100.001238844838880 0.500006208670318
0.108100000000000 0.999999999998227 0.402622471624622 0.249693917544251 100.001238844838738 0.500006208918939
0.108200000000000 0.999999999998228 0.402672377173469 0.249399015654750 100.001238844838667 0.500006209111664
0.108300000000000 0.999999999998223 0.402722213768735 0.249004330748363 100.001238844838710 0.500006209424397
0.108400000000000 0.999999999998224 0.402771961468790 0.248509995694018 100.001238844838326 0.500006209918615
0.108500000000000 0.999999999998220 0.402821600375594 0.247916315784369 100.001238844838241 0.500006210326343
0.108600000000000 0.999999999998221 0.402871110640002 0.247223475839494 100.001238844838070 0.500006210777936
0.108700000000000 0.999999999998219 0.402920472456700 0.246431726530004 100.001238844837971 0.500006211338171
0.108800000000000 0.999999999998217 0.402969666089215 0.245541507098679 100.001238844837189 0.500006211704352
0.108900000000000 0.999999999998215 0.403018671869830 0.244553066499232 100.001238844838269 0.500006212140197
0.109000000000000 0.999999999998214 0.403067470202471 0.243466871998583 100.001238844836934 0.500006212469243
0.109100000000000 0.999999999998212 0.403116041579578 0.242283341494198 100.001238844837943 0.500006212732423
0.109200000000000 0.999999999998212 0.403164366574600 0.241002865415409 100.001238844836777 0.500006213130474
0.109300000000000 0.999999999998209 0.403212425858796 0.239626034016488 100.001238844837758 0.500006213473865
0.109400000000000 0.999999999998207 0.403260200212600 0.238153347633602 100.001238844837701 0.500006213883176
0.109500000000000 0.999999999998205 0.403307670530644 0.236585448503033 100.001238844836934 0.500006214230831
0.109600000000000 0.999999999998206 0.403354817829866 0.234922917275605 100.001238844836763 0.500006214626757
0.109700000000000 0.999999999998207 0.403401623254586 0.233166446875996 100.001238844836649 0.500006215004413
0.109800000000000 0.999999999998202 0.403448068086731 0.231316721152670 100.001238844836521 0.500006215406919
0.109900000000000 0.999999999998202 0.403494133750268 0.229374476256953 100.001238844836351 0.500006215841902
0.110000000000000 0.999999999998199 0.403539801819059 0.227340475052682 100.001238844836138 0.500006216340136
0.110100000000000 0.999999999998197 0.403585054032491 0.225215610079249 100.001238844835996 0.500006216721082
0.110200000000000 0.999999999998196 0.403629872299827 0.223000688502889 100.001238844835754 0.500006217082158
0.110300000000000 0.999999999998195 0.403674238700294 0.220696602402867 100.001238844835711 0.500006217409539
0.110400000000000 0.999999999998192 0.403718135490685 0.218304236146140 100.001238844835527 0.500006217784988
0.110500000000000 0.999999999998191 0.403761545111745 0.215824542654337 100.001238844835228 0.500006218215377
0.110600000000000 0.999999999998191 0.403804450213021 0.213258660442837 100.001238844835186 0.500006218384101
0.110700000000000 0.999999999998189 0.403846833638244 0.210607390148366 100.001238844834972 0.500006218775105
0.110800000000000 0.999999999998185 0.403888678426216 0.207871882687202 100.001238844834916 0.500006219192781
0.110900000000000 0.999999999998185 0.403929967838004 0.205053211592336 100.001238844834802 0.500006219678207
0.111000000000000 0.999999999998183 0.403970685365992 0.202152615545600 100.001238844834717 0.500006220002128
0.111100000000000 0.999999999998183 0.404010814738869 0.199171221018440 100.001238844834461 0.500006220236113
0.111200000000000 0.999999999998181 0.404050339903279 0.196110077529317 100.001238844834262 0.500006220664678
0.111300000000000 0.999999999998180 0.404089245044833 0.192970526705101 100.001238844834120 0.500006221052861
0.111400000000000 0.999999999998176 0.404127514609430 0.189753831173435 100.001238844834120 0.500006221387951
0.111500000000000 0.999999999998175 0.404165133294984 0.186461248182573 100.001238844833964 0.500006221726153
0.111600000000000 0.999999999998174 0.404202086054219 0.183094068162277 100.001238844833750 0.500006222115541
0.111700000000000 0.999999999998174 0.404238358108613 0.179653688656488 100.001238844833594 0.500006222461271
0.111800000000000 0.999999999998172 0.404273934960602 0.176141522921174 100.001238844833495 0.500006222697972
0.111900000000000 0.999999999998170 0.404308802386075 0.172558892033287 100.001238844833281 0.500006222975153
0.112000000000000 0.999999999998169 0.404342946434333 0.168907208110799 100.001238844833210 0.500006223325872
0.112100000000000 0.999999999998167 0.404376353446274 0.165187975882225 100.001238844833097 0.500006223672309
0.112200000000000 0.999999999998166 0.404409010061399 0.161402676766651 100.001238844832741 0.500006224023743
0.112300000000000 0.999999999998162 0.404440903220642 0.157552844095861 100.001238844832656 0.500006224348110
0.112400000000000 0.999999999998162 0.404472020173123 0.153640026477018 100.001238844832471 0.500006224632113
0.112500000000000 0.999999999998160 0.404502348481844 0.149665814929354 100.001238844832443 0.500006224837444
0.112600000000000 0.999999999998158 0.404531876014445 0.145631663859029 100.001238844832159 0.500006225166836
0.112700000000000 0.999999999998156 0.404560590955217 0.141539286078078 100.001238844832073 0.500006225470003
0.112800000000000 0.999999999998153 0.404588481829806 0.137390384480707 100.001238844831875 0.500006225655215
0.112900000000000 0.999999999998154 0.404615537495837 0.133186574718624 100.001238844831761 0.500006225787984
0.113000000000000 0.999999999998152 0.404641747135133 0.128929483516828 100.001238844831505 0.500006225942399
0.113100000000000 0.999999999998152 0.404667100256464 0.124620752572423 100.001238844831519 0.500006226193528
0.113200000000000 0.999999999998148 0.404691586711796 0.120262173156565 100.001238844831292 0.500006226450735
0.113300000000000 0.999999999998148 0.404715196702961 0.115855452532402 100.001238844831221 0.500006226754910
0.113400000000000 0.999999999998147 0.404737920783993 0.111402405453106 100.001238844830993 0.500006227041923
0.113500000000000 0.999999999998145 0.404759749875973 0.106904890354201 100.001238844830837 0.500006227227347
0.113600000000000 0.999999999998141 0.404780675255994 0.102364609134342 100.001238844830638 0.500006227419803
0.113700000000000 0.999999999998141 0.404800688549777 0.097783343703961 100.001238844830553 0.500006227651487
0.113800000000000 0.999999999998140 0.404819781752935 0.093163012302887 100.001238844830340 0.500006227835611
0.113900000000000 0.999999999998139 0.404837947231766 0.088505404669612 100.001238844830198 0.500006228028156
0.114000000000000 0.999999999998134 0.404855177715431 0.083812359134991 100.001238844830084 0.500006228248009
0.114100000000000 0.999999999998135 0.404871466308333 0.079085790121007 100.001238844829913 0.500006228459992
0.114200000000000 0.999999999998136 0.404886806497978 0.074327614844670 100.001238844829771 0.500006228642749
0.114300000000000 0.999999999998131 0.404901192154428 0.069539741835900 100.001238844829558 0.500006228793979
0.114400000000000 0.999999999998129 0.404914617531407 0.064724099599570 100.001238844829373 0.500006228907019
0.114500000000000 0.999999999998126 0.404927077267752 0.059882610839827 100.001238844829516 0.500006228987658
0.114600000000000 0.999999999998129 0.404938566387397 0.055017204804603 100.001238844829430 0.500006229043602
0.114700000000000 0.999999999998125 0.404949080291052 0.050129719615523 100.001238844828890 0.500006229134210
0.114800000000000 0.999999999998125 0.404958614771368 0.045222236247678 100.001238844828720 0.500006229191520
0.114900000000000 0.999999999998123 0.404967166021532 0.040296680916745 100.001238844828606 0.500006229235961
0.115000000000000 0.999999999998121 0.404974730615709 0.035354935765839 100.001238844828663 0.500006229301845
0.115100000000000 0.999999999998119 0.404981305527355 0.030399113173604 100.001238844828151 0.500006229336921
0.115200000000000 0.999999999998117 0.404986888130323 0.025431104919670 100.001238844828322 0.500006229372539
0.115300000000000 0.999999999998117 0.404991476182871 0.020452862081162 100.001238844827981 0.500006229413753
0.115400000000000 0.999999999998115 0.404995067847594 0.015466479041250 100.001238844828023 0.500006229435500
0.115500000000000 0.999999999998114 0.404997661692059 0.010473911151640 100.001238844827867 0.500006229446875
0.115600000000000 0.999999999998112 0.404999256680702 0.005477171276767 100.001238844827469 0.500006229446575
0.115700000000000 0.999999999998109 0.404999852175237 0.000478220531853 100.001238844827313 0.500006229437478
0.115800000000000 0.999999999998108 0.404999447935921 -0.004520918054787 100.001238844827455 0.500006229417971
0.115900000000000 0.999999999998107 0.404998044131047 -0.009518184739843 100.001238844827185 0.500006229392875
0.116000000000000 0.999999999998104 0.404995641326195 -0.014511667086760 100.001238844826986 0.500006229358329
0.116100000000000 0.999999999998105 0.404992240482022 -0.019499326255587 100.001238844827014 0.500006229319375
0.116200000000000 0.999999999998104 0.404987842949386 -0.024479299466653 100.001238844826631 0.500006229248807
0.116300000000000 0.999999999998102 0.404982450474962 -0.029449492177390 100.001238844826773 0.500006229163022
0.116400000000000 0.999999999998101 0.404976065222193 -0.034407828258947 100.001238844826162 0.500006229089762
0.116500000000000 0.999999999998098 0.404968689756137 -0.039352367274067 100.001238844826247 0.500006229021622
0.116600000000000 0.999999999998097 0.404960327017074 -0.044281299110824 100.001238844826020 0.500006228892110
0.116700000000000 0.999999999998097 0.404950980342255 -0.049192464131842 100.001238844825863 0.500006228776627
0.116800000000000 0.999999999998092 0.404940653480217 -0.054083904422395 100.001238844825806 0.500006228678138
0.116900000000000 0.999999999998091 0.404929350556198 -0.058953816403002 100.001238844825508 0.500006228515483
0.117000000000000 0.999999999998092 0.404917076087156 -0.063800084153266 100.001238844825451 0.500006228382376
0.117100000000000 0.999999999998089 0.404903834984042 -0.068620882514121 100.001238844825394 0.500006228210805
0.117200000000000 0.999999999998088 0.404889632546644 -0.073414149060083 100.001238844825195 0.500006228092341
0.117300000000000 0.999999999998089 0.404874474464593 -0.078178045857126 100.001238844824982 0.500006227976137
0.117400000000000 0.999999999998084 0.404858366793684 -0.082910750192548 100.001238844824940 0.500006227796748
0.117500000000000 0.999999999998084 0.404841315961198 -0.087610369911430 100.001238844824570 0.500006227546786
0.117600000000000 0.999999999998082 0.404823328789325 -0.092274847673197 100.001238844824655 0.500006227380001
0.117700000000000 0.999999999998081 0.404804412481383 -0.096902427305515 100.001238844824599 0.500006227203279
0.117800000000000 0.999999999998078 0.404784574596486 -0.101491309309120 100.001238844824115 0.500006226965672
0.117900000000000 0.999999999998078 0.404763823069117 -0.106039536476768 100.001238844824087 0.500006226789182
0.118000000000000 0.999999999998076 0.404742166196623 -0.110545438379866 100.001238844823860 0.500006226519317
0.118100000000000 0.999999999998074 0.404719612630749 -0.115007143273696 100.001238844823774 0.500006226227476
0.118200000000000 0.999999999998072 0.404696171399079 -0.119422762225044 100.001238844823689 0.500006226035734
0.118300000000000 0.999999999998071 0.404671851888771 -0.123790587894989 100.001238844823462 0.500006225881909
0.118400000000000 0.999999999998072 0.404646663827311 -0.128108925274493 100.001238844823234 0.500006225704002
0.118500000000000 0.999999999998068 0.404620617281968 -0.132376070278582 100.001238844823177 0.500006225470846
0.118600000000000 0.999999999998067 0.404593722656811 -0.136590360315305 100.001238844822979 0.500006225119964
0.118700000000000 0.999999999998067 0.404565990705154 -0.140749964457973 100.001238844822694 0.500006224846515
0.118800000000000 0.999999999998064 0.404537432520242 -0.144853312153518 100.001238844822680 0.500006224523320
0.118900000000000 0.999999999998062 0.404508059518114 -0.148898748348970 100.001238844822694 0.500006224168761
0.119000000000000 0.999999999998059 0.404477883452026 -0.152884554219424 100.001238844822254 0.500006223934305
0.119100000000000 0.999999999998059 0.404446916396004 -0.156809240826415 100.001238844822439 0.500006223664540
0.119200000000000 0.999999999998058 0.404415170734024 -0.160671197944429 100.001238844822041 0.500006223422617
0.119300000000000 0.999999999998057 0.404382659163662 -0.164468898655890 100.001238844822112 0.500006223181977
0.119400000000000 0.999999999998055 0.404349394685724 -0.168200838430066 100.001238844821984 0.500006222919237
0.119500000000000 0.999999999998053 0.404315390598828 -0.171865542215442 100.001238844821671 0.500006222604154
0.119600000000000 0.999999999998052 0.404280660492526 -0.175461577440791 100.001238844821430 0.500006222177296
0.119700000000000 0.999999999998052 0.404245218259658 -0.178987343312136 100.001238844821273 0.500006221923130
0.119800000000000 0.999999999998049 0.404209078081319 -0.182441555482161 100.001238844821046 0.500006221622051
0.119900000000000 0.999999999998048 0.404172254407832 -0.185822807686441 100.001238844821060 0.500006221318316
0.120000000000000 0.999999999998046 0.404134761967432 -0.189129725922495 100.001238844820790 0.500006221053184
0.120100000000000 0.999999999998043 0.404096615751494 -0.192361053745114 100.001238844820705 0.500006220702283
0.120200000000000 0.999999999998044 0.404057831011790 -0.195515442449643 100.001238844821160 0.500006220372470
0.120300000000000 0.999999999998040 0.404018423254073 -0.198591701775905 100.001238844820875 0.500006219924384
0.120400000000000 0.999999999998041 0.403978408237039 -0.201588491879134 100.001238844820222 0.500006219574005
0.120500000000000 0.999999999998039 0.403937801965739 -0.204504687315422 100.001238844820577 0.500006219176545
0.120600000000000 0.999999999998035 0.403896620672200 -0.207339146665402 100.001238844819781 0.500006218679761
0.120700000000000 0.999999999998034 0.403854880826201 -0.210090631782965 100.001238844819852 0.500006218299692
0.120800000000000 0.999999999998034 0.403812599125864 -0.212758096294973 100.001238844820122 0.500006217925857
0.120900000000000 0.999999999998032 0.403769792481164 -0.215340469429041 100.001238844819511 0.500006217567359
0.121000000000000 0.999999999998030 0.403726478013046 -0.217836711466397 100.001238844819852 0.500006217239966
0.121100000000000 0.999999999998030 0.403682673044241 -0.220245844306467 100.001238844819071 0.500006216900588
0.121200000000000 0.999999999998027 0.403638395093470 -0.222566886095957 100.001238844819028 0.500006216589933
0.121300000000000 0.999999999998025 0.403593661871926 -0.224798893712411 100.001238844818658 0.500006216342261
0.121400000000000 0.999999999998023 0.403548491277049 -0.226940947067598 100.001238844818630 0.500006216221145
0.121500000000000 0.999999999998023 0.403502901370547 -0.228992323756577 100.001238844818474 0.500006215922951
0.121600000000000 0.999999999998021 0.403456910370178 -0.230952187165333 100.001238844818459 0.500006215481731
0.121700000000000 0.999999999998019 0.403410536662929 -0.232819680050384 100.001238844817749 0.500006215065803
0.121800000000000 0.999999999998019 0.403363798798266 -0.234594034499870 100.001238844817522 0.500006214725152
0.121900000000000 0.999999999998017 0.403316715466156 -0.236274613088799 100.001238844818488 0.500006214291292
0.122000000000000 0.999999999998016 0.403269305490290 -0.237860717826399 100.001238844817834 0.500006213824435
0.122100000000000 0.999999999998015 0.403221587833693 -0.239351651740328 100.001238844817038 0.500006213474054
0.122200000000000 0.999999999998013 0.403173581581308 -0.240746892068728 100.001238844817976 0.500006213065509
0.122300000000000 0.999999999998010 0.403125305928529 -0.242045857748293 100.001238844817777 0.500006212654025
0.122400000000000 0.999999999998008 0.403076780177108 -0.243248066523285 100.001238844817237 0.500006212149440
0.122500000000000 0.999999999998006 0.403028023731913 -0.244352969245033 100.001238844816299 0.500006211717884
0.122600000000000 0.999999999998007 0.402979056099430 -0.245360097652914 100.001238844816129 0.500006211424991
0.122700000000000 0.999999999998004 0.402929896869211 -0.246269089236479 100.001238844817124 0.500006211173184
0.122800000000000 0.999999999998003 0.402880565694010 -0.247079675745079 100.001238844816783 0.500006210727658
0.122900000000000 0.999999999997999 0.402831082291620 -0.247791475929569 100.001238844817010 0.500006210228588
0.123000000000000 0.999999999998001 0.402781466453556 -0.248404132216391 100.001238844815788 0.500006209856952
0.123100000000000 0.999999999997999 0.402731738031827 -0.248917396056124 100.001238844815347 0.500006209622442
0.123200000000000 0.999999999997997 0.402681916913344 -0.249331167369324 100.001238844816015 0.500006209263633
0.123300000000000 0.999999999997996 0.402632023018022 -0.249645219174948 100.001238844815603 0.500006208933668
0.123400000000000 0.999999999997994 0.402582076298797 -0.249859446291046 100.001238844815390 0.500006208581861
0.123500000000000 0.999999999997992 0.402532096723702 -0.249973803743451 100.001238844815262 0.500006208106482
0.123600000000000 0.999999999997992 0.402482104280124 -0.249988141925921 100.001238844815077 0.500006207767449
0.123700000000000 0.999999999997989 0.402432118970671 -0.249902457220038 100.001238844814964 0.500006207559738
0.123800000000000 0.999999999997989 0.402382160790254 -0.249716830414590 100.001238844814878 0.500006207367014
0.123900000000000 0.999999999997986 0.402332249714078 -0.249431379003321 100.001238844814026 0.500006207081377
0.124000000000000 0.999999999997985 0.402282405698696 -0.249046172083192 100.001238844814083 0.500006206815376
0.124100000000000 0.999999999997985 0.402232648674085 -0.248561405617980 100.001238844815006 0.500006206464779
0.124200000000000 0.999999999997982 0.402182998535625 -0.247977230245209 100.001238844814893 0.500006206137369
0.124300000000000 0.999999999997981 0.402133475134120 -0.247293940812361 100.001238844814623 0.500006205681482
0.124400000000000 0.999999999997977 0.402084098272013 -0.246511726659809 100.001238844814537 0.500006205305290
0.124500000000000 0.999999999997977 0.402034887699155 -0.245630923182689 100.001238844814281 0.500006204952911
0.124600000000000 0.999999999997977 0.401985863099574 -0.244651855189394 100.001238844813088 0.500006204691614
0.124700000000000 0.999999999997974 0.401937044083192 -0.243574936287731 100.001238844812974 0.500006204466860
0.124800000000000 0.999999999997972 0.401888450169436 -0.242400659346957 100.001238844813187 0.500006204127251
0.124900000000000 0.999999999997970 0.401840100790578 -0.241129404022325 100.001238844813059 0.500006203891501
0.125000000000000 0.999999999997969 0.401792015277912 -0.239761799681585 100.001238844813003 0.500006203467651
0.125100000000000 0.999999999997968 0.401744212854259 -0.238298302509257 100.001238844812804 0.500006203074852
0.125200000000000 0.999999999997966 0.401696712641183 -0.236739466969792 100.001238844812548 0.500006202786162
0.125300000000000 0.999999999997966 0.401649533636486 -0.235085977368360 100.001238844812477 0.500006202456580
0.125400000000000 0.999999999997964 0.401602694704460 -0.233338485313443 100.001238844812320 0.500006202109416
0.125500000000000 0.999999999997960 0.401556214578504 -0.231497647785999 100.001238844812065 0.500006201842383
0.125600000000000 0.999999999997960 0.401510111849678 -0.229564230425244 100.001238844812079 0.500006201586308
0.125700000000000 0.999999999997959 0.401464404953103 -0.227539028160346 100.001238844811837 0.500006201291496
0.125800000000000 0.999999999997958 0.401419112166746 -0.225422817726614 100.001238844811638 0.500006201033797
0.125900000000000 0.999999999997954 0.401374251604652 -0.223216461163241 100.001238844811439 0.500006200777318
0.126000000000000 0.999999999997954 0.401329841205669 -0.220920848802284 100.001238844811311 0.500006200504381
0.126100000000000 0.999999999997954 0.401285898728273 -0.218536894287617 100.001238844811127 0.500006200225085
0.126200000000000 0.999999999997950 0.401242441747738 -0.216065515915010 100.001238844811098 0.500006200015936
0.126300000000000 0.999999999997950 0.401199487645557 -0.213507732729311 100.001238844810757 0.500006199809467
0.126400000000000 0.999999999997948 0.401157053596539 -0.210864594204441 100.001238844810757 0.500006199549165
0.126500000000000 0.999999999997945 0.401115156569178 -0.208137113614099 100.001238844810430 0.500006199328156
0.126600000000000 0.999999999997943 0.401073813319069 -0.205326406141268 100.001238844810374 0.500006199095043
0.126700000000000 0.999999999997942 0.401033040383378 -0.202433542225079 100.001238844810132 0.500006198959534
0.126800000000000 0.999999999997941 0.400992854071428 -0.199459727791074 100.001238844810104 0.500006198820350
0.126900000000000 0.999999999997939 0.400953270449843 -0.196406185721699 100.001238844809905 0.500006198610958
0.127000000000000 0.999999999997937 0.400914305345642 -0.193274089943219 100.001238844809649 0.500006198425650
0.127100000000000 0.999999999997937 0.400875974340346 -0.190064720396360 100.001238844809450 0.500006198211215
0.127200000000000 0.999999999997936 0.400838292760244 -0.186779350449478 100.001238844809393 0.500006197987758
0.127300000000000 0.999999999997934 0.400801275675814 -0.183419265321261 100.001238844809251 0.500006197808747
0.127400000000000 0.999999999997930 0.400764937890477 -0.179985849829547 100.001238844809023 0.500006197598087
0.127500000000000 0.999999999997930 0.400729293934144 -0.176480454683706 100.001238844808739 0.500006197396920
0.127600000000000 0.999999999997928 0.400694358066149 -0.172904434201426 100.001238844808640 0.500006197288111
0.127700000000000 0.999999999997927 0.400660144258321 -0.169259309701150 100.001238844808483 0.500006197111761
0.127800000000000 0.999999999997923 0.400626666187730 -0.165546510299387 100.001238844808441 0.500006196918729
0.127900000000000 0.999999999997923 0.400593937244990 -0.161767470489266 100.001238844808398 0.500006196792355
0.128000000000000 0.999999999997921 0.400561970523203 -0.157923729587403 100.001238844808086 0.500006196684864
0.128100000000000 0.999999999997921 0.400530778804641 -0.154016856443897 100.001238844807929 0.500006196545841
0.128200000000000 0.999999999997920 0.400500374559335 -0.150048405722810 100.001238844807915 0.500006196388605
0.128300000000000 0.999999999997919 0.400470769942873 -0.146019967828953 100.001238844807773 0.500006196209202
0.128400000000000 0.999999999997917 0.400441976794714 -0.141933114772633 100.001238844807602 0.500006196065365
0.128500000000000 0.999999999997914 0.400414006631598 -0.137789501036949 100.001238844807375 0.500006195927206
0.128600000000000 0.999999999997913 0.400386870636331 -0.133590811346689 100.001238844807304 0.500006195756954
0.128700000000000 0.999999999997911 0.400360579659959 -0.129338678067492 100.001238844807148 0.500006195618331
0.128800000000000 0.999999999997910 0.400335144217203 -0.125034832095727 100.001238844806977 0.500006195470690
0.128900000000000 0.999999999997907 0.400310574478837 -0.120680984822530 100.001238844806721 0.500006195327019
0.129000000000000 0.999999999997909 0.400286880272508 -0.116278855482947 100.001238844806608 0.500006195213452
0.129100000000000 0.999999999997907 0.400264071074724 -0.111830234984727 100.001238844806551 0.500006195093302
0.129200000000000 0.999999999997903 0.400242156007909 -0.107336875374786 100.001238844806309 0.500006194997072
0.129300000000000 0.999999999997904 0.400221143837811 -0.102800590670570 100.001238844806224 0.500006194905107
0.129400000000000 0.999999999997900 0.400201042965563 -0.098223212813740 100.001238844806053 0.500006194799310
0.129500000000000 0.999999999997902 0.400181861429429 -0.093606539290221 100.001238844805840 0.500006194712952
0.129600000000000 0.999999999997898 0.400163606900742 -0.088952441999134 100.001238844805641 0.500006194620981
0.129700000000000 0.999999999997897 0.400146286678214 -0.084262776579099 100.001238844805442 0.500006194529127
0.129800000000000 0.999999999997894 0.400129907686674 -0.079539425737506 100.001238844805442 0.500006194431801
0.129900000000000 0.999999999997895 0.400114476476999 -0.074784247965242 100.001238844805101 0.500006194353864
0.130000000000000 0.999999999997891 0.400099999221834 -0.069999165734223 100.001238844805044 0.500006194278423
0.130100000000000 0.999999999997889 0.400086481709873 -0.065186095960617 100.001238844804959 0.500006194203313
0.130200000000000 0.999999999997890 0.400073929346982 -0.060346950700715 100.001238844804504 0.500006194137120
0.130300000000000 0.999999999997887 0.400062347153596 -0.055483672718959 100.001238844804774 0.500006194074612
0.130400000000000 0.999999999997885 0.400051739761532 -0.050598205674051 100.001238844804448 0.500006194016333
0.130500000000000 0.999999999997885 0.400042111412288 -0.045692509904462 100.001238844804277 0.500006193959013
0.130600000000000 0.999999999997885 0.400033465956782 -0.040768531471613 100.001238844804362 0.500006193910318
0.130700000000000 0.999999999997881 0.400025806853344 -0.035828248991541 100.001238844804092 0.500006193865505
0.130800000000000 0.999999999997882 0.400019137164582 -0.030873641941508 100.001238844803993 0.500006193823261
0.130900000000000 0.999999999997879 0.400013459557403 -0.025906688842770 100.001238844803694 0.500006193784954
0.131000000000000 0.999999999997876 0.400008776302659 -0.020929371703797 100.001238844803694 0.500006193751646
0.131100000000000 0.999999999997877 0.400005089273227 -0.015943687914401 100.001238844803538 0.500006193721723
0.131200000000000 0.999999999997876 0.400002399943103 -0.010951630132400 100.001238844803169 0.500006193695582
0.131300000000000 0.999999999997874 0.400000709387490 -0.005955193307573 100.001238844803297 0.500006193673581
0.131400000000000 0.999999999997869 0.400000018282591 -0.000956373351723 100.001238844803126 0.500006193655976
0.131500000000000 0.999999999997869 0.400000326905059 0.004042830291410 100.001238844802799 0.500006193642730
0.131600000000000 0.999999999997868 0.400001635131401 0.009040415292447 100.001238844802856 0.500006193633890
0.131700000000000 0.999999999997868 0.400003942438188 0.014034384335938 100.001238844802515 0.500006193629551
0.131800000000000 0.999999999997863 0.400007247902367 0.019022738345167 100.001238844802458 0.500006193629985
0.131900000000000 0.999999999997862 0.400011550201612 0.024003482973907 100.001238844802046 0.500006193635380
0.132000000000000 0.999999999997863 0.400016847615188 0.028974628575909 100.001238844801890 0.500006193645640
0.132100000000000 0.999999999997861 0.400023138023891 0.033934179144155 100.001238844801676 0.500006193663453
0.132200000000000 0.999999999997858 0.400030418911344 0.038880159123056 100.001238844801662 0.500006193686543
0.132300000000000 0.999999999997857 0.400038687366339 0.043810595623088 100.001238844801620 0.500006193712763
0.132400000000000 0.999999999997857 0.400047940082987 0.048723514251836 100.001238844801421 0.500006193742967
0.132500000000000 0.999999999997856 0.400058173360794 0.053616942759296 100.001238844801321 0.500006193780913
0.132600000000000 0.999999999997852 0.400069383107717 0.058488937999724 100.001238844801378 0.500006193819223
0.132700000000000 0.999999999997852 0.400081564842629 0.063337550935118 100.001238844800980 0.500006193857792
0.132800000000000 0.999999999997850 0.400094713694333 0.068160830585916 100.001238844800838 0.500006193904047
0.132900000000000 0.999999999997849 0.400108824404003 0.072956852458500 100.001238844800667 0.500006193955203
0.133000000000000 0.999999999997846 0.400123891328191 0.077723693054825 100.001238844800724 0.500006194015336
0.133100000000000 0.999999999997846 0.400139908441267 0.082459454209217 100.001238844800355 0.500006194078550
0.133200000000000 0.999999999997842 0.400156869338584 0.087162243574817 100.001238844800014 0.500006194143332
0.133300000000000 0.999999999997843 0.400174767237464 0.091830172629486 100.001238844799985 0.500006194216639
0.133400000000000 0.999999999997840 0.400193594978671 0.096461364088110 100.001238844800028 0.500006194308699
0.133500000000000 0.999999999997842 0.400213345032324 0.101053989502867 100.001238844799587 0.500006194397129
0.133600000000000 0.999999999997838 0.400234009503406 0.105606225748190 100.001238844799971 0.500006194467045
0.133700000000000 0.999999999997837 0.400255580130002 0.110116225052046 100.001238844799275 0.500006194546262
0.133800000000000 0.999999999997835 0.400278048284949 0.114582182666361 100.001238844799389 0.500006194636820
0.133900000000000 0.999999999997836 0.400301404982635 0.119002319229845 100.001238844799360 0.500006194731539
0.134000000000000 0.999999999997832 0.400325640883643 0.123374876266436 100.001238844799133 0.500006194819123
0.134100000000000 0.999999999997831 0.400350746295307 0.127698077686981 100.001238844799190 0.500006194933373
0.134200000000000 0.999999999997828 0.400376711176062 0.131970211696231 100.001238844798877 0.500006195053570
0.134300000000000 0.999999999997826 0.400403525141652 0.136189563230742 100.001238844798792 0.500006195188664
0.134400000000000 0.999999999997826 0.400431177468757 0.140354455619233 100.001238844798891 0.500006195324350
0.134500000000000 0.999999999997825 0.400459657099317 0.144463219146742 100.001238844798252 0.500006195466435
0.134600000000000 0.999999999997824 0.400488952640946 0.148514178058979 100.001238844798308 0.500006195662709
0.134700000000000 0.999999999997823 0.400519052378153 0.152505777977003 100.001238844798237 0.500006195816868
0.134800000000000 0.999999999997822 0.400549944275489 0.156436372810125 100.001238844798024 0.500006196003350
0.134900000000000 0.999999999997820 0.400581615976438 0.160304398417807 100.001238844797740 0.500006196211110
0.135000000000000 0.999999999997818 0.400614054815558 0.164108329952223 100.001238844797683 0.500006196404901
0.135100000000000 0.999999999997817 0.400647247824467 0.167846662372800 100.001238844797456 0.500006196556935
0.135200000000000 0.999999999997814 0.400681181732735 0.171517880016335 100.001238844797157 0.500006196700468
0.135300000000000 0.999999999997814 0.400715842970094 0.175120499116035 100.001238844797399 0.500006196862212
0.135400000000000 0.999999999997811 0.400751217674834 0.178653089075275 100.001238844797115 0.500006197024895
0.135500000000000 0.999999999997810 0.400787291699218 0.182114220033150 100.001238844797030 0.500006197219372
0.135600000000000 0.999999999997808 0.400824050614886 0.185502515649840 100.001238844796745 0.500006197432227
0.135700000000000 0.999999999997805 0.400861479721686 0.188816634392381 100.001238844797172 0.500006197638641
0.135800000000000 0.999999999997803 0.400899564050034 0.192055222729212 100.001238844796248 0.500006197891832
0.135900000000000 0.999999999997804 0.400938288368588 0.195217016693841 100.001238844796148 0.500006198132628
0.136000000000000 0.999999999997802 0.400977637195354 0.198300774289409 100.001238844796148 0.500006198316300
0.136100000000000 0.999999999997800 0.401017594794621 0.201305198496839 100.001238844795893 0.500006198568533
0.136200000000000 0.999999999997798 0.401058145186290 0.204229143165673 100.001238844795097 0.500006198778808
0.136300000000000 0.999999999997797 0.401099272157940 0.207071431091025 100.001238844795992 0.500006198962160
0.136400000000000 0.999999999997795 0.401140959260817 0.209830875175577 100.001238844795552 0.500006199222964
0.136500000000000 0.999999999997795 0.401183189820133 0.212506402980564 100.001238844795438 0.500006199497256
0.136600000000000 0.999999999997792 0.401225946950239 0.215096978682483 100.001238844795239 0.500006199712135
0.136700000000000 0.999999999997792 0.401269213556100 0.217601543292769 100.001238844795623 0.500006199915851
0.136800000000000 0.999999999997789 0.401312972335334 0.220019082159701 100.001238844794955 0.500006200136650
0.136900000000000 0.999999999997787 0.401357205784912 0.222348602335606 100.001238844794898 0.500006200432812
0.137000000000000 0.999999999997787 0.401401896214310 0.224589222853064 100.001238844794614 0.500006200692396
0.137100000000000 0.999999999997785 0.401447025752847 0.226740023362882 100.001238844795125 0.500006200969437
0.137200000000000 0.999999999997784 0.401492576353551 0.228800160218015 100.001238844794500 0.500006201226678
0.137300000000000 0.999999999997782 0.401538529804140 0.230768824487265 100.001238844793590 0.500006201429230
0.137400000000000 0.999999999997781 0.401584867729856 0.232645199783791 100.001238844793605 0.500006201643677
0.137500000000000 0.999999999997779 0.401631571596700 0.234428510101526 100.001238844794557 0.500006201930045
0.137600000000000 0.999999999997779 0.401678622721920 0.236118043317351 100.001238844793903 0.500006202286695
0.137700000000000 0.999999999997776 0.401726002289691 0.237713181945496 100.001238844793534 0.500006202576610
0.137800000000000 0.999999999997773 0.401773691354039 0.239213241219605 100.001238844793420 0.500006202910606
0.137900000000000 0.999999999997772 0.401821670840362 0.240617619261800 100.001238844793335 0.500006203293734
0.138000000000000 0.999999999997771 0.401869921564395 0.241925822632033 100.001238844793122 0.500006203561841
0.138100000000000 0.999999999997770 0.401918424235710 0.243137283254557 100.001238844793050 0.500006203822713
0.138200000000000 0.999999999997769 0.401967159450438 0.244251431135232 100.001238844792397 0.500006204284584
0.138300000000000 0.999999999997768 0.402016107715130 0.245267942319850 100.001238844792312 0.500006204651352
0.138400000000000 0.999999999997765 0.402065249457080 0.246186348903790 100.001238844792681 0.500006205072917
0.138500000000000 0.999999999997764 0.402114565028543 0.247006368993309 100.001238844791899 0.500006205338919
0.138600000000000 0.999999999997765 0.402164034714651 0.247727612507057 100.001238844792965 0.500006205602198
0.138700000000000 0.999999999997762 0.402213638722988 0.248349690914190 100.001238844792894 0.500006206110902
0.138800000000000 0.999999999997759 0.402263357207505 0.248872459351869 100.001238844791914 0.500006206607556
0.138900000000000 0.999999999997759 0.402313170291198 0.249295753526758 100.001238844792198 0.500006206980365
0.139000000000000 0.999999999997758 0.402363058061372 0.249619380437174 100.001238844792340 0.500006207288093
0.139100000000000 0.999999999997754 0.402413000570001 0.249843179068061 100.001238844792027 0.500006207609404
0.139200000000000 0.999999999997754 0.402462977846639 0.249967087871102 100.001238844792141 0.500006207874436
0.139300000000000 0.999999999997753 0.402512969901268 0.249990970148018 100.001238844790663 0.500006208300917
0.139400000000000 0.999999999997749 0.402562956740250 0.249914926354590 100.001238844791843 0.500006208613644
0.139500000000000 0.999999999997749 0.402612918377950 0.249738938631963 100.001238844790379 0.500006208933249
0.139600000000000 0.999999999997747 0.402662834829215 0.249463027793199 100.001238844791374 0.500006209383313
0.139700000000000 0.999999999997748 0.402712686131283 0.249087397615768 100.001238844791601 0.500006209730424
0.139800000000000 0.999999999997745 0.402762452351050 0.248612140924378 100.001238844790564 0.500006210117526
0.139900000000000 0.999999999997742 0.402812113590460 0.248037515543897 100.001238844790464 0.500006210376061
0.140000000000000 0.999999999997743 0.402861649992200 0.247363669944475 100.001238844790521 0.500006210708014
0.140100000000000 0.999999999997740 0.402911041738605 0.246590851398742 100.001238844790151 0.500006211167686
0.140200000000000 0.999999999997740 0.402960269080336 0.245719500395356 100.001238844790265 0.500006211430485
0.140300000000000 0.999999999997739 0.403009312329194 0.244749784910847 100.001238844790095 0.500006211940368
0.140400000000000 0.999999999997738 0.403058151862924 0.243682194838956 100.001238844789782 0.500006212445666
0.140500000000000 0.999999999997735 0.403106768161163 0.242517262786325 100.001238844790436 0.500006212689358
0.140600000000000 0.999999999997734 0.403155141791473 0.241255333699548 100.001238844789185 0.500006212966396
0.140700000000000 0.999999999997734 0.403203253406337 0.239896911713108 100.001238844788986 0.500006213277543
0.140800000000000 0.999999999997732 0.403251083762755 0.238442538052444 100.001238844789953 0.500006213627111
0.140900000000000 0.999999999997727 0.403298613732691 0.236892821925999 100.001238844788844 0.500006213948822
0.141000000000000 0.999999999997726 0.403345824305140 0.235248324072751 100.001238844789697 0.500006214382185
0.141100000000000 0.999999999997727 0.403392696592271 0.233509714442897 100.001238844788119 0.500006214896506
0.141200000000000 0.999999999997721 0.403439211846534 0.231677727356510 100.001238844789412 0.500006215399515
0.141300000000000 0.999999999997725 0.403485351465483 0.229753079060809 100.001238844787792 0.500006215928743
0.141400000000000 0.999999999997722 0.403531097001858 0.227736606088051 100.001238844788745 0.500006216330577
0.141500000000000 0.999999999997721 0.403576430167317 0.225629060615711 100.001238844787594 0.500006216729899
0.141600000000000 0.999999999997717 0.403621332838104 0.223431336781895 100.001238844788858 0.500006217011371
0.141700000000000 0.999999999997718 0.403665787062483 0.221144261319380 100.001238844788588 0.500006217293002
0.141800000000000 0.999999999997714 0.403709775060037 0.218768718679741 100.001238844788389 0.500006217640943
0.141900000000000 0.999999999997714 0.403753279235880 0.216305681238628 100.001238844787096 0.500006218004799
0.142000000000000 0.999999999997712 0.403796282191886 0.213756143398464 100.001238844786997 0.500006218363694
0.142100000000000 0.999999999997708 0.403838766736948 0.211121183159733 100.001238844787792 0.500006218593357
0.142200000000000 0.999999999997707 0.403880715881817 0.208401740296288 100.001238844787906 0.500006218935818
0.142300000000000 0.999999999997707 0.403922112844467 0.205598946645619 100.001238844787565 0.500006219296158
0.142400000000000 0.999999999997705 0.403962941064893 0.202713891129101 100.001238844786428 0.500006219738701
0.142500000000000 0.999999999997705 0.404003184214284 0.199747797176910 100.001238844787366 0.500006220120481
0.142600000000000 0.999999999997703 0.404042826201452 0.196701817869921 100.001238844787167 0.500006220508493
0.142700000000000 0.999999999997702 0.404081851175433 0.193577202524545 100.001238844785803 0.500006220841279
0.142800000000000 0.999999999997702 0.404120243529786 0.190375147416911 100.001238844785746 0.500006221222498
0.142900000000000 0.999999999997698 0.404157987911486 0.187096989442358 100.001238844786656 0.500006221543738
0.143000000000000 0.999999999997699 0.404195069226724 0.183743985558473 100.001238844786542 0.500006221906831
0.143100000000000 0.999999999997695 0.404231472636617 0.180317425940200 100.001238844785860 0.500006222401971
0.143200000000000 0.999999999997694 0.404267183583342 0.176818834234300 100.001238844785647 0.500006222749872
0.143300000000000 0.999999999997693 0.404302187792566 0.173249520914222 100.001238844785561 0.500006223110966
0.143400000000000 0.999999999997692 0.404336471268122 0.169610956508588 100.001238844785604 0.500006223410161
0.143500000000000 0.999999999997691 0.404370020304471 0.165904577814229 100.001238844785433 0.500006223680373
0.143600000000000 0.999999999997689 0.404402821486506 0.162131852268749 100.001238844785192 0.500006223946626
0.143700000000000 0.999999999997688 0.404434861687280 0.158294192692420 100.001238844785007 0.500006224362247
0.143800000000000 0.999999999997686 0.404466128091503 0.154393304828997 100.001238844784865 0.500006224652014
0.143900000000000 0.999999999997683 0.404496608213546 0.150430782758599 100.001238844784808 0.500006224769817
0.144000000000000 0.999999999997683 0.404526289867352 0.146408024936453 100.001238844784666 0.500006225000473
0.144100000000000 0.999999999997681 0.404555161165531 0.142326618077635 100.001238844784524 0.500006225369163
0.144200000000000 0.999999999997681 0.404583210555351 0.138188324032014 100.001238844784410 0.500006225685538
0.144300000000000 0.999999999997679 0.404610426825550 0.133994797134259 100.001238844784126 0.500006225952689
0.144400000000000 0.999999999997676 0.404636799094635 0.129747679543765 100.001238844783899 0.500006226218850
0.144500000000000 0.999999999997675 0.404662316816910 0.125448687924647 100.001238844783771 0.500006226460215
0.144600000000000 0.999999999997674 0.404686969788224 0.121099521113929 100.001238844783700 0.500006226702678
0.144700000000000 0.999999999997672 0.404710748151458 0.116701950728317 100.001238844783543 0.500006226906977
0.144800000000000 0.999999999997672 0.404733642402701 0.112257738147241 100.001238844783316 0.500006227072097
0.144900000000000 0.999999999997668 0.404755643383745 0.107768578666297 100.001238844783188 0.500006227290416
0.145000000000000 0.999999999997668 0.404776742289647 0.103236309574138 100.001238844783131 0.500006227512505
0.145100000000000 0.999999999997667 0.404796930680577 0.098662745758263 100.001238844782989 0.500006227734549
0.145200000000000 0.999999999997665 0.404816200483305 0.094049737770164 100.001238844782989 0.500006227934740
0.145300000000000 0.999999999997660 0.404834543997376 0.089399164768433 100.001238844782648 0.500006228082558
0.145400000000000 0.999999999997661 0.404851953891374 0.084712836638129 100.001238844782506 0.500006228225661
0.145500000000000 0.999999999997660 0.404868423206937 0.079992674421396 100.001238844782421 0.500006228324980
0.145600000000000 0.999999999997658 0.404883945357638 0.075240477335623 100.001238844782279 0.500006228453089
0.145700000000000 0.999999999997656 0.404898514132367 0.070458199445525 100.001238844781938 0.500006228566523
0.145800000000000 0.999999999997656 0.404912123700234 0.065647688858284 100.001238844781980 0.500006228709631
0.145900000000000 0.999999999997654 0.404924768618035 0.060810975353909 100.001238844781682 0.500006228809944
0.146000000000000 0.999999999997653 0.404936443836620 0.055949970551441 100.001238844781554 0.500006228885587
0.146100000000000 0.999999999997651 0.404947144684952 0.051066541479529 100.001238844781639 0.500006228980314
0.146200000000000 0.999999999997649 0.404956866880915 0.046162712545199 100.001238844781597 0.500006229054356
0.146300000000000 0.999999999997649 0.404965606538371 0.041240419506666 100.001238844781057 0.500006229121036
0.146400000000000 0.999999999997647 0.404973360160696 0.036301621601925 100.001238844780801 0.500006229183473
0.146500000000000 0.999999999997643 0.404980124642852 0.031348276022214 100.001238844780573 0.500006229246440
0.146600000000000 0.999999999997642 0.404985897268059 0.026382308056557 100.001238844780829 0.500006229322578
0.146700000000000 0.999999999997643 0.404990675720849 0.021405804852618 100.001238844780517 0.500006229378953
0.146800000000000 0.999999999997639 0.404994458100753 0.016420832168436 100.001238844780346 0.500006229403020
0.146900000000000 0.999999999997640 0.404997242899476 0.011429244612526 100.001238844780261 0.500006229423333
0.147000000000000 0.999999999997635 0.404999029005120 0.006433151525067 100.001238844780005 0.500006229424917
0.147100000000000 0.999999999997637 0.404999815714621 0.001434534010726 100.001238844779834 0.500006229415321
0.147200000000000 0.999999999997634 0.404999602714321 -0.003564695882744 100.001238844779635 0.500006229398508
0.147300000000000 0.999999999997633 0.404998390078492 -0.008562571408344 100.001238844779721 0.500006229368411
0.147400000000000 0.999999999997634 0.404996178293901 -0.013556933832556 100.001238844779550 0.500006229335654
0.147500000000000 0.999999999997628 0.404992968257391 -0.018545839138665 100.001238844779323 0.500006229300997
0.147600000000000 0.999999999997628 0.404988761245094 -0.023527440558370 100.001238844779266 0.500006229236610
0.147700000000000 0.999999999997626 0.404983558930903 -0.028499605380542 100.001238844779195 0.500006229167784
0.147800000000000 0.999999999997625 0.404977363395598 -0.033460396379598 100.001238844779010 0.500006229081512
0.147900000000000 0.999999999997621 0.404970177111708 -0.038407835487409 100.001238844778641 0.500006228973374
0.148000000000000 0.999999999997622 0.404962002956199 -0.043339854376784 100.001238844778584 0.500006228877391
0.148100000000000 0.999999999997619 0.404952844205002 -0.048254531062858 100.001238844778385 0.500006228776721
0.148200000000000 0.999999999997617 0.404942704525135 -0.053149876950426 100.001238844778157 0.500006228684357
0.148300000000000 0.999999999997616 0.404931587977835 -0.058023937535025 100.001238844778115 0.500006228602132
0.148400000000000 0.999999999997614 0.404919499006854 -0.062874842701265 100.001238844777916 0.500006228485224
0.148500000000000 0.999999999997612 0.404906442439416 -0.067700628252248 100.001238844777703 0.500006228344698
0.148600000000000 0.999999999997613 0.404892423495464 -0.072499329905500 100.001238844777845 0.500006228202414
0.148700000000000 0.999999999997612 0.404877447783122 -0.077269029885779 100.001238844777419 0.500006228058655
0.148800000000000 0.999999999997607 0.404861521297599 -0.082007773643803 100.001238844777262 0.500006227952073
0.148900000000000 0.999999999997607 0.404844650403939 -0.086713818834289 100.001238844777134 0.500006227759013
0.149000000000000 0.999999999997606 0.404826841837812 -0.091385202898028 100.001238844776992 0.500006227542044
0.149100000000000 0.999999999997605 0.404808102718472 -0.096020048991934 100.001238844776665 0.500006227307966
0.149200000000000 0.999999999997602 0.404788440541699 -0.100616470524465 100.001238844776623 0.500006227088843
0.149300000000000 0.999999999997601 0.404767863180422 -0.105172580797730 100.001238844776694 0.500006226937422
0.149400000000000 0.999999999997596 0.404746378865248 -0.109686689776869 100.001238844776168 0.500006226718792
0.149500000000000 0.999999999997597 0.404723996178439 -0.114156970890237 100.001238844776296 0.500006226451527
0.149600000000000 0.999999999997595 0.404700724062378 -0.118581650267273 100.001238844775941 0.500006226116244
0.149700000000000 0.999999999997596 0.404676571829405 -0.122958801332810 100.001238844775855 0.500006225898710
0.149800000000000 0.999999999997595 0.404651549145401 -0.127286813587644 100.001238844775628 0.500006225633544
0.149900000000000 0.999999999997592 0.404625666008865 -0.131563973540687 100.001238844775742 0.500006225295379
0.150000000000000 0.999999999997590 0.404598932771856 -0.135788456864172 100.001238844775429 0.500006225032469
0.150100000000000 0.999999999997591 0.404571360135566 -0.139958595859319 100.001238844775159 0.500006224820656
0.150200000000000 0.999999999997587 0.404542959134151 -0.144072728939240 100.001238844775145 0.500006224655228
0.150300000000000 0.999999999997588 0.404513741124564 -0.148129289864118 100.001238844774790 0.500006224423607
0.150400000000000 0.999999999997585 0.404483717779912 -0.152126684842775 100.001238844774747 0.500006224079468
0.150500000000000 0.999999999997581 0.404452901107905 -0.156063159741050 100.001238844774633 0.500006223857073
0.150600000000000 0.999999999997581 0.404421303435008 -0.159937278770389 100.001238844774520 0.500006223544523
0.150700000000000 0.999999999997579 0.404388937389508 -0.163747462256956 100.001238844774349 0.500006223186733
0.150800000000000 0.999999999997579 0.404355815921449 -0.167492070807973 100.001238844774250 0.500006222973935
0.150900000000000 0.999999999997577 0.404321952282628 -0.171169726487070 100.001238844774008 0.500006222710711
0.151000000000000 0.999999999997577 0.404287360007047 -0.174778985332900 100.001238844773894 0.500006222348768
0.151100000000000 0.999999999997574 0.404252052925431 -0.178318323694110 100.001238844773809 0.500006222025971
0.151200000000000 0.999999999997571 0.404216045159106 -0.181786356809767 100.001238844773638 0.500006221689267
0.151300000000000 0.999999999997571 0.404179351099888 -0.185181768818326 100.001238844773439 0.500006221207953
0.151400000000000 0.999999999997569 0.404141985426327 -0.188503005416793 100.001238844773269 0.500006220944333
0.151500000000000 0.999999999997571 0.404103963083452 -0.191748953766498 100.001238844773781 0.500006220497148
0.151600000000000 0.999999999997568 0.404065299273315 -0.194918160022644 100.001238844772502 0.500006220161640
0.151700000000000 0.999999999997565 0.404026009465897 -0.198009395346322 100.001238844773368 0.500006219866253
0.151800000000000 0.999999999997565 0.403986109376806 -0.201021434892273 100.001238844772871 0.500006219589939
0.151900000000000 0.999999999997563 0.403945614963773 -0.203953079751515 100.001238844772615 0.500006219322058
0.152000000000000 0.999999999997561 0.403904542408271 -0.206803294226149 100.001238844772132 0.500006218782062
0.152100000000000 0.999999999997559 0.403862908130961 -0.209570720326632 100.001238844771564 0.500006218416991
0.152200000000000 0.999999999997559 0.403820728789318 -0.212254345503184 100.001238844771549 0.500006218033470
0.152300000000000 0.999999999997557 0.403778021250392 -0.214853089985183 100.001238844771692 0.500006217645291
0.152400000000000 0.999999999997554 0.403734802600837 -0.217365835371827 100.001238844772473 0.500006217423816
0.152500000000000 0.999999999997554 0.403691090130042 -0.219791672037781 100.001238844771436 0.500006217164960
0.152600000000000 0.999999999997551 0.403646901315479 -0.222129630267709 100.001238844770995 0.500006216867134
0.152700000000000 0.999999999997551 0.403602253826785 -0.224378757329096 100.001238844771592 0.500006216569266
0.152800000000000 0.999999999997547 0.403557165515355 -0.226538188495169 100.001238844771080 0.500006216193295
0.152900000000000 0.999999999997548 0.403511654413613 -0.228606977918995 100.001238844770967 0.500006215925186
0.153000000000000 0.999999999997546 0.403465738725594 -0.230584354122394 100.001238844770370 0.500006215638873
0.153100000000000 0.999999999997542 0.403419436804824 -0.232469594534164 100.001238844770540 0.500006215176174
0.153200000000000 0.999999999997543 0.403372767160171 -0.234261868624884 100.001238844770540 0.500006214713106
0.153300000000000 0.999999999997541 0.403325748456960 -0.235960441759306 100.001238844770171 0.500006214292231
0.153400000000000 0.999999999997539 0.403278399496718 -0.237564686951867 100.001238844770072 0.500006213790516
0.153500000000000 0.999999999997538 0.403230739213717 -0.239073903462459 100.001238844769944 0.500006213348284
0.153600000000000 0.999999999997537 0.403182786676538 -0.240487448441403 100.001238844769873 0.500006213060934
0.153700000000000 0.999999999997534 0.403134561070945 -0.241804792238812 100.001238844769802 0.500006212844590
0.153800000000000 0.999999999997533 0.403086081679308 -0.243025498994722 100.001238844770029 0.500006212479480
0.153900000000000 0.999999999997531 0.403037367880017 -0.244149045101741 100.001238844768579 0.500006212050542
0.154000000000000 0.999999999997532 0.402988439153536 -0.245174932597189 100.001238844769546 0.500006211676509
0.154100000000000 0.999999999997529 0.402939315074018 -0.246102722173678 100.001238844769873 0.500006211429363
0.154200000000000 0.999999999997528 0.402890015288451 -0.246932123928689 100.001238844768324 0.500006211110229
0.154300000000000 0.999999999997528 0.402840559506373 -0.247662804124960 100.001238844769560 0.500006210723679
0.154400000000000 0.999999999997525 0.402790967500541 -0.248294463467829 100.001238844768523 0.500006210287117
0.154500000000000 0.999999999997524 0.402741259097590 -0.248826863056529 100.001238844768608 0.500006209766359
0.154600000000000 0.999999999997521 0.402691454178982 -0.249259692819387 100.001238844768494 0.500006209403400
0.154700000000000 0.999999999997518 0.402641572669696 -0.249592826967139 100.001238844768125 0.500006209081073
0.154800000000000 0.999999999997520 0.402591634518169 -0.249826157243318 100.001238844767755 0.500006208737193
0.154900000000000 0.999999999997516 0.402541659689538 -0.249959625300871 100.001238844768011 0.500006208284482
0.155000000000000 0.999999999997515 0.402491668170231 -0.249993076998994 100.001238844767329 0.500006207974942
0.155100000000000 0.999999999997514 0.402441679958074 -0.249926550292688 100.001238844767613 0.500006207680520
0.155200000000000 0.999999999997513 0.402391715039062 -0.249760127444923 100.001238844767286 0.500006207262132
0.155300000000000 0.999999999997512 0.402341793389913 -0.249493819176672 100.001238844767087 0.500006206859482
0.155400000000000 0.999999999997509 0.402291934974691 -0.249127740843921 100.001238844767130 0.500006206450729
0.155500000000000 0.999999999997508 0.402242159734809 -0.248662003909191 100.001238844766704 0.500006206123023
0.155600000000000 0.999999999997507 0.402192487583229 -0.248096780588176 100.001238844766533 0.500006205911115
0.155700000000000 0.999999999997503 0.402142938385460 -0.247432372885152 100.001238844766348 0.500006205626269
0.155800000000000 0.999999999997501 0.402093531948451 -0.246669065567489 100.001238844766476 0.500006205221838
0.155900000000000 0.999999999997504 0.402044288028823 -0.245807077020439 100.001238844766135 0.500006204912673
0.156000000000000 0.999999999997500 0.401995226321081 -0.244846809511149 100.001238844766135 0.500006204557020
0.156100000000000 0.999999999997498 0.401946366439154 -0.243788668440442 100.001238844765936 0.500006204103104
0.156200000000000 0.999999999997499 0.401897727923535 -0.242632981561361 100.001238844764970 0.500006203784107
0.156300000000000 0.999999999997495 0.401849330233256 -0.241380234308548 100.001238844764828 0.500006203542584
0.156400000000000 0.999999999997492 0.401801192725098 -0.240030964700058 100.001238844766064 0.500006203288689
0.156500000000000 0.999999999997494 0.401753334647821 -0.238585715687633 100.001238844764615 0.500006203014557
0.156600000000000 0.999999999997493 0.401705775142326 -0.237045023348028 100.001238844765695 0.500006202820189
0.156700000000000 0.999999999997489 0.401658533229392 -0.235409551794776 100.001238844765311 0.500006202591300
0.156800000000000 0.999999999997488 0.401611627797647 -0.233679959032988 100.001238844765524 0.500006202319058
0.156900000000000 0.999999999997487 0.401565077601336 -0.231856930958791 100.001238844763932 0.500006202017594
0.157000000000000 0.999999999997486 0.401518901255924 -0.229941170034072 100.001238844764913 0.500006201749042
0.157100000000000 0.999999999997482 0.401473117232839 -0.227933413158241 100.001238844763918 0.500006201579859
0.157200000000000 0.999999999997481 0.401427743843407 -0.225834524841452 100.001238844763719 0.500006201368533
0.157300000000000 0.999999999997478 0.401382799230334 -0.223645327598157 100.001238844763861 0.500006201153801
0.157400000000000 0.999999999997478 0.401338301365093 -0.221366710828129 100.001238844763719 0.500006200904708
0.157500000000000 0.999999999997477 0.401294268038137 -0.218999595640051 100.001238844763606 0.500006200600393
0.157600000000000 0.999999999997474 0.401250716855541 -0.216544905348972 100.001238844763662 0.500006200292878
0.157700000000000 0.999999999997474 0.401207665235889 -0.214003591471781 100.001238844763563 0.500006200047325
0.157800000000000 0.999999999997471 0.401165130396353 -0.211376716324354 100.001238844763094 0.500006199764485
0.157900000000000 0.999999999997472 0.401123129346304 -0.208665295977211 100.001238844763307 0.500006199517836
0.158000000000000 0.999999999997468 0.401081678882551 -0.205870440096518 100.001238844762938 0.500006199253929
0.158100000000000 0.999999999997470 0.401040795581624 -0.202993242568838 100.001238844762867 0.500006199022051
0.158200000000000 0.999999999997468 0.401000495793025 -0.200034878531603 100.001238844762611 0.500006198771978
0.158300000000000 0.999999999997465 0.400960795634354 -0.196996493594646 100.001238844762440 0.500006198578871
0.158400000000000 0.999999999997462 0.400921710985361 -0.193879319601699 100.001238844762241 0.500006198408233
0.158500000000000 0.999999999997462 0.400883257473938 -0.190684644251200 100.001238844762184 0.500006198180391
0.158600000000000 0.999999999997461 0.400845450475231 -0.187413707403431 100.001238844762042 0.500006197968641
0.158700000000000 0.999999999997459 0.400808305108459 -0.184067828688915 100.001238844761900 0.500006197751107
0.158800000000000 0.999999999997458 0.400771836229519 -0.180648322029668 100.001238844761730 0.500006197572122
0.158900000000000 0.999999999997456 0.400736058422158 -0.177156594000770 100.001238844761545 0.500006197360521
0.159000000000000 0.999999999997455 0.400700985996288 -0.173593978029936 100.001238844761389 0.500006197228180
0.159100000000000 0.999999999997453 0.400666632983164 -0.169961925972560 100.001238844761318 0.500006197125391
0.159200000000000 0.999999999997452 0.400633013118778 -0.166261939210651 100.001238844760948 0.500006196968560
0.159300000000000 0.999999999997448 0.400600139843657 -0.162495472726797 100.001238844761019 0.500006196800775
0.159400000000000 0.999999999997448 0.400568026305105 -0.158664003882735 100.001238844760763 0.500006196669114
0.159500000000000 0.999999999997447 0.400536685346186 -0.154769096776620 100.001238844760564 0.500006196522044
0.159600000000000 0.999999999997445 0.400506129499156 -0.150812295881548 100.001238844760479 0.500006196380439
0.159700000000000 0.999999999997445 0.400476370981155 -0.146795207759906 100.001238844760366 0.500006196208083
0.159800000000000 0.999999999997446 0.400447421689436 -0.142719426468023 100.001238844760110 0.500006196024734
0.159900000000000 0.999999999997440 0.400419293202073 -0.138586548982721 100.001238844759996 0.500006195877789
0.160000000000000 0.999999999997440 0.400391996770269 -0.134398246547959 100.001238844759754 0.500006195740202
0.160100000000000 0.999999999997436 0.400365543310118 -0.130156199805254 100.001238844759683 0.500006195604070
0.160200000000000 0.999999999997436 0.400339943400796 -0.125862097936954 100.001238844759499 0.500006195478832
0.160300000000000 0.999999999997434 0.400315207281180 -0.121517654959958 100.001238844759385 0.500006195368124
0.160400000000000 0.999999999997434 0.400291344843355 -0.117124624415992 100.001238844759300 0.500006195251793
0.160500000000000 0.999999999997431 0.400268365630329 -0.112684744380883 100.001238844759158 0.500006195152048
0.160600000000000 0.999999999997430 0.400246278831301 -0.108199814830746 100.001238844758817 0.500006195040738
0.160700000000000 0.999999999997429 0.400225093275327 -0.103671637788844 100.001238844758717 0.500006194909975
0.160800000000000 0.999999999997429 0.400204817433826 -0.099101988288585 100.001238844758547 0.500006194798254
0.160900000000000 0.999999999997425 0.400185459418148 -0.094492691431114 100.001238844758333 0.500006194706681
0.161000000000000 0.999999999997425 0.400167026969484 -0.089845623835781 100.001238844758291 0.500006194602879
0.161100000000000 0.999999999997422 0.400149527458202 -0.085162617615609 100.001238844758063 0.500006194511516
0.161200000000000 0.999999999997422 0.400132967883307 -0.080445554236827 100.001238844757879 0.500006194424485
0.161300000000000 0.999999999997419 0.400117354868108 -0.075696310966824 100.001238844757708 0.500006194348904
0.161400000000000 0.999999999997419 0.400102694656820 -0.070916799707362 100.001238844757665 0.500006194274479
0.161500000000000 0.999999999997416 0.400088993111200 -0.066108935146679 100.001238844757580 0.500006194199262
0.161600000000000 0.999999999997417 0.400076255711148 -0.061274621906953 100.001238844757125 0.500006194135609
0.161700000000000 0.999999999997412 0.400064487550760 -0.056415811168826 100.001238844757182 0.500006194071823
0.161800000000000 0.999999999997412 0.400053693336017 -0.051534435115673 100.001238844757168 0.500006194014595
0.161900000000000 0.999999999997410 0.400043877383816 -0.046632451999604 100.001238844756955 0.500006193960404
0.162000000000000 0.999999999997408 0.400035043619815 -0.041711816434411 100.001238844756728 0.500006193911990
0.162100000000000 0.999999999997410 0.400027195577583 -0.036774494926194 100.001238844756500 0.500006193869392
0.162200000000000 0.999999999997406 0.400020336395581 -0.031822471706471 100.001238844756415 0.500006193828591
0.162300000000000 0.999999999997405 0.400014468816414 -0.026857722341571 100.001238844756045 0.500006193791426
0.162400000000000 0.999999999997402 0.400009595186176 -0.021882236171265 100.001238844756188 0.500006193757181
0.162500000000000 0.999999999997401 0.400005717453822 -0.016897997067606 100.001238844756173 0.500006193727546
0.162600000000000 0.999999999997399 0.400002837170134 -0.011907001187551 100.001238844755761 0.500006193701818
0.162700000000000 0.999999999997398 0.400000955485949 -0.006911251840351 100.001238844755605 0.500006193679245
0.162800000000000 0.999999999997397 0.400000073152501 -0.001912744172564 100.001238844755449 0.500006193660848
0.162900000000000 0.999999999997397 0.400000190522063 0.003086528314506 100.001238844755363 0.500006193647196
0.163000000000000 0.999999999997393 0.400001307547625 0.008084565909568 100.001238844755321 0.500006193638384
0.163100000000000 0.999999999997396 0.400003423782905 0.013079374888718 100.001238844755392 0.500006193634063
0.163200000000000 0.999999999997392 0.400006538382378 0.018068956398840 100.001238844754909 0.500006193634224
0.163300000000000 0.999999999997389 0.400010650100985 0.023051315258605 100.001238844754880 0.500006193638391
0.163400000000000 0.999999999997387 0.400015757294674 0.028024455065271 100.001238844754710 0.500006193647180
0.163500000000000 0.999999999997386 0.400021857920481 0.032986381907137 100.001238844754482 0.500006193662485
0.163600000000000 0.999999999997385 0.400028949537978 0.037935115524857 100.001238844754312 0.500006193683350
0.163700000000000 0.999999999997384 0.400037029311626 0.042868685028710 100.001238844754084 0.500006193706813
0.163800000000000 0.999999999997383 0.400046094010710 0.047785108365111 100.001238844754198 0.500006193736391
0.163900000000000 0.999999999997379 0.400056140009425 0.052682417088780 100.001238844753942 0.500006193773394
0.164000000000000 0.999999999997380 0.400067163291072 0.057558671989553 100.001238844753559 0.500006193807514
0.164100000000000 0.999999999997376 0.400079159448176 0.062411902194910 100.001238844753630 0.500006193850193
0.164200000000000 0.999999999997377 0.400092123683331 0.067240179146891 100.001238844753388 0.500006193894201
0.164300000000000 0.999999999997372 0.400106050813374 0.072041573379780 100.001238844753217 0.500006193938301
0.164400000000000 0.999999999997374 0.400120935268069 0.076814142721967 100.001238844753331 0.500006193998411
0.164500000000000 0.999999999997372 0.400136771093750 0.081555997352611 100.001238844753146 0.500006194061011
0.164600000000000 0.999999999997371 0.400153551957507 0.086265233056275 100.001238844752720 0.500006194132302
0.164700000000000 0.999999999997369 0.400171271148492 0.090939973563680 100.001238844752748 0.500006194206626
0.164800000000000 0.999999999997367 0.400189921581352 0.095578350322427 100.001238844752635 0.500006194283040
0.164900000000000 0.999999999997366 0.400209495796060 0.100178484228460 100.001238844752422 0.500006194384867
0.165000000000000 0.999999999997365 0.400229985963700 0.104738566749697 100.001238844752251 0.500006194481930
0.165100000000000 0.999999999997364 0.400251383893019 0.109256782529848 100.001238844752265 0.500006194564343
0.165200000000000 0.999999999997363 0.400273681027780 0.113731295691949 100.001238844751853 0.500006194663097
0.165300000000000 0.999999999997360 0.400296868449613 0.118160321016319 100.001238844751867 0.500006194774362
0.165400000000000 0.999999999997359 0.400320936884677 0.122542088799090 100.001238844751896 0.500006194896833
0.165500000000000 0.999999999997358 0.400345876709069 0.126874867893944 100.001238844751441 0.500006195004454
0.165600000000000 0.999999999997358 0.400371677950581 0.131156906258860 100.001238844751484 0.500006195121055
0.165700000000000 0.999999999997356 0.400398330288245 0.135386467807119 100.001238844751299 0.500006195278440
0.165800000000000 0.999999999997353 0.400425823063507 0.139561913198307 100.001238844751157 0.500006195407023
0.165900000000000 0.999999999997350 0.400454145282068 0.143681522121561 100.001238844751043 0.500006195576216
0.166000000000000 0.999999999997350 0.400483285617371 0.147743694616853 100.001238844750731 0.500006195718531
0.166100000000000 0.999999999997348 0.400513232420592 0.151746807515670 100.001238844750574 0.500006195830181
0.166200000000000 0.999999999997346 0.400543973717748 0.155689230165978 100.001238844750674 0.500006195955442
0.166300000000000 0.999999999997344 0.400575497214321 0.159569388603201 100.001238844750304 0.500006196090723
0.166400000000000 0.999999999997344 0.400607790304490 0.163385743611172 100.001238844750134 0.500006196216212
0.166500000000000 0.999999999997341 0.400640840074912 0.167136758934191 100.001238844750119 0.500006196347981
0.166600000000000 0.999999999997341 0.400674633307260 0.170820920319835 100.001238844749849 0.500006196510144
0.166700000000000 0.999999999997336 0.400709156485461 0.174436765247565 100.001238844749935 0.500006196685236
0.166800000000000 0.999999999997335 0.400744395801595 0.177982836461454 100.001238844749523 0.500006196893229
0.166900000000000 0.999999999997336 0.400780337164588 0.181457760715632 100.001238844749565 0.500006197054556
0.167000000000000 0.999999999997334 0.400816966202579 0.184860102477194 100.001238844749281 0.500006197251354
0.167100000000000 0.999999999997333 0.400854268266183 0.188188521838334 100.001238844748997 0.500006197446158
0.167200000000000 0.999999999997330 0.400892228438153 0.191441679718820 100.001238844749480 0.500006197653805
0.167300000000000 0.999999999997328 0.400930831537341 0.194618276396260 100.001238844748826 0.500006197872159
0.167400000000000 0.999999999997329 0.400970062122957 0.197717014391616 100.001238844748571 0.500006198154581
0.167500000000000 0.999999999997326 0.401009904502666 0.200736675923984 100.001238844748428 0.500006198459910
0.167600000000000 0.999999999997324 0.401050342744955 0.203676087437254 100.001238844748315 0.500006198719641
0.167700000000000 0.999999999997322 0.401091360685492 0.206534094285381 100.001238844747775 0.500006198889546
0.167800000000000 0.999999999997321 0.401132941922647 0.209309476992542 100.001238844747348 0.500006199126470
0.167900000000000 0.999999999997319 0.401175069822571 0.212001131369435 100.001238844747547 0.500006199420021
0.168000000000000 0.999999999997318 0.401217727537845 0.214608027924074 100.001238844747803 0.500006199671256
0.168100000000000 0.999999999997317 0.401260898010687 0.217129091827009 100.001238844747078 0.500006199948804
0.168200000000000 0.999999999997315 0.401304563976922 0.219563333704593 100.001238844746922 0.500006200211909
0.168300000000000 0.999999999997312 0.401348707976300 0.221909782302207 100.001238844747377 0.500006200455263
0.168400000000000 0.999999999997312 0.401393312357355 0.224167496401213 100.001238844747263 0.500006200684696
0.168500000000000 0.999999999997311 0.401438359280711 0.226335536773245 100.001238844746695 0.500006200981730
0.168600000000000 0.999999999997310 0.401483830729959 0.228413073909646 100.001238844747263 0.500006201262242
0.168700000000000 0.999999999997305 0.401529708519479 0.230399244759126 100.001238844747348 0.500006201599658
0.168800000000000 0.999999999997308 0.401575974301174 0.232293286699993 100.001238844746950 0.500006201921499
0.168900000000000 0.999999999997306 0.401622609578449 0.234094478021236 100.001238844746098 0.500006202143981
0.169000000000000 0.999999999997304 0.401669595704862 0.235802041316843 100.001238844746496 0.500006202399881
0.169100000000000 0.999999999997303 0.401716913883912 0.237415252465307 100.001238844746297 0.500006202787160
0.169200000000000 0.999999999997301 0.401764545190830 0.238933554314183 100.001238844746098 0.500006203097639
0.169300000000000 0.999999999997301 0.401812470580943 0.240356304993910 100.001238844746013 0.500006203413472
0.169400000000000 0.999999999997299 0.401860670887655 0.241682926339402 100.001238844745316 0.500006203756671
0.169500000000000 0.999999999997295 0.401909126840590 0.242912960262497 100.001238844744421 0.500006203951922
0.169600000000000 0.999999999997295 0.401957819067685 0.244045845972930 100.001238844745956 0.500006204165537
0.169700000000000 0.999999999997292 0.402006728092397 0.245081099003329 100.001238844745444 0.500006204474528
0.169800000000000 0.999999999997291 0.402055834349257 0.246018315169311 100.001238844744961 0.500006204855387
0.169900000000000 0.999999999997289 0.402105118198659 0.246857157386610 100.001238844745217 0.500006205215568
0.170000000000000 0.999999999997289 0.402154559935083 0.247597304020072 100.001238844745387 0.500006205520559
0.170100000000000 0.999999999997285 0.402204139787144 0.248238417435642 100.001238844745828 0.500006205873265
0.170200000000000 0.999999999997284 0.402253837923414 0.248780234548607 100.001238844745174 0.500006206290382
0.170300000000000 0.999999999997282 0.402303634466063 0.249222554688555 100.001238844744620 0.500006206732138
0.170400000000000 0.999999999997282 0.402353509503179 0.249565238037723 100.001238844744520 0.500006207105935
0.170500000000000 0.999999999997280 0.402403443093933 0.249808135356468 100.001238844744222 0.500006207442005
0.170600000000000 0.999999999997278 0.402453415271909 0.249951139349000 100.001238844743725 0.500006207765535
0.170700000000000 0.999999999997278 0.402503406051921 0.249994169986656 100.001238844743824 0.500006208133582
0.170800000000000 0.999999999997276 0.402553395439608 0.249937215152557 100.001238844743654 0.500006208533187
0.170900000000000 0.999999999997275 0.402603363452475 0.249780406347844 100.001238844743767 0.500006208692548
0.171000000000000 0.999999999997274 0.402653290115077 0.249523681287530 100.001238844743796 0.500006208924101
0.171100000000000 0.999999999997270 0.402703155449568 0.249167077592559 100.001238844742673 0.500006209389754
0.171200000000000 0.999999999997268 0.402752939506448 0.248710843602136 100.001238844743000 0.500006209825401
0.171300000000000 0.999999999997269 0.402802622378132 0.248155149746171 100.001238844743028 0.500006210260756
0.171400000000000 0.999999999997266 0.402852184196163 0.247500216060995 100.001238844742346 0.500006210701103
0.171500000000000 0.999999999997264 0.402901605141809 0.246746320200301 100.001238844742005 0.500006211107294
0.171600000000000 0.999999999997264 0.402950865456049 0.245893781753731 100.001238844743227 0.500006211434791
0.171700000000000 0.999999999997261 0.402999945443329 0.244942915965451 100.001238844742147 0.500006211747149
0.171800000000000 0.999999999997261 0.403048825475005 0.243894075399394 100.001238844742232 0.500006212111971
0.171900000000000 0.999999999997259 0.403097486005119 0.242747735972008 100.001238844742062 0.500006212391274
0.172000000000000 0.999999999997257 0.403145907573111 0.241504274976521 100.001238844741948 0.500006212782222
0.172100000000000 0.999999999997255 0.403194070808050 0.240164211407398 100.001238844741522 0.500006213231062
0.172200000000000 0.999999999997253 0.403241956444008 0.238728076470941 100.001238844741707 0.500006213748178
0.172300000000000 0.999999999997248 0.403289545332425 0.237196512912956 100.001238844741295 0.500006214169589
0.172400000000000 0.999999999997250 0.403336818447530 0.235570106739911 100.001238844741067 0.500006214558932
0.172500000000000 0.999999999997248 0.403383756885768 0.233849492756037 100.001238844741238 0.500006214953076
0.172600000000000 0.999999999997248 0.403430341878890 0.232035390728646 100.001238844741181 0.500006215277918
0.172700000000000 0.999999999997246 0.403476554799404 0.230128487786685 100.001238844741010 0.500006215623010
0.172800000000000 0.999999999997245 0.403522377162231 0.228129521027232 100.001238844740627 0.500006216046183
0.172900000000000 0.999999999997242 0.403567790635711 0.226039286791828 100.001238844740740 0.500006216552702
0.173000000000000 0.999999999997240 0.403612777060745 0.223858715400074 100.001238844740584 0.500006216928231
0.173100000000000 0.999999999997240 0.403657318459877 0.221588693825247 100.001238844740442 0.500006217141871
0.173200000000000 0.999999999997240 0.403701397025625 0.219230034478450 100.001238844740058 0.500006217407008
0.173300000000000 0.999999999997237 0.403744995120676 0.216783625739396 100.001238844739902 0.500006217841918
0.173400000000000 0.999999999997235 0.403788095309077 0.214250595154564 100.001238844739774 0.500006218120932
0.173500000000000 0.999999999997231 0.403830680355075 0.211631815074236 100.001238844739532 0.500006218546833
0.173600000000000 0.999999999997234 0.403872733219457 0.208928377942805 100.001238844739476 0.500006219020724
0.173700000000000 0.999999999997230 0.403914237086051 0.206141426023667 100.001238844739333 0.500006219414039
0.173800000000000 0.999999999997231 0.403955175357394 0.203272001219113 100.001238844739277 0.500006219877218
0.173900000000000 0.999999999997228 0.403995531662887 0.200321330548000 100.001238844739007 0.500006220247473
0.174000000000000 0.999999999997226 0.404035289864568 0.197290514503703 100.001238844738950 0.500006220685176
0.174100000000000 0.999999999997223 0.404074434057319 0.194180780402682 100.001238844738879 0.500006221157863
0.174200000000000 0.999999999997223 0.404112948590609 0.190993447605705 100.001238844738680 0.500006221518045
0.174300000000000 0.999999999997222 0.404150818074160 0.187729799344250 100.001238844738424 0.500006221752739
0.174400000000000 0.999999999997220 0.404188027368004 0.184391055803254 100.001238844738197 0.500006222024186
0.174500000000000 0.999999999997218 0.404224561585239 0.180978526606618 100.001238844738140 0.500006222377294
0.174600000000000 0.999999999997218 0.404260406117767 0.177493692351742 100.001238844737898 0.500006222601014
0.174700000000000 0.999999999997214 0.404295546627226 0.173937766815838 100.001238844737799 0.500006223015808
0.174800000000000 0.999999999997213 0.404329969058056 0.170312365123397 100.001238844737685 0.500006223281113
0.174900000000000 0.999999999997211 0.404363659656317 0.166618893065381 100.001238844737429 0.500006223477059
0.175000000000000 0.999999999997211 0.404396604948918 0.162858749083923 100.001238844737316 0.500006223735777
0.175100000000000 0.999999999997208 0.404428791759372 0.159033503068059 100.001238844736974 0.500006223947499
0.175200000000000 0.999999999997206 0.404460207209724 0.155144568880572 100.001238844736974 0.500006224296039
0.175300000000000 0.999999999997205 0.404490838733682 0.151193651413301 100.001238844736861 0.500006224544791
0.175400000000000 0.999999999997203 0.404520674083684 0.147182232268331 100.001238844736577 0.500006224845201
0.175500000000000 0.999999999997201 0.404549701325885 0.143111967155418 100.001238844736704 0.500006225119124
0.175600000000000 0.999999999997203 0.404577908845919 0.138984395646612 100.001238844736349 0.500006225491627
0.175700000000000 0.999999999997200 0.404605285357142 0.134801254614597 100.001238844736264 0.500006225838064
0.175800000000000 0.999999999997196 0.404631819917874 0.130564259079280 100.001238844736065 0.500006226103350
0.175900000000000 0.999999999997196 0.404657501926155 0.126275090456901 100.001238844735838 0.500006226308478
0.176000000000000 0.999999999997195 0.404682321107142 0.121935338609559 100.001238844735866 0.500006226612428
0.176100000000000 0.999999999997194 0.404706267527170 0.117546824909161 100.001238844735667 0.500006226904533
0.176200000000000 0.999999999997191 0.404729331618500 0.113111390223472 100.001238844735553 0.500006227085717
0.176300000000000 0.999999999997190 0.404751504166315 0.108630721120528 100.001238844735354 0.500006227260397
0.176400000000000 0.999999999997187 0.404772776305199 0.104106625874985 100.001238844735184 0.500006227410925
0.176500000000000 0.999999999997185 0.404793139525705 0.099540855736203 100.001238844735070 0.500006227597596
0.176600000000000 0.999999999997184 0.404812585675910 0.094935234679083 100.001238844734786 0.500006227818139
0.176700000000000 0.999999999997184 0.404831106974102 0.090291641262423 100.001238844734729 0.500006228034248
0.176800000000000 0.999999999997180 0.404848696017039 0.085611983135559 100.001238844734587 0.500006228200614
0.176900000000000 0.999999999997182 0.404865345769343 0.080898029759553 100.001238844734445 0.500006228406002
0.177000000000000 0.999999999997180 0.404881049568318 0.076151739123708 100.001238844734317 0.500006228587522
0.177100000000000 0.999999999997179 0.404895801142022 0.071375062325905 100.001238844734274 0.500006228707328
0.177200000000000 0.999999999997177 0.404909594604752 0.066569911280905 100.001238844734047 0.500006228770890
0.177300000000000 0.999999999997175 0.404922424440868 0.061738073685460 100.001238844733905 0.500006228870782
0.177400000000000 0.999999999997174 0.404934285516611 0.056881580156355 100.001238844733692 0.500006228942232
0.177500000000000 0.999999999997173 0.404945173091588 0.052002336016157 100.001238844733493 0.500006229008660
0.177600000000000 0.999999999997171 0.404955082801499 0.047102195207076 100.001238844733251 0.500006229117689
0.177700000000000 0.999999999997168 0.404964010672977 0.042183214045660 100.001238844733365 0.500006229215933
0.177800000000000 0.999999999997168 0.404971953142342 0.037247434256536 100.001238844732995 0.500006229273565
0.177900000000000 0.999999999997166 0.404978907041851 0.032296774097523 100.001238844732882 0.500006229316984
0.178000000000000 0.999999999997165 0.404984869590316 0.027333179862198 100.001238844732654 0.500006229357676
0.178100000000000 0.999999999997165 0.404989838406944 0.022358710883871 100.001238844732541 0.500006229375432
0.178200000000000 0.999999999997163 0.404993811500410 0.017375202027123 100.001238844732484 0.500006229406416
0.178300000000000 0.999999999997161 0.404996787271738 0.012384740864167 100.001238844732285 0.500006229426514
0.178400000000000 0.999999999997157 0.404998764534099 0.007389363419410 100.001238844732228 0.500006229431444
0.178500000000000 0.999999999997157 0.404999742501042 0.002391036767965 100.001238844732228 0.500006229426460
0.178600000000000 0.999999999997154 0.404999720788350 -0.002608181658339 100.001238844731830 0.500006229412410
0.178700000000000 0.999999999997155 0.404998699397415 -0.007606495531585 100.001238844731688 0.500006229385258
0.178800000000000 0.999999999997151 0.404996678727121 -0.012601727254504 100.001238844731660 0.500006229349049
0.178900000000000 0.999999999997151 0.404993659596742 -0.017591844504195 100.001238844731844 0.500006229313403
0.179000000000000 0.999999999997147 0.404989643208038 -0.022575057654688 100.001238844731120 0.500006229244293
0.179100000000000 0.999999999997148 0.404984631161149 -0.027549173143091 100.001238844731176 0.500006229178927
0.179200000000000 0.999999999997147 0.404978625470129 -0.032512243875777 100.001238844730977 0.500006229111990
0.179300000000000 0.999999999997144 0.404971628535037 -0.037462358041698 100.001238844730665 0.500006229020683
0.179400000000000 0.999999999997146 0.404963643147594 -0.042397508901382 100.001238844730779 0.500006228911413
0.179500000000000 0.999999999997142 0.404954672495038 -0.047315749315608 100.001238844730494 0.500006228770354
0.179600000000000 0.999999999997140 0.404944720169984 -0.052214971240905 100.001238844730466 0.500006228663804
0.179700000000000 0.999999999997140 0.404933790165694 -0.057093274088026 100.001238844730068 0.500006228569502
0.179800000000000 0.999999999997135 0.404921886854458 -0.061948770637254 100.001238844730096 0.500006228453461
0.179900000000000 0.999999999997135 0.404909014992438 -0.066779507837457 100.001238844729741 0.500006228320432
0.180000000000000 0.999999999997133 0.404895179721852 -0.071583578983287 100.001238844729556 0.500006228151642
0.180100000000000 0.999999999997133 0.404880386575132 -0.076358988126124 100.001238844729329 0.500006227998701
0.180200000000000 0.999999999997132 0.404864641466973 -0.081103907323220 100.001238844729073 0.500006227800729
0.180300000000000 0.999999999997130 0.404847950692632 -0.085816359482319 100.001238844729372 0.500006227619840
0.180400000000000 0.999999999997128 0.404830320932330 -0.090494470752945 100.001238844728945 0.500006227450029
0.180500000000000 0.999999999997126 0.404811759232644 -0.095136452416353 100.001238844728931 0.500006227217300
0.180600000000000 0.999999999997123 0.404792273011910 -0.099740375250723 100.001238844728675 0.500006226987129
0.180700000000000 0.999999999997125 0.404771870070179 -0.104304349601481 100.001238844728803 0.500006226810679
0.180800000000000 0.999999999997123 0.404750558569515 -0.108826645642642 100.001238844728533 0.500006226592104
0.180900000000000 0.999999999997122 0.404728347030756 -0.113305406003749 100.001238844728348 0.500006226382882
0.181000000000000 0.999999999997118 0.404705244334589 -0.117738887973740 100.001238844728192 0.500006226128523
0.181100000000000 0.999999999997117 0.404681259718525 -0.122125267073114 100.001238844728164 0.500006225888006
0.181200000000000 0.999999999997115 0.404656402786097 -0.126462705654188 100.001238844727737 0.500006225767255
0.181300000000000 0.999999999997115 0.404630683482086 -0.130749629520574 100.001238844727780 0.500006225569117
0.181400000000000 0.999999999997112 0.404604112080649 -0.134984319691291 100.001238844727595 0.500006225294442
0.181500000000000 0.999999999997112 0.404576699203124 -0.139165022480442 100.001238844727567 0.500006225021377
0.181600000000000 0.999999999997108 0.404548455817748 -0.143290021681106 100.001238844727595 0.500006224813426
0.181700000000000 0.999999999997110 0.404519393225726 -0.147357703508239 100.001238844727155 0.500006224622946
0.181800000000000 0.999999999997108 0.404489523047915 -0.151366485088599 100.001238844727169 0.500006224385757
0.181900000000000 0.999999999997107 0.404458857222421 -0.155314777262307 100.001238844726657 0.500006224078103
0.182000000000000 0.999999999997106 0.404427408008904 -0.159200953031910 100.001238844726544 0.500006223772314
0.182100000000000 0.999999999997100 0.404395187981735 -0.163023492331453 100.001238844726615 0.500006223414087
0.182200000000000 0.999999999997097 0.404362210023893 -0.166780828399768 100.001238844726387 0.500006223064213
0.182300000000000 0.999999999997099 0.404328487317629 -0.170471535150526 100.001238844726316 0.500006222594479
0.182400000000000 0.999999999997097 0.404294033343791 -0.174094054003533 100.001238844725975 0.500006222142445
0.182500000000000 0.999999999997096 0.404258861889149 -0.177646881679770 100.001238844725975 0.500006221805890
0.182600000000000 0.999999999997095 0.404222987028121 -0.181128645374708 100.001238844725805 0.500006221504136
0.182700000000000 0.999999999997092 0.404186423111767 -0.184537952042144 100.001238844725677 0.500006221240119
0.182800000000000 0.999999999997093 0.404149184770082 -0.187873403931600 100.001238844725520 0.500006221079775
0.182900000000000 0.999999999997089 0.404111286894662 -0.191133782713927 100.001238844725492 0.500006220807826
0.183000000000000 0.999999999997089 0.404072744631113 -0.194317768872169 100.001238844725094 0.500006220450707
0.183100000000000 0.999999999997087 0.404033573388260 -0.197424047553930 100.001238844724440 0.500006220087174
0.183200000000000 0.999999999997085 0.403993788827250 -0.200451411200419 100.001238844724881 0.500006219648375
0.183300000000000 0.999999999997083 0.403953406860361 -0.203398555564214 100.001238844725378 0.500006219321570
0.183400000000000 0.999999999997084 0.403912443647465 -0.206264307633482 100.001238844724185 0.500006219098986
0.183500000000000 0.999999999997083 0.403870915571605 -0.209047608577175 100.001238844725066 0.500006218802752
0.183600000000000 0.999999999997081 0.403828839229985 -0.211747376897291 100.001238844724355 0.500006218364385
0.183700000000000 0.999999999997078 0.403786231449860 -0.214362392477303 100.001238844724526 0.500006218079955
0.183800000000000 0.999999999997077 0.403743109273423 -0.216891725321726 100.001238844722963 0.500006217703861
0.183900000000000 0.999999999997076 0.403699489941678 -0.219334319586931 100.001238844723702 0.500006217330905
0.184000000000000 0.999999999997073 0.403655390904895 -0.221689136082683 100.001238844723403 0.500006217099049
0.184100000000000 0.999999999997073 0.403610829798973 -0.223955357129563 100.001238844723702 0.500006216735125
0.184200000000000 0.999999999997071 0.403565824435788 -0.226132041668869 100.001238844723503 0.500006216314743
0.184300000000000 0.999999999997069 0.403520392812258 -0.228218280012145 100.001238844722408 0.500006215926262
0.184400000000000 0.999999999997066 0.403474553096378 -0.230213271523115 100.001238844722479 0.500006215493304
0.184500000000000 0.999999999997068 0.403428323617881 -0.232116198694430 100.001238844723360 0.500006215060977
0.184600000000000 0.999999999997063 0.403381722864667 -0.233926297868425 100.001238844722025 0.500006214635648
0.184700000000000 0.999999999997063 0.403334769478699 -0.235642791297091 100.001238844721854 0.500006214344351
0.184800000000000 0.999999999997064 0.403287482234455 -0.237265130840583 100.001238844722820 0.500006213862053
0.184900000000000 0.999999999997059 0.403239880031172 -0.238792619430457 100.001238844722167 0.500006213301156
0.185000000000000 0.999999999997058 0.403191981909004 -0.240224542755415 100.001238844722081 0.500006212908950
0.185100000000000 0.999999999997056 0.403143807037318 -0.241560322415929 100.001238844721968 0.500006212701807
0.185200000000000 0.999999999997055 0.403095374683091 -0.242799560381445 100.001238844720959 0.500006212351956
0.185300000000000 0.999999999997053 0.403046704205796 -0.243941731666778 100.001238844721968 0.500006211929644
0.185400000000000 0.999999999997052 0.402997815072124 -0.244986287329595 100.001238844722053 0.500006211659839
0.185500000000000 0.999999999997051 0.402948726832456 -0.245932940948486 100.001238844721939 0.500006211221593
0.185600000000000 0.999999999997049 0.402899459113072 -0.246781219636294 100.001238844720618 0.500006210846128
0.185700000000000 0.999999999997047 0.402850031618018 -0.247530817316187 100.001238844721399 0.500006210452160
0.185800000000000 0.999999999997046 0.402800464114338 -0.248181411114836 100.001238844720888 0.500006210097040
0.185900000000000 0.999999999997045 0.402750776424286 -0.248732771090389 100.001238844720575 0.500006209706035
0.186000000000000 0.999999999997043 0.402700988419835 -0.249184630895156 100.001238844720945 0.500006209393299
0.186100000000000 0.999999999997041 0.402651120014877 -0.249536836472780 100.001238844719722 0.500006209092869
0.186200000000000 0.999999999997041 0.402601191155335 -0.249789222204167 100.001238844720149 0.500006208866794
0.186300000000000 0.999999999997038 0.402551221804150 -0.249941783295940 100.001238844719992 0.500006208474999
0.186400000000000 0.999999999997037 0.402501231936013 -0.249994407666352 100.001238844719779 0.500006208045036
0.186500000000000 0.999999999997035 0.402451241546516 -0.249946996242717 100.001238844719680 0.500006207772292
0.186600000000000 0.999999999997033 0.402401270633055 -0.249799632117858 100.001238844719538 0.500006207496580
0.186700000000000 0.999999999997031 0.402351339178508 -0.249552376951092 100.001238844719182 0.500006207211043
0.186800000000000 0.999999999997030 0.402301467142942 -0.249205397573332 100.001238844719154 0.500006206746422
0.186900000000000 0.999999999997029 0.402251674466557 -0.248758726173486 100.001238844718841 0.500006206368676
0.187000000000000 0.999999999997026 0.402201981064913 -0.248212575532487 100.001238844718927 0.500006205992915
0.187100000000000 0.999999999997025 0.402152406813300 -0.247567136584994 100.001238844718699 0.500006205687360
0.187200000000000 0.999999999997024 0.402102971535991 -0.246822727137605 100.001238844718358 0.500006205304236
0.187300000000000 0.999999999997022 0.402053694998711 -0.245979617652197 100.001238844718301 0.500006204911201
0.187400000000000 0.999999999997021 0.402004596912540 -0.245038082107654 100.001238844718188 0.500006204663733
0.187500000000000 0.999999999997020 0.401955696915470 -0.243998577265624 100.001238844718074 0.500006204364568
0.187600000000000 0.999999999997018 0.401907014561512 -0.242861487752519 100.001238844717875 0.500006204089957
0.187700000000000 0.999999999997017 0.401858569314836 -0.241627326246427 100.001238844717207 0.500006203699330
0.187800000000000 0.999999999997014 0.401810380545803 -0.240296519230375 100.001238844718159 0.500006203355668
0.187900000000000 0.999999999997013 0.401762467527431 -0.238869612531590 100.001238844717918 0.500006203025957
0.188000000000000 0.999999999997013 0.401714849422585 -0.237347162938665 100.001238844716724 0.500006202743128
0.188100000000000 0.999999999997010 0.401667545279832 -0.235729755813272 100.001238844717591 0.500006202562368
0.188200000000000 0.999999999997007 0.401620574019303 -0.234018090709764 100.001238844717392 0.500006202358404
0.188300000000000 0.999999999997008 0.401573954426429 -0.232212815518561 100.001238844717420 0.500006202216970
0.188400000000000 0.999999999997008 0.401527705140390 -0.230314744370369 100.001238844716084 0.500006201923786
0.188500000000000 0.999999999997005 0.401481844646558 -0.228324602529313 100.001238844716966 0.500006201558964
0.188600000000000 0.999999999997002 0.401436391283722 -0.226243129358642 100.001238844715758 0.500006201252383
0.188700000000000 0.999999999997001 0.401391363229852 -0.224071193670415 100.001238844716170 0.500006200921172
0.188800000000000 0.999999999997000 0.401346778492224 -0.221809634249695 100.001238844716084 0.500006200632320
0.188900000000000 0.999999999996999 0.401302654902994 -0.219459362999927 100.001238844715829 0.500006200368615
0.189000000000000 0.999999999996997 0.401259010106202 -0.217021350609448 100.001238844715715 0.500006200062452
0.189100000000000 0.999999999996994 0.401215861556225 -0.214496523282026 100.001238844715516 0.500006199820193
0.189200000000000 0.999999999996994 0.401173226512594 -0.211885902059094 100.001238844715445 0.500006199616226
0.189300000000000 0.999999999996993 0.401131122026541 -0.209190549351816 100.001238844715374 0.500006199411036
0.189400000000000 0.999999999996990 0.401089564936015 -0.206411536092547 100.001238844715147 0.500006199219209
0.189500000000000 0.999999999996992 0.401048571862244 -0.203549958131167 100.001238844715047 0.500006199072210
0.189600000000000 0.999999999996989 0.401008159196425 -0.200607020492726 100.001238844714933 0.500006198846160
0.189700000000000 0.999999999996988 0.400968343097759 -0.197583840289908 100.001238844714649 0.500006198662609
0.189800000000000 0.999999999996987 0.400929139490994 -0.194481641694250 100.001238844714550 0.500006198490530
0.189900000000000 0.999999999996984 0.400890564052062 -0.191301689837803 100.001238844714536 0.500006198282399
0.190000000000000 0.999999999996986 0.400852632208949 -0.188045200464353 100.001238844714365 0.500006198145562
0.190100000000000 0.999999999996983 0.400815359131358 -0.184713539501789 100.001238844714237 0.500006197959049
0.190200000000000 0.999999999996981 0.400778759720114 -0.181308031301298 100.001238844714010 0.500006197739221
0.190300000000000 0.999999999996981 0.400742848609646 -0.177830015424369 100.001238844713853 0.500006197527694
0.190400000000000 0.999999999996979 0.400707640161618 -0.174280879727791 100.001238844713754 0.500006197329633
0.190500000000000 0.999999999996977 0.400673148457171 -0.170662041747536 100.001238844713470 0.500006197147794
0.190600000000000 0.999999999996976 0.400639387291868 -0.166974939627889 100.001238844713299 0.500006196996957
0.190700000000000 0.999999999996975 0.400606370166064 -0.163221087939044 100.001238844713157 0.500006196809649
0.190800000000000 0.999999999996969 0.400574110282104 -0.159401953686197 100.001238844713072 0.500006196642887
0.190900000000000 0.999999999996969 0.400542620543079 -0.155519061180714 100.001238844713043 0.500006196500672
0.191000000000000 0.999999999996970 0.400511913542642 -0.151573980464265 100.001238844712816 0.500006196355376
0.191100000000000 0.999999999996969 0.400482001557628 -0.147568309619388 100.001238844712645 0.500006196176709
0.191200000000000 0.999999999996967 0.400452896547873 -0.143503621965080 100.001238844712503 0.500006196008285
0.191300000000000 0.999999999996964 0.400424610154795 -0.139381528854454 100.001238844712276 0.500006195869941
0.191400000000000 0.999999999996964 0.400397153690389 -0.135203712773269 100.001238844712248 0.500006195713408
0.191500000000000 0.999999999996962 0.400370538133169 -0.130971826352354 100.001238844712006 0.500006195564168
0.191600000000000 0.999999999996961 0.400344774130108 -0.126687531433378 100.001238844711935 0.500006195461371
0.191700000000000 0.999999999996958 0.400319871985045 -0.122352597706839 100.001238844711736 0.500006195331813
0.191800000000000 0.999999999996957 0.400295841653495 -0.117968742516356 100.001238844711580 0.500006195197181
0.191900000000000 0.999999999996956 0.400272692747726 -0.113537679813295 100.001238844711281 0.500006195103635
0.192000000000000 0.999999999996955 0.400250434528138 -0.109061212480651 100.001238844711224 0.500006195013961
0.192100000000000 0.999999999996953 0.400229075893814 -0.104541151930253 100.001238844711082 0.500006194905147
0.192200000000000 0.999999999996950 0.400208625383083 -0.099979295490560 100.001238844710940 0.500006194789624
0.192300000000000 0.999999999996950 0.400189091175330 -0.095377435117875 100.001238844710855 0.500006194700116
0.192400000000000 0.999999999996945 0.400170481083728 -0.090737440373305 100.001238844710699 0.500006194607324
0.192500000000000 0.999999999996945 0.400152802549954 -0.086061157937031 100.001238844710514 0.500006194519687
0.192600000000000 0.999999999996945 0.400136062643308 -0.081350464468801 100.001238844710372 0.500006194431612
0.192700000000000 0.999999999996943 0.400120268057929 -0.076607236132509 100.001238844710201 0.500006194349702
0.192800000000000 0.999999999996942 0.400105425111352 -0.071833362588487 100.001238844710201 0.500006194279197
0.192900000000000 0.999999999996943 0.400091539740745 -0.067030757825133 100.001238844710031 0.500006194215697
0.193000000000000 0.999999999996937 0.400078617499081 -0.062201350254681 100.001238844709903 0.500006194153538
0.193100000000000 0.999999999996938 0.400066663553556 -0.057347069592906 100.001238844709604 0.500006194093939
0.193200000000000 0.999999999996937 0.400055682684224 -0.052469857992601 100.001238844709533 0.500006194036518
0.193300000000000 0.999999999996935 0.400045679281478 -0.047571670181186 100.001238844709405 0.500006193979445
0.193400000000000 0.999999999996933 0.400036657345103 -0.042654458047954 100.001238844709292 0.500006193926629
0.193500000000000 0.999999999996931 0.400028620483534 -0.037720183714842 100.001238844709292 0.500006193880019
0.193600000000000 0.999999999996931 0.400021571911024 -0.032770826088843 100.001238844708695 0.500006193837175
0.193700000000000 0.999999999996928 0.400015514446200 -0.027808363694293 100.001238844708666 0.500006193798280
0.193800000000000 0.999999999996928 0.400010450510456 -0.022834790346984 100.001238844708638 0.500006193760861
0.193900000000000 0.999999999996927 0.400006382127796 -0.017852085965782 100.001238844708482 0.500006193727737
0.194000000000000 0.999999999996926 0.400003310925415 -0.012862239316719 100.001238844708581 0.500006193699775
0.194100000000000 0.999999999996923 0.400001238131958 -0.007867247855072 100.001238844708112 0.500006193676519
0.194200000000000 0.999999999996920 0.400000164577332 -0.002869102668716 100.001238844708126 0.500006193658441
0.194300000000000 0.999999999996921 0.400000090691095 0.002130186080315 100.001238844707814 0.500006193644611
0.194400000000000 0.999999999996917 0.400001016502056 0.007128620059811 100.001238844707558 0.500006193635417
0.194500000000000 0.999999999996917 0.400002941639562 0.012124201386382 100.001238844707729 0.500006193631229
0.194600000000000 0.999999999996916 0.400005865333733 0.017114936050399 100.001238844707444 0.500006193631595
0.194700000000000 0.999999999996913 0.400009786415905 0.022098829249791 100.001238844707387 0.500006193636267
0.194800000000000 0.999999999996912 0.400014703318280 0.027073885262681 100.001238844706975 0.500006193645465
0.194900000000000 0.999999999996912 0.400020614075099 0.032038120551040 100.001238844707089 0.500006193657166
0.195000000000000 0.999999999996909 0.400027516322676 0.036989536506354 100.001238844706961 0.500006193675453
0.195100000000000 0.999999999996906 0.400035407299974 0.041926159188468 100.001238844706677 0.500006193698503
0.195200000000000 0.999999999996907 0.400044283851683 0.046846019842250 100.001238844706791 0.500006193724301
0.195300000000000 0.999999999996904 0.400054142428423 0.051747145944194 100.001238844706307 0.500006193755108
0.195400000000000 0.999999999996904 0.400064979087486 0.056627576990747 100.001238844706222 0.500006193791259
0.195500000000000 0.999999999996902 0.400076789494943 0.061485360432326 100.001238844705881 0.500006193833359
0.195600000000000 0.999999999996901 0.400089568928082 0.066318560809969 100.001238844706037 0.500006193877066
0.195700000000000 0.999999999996899 0.400103312277071 0.071125242042236 100.001238844705853 0.500006193924323
0.195800000000000 0.999999999996896 0.400118014045801 0.075903477009385 100.001238844705512 0.500006193978688
0.195900000000000 0.999999999996894 0.400133668354166 0.080651352798275 100.001238844705910 0.500006194042119
0.196000000000000 0.999999999996895 0.400150268941293 0.085366974560459 100.001238844705028 0.500006194111861
0.196100000000000 0.999999999996893 0.400167809168650 0.090048460145488 100.001238844705370 0.500006194184821
0.196200000000000 0.999999999996891 0.400186282021447 0.094693928534994 100.001238844705057 0.500006194269087
0.196300000000000 0.999999999996890 0.400205680110568 0.099301516985253 100.001238844704972 0.500006194369970
0.196400000000000 0.999999999996888 0.400225995679083 0.103869410845614 100.001238844704602 0.500006194459961
0.196500000000000 0.999999999996887 0.400247220604282 0.108395766087684 100.001238844704716 0.500006194555917
0.196600000000000 0.999999999996885 0.400269346399798 0.112878789673541 100.001238844704460 0.500006194639137
0.196700000000000 0.999999999996883 0.400292364218934 0.117316670253412 100.001238844704318 0.500006194729801
0.196800000000000 0.999999999996881 0.400316264855754 0.121707628535252 100.001238844704133 0.500006194833588
0.196900000000000 0.999999999996883 0.400341038752899 0.126049929758827 100.001238844703920 0.500006194924610
0.197000000000000 0.999999999996879 0.400366676003362 0.130341809343378 100.001238844703607 0.500006195037789
0.197100000000000 0.999999999996880 0.400393166352944 0.134581560741008 100.001238844703721 0.500006195161292
0.197200000000000 0.999999999996876 0.400420499207973 0.138767496169352 100.001238844703494 0.500006195284964
0.197300000000000 0.999999999996874 0.400448663637381 0.142897928593274 100.001238844703366 0.500006195426961
0.197400000000000 0.999999999996874 0.400477648375569 0.146971199015568 100.001238844703067 0.500006195598425
0.197500000000000 0.999999999996871 0.400507441832256 0.150985720193878 100.001238844703295 0.500006195738407
0.197600000000000 0.999999999996871 0.400538032095729 0.154939864568095 100.001238844702911 0.500006195878973
0.197700000000000 0.999999999996869 0.400569406932371 0.158832040437619 100.001238844702840 0.500006196036123
0.197800000000000 0.999999999996868 0.400601553792284 0.162660676183272 100.001238844702698 0.500006196234897
0.197900000000000 0.999999999996867 0.400634459818766 0.166424275391846 100.001238844702328 0.500006196419541
0.198000000000000 0.999999999996864 0.400668111857695 0.170121361200871 100.001238844702172 0.500006196541674
0.198100000000000 0.999999999996863 0.400702496452399 0.173750382236355 100.001238844701987 0.500006196724049
0.198200000000000 0.999999999996861 0.400737599847259 0.177309901568125 100.001238844701888 0.500006196943836
0.198300000000000 0.999999999996859 0.400773408000179 0.180798490997752 100.001238844701902 0.500006197210479
0.198400000000000 0.999999999996857 0.400809906592696 0.184214816058196 100.001238844701831 0.500006197414641
0.198500000000000 0.999999999996857 0.400847081028898 0.187557435737068 100.001238844701618 0.500006197692961
0.198600000000000 0.999999999996855 0.400884916440583 0.190825066934883 100.001238844701490 0.500006197946088
0.198700000000000 0.999999999996853 0.400923397705269 0.194016451442195 100.001238844701305 0.500006198079449
0.198800000000000 0.999999999996853 0.400962509439370 0.197130234533245 100.001238844700538 0.500006198242817
0.198900000000000 0.999999999996850 0.401002235997815 0.200165156110144 100.001238844701675 0.500006198466738
0.199000000000000 0.999999999996850 0.401042561490769 0.203120028751700 100.001238844700680 0.500006198699838
0.199100000000000 0.999999999996847 0.401083469792110 0.205993677272214 100.001238844700225 0.500006198928873
0.199200000000000 0.999999999996846 0.401124944540803 0.208784927504096 100.001238844699998 0.500006199205276
0.199300000000000 0.999999999996846 0.401166969154958 0.211492746092248 100.001238844699927 0.500006199355805
0.199400000000000 0.999999999996840 0.401209526832518 0.214115961575121 100.001238844700850 0.500006199565911
0.199500000000000 0.999999999996840 0.401252600549556 0.216653527027907 100.001238844699415 0.500006199832383
0.199600000000000 0.999999999996840 0.401296173080234 0.219104471850474 100.001238844700026 0.500006200060004
0.199700000000000 0.999999999996840 0.401340227003167 0.221467810631897 100.001238844700254 0.500006200259449
0.199800000000000 0.999999999996837 0.401384744699385 0.223742552451811 100.001238844698975 0.500006200531994
0.199900000000000 0.999999999996833 0.401429708365713 0.225927846922157 100.001238844699486 0.500006200745579
0.200000000000000 0.999999999996832 0.401475100021829 0.228022771426015 100.001238844699259 0.500006201009573
0.200100000000000 0.999999999996832 0.401520901510692 0.230026481081994 100.001238844699685 0.500006201341006
0.200200000000000 0.999999999996828 0.401567094512649 0.231938196065413 100.001238844698932 0.500006201691187
0.200300000000000 0.999999999996829 0.401613660553000 0.233757144252702 100.001238844698875 0.500006202077938
0.200400000000000 0.999999999996828 0.401660581012698 0.235482655560347 100.001238844698747 0.500006202367013
0.200500000000000 0.999999999996826 0.401707837133336 0.237114005739523 100.001238844698335 0.500006202637836
0.200600000000000 0.999999999996825 0.401755410018519 0.238650539019512 100.001238844698065 0.500006202898138
0.200700000000000 0.999999999996824 0.401803280641984 0.240091612167335 100.001238844698378 0.500006203216597
0.200800000000000 0.999999999996822 0.401851429855992 0.241436653266291 100.001238844697525 0.500006203583169
0.200900000000000 0.999999999996819 0.401899838406317 0.242685170133730 100.001238844698193 0.500006203887549
0.201000000000000 0.999999999996820 0.401948486936644 0.243836633868072 100.001238844698051 0.500006204201168
0.201100000000000 0.999999999996817 0.401997355988847 0.244890554064062 100.001238844697525 0.500006204597007
0.201200000000000 0.999999999996812 0.402046426016299 0.245846536947245 100.001238844697724 0.500006205007693
0.201300000000000 0.999999999996813 0.402095677396508 0.246704217633558 100.001238844697326 0.500006205390208
0.201400000000000 0.999999999996813 0.402145090435901 0.247463250261375 100.001238844697355 0.500006205751327
0.201500000000000 0.999999999996808 0.402194645375309 0.248123324151117 100.001238844697610 0.500006206108509
0.201600000000000 0.999999999996809 0.402244322397431 0.248684169298957 100.001238844698150 0.500006206476590
0.201700000000000 0.999999999996808 0.402294101631617 0.249145521454119 100.001238844695848 0.500006206954920
0.201800000000000 0.999999999996806 0.402343963175351 0.249507326606724 100.001238844697198 0.500006207218300
0.201900000000000 0.999999999996807 0.402393887097195 0.249769349128527 100.001238844696559 0.500006207493202
0.202000000000000 0.999999999996804 0.402443853434663 0.249931515055518 100.001238844696417 0.500006207702569
0.202100000000000 0.999999999996801 0.402493842207199 0.249993717444954 100.001238844696331 0.500006207951507
0.202200000000000 0.999999999996800 0.402543833417968 0.249955897976331 100.001238844695706 0.500006208323636
0.202300000000000 0.999999999996798 0.402593807074474 0.249818161326784 100.001238844695280 0.500006208594867
0.202400000000000 0.999999999996797 0.402643743193942 0.249580499404951 100.001238844696360 0.500006208923018
0.202500000000000 0.999999999996797 0.402693621804016 0.249243024186037 100.001238844695166 0.500006209265634
0.202600000000000 0.999999999996794 0.402743422955705 0.248805857352118 100.001238844696090 0.500006209655500
0.202700000000000 0.999999999996792 0.402793126730075 0.248269177748473 100.001238844694967 0.500006210082351
0.202800000000000 0.999999999996789 0.402842713248372 0.247633208322849 100.001238844695024 0.500006210525143
0.202900000000000 0.999999999996788 0.402892162682381 0.246898232048466 100.001238844693830 0.500006210912779
0.203000000000000 0.999999999996787 0.402941455259686 0.246064524250522 100.001238844694711 0.500006211291325
0.203100000000000 0.999999999996783 0.402990571263305 0.245132362575217 100.001238844694939 0.500006211797586
0.203200000000000 0.999999999996785 0.403039491046924 0.244102176358794 100.001238844693717 0.500006212291930
0.203300000000000 0.999999999996782 0.403088195050326 0.242974398348323 100.001238844694726 0.500006212723679
0.203400000000000 0.999999999996780 0.403136663805824 0.241749520658650 100.001238844693958 0.500006212993598
0.203500000000000 0.999999999996780 0.403184877939163 0.240427986912577 100.001238844693518 0.500006213214754
0.203600000000000 0.999999999996779 0.403232818162473 0.239010215121047 100.001238844694839 0.500006213652363
0.203700000000000 0.999999999996777 0.403280465299281 0.237496901875253 100.001238844694569 0.500006213994767
0.203800000000000 0.999999999996774 0.403327800296499 0.235888584932122 100.001238844693560 0.500006214402617
0.203900000000000 0.999999999996773 0.403374804220168 0.234185917595088 100.001238844693233 0.500006214850937
0.204000000000000 0.999999999996770 0.403421458270003 0.232389583530654 100.001238844693262 0.500006215332468
0.204100000000000 0.999999999996769 0.403467743795181 0.230500393921945 100.001238844693233 0.500006215631547
0.204200000000000 0.999999999996767 0.403513642299903 0.228519089562261 100.001238844693219 0.500006215784807
0.204300000000000 0.999999999996768 0.403559135427341 0.226446316981440 100.001238844693077 0.500006216126394
0.204400000000000 0.999999999996766 0.403604204971905 0.224282942290263 100.001238844693006 0.500006216568739
0.204500000000000 0.999999999996764 0.403648832905765 0.222029878056856 100.001238844692523 0.500006217003831
0.204600000000000 0.999999999996763 0.403693001384873 0.219688050278704 100.001238844692551 0.500006217376293
0.204700000000000 0.999999999996760 0.403736692745370 0.217258334539677 100.001238844692381 0.500006217820319
0.204800000000000 0.999999999996761 0.403779889509283 0.214741713112350 100.001238844692239 0.500006218311009
0.204900000000000 0.999999999996758 0.403822574405803 0.212139276526593 100.001238844692082 0.500006218667364
0.205000000000000 0.999999999996755 0.403864730369066 0.209451983669747 100.001238844692026 0.500006219064902
0.205100000000000 0.999999999996757 0.403906340536071 0.206680903774719 100.001238844691727 0.500006219513467
0.205200000000000 0.999999999996753 0.403947388270220 0.203827233633265 100.001238844691542 0.500006219829513
0.205300000000000 0.999999999996753 0.403987857162941 0.200892056070645 100.001238844691443 0.500006220134496
0.205400000000000 0.999999999996751 0.404027731027858 0.197876509305723 100.001238844691358 0.500006220499455
0.205500000000000 0.999999999996748 0.404066993916647 0.194781836298982 100.001238844691187 0.500006220849423
0.205600000000000 0.999999999996747 0.404105630125542 0.191609240291089 100.001238844690974 0.500006221250908
0.205700000000000 0.999999999996745 0.404143624197686 0.188359986287913 100.001238844690988 0.500006221708771
0.205800000000000 0.999999999996743 0.404180960942485 0.185035473606042 100.001238844690732 0.500006222034072
0.205900000000000 0.999999999996744 0.404217625436440 0.181636973833658 100.001238844690647 0.500006222337285
0.206000000000000 0.999999999996741 0.404253603020541 0.178165859681448 100.001238844690391 0.500006222594352
0.206100000000000 0.999999999996740 0.404288879305021 0.174623451296392 100.001238844690491 0.500006222926585
0.206200000000000 0.999999999996741 0.404323440177517 0.171011202139187 100.001238844690221 0.500006223266760
0.206300000000000 0.999999999996738 0.404357271823569 0.167330640348161 100.001238844690036 0.500006223472845
0.206400000000000 0.999999999996735 0.404390360714044 0.163583090164259 100.001238844689993 0.500006223794492
0.206500000000000 0.999999999996735 0.404422693604094 0.159770068841679 100.001238844689709 0.500006224195897
0.206600000000000 0.999999999996733 0.404454257564330 0.155893215748260 100.001238844689738 0.500006224491879
0.206700000000000 0.999999999996731 0.404485039975179 0.151953989186186 100.001238844689482 0.500006224828808
0.206800000000000 0.999999999996728 0.404515028524719 0.147954006259922 100.001238844689354 0.500006225141244
0.206900000000000 0.999999999996730 0.404544211229572 0.143894937977529 100.001238844689240 0.500006225325754
0.207000000000000 0.999999999996727 0.404572576415813 0.139778206157698 100.001238844689112 0.500006225674504
0.207100000000000 0.999999999996725 0.404600112728001 0.135605573896195 100.001238844688885 0.500006226016454
0.207200000000000 0.999999999996724 0.404626809164537 0.131378820662743 100.001238844688714 0.500006226203385
0.207300000000000 0.999999999996721 0.404652655058365 0.127099509415436 100.001238844688601 0.500006226408989
0.207400000000000 0.999999999996721 0.404677640073049 0.122769383404197 100.001238844688345 0.500006226591649
0.207500000000000 0.999999999996719 0.404701754217015 0.118390149169806 100.001238844688174 0.500006226782555
0.207600000000000 0.999999999996717 0.404724987847803 0.113963590892910 100.001238844688032 0.500006226942334
0.207700000000000 0.999999999996716 0.404747331672530 0.109491420652979 100.001238844687862 0.500006227137564
0.207800000000000 0.999999999996713 0.404768776754137 0.104975485225367 100.001238844687833 0.500006227302301
0.207900000000000 0.999999999996712 0.404789314516828 0.100417551533219 100.001238844687691 0.500006227478300
0.208000000000000 0.999999999996712 0.404808936735771 0.095819359428804 100.001238844687350 0.500006227745050
0.208100000000000 0.999999999996709 0.404827635559213 0.091182902476044 100.001238844687350 0.500006227948270
0.208200000000000 0.999999999996708 0.404845403518164 0.086510016548252 100.001238844687123 0.500006228109225
0.208300000000000 0.999999999996705 0.404862233510320 0.081802530809774 100.001238844687123 0.500006228264390
0.208400000000000 0.999999999996706 0.404878118808641 0.077062369373513 100.001238844686839 0.500006228380447
0.208500000000000 0.999999999996701 0.404893053059263 0.072291340627934 100.001238844686668 0.500006228525939
0.208600000000000 0.999999999996703 0.404907030280491 0.067491356670871 100.001238844686540 0.500006228692935
0.208700000000000 0.999999999996701 0.404920044884560 0.062664446395891 100.001238844686213 0.500006228805828
0.208800000000000 0.999999999996699 0.404932091677902 0.057812523408786 100.001238844686156 0.500006228880970
0.208900000000000 0.999999999996697 0.404943165846730 0.052937471990537 100.001238844686355 0.500006228954098
0.209000000000000 0.999999999996694 0.404953262957968 0.048041214167505 100.001238844686043 0.500006229037998
0.209100000000000 0.999999999996694 0.404962378971165 0.043125756123292 100.001238844685730 0.500006229107126
0.209200000000000 0.999999999996693 0.404970510232392 0.038192955603584 100.001238844685503 0.500006229206361
0.209300000000000 0.999999999996690 0.404977653482133 0.033244899541176 100.001238844685489 0.500006229285136
0.209400000000000 0.999999999996689 0.404983805858736 0.028283480946148 100.001238844685545 0.500006229371438
0.209500000000000 0.999999999996690 0.404988964906913 0.023310869696629 100.001238844685091 0.500006229410629
0.209600000000000 0.999999999996688 0.404993128580183 0.018328985786427 100.001238844684963 0.500006229429138
0.209700000000000 0.999999999996685 0.404996295214712 0.013339733982625 100.001238844685076 0.500006229445831
0.209800000000000 0.999999999996684 0.404998463537231 0.008345117045784 100.001238844684707 0.500006229455982
0.209900000000000 0.999999999996681 0.404999632679372 0.003347180024489 100.001238844684437 0.500006229453720
0.210000000000000 0.999999999996681 0.404999802184089 -0.001652006553022 100.001238844684593 0.500006229440446
0.210100000000000 0.999999999996678 0.404998971983143 -0.006650627075083 100.001238844684167 0.500006229417491
0.210200000000000 0.999999999996676 0.404997142399555 -0.011646583010781 100.001238844684082 0.500006229384332
0.210300000000000 0.999999999996676 0.404994314165728 -0.016637878856597 100.001238844684110 0.500006229341281
0.210400000000000 0.999999999996675 0.404990488416029 -0.021622489862311 100.001238844683854 0.500006229294234
0.210500000000000 0.999999999996674 0.404985666679942 -0.026598489738452 100.001238844683670 0.500006229230158
0.210600000000000 0.999999999996671 0.404979850884457 -0.031563830292757 100.001238844683598 0.500006229162478
0.210700000000000 0.999999999996671 0.404973043362773 -0.036516496014643 100.001238844683343 0.500006229103809
0.210800000000000 0.999999999996669 0.404965246846454 -0.041454517503251 100.001238844683314 0.500006229055181
0.210900000000000 0.999999999996667 0.404956464442686 -0.046376109252056 100.001238844683201 0.500006228937428
0.211000000000000 0.999999999996665 0.404946699652983 -0.051279114766169 100.001238844682831 0.500006228827727
0.211100000000000 0.999999999996665 0.404935956383880 -0.056161636890991 100.001238844682717 0.500006228696062
0.211200000000000 0.999999999996663 0.404924238927281 -0.061021721635594 100.001238844682717 0.500006228540953
0.211300000000000 0.999999999996661 0.404911551972324 -0.065857347296448 100.001238844682575 0.500006228410142
0.211400000000000 0.999999999996659 0.404897900589866 -0.070666720914929 100.001238844682376 0.500006228212912
0.211500000000000 0.999999999996657 0.404883290241026 -0.075447731620138 100.001238844682234 0.500006228078360
0.211600000000000 0.999999999996657 0.404867726774286 -0.080198614589886 100.001238844682135 0.500006227902056
0.211700000000000 0.999999999996654 0.404851216411858 -0.084917399345519 100.001238844681836 0.500006227738216
0.211800000000000 0.999999999996653 0.404833765762870 -0.089602184285548 100.001238844681609 0.500006227602321
0.211900000000000 0.999999999996652 0.404815381797055 -0.094251267507309 100.001238844681382 0.500006227340287
0.212000000000000 0.999999999996650 0.404796071857569 -0.098862616729073 100.001238844681467 0.500006227107114
0.212100000000000 0.999999999996647 0.404775843677626 -0.103434360773763 100.001238844681211 0.500006226934520
0.212200000000000 0.999999999996646 0.404754705352562 -0.107964750428878 100.001238844681183 0.500006226745665
0.212300000000000 0.999999999996645 0.404732665332347 -0.112451988631404 100.001238844680856 0.500006226523550
0.212400000000000 0.999999999996645 0.404709732426517 -0.116894276865921 100.001238844680842 0.500006226270667
0.212500000000000 0.999999999996644 0.404685915806372 -0.121289795131054 100.001238844680344 0.500006226037255
0.212600000000000 0.999999999996639 0.404661225000958 -0.125636785323328 100.001238844680501 0.500006225825989
0.212700000000000 0.999999999996639 0.404635669886086 -0.129933537844959 100.001238844680287 0.500006225602344
0.212800000000000 0.999999999996636 0.404609260681216 -0.134178326068448 100.001238844680216 0.500006225377069
0.212900000000000 0.999999999996634 0.404582007946242 -0.138369471483000 100.001238844679904 0.500006225124584
0.213000000000000 0.999999999996633 0.404553922574247 -0.142505321829412 100.001238844679733 0.500006224810230
0.213100000000000 0.999999999996634 0.404525015800407 -0.146584106182130 100.001238844679648 0.500006224600124
0.213200000000000 0.999999999996634 0.404495299189671 -0.150604297065396 100.001238844679477 0.500006224346777
0.213300000000000 0.999999999996629 0.404464784617921 -0.154564314644337 100.001238844679079 0.500006224005402
0.213400000000000 0.999999999996627 0.404433484278780 -0.158462560622968 100.001238844679023 0.500006223594768
0.213500000000000 0.999999999996628 0.404401410692054 -0.162297371256668 100.001238844679122 0.500006223280216
0.213600000000000 0.999999999996626 0.404368576690079 -0.166067283540215 100.001238844678639 0.500006222951235
0.213700000000000 0.999999999996623 0.404334995406434 -0.169770748395689 100.001238844678497 0.500006222677492
0.213800000000000 0.999999999996622 0.404300680279361 -0.173406266582821 100.001238844678426 0.500006222493144
0.213900000000000 0.999999999996622 0.404265645027541 -0.176972535419536 100.001238844678497 0.500006222137354
0.214000000000000 0.999999999996618 0.404229903653532 -0.180468018557844 100.001238844677957 0.500006221800117
0.214100000000000 0.999999999996615 0.404193470453138 -0.183891318117611 100.001238844678170 0.500006221482749
0.214200000000000 0.999999999996617 0.404156359999164 -0.187241062667927 100.001238844677758 0.500006221190929
0.214300000000000 0.999999999996616 0.404118587136499 -0.190515901707267 100.001238844678412 0.500006220946631
0.214400000000000 0.999999999996613 0.404080166972770 -0.193714558676688 100.001238844678099 0.500006220688112
0.214500000000000 0.999999999996610 0.404041114873227 -0.196835733942979 100.001238844677829 0.500006220455146
0.214600000000000 0.999999999996611 0.404001446450532 -0.199878252184528 100.001238844676692 0.500006220104051
0.214700000000000 0.999999999996608 0.403961177553269 -0.202840930829990 100.001238844676919 0.500006219562437
0.214800000000000 0.999999999996607 0.403920324280538 -0.205722446158457 100.001238844677019 0.500006219108981
0.214900000000000 0.999999999996605 0.403878902976679 -0.208521668250508 100.001238844676422 0.500006218700353
0.215000000000000 0.999999999996604 0.403836930211566 -0.211237472901528 100.001238844677715 0.500006218348263
0.215100000000000 0.999999999996603 0.403794422776427 -0.213868769659934 100.001238844676408 0.500006218063864
0.215200000000000 0.999999999996601 0.403751397667930 -0.216414594916122 100.001238844676209 0.500006217658218
0.215300000000000 0.999999999996598 0.403707872089636 -0.218873843787352 100.001238844676152 0.500006217317689
0.215400000000000 0.999999999996597 0.403663863456987 -0.221245500150718 100.001238844675441 0.500006217115951
0.215500000000000 0.999999999996598 0.403619389371243 -0.223528722425505 100.001238844675271 0.500006216818426
0.215600000000000 0.999999999996597 0.403574467607797 -0.225722612337332 100.001238844676308 0.500006216389882
0.215700000000000 0.999999999996592 0.403529116128793 -0.227826200779590 100.001238844675186 0.500006216036095
0.215800000000000 0.999999999996591 0.403483353075139 -0.229838667509440 100.001238844676010 0.500006215710778
0.215900000000000 0.999999999996590 0.403437196738529 -0.231759326123115 100.001238844675356 0.500006215141119
0.216000000000000 0.999999999996591 0.403390665573746 -0.233587232016847 100.001238844675171 0.500006214734198
0.216100000000000 0.999999999996589 0.403343778200472 -0.235321678205600 100.001238844674930 0.500006214436769
0.216200000000000 0.999999999996588 0.403296553372012 -0.236962036980346 100.001238844675356 0.500006214094910
0.216300000000000 0.999999999996586 0.403249009971619 -0.238507636176323 100.001238844674162 0.500006213746689
0.216400000000000 0.999999999996583 0.403201167008615 -0.239957887886439 100.001238844674532 0.500006213319841
0.216500000000000 0.999999999996581 0.403153043613734 -0.241312165897844 100.001238844674447 0.500006212924964
0.216600000000000 0.999999999996581 0.403104659036449 -0.242569908106525 100.001238844674916 0.500006212612359
0.216700000000000 0.999999999996580 0.403056032626079 -0.243730677738019 100.001238844673566 0.500006212221942
0.216800000000000 0.999999999996580 0.403007183819862 -0.244794033670293 100.001238844673992 0.500006211696758
0.216900000000000 0.999999999996574 0.402958132156778 -0.245759399139172 100.001238844673566 0.500006211407709
0.217000000000000 0.999999999996575 0.402908897263244 -0.246626474608391 100.001238844673708 0.500006211143845
0.217100000000000 0.999999999996574 0.402859498825007 -0.247394968620888 100.001238844673622 0.500006210768783
0.217200000000000 0.999999999996572 0.402809956596183 -0.248064488401687 100.001238844673210 0.500006210493732
0.217300000000000 0.999999999996570 0.402760290384907 -0.248634886623307 100.001238844673352 0.500006210020166
0.217400000000000 0.999999999996569 0.402710520045023 -0.249105853854125 100.001238844672883 0.500006209549765
0.217500000000000 0.999999999996569 0.402660665483329 -0.249477167615882 100.001238844672969 0.500006209167943
0.217600000000000 0.999999999996566 0.402610746641212 -0.249748706191471 100.001238844672571 0.500006208808367
0.217700000000000 0.999999999996566 0.402560783480063 -0.249920390633246 100.001238844672741 0.500006208397106
0.217800000000000 0.999999999996563 0.402510795974553 -0.249992168299033 100.001238844672528 0.500006207894174
0.217900000000000 0.999999999996562 0.402460804115840 -0.249963926337800 100.001238844672258 0.500006207510178
0.218000000000000 0.999999999996561 0.402410827902203 -0.249835705747616 100.001238844672173 0.500006207171106
0.218100000000000 0.999999999996557 0.402360887321056 -0.249607574394180 100.001238844672059 0.500006206835615
0.218200000000000 0.999999999996557 0.402311002339678 -0.249279666774832 100.001238844671889 0.500006206395819
0.218300000000000 0.999999999996556 0.402261192908355 -0.248852018839408 100.001238844671661 0.500006206089369
0.218400000000000 0.999999999996556 0.402211478952336 -0.248324842072320 100.001238844671548 0.500006205815314
0.218500000000000 0.999999999996553 0.402161880355481 -0.247698340959162 100.001238844671235 0.500006205589381
0.218600000000000 0.999999999996552 0.402112416955502 -0.246972772225385 100.001238844671050 0.500006205396136
0.218700000000000 0.999999999996549 0.402063108530338 -0.246148476538674 100.001238844671107 0.500006205110840
0.218800000000000 0.999999999996547 0.402013974793081 -0.245225762024806 100.001238844670908 0.500006204787068
0.218900000000000 0.999999999996546 0.401965035389217 -0.244204996847815 100.001238844670723 0.500006204427274
0.219000000000000 0.999999999996547 0.401916309892609 -0.243086529501335 100.001238844670397 0.500006204177479
0.219100000000000 0.999999999996542 0.401867817796463 -0.241870817007178 100.001238844670468 0.500006204013216
0.219200000000000 0.999999999996542 0.401819578491432 -0.240558428444063 100.001238844670269 0.500006203733618
0.219300000000000 0.999999999996541 0.401771611267140 -0.239149805513269 100.001238844670127 0.500006203539391
0.219400000000000 0.999999999996539 0.401723935305560 -0.237645581418853 100.001238844669956 0.500006203263058
0.219500000000000 0.999999999996539 0.401676569666350 -0.236046348705978 100.001238844669672 0.500006202926952
0.219600000000000 0.999999999996537 0.401629533289952 -0.234352706417157 100.001238844669672 0.500006202627302
0.219700000000000 0.999999999996534 0.401582844987133 -0.232565351456502 100.001238844669416 0.500006202318075
0.219800000000000 0.999999999996532 0.401536523429500 -0.230684978549499 100.001238844669359 0.500006202045888
0.219900000000000 0.999999999996532 0.401490587141023 -0.228712370842514 100.001238844669061 0.500006201738686
0.220000000000000 0.999999999996530 0.401445054490399 -0.226648296827365 100.001238844668919 0.500006201443512
0.220100000000000 0.999999999996528 0.401399943682261 -0.224493629611090 100.001238844668705 0.500006201052717
0.220200000000000 0.999999999996526 0.401355272754439 -0.222249164545267 100.001238844668777 0.500006200716416
0.220300000000000 0.999999999996526 0.401311059573589 -0.219915816467341 100.001238844668620 0.500006200395637
0.220400000000000 0.999999999996525 0.401267321826020 -0.217494474863765 100.001238844668393 0.500006200185755
0.220500000000000 0.999999999996522 0.401224077003341 -0.214986196830577 100.001238844668194 0.500006199892208
0.220600000000000 0.999999999996522 0.401181342396642 -0.212391933613421 100.001238844668080 0.500006199627991
0.220700000000000 0.999999999996520 0.401139135101862 -0.209712682665501 100.001238844667867 0.500006199477008
0.220800000000000 0.999999999996517 0.401097472001898 -0.206949576847217 100.001238844667881 0.500006199308492
0.220900000000000 0.999999999996515 0.401056369755639 -0.204103724802124 100.001238844667540 0.500006199115393
0.221000000000000 0.999999999996514 0.401015844798310 -0.201176254389004 100.001238844667412 0.500006198919179
0.221100000000000 0.999999999996513 0.400975913334486 -0.198168344264395 100.001238844667256 0.500006198704138
0.221200000000000 0.999999999996511 0.400936591330514 -0.195081198676093 100.001238844667114 0.500006198468204
0.221300000000000 0.999999999996512 0.400897894508796 -0.191916052443170 100.001238844667014 0.500006198211670
0.221400000000000 0.999999999996510 0.400859838343135 -0.188674157772068 100.001238844666887 0.500006197961256
0.221500000000000 0.999999999996506 0.400822438055471 -0.185356780630837 100.001238844666688 0.500006197774038
0.221600000000000 0.999999999996506 0.400785708605718 -0.181965275239230 100.001238844666574 0.500006197597230
0.221700000000000 0.999999999996504 0.400749664683460 -0.178500991593723 100.001238844666432 0.500006197441960
0.221800000000000 0.999999999996503 0.400714320701531 -0.174965346503764 100.001238844666290 0.500006197251928
0.221900000000000 0.999999999996501 0.400679690794315 -0.171359708756151 100.001238844666133 0.500006197106946
0.222000000000000 0.999999999996502 0.400645788812873 -0.167685542474736 100.001238844665977 0.500006196967468
0.222100000000000 0.999999999996501 0.400612628311898 -0.163944347472047 100.001238844665835 0.500006196782836
0.222200000000000 0.999999999996500 0.400580222547779 -0.160137607856002 100.001238844665778 0.500006196574586
0.222300000000000 0.999999999996496 0.400548584481898 -0.156266789924554 100.001238844665565 0.500006196432961
0.222400000000000 0.999999999996495 0.400517726771135 -0.152333471202933 100.001238844665380 0.500006196309304
0.222500000000000 0.999999999996493 0.400487661754556 -0.148339253310331 100.001238844665153 0.500006196159582
0.222600000000000 0.999999999996493 0.400458401453639 -0.144285710996971 100.001238844664954 0.500006196018368
0.222700000000000 0.999999999996492 0.400429957570780 -0.140174460310559 100.001238844664812 0.500006195892560
0.222800000000000 0.999999999996490 0.400402341480731 -0.136007161440793 100.001238844664755 0.500006195759205
0.222900000000000 0.999999999996487 0.400375564226016 -0.131785477203059 100.001238844664698 0.500006195623937
0.223000000000000 0.999999999996486 0.400349636515276 -0.127511084192634 100.001238844664442 0.500006195502315
0.223100000000000 0.999999999996483 0.400324568715588 -0.123185721247255 100.001238844664300 0.500006195356624
0.223200000000000 0.999999999996484 0.400300370850248 -0.118811088048386 100.001238844664158 0.500006195225183
0.223300000000000 0.999999999996481 0.400277052597766 -0.114388932629003 100.001238844664030 0.500006195109084
0.223400000000000 0.999999999996482 0.400254623285119 -0.109921022770040 100.001238844663874 0.500006195008247
0.223500000000000 0.999999999996479 0.400233091882886 -0.105409153911803 100.001238844663703 0.500006194912227
0.223600000000000 0.999999999996478 0.400212466999929 -0.100855148795569 100.001238844663590 0.500006194801882
0.223700000000000 0.999999999996475 0.400192756883014 -0.096260807141433 100.001238844663419 0.500006194700068
0.223800000000000 0.999999999996474 0.400173969415305 -0.091627964603570 100.001238844663249 0.500006194608007
0.223900000000000 0.999999999996472 0.400156112111382 -0.086958471134675 100.001238844662964 0.500006194527578
0.224000000000000 0.999999999996470 0.400139192112981 -0.082254205272466 100.001238844662851 0.500006194448445
0.224100000000000 0.999999999996468 0.400123216185767 -0.077517050747250 100.001238844662709 0.500006194368706
0.224200000000000 0.999999999996467 0.400108190717356 -0.072748903946883 100.001238844662652 0.500006194287398
0.224300000000000 0.999999999996466 0.400094121716168 -0.067951661113266 100.001238844662467 0.500006194212704
0.224400000000000 0.999999999996466 0.400081014808172 -0.063127249936861 100.001238844661998 0.500006194138295
0.224500000000000 0.999999999996463 0.400068875235273 -0.058277584867471 100.001238844662169 0.500006194074029
0.224600000000000 0.999999999996460 0.400057707853863 -0.053404606440291 100.001238844662083 0.500006194018319
0.224700000000000 0.999999999996460 0.400047517128754 -0.048510288155785 100.001238844661728 0.500006193957599
0.224800000000000 0.999999999996460 0.400038307134396 -0.043596563011020 100.001238844661856 0.500006193904899
0.224900000000000 0.999999999996456 0.400030081553500 -0.038665416143333 100.001238844661387 0.500006193851083
0.225000000000000 0.999999999996454 0.400022843674518 -0.033718805325794 100.001238844661259 0.500006193802622
0.225100000000000 0.999999999996453 0.400016596393850 -0.028758691782007 100.001238844661458 0.500006193764897
0.225200000000000 0.999999999996453 0.400011342211854 -0.023787073652877 100.001238844661088 0.500006193732233
0.225300000000000 0.999999999996448 0.400007083229794 -0.018805945225563 100.001238844660776 0.500006193702760
0.225400000000000 0.999999999996449 0.400003821150305 -0.013817299928922 100.001238844660605 0.500006193676492
0.225500000000000 0.999999999996448 0.400001557277190 -0.008823132482685 100.001238844660691 0.500006193653796
0.225600000000000 0.999999999996446 0.400000292515400 -0.003825437016011 100.001238844660236 0.500006193635330
0.225700000000000 0.999999999996442 0.400000027370810 0.001173789473362 100.001238844660037 0.500006193621273
0.225800000000000 0.999999999996442 0.400000761949849 0.006172549637783 100.001238844659895 0.500006193611377
0.225900000000000 0.999999999996441 0.400002495959011 0.011168840918477 100.001238844660037 0.500006193605598
0.226000000000000 0.999999999996442 0.400005228704357 0.016160661133232 100.001238844659753 0.500006193604780
0.226100000000000 0.999999999996437 0.400008959092499 0.021146017419508 100.001238844659909 0.500006193608799
0.226200000000000 0.999999999996435 0.400013685631646 0.026122918592462 100.001238844659525 0.500006193617254
0.226300000000000 0.999999999996434 0.400019406431615 0.031089371490019 100.001238844659355 0.500006193630789
0.226400000000000 0.999999999996430 0.400026119204677 0.036043394101229 100.001238844659213 0.500006193648087
0.226500000000000 0.999999999996430 0.400033821266501 0.040983001599253 100.001238844658985 0.500006193670422
0.226600000000000 0.999999999996431 0.400042509536646 0.045906217125979 100.001238844658772 0.500006193698633
0.226700000000000 0.999999999996429 0.400052180541207 0.050811083771799 100.001238844658630 0.500006193727144
0.226800000000000 0.999999999996426 0.400062830413558 0.055695630057296 100.001238844658388 0.500006193760621
0.226900000000000 0.999999999996425 0.400074454893621 0.060557892023087 100.001238844658303 0.500006193805661
0.227000000000000 0.999999999996424 0.400087049331048 0.065395931175371 100.001238844658332 0.500006193859568
0.227100000000000 0.999999999996421 0.400100608689573 0.070207826741167 100.001238844658062 0.500006193913394
0.227200000000000 0.999999999996420 0.400115127546944 0.074991639309035 100.001238844657848 0.500006193977456
0.227300000000000 0.999999999996416 0.400130600095818 0.079745457814082 100.001238844657706 0.500006194050510
0.227400000000000 0.999999999996414 0.400147020148644 0.084467390078145 100.001238844657479 0.500006194125451
0.227500000000000 0.999999999996417 0.400164381140165 0.089155550929020 100.001238844657195 0.500006194199078
0.227600000000000 0.999999999996414 0.400182676129903 0.093808073366364 100.001238844657465 0.500006194263569
0.227700000000000 0.999999999996411 0.400201897801796 0.098423067053941 100.001238844657237 0.500006194346584
0.227800000000000 0.999999999996409 0.400222038468306 0.102998709627721 100.001238844656797 0.500006194425877
0.227900000000000 0.999999999996409 0.400243090075786 0.107533160434010 100.001238844656655 0.500006194512063
0.228000000000000 0.999999999996409 0.400265044206271 0.112024617143436 100.001238844656655 0.500006194593292
0.228100000000000 0.999999999996406 0.400287892080509 0.116471269150737 100.001238844656555 0.500006194685421
0.228200000000000 0.999999999996406 0.400311624559463 0.120871327928546 100.001238844656356 0.500006194801360
0.228300000000000 0.999999999996406 0.400336232152356 0.125223065351314 100.001238844656228 0.500006194903510
0.228400000000000 0.999999999996401 0.400361705020860 0.129524733485556 100.001238844655759 0.500006195000357
0.228500000000000 0.999999999996400 0.400388032979291 0.133774606311193 100.001238844656328 0.500006195098964
0.228600000000000 0.999999999996399 0.400415205498502 0.137970974577495 100.001238844655830 0.500006195212454
0.228700000000000 0.999999999996396 0.400443211710122 0.142112155346394 100.001238844655859 0.500006195348176
0.228800000000000 0.999999999996397 0.400472040412514 0.146196499471551 100.001238844655688 0.500006195497122
0.228900000000000 0.999999999996395 0.400501680074448 0.150222358802154 100.001238844655234 0.500006195681544
0.229000000000000 0.999999999996391 0.400532118844368 0.154188178291366 100.001238844655148 0.500006195819266
0.229100000000000 0.999999999996390 0.400563344554415 0.158092350546214 100.001238844655305 0.500006195941304
0.229200000000000 0.999999999996391 0.400595344714638 0.161933260344171 100.001238844655035 0.500006196133065
0.229300000000000 0.999999999996391 0.400628106524233 0.165709415400238 100.001238844654921 0.500006196325895
0.229400000000000 0.999999999996389 0.400661616881851 0.169419302188809 100.001238844654750 0.500006196525074
0.229500000000000 0.999999999996389 0.400695862387452 0.173061446971870 100.001238844654452 0.500006196713758
0.229600000000000 0.999999999996384 0.400730829347271 0.176634385701974 100.001238844654381 0.500006196904329
0.229700000000000 0.999999999996382 0.400766503779523 0.180136702274586 100.001238844654011 0.500006197073932
0.229800000000000 0.999999999996384 0.400802871421161 0.183567000501708 100.001238844654225 0.500006197213686
0.229900000000000 0.999999999996378 0.400839917726470 0.186923848738339 100.001238844654154 0.500006197433298
0.230000000000000 0.999999999996377 0.400877627874978 0.190205930500641 100.001238844653699 0.500006197686373
0.230100000000000 0.999999999996376 0.400915986787262 0.193411973357265 100.001238844654267 0.500006197896905
0.230200000000000 0.999999999996375 0.400954979122900 0.196540639294014 100.001238844653443 0.500006198172150
0.230300000000000 0.999999999996374 0.400994589290351 0.199590757281978 100.001238844653386 0.500006198355009
0.230400000000000 0.999999999996373 0.401034801452079 0.202561034549019 100.001238844653187 0.500006198589531
0.230500000000000 0.999999999996370 0.401075599524171 0.205450299739218 100.001238844652946 0.500006198843471
0.230600000000000 0.999999999996371 0.401116967190130 0.208257400888741 100.001238844651866 0.500006199109921
0.230700000000000 0.999999999996368 0.401158887905313 0.210981206665181 100.001238844653059 0.500006199407415
0.230800000000000 0.999999999996366 0.401201344907518 0.213620673490383 100.001238844652747 0.500006199639403
0.230900000000000 0.999999999996364 0.401244321222160 0.216174720715874 100.001238844652590 0.500006199858236
0.231000000000000 0.999999999996363 0.401287799662448 0.218642306472222 100.001238844652249 0.500006200108045
0.231100000000000 0.999999999996362 0.401331762839324 0.221022450030150 100.001238844652477 0.500006200376013
0.231200000000000 0.999999999996359 0.401376193172306 0.223314218222965 100.001238844652534 0.500006200620795
0.231300000000000 0.999999999996357 0.401421072896200 0.225516696403550 100.001238844651084 0.500006200837762
0.231400000000000 0.999999999996358 0.401466384064844 0.227628989248801 100.001238844651226 0.500006201059217
0.231500000000000 0.999999999996356 0.401512108554087 0.229650211088834 100.001238844651482 0.500006201378860
0.231600000000000 0.999999999996354 0.401558228077643 0.231579629011200 100.001238844651482 0.500006201624263
0.231700000000000 0.999999999996351 0.401604724192103 0.233416402833485 100.001238844650800 0.500006201953675
0.231800000000000 0.999999999996351 0.401651578299142 0.235159822895198 100.001238844650430 0.500006202309818
0.231900000000000 0.999999999996351 0.401698771661510 0.236809210536745 100.001238844650928 0.500006202649202
0.232000000000000 0.999999999996348 0.401746285409564 0.238363920259513 100.001238844650260 0.500006202937811
0.232100000000000 0.999999999996348 0.401794100543092 0.239823291552095 100.001238844650658 0.500006203267721
0.232200000000000 0.999999999996344 0.401842197942778 0.241186793328177 100.001238844649976 0.500006203512941
0.232300000000000 0.999999999996343 0.401890558379344 0.242453857671003 100.001238844650359 0.500006203727272
0.232400000000000 0.999999999996342 0.401939162510549 0.243623921976286 100.001238844650459 0.500006204046237
0.232500000000000 0.999999999996342 0.401987990898770 0.244696596602049 100.001238844650203 0.500006204279489
0.232600000000000 0.999999999996339 0.402037024017112 0.245671377361220 100.001238844649890 0.500006204610767
0.232700000000000 0.999999999996335 0.402086242246428 0.246547844231011 100.001238844649805 0.500006205114902
0.232800000000000 0.999999999996337 0.402135625901345 0.247325756921486 100.001238844649620 0.500006205520585
0.232900000000000 0.999999999996334 0.402185155241996 0.248004811362612 100.001238844649748 0.500006205809685
0.233000000000000 0.999999999996332 0.402234810468617 0.248584711931441 100.001238844648682 0.500006206041413
0.233100000000000 0.999999999996331 0.402284571720267 0.249065141273269 100.001238844648668 0.500006206428023
0.233200000000000 0.999999999996331 0.402334419092155 0.249445977721808 100.001238844649322 0.500006206794315
0.233300000000000 0.999999999996327 0.402384332658784 0.249727138117976 100.001238844648711 0.500006206967493
0.233400000000000 0.999999999996328 0.402434292462047 0.249908378311689 100.001238844648981 0.500006207276278
0.233500000000000 0.999999999996325 0.402484278516408 0.249989668725916 100.001238844648697 0.500006207613445
0.233600000000000 0.999999999996325 0.402534270825431 0.249970928743998 100.001238844648668 0.500006208099152
0.233700000000000 0.999999999996322 0.402584249393033 0.249852243586899 100.001238844648384 0.500006208538788
0.233800000000000 0.999999999996322 0.402634194237138 0.249633669268026 100.001238844648185 0.500006208910912
0.233900000000000 0.999999999996319 0.402684085385912 0.249315250103546 100.001238844648100 0.500006209323064
0.234000000000000 0.999999999996318 0.402733902884592 0.248897113242440 100.001238844647759 0.500006209775465
0.234100000000000 0.999999999996316 0.402783626808918 0.248379436074428 100.001238844647730 0.500006210242446
0.234200000000000 0.999999999996314 0.402833237272875 0.247762424510967 100.001238844647801 0.500006210726458
0.234300000000000 0.999999999996314 0.402882714436549 0.247046333464535 100.001238844647588 0.500006211207010
0.234400000000000 0.999999999996312 0.402932038524244 0.246231551335075 100.001238844647474 0.500006211432262
0.234500000000000 0.999999999996313 0.402981189817691 0.245318262287855 100.001238844646636 0.500006211752134
0.234600000000000 0.999999999996308 0.403030148658771 0.244306883198654 100.001238844647602 0.500006212039375
0.234700000000000 0.999999999996306 0.403078895469116 0.243197796064245 100.001238844647446 0.500006212348846
0.234800000000000 0.999999999996306 0.403127410748989 0.241991404028723 100.001238844647247 0.500006212778194
0.234900000000000 0.999999999996304 0.403175675094529 0.240688264433227 100.001238844646039 0.500006213145190
0.235000000000000 0.999999999996302 0.403223669208690 0.239288887468724 100.001238844645883 0.500006213476632
0.235100000000000 0.999999999996301 0.403271373900205 0.237793821035144 100.001238844645769 0.500006213800702
0.235200000000000 0.999999999996300 0.403318770092132 0.236203659908350 100.001238844646153 0.500006214124713
0.235300000000000 0.999999999996301 0.403365838835779 0.234519092370777 100.001238844646110 0.500006214325286
0.235400000000000 0.999999999996296 0.403412561299537 0.232740598757930 100.001238844645968 0.500006214855663
0.235500000000000 0.999999999996294 0.403458918784327 0.230869026625286 100.001238844645570 0.500006215394510
0.235600000000000 0.999999999996293 0.403504892757260 0.228905193846237 100.001238844645542 0.500006215781726
0.235700000000000 0.999999999996293 0.403550464834953 0.226849773119777 100.001238844645485 0.500006216276418
0.235800000000000 0.999999999996288 0.403595616790004 0.224703651900879 100.001238844645144 0.500006216728486
0.235900000000000 0.999999999996290 0.403640330570238 0.222467696421503 100.001238844645016 0.500006217120575
0.236000000000000 0.999999999996289 0.403684588294481 0.220142749724123 100.001238844645002 0.500006217566750
0.236100000000000 0.999999999996285 0.403728372262971 0.217729783373637 100.001238844644732 0.500006217974020
0.236200000000000 0.999999999996284 0.403771664969542 0.215229762258484 100.001238844644632 0.500006218343160
0.236300000000000 0.999999999996283 0.403814449104467 0.212643685473891 100.001238844644504 0.500006218676186
0.236400000000000 0.999999999996279 0.403856707558248 0.209972557088220 100.001238844644263 0.500006219037361
0.236500000000000 0.999999999996280 0.403898423425940 0.207217417299387 100.001238844644320 0.500006219484088
0.236600000000000 0.999999999996276 0.403939580024451 0.204379445249653 100.001238844644092 0.500006219854451
0.236700000000000 0.999999999996276 0.403980160903816 0.201459794310733 100.001238844644007 0.500006220112877
0.236800000000000 0.999999999996275 0.404020149835339 0.198459523480449 100.001238844643751 0.500006220479478
0.236900000000000 0.999999999996272 0.404059530821561 0.195379884755485 100.001238844643495 0.500006220847804
0.237000000000000 0.999999999996272 0.404098288120341 0.192222181265665 100.001238844643325 0.500006221078803
0.237100000000000 0.999999999996268 0.404136406231361 0.188987527092364 100.001238844643268 0.500006221460096
0.237200000000000 0.999999999996267 0.404173869905666 0.185677322811131 100.001238844643126 0.500006221785672
0.237300000000000 0.999999999996269 0.404210664161428 0.182292839659472 100.001238844642984 0.500006222153745
0.237400000000000 0.999999999996265 0.404246774284337 0.178835481204287 100.001238844642828 0.500006222471830
0.237500000000000 0.999999999996262 0.404282185836422 0.175306607643738 100.001238844642700 0.500006222781111
0.237600000000000 0.999999999996260 0.404316884655786 0.171707618574442 100.001238844642273 0.500006223101701
0.237700000000000 0.999999999996261 0.404350856869491 0.168040006218644 100.001238844642302 0.500006223342727
0.237800000000000 0.999999999996257 0.404384088896743 0.164305199031266 100.001238844641961 0.500006223570709
0.237900000000000 0.999999999996256 0.404416567449173 0.160504693261221 100.001238844641932 0.500006223781655
0.238000000000000 0.999999999996254 0.404448279531170 0.156639919668981 100.001238844641875 0.500006224117153
0.238100000000000 0.999999999996255 0.404479212447387 0.152712449920116 100.001238844641648 0.500006224530067
0.238200000000000 0.999999999996252 0.404509353825975 0.148723949235660 100.001238844641421 0.500006224873228
0.238300000000000 0.999999999996250 0.404538691619542 0.144675997280652 100.001238844641406 0.500006225172128
0.238400000000000 0.999999999996249 0.404567214096116 0.140570167821920 100.001238844641037 0.500006225492718
0.238500000000000 0.999999999996246 0.404594909847435 0.136408124502157 100.001238844640980 0.500006225803012
0.238600000000000 0.999999999996246 0.404621767799742 0.132191549005178 100.001238844640909 0.500006226079638
0.238700000000000 0.999999999996242 0.404647777219801 0.127922165272632 100.001238844640639 0.500006226275053
0.238800000000000 0.999999999996242 0.404672927717299 0.123601680846713 100.001238844640653 0.500006226393697
0.238900000000000 0.999999999996241 0.404697209226218 0.119231628423052 100.001238844640511 0.500006226677225
0.239000000000000 0.999999999996238 0.404720612018784 0.114813856227180 100.001238844640199 0.500006226995169
0.239100000000000 0.999999999996234 0.404743126737434 0.110350222008369 100.001238844640113 0.500006227241415
0.239200000000000 0.999999999996236 0.404764744390192 0.105842523622214 100.001238844640056 0.500006227406850
0.239300000000000 0.999999999996234 0.404785456336287 0.101292475940918 100.001238844639758 0.500006227588137
0.239400000000000 0.999999999996233 0.404805254286972 0.096701883354247 100.001238844639687 0.500006227798200
0.239500000000000 0.999999999996233 0.404824130326612 0.092072674269748 100.001238844639573 0.500006227945992
0.239600000000000 0.999999999996229 0.404842076906046 0.087406583743426 100.001238844639516 0.500006228140777
0.239700000000000 0.999999999996228 0.404859086841607 0.082705531637625 100.001238844639232 0.500006228330776
0.239800000000000 0.999999999996227 0.404875153338911 0.077971492466402 100.001238844639118 0.500006228439342
0.239900000000000 0.999999999996226 0.404890269987462 0.073206332799567 100.001238844638920 0.500006228495053
0.240000000000000 0.999999999996223 0.404904430737832 0.068411793748547 100.001238844638763 0.500006228620124
0.240100000000000 0.999999999996221 0.404917629922905 0.063589958111741 100.001238844638578 0.500006228695228
0.240200000000000 0.999999999996221 0.404929862262410 0.058742613917550 100.001238844638621 0.500006228812044
0.240300000000000 0.999999999996220 0.404941122856019 0.053871770124536 100.001238844638380 0.500006228923043
0.240400000000000 0.999999999996218 0.404951407199047 0.048979375638810 100.001238844638095 0.500006229026779
0.240500000000000 0.999999999996217 0.404960711180077 0.044067414594743 100.001238844638209 0.500006229109646
0.240600000000000 0.999999999996215 0.404969031084674 0.039137874150506 100.001238844637982 0.500006229164344
0.240700000000000 0.999999999996211 0.404976363585491 0.034192635715620 100.001238844638024 0.500006229228073
0.240800000000000 0.999999999996213 0.404982705745470 0.029233722977764 100.001238844637570 0.500006229281506
0.240900000000000 0.999999999996213 0.404988055024440 0.024263080641353 100.001238844637385 0.500006229334804
0.241000000000000 0.999999999996208 0.404992409284197 0.019282784227953 100.001238844637385 0.500006229364959
0.241100000000000 0.999999999996207 0.404995766790573 0.014294799525432 100.001238844637001 0.500006229381397
0.241200000000000 0.999999999996205 0.404998126200319 0.009301069411592 100.001238844637257 0.500006229392467
0.241300000000000 0.999999999996205 0.404999486565067 0.004303599495136 100.001238844636759 0.500006229394653
0.241400000000000 0.999999999996202 0.404999847342985 -0.000695548746815 100.001238844636674 0.500006229384915
0.241500000000000 0.999999999996202 0.404999208393755 -0.005694421742136 100.001238844636390 0.500006229366191
0.241600000000000 0.999999999996201 0.404997569973080 -0.010691012974207 100.001238844636333 0.500006229338769
0.241700000000000 0.999999999996198 0.404994932736583 -0.015683329028105 100.001238844636447 0.500006229302624
0.241800000000000 0.999999999996197 0.404991297736330 -0.020669398934637 100.001238844636276 0.500006229253033
0.241900000000000 0.999999999996195 0.404986666419615 -0.025647241542758 100.001238844636006 0.500006229184356
0.242000000000000 0.999999999996193 0.404981040636299 -0.030614811238056 100.001238844635623 0.500006229108242
0.242100000000000 0.999999999996192 0.404974422635236 -0.035570163504422 100.001238844635679 0.500006229012542
0.242200000000000 0.999999999996189 0.404966815062782 -0.040511267662903 100.001238844635495 0.500006228913366
0.242300000000000 0.999999999996191 0.404958220961113 -0.045436195630865 100.001238844635338 0.500006228792610
0.242400000000000 0.999999999996188 0.404948643765036 -0.050342950022811 100.001238844635282 0.500006228661263
0.242500000000000 0.999999999996186 0.404938087310647 -0.055229513669918 100.001238844635225 0.500006228548859
0.242600000000000 0.999999999996184 0.404926555825391 -0.060093989957105 100.001238844634514 0.500006228428173
0.242700000000000 0.999999999996181 0.404914053914141 -0.064934502244064 100.001238844634443 0.500006228256346
0.242800000000000 0.999999999996182 0.404900586574741 -0.069748997144861 100.001238844634685 0.500006228106061
0.242900000000000 0.999999999996180 0.404886159201580 -0.074535559655843 100.001238844634457 0.500006227975002
0.243000000000000 0.999999999996179 0.404870777562648 -0.079292370417180 100.001238844634216 0.500006227794127
0.243100000000000 0.999999999996178 0.404854447809565 -0.084017412535646 100.001238844634202 0.500006227651846
0.243200000000000 0.999999999996177 0.404837176488156 -0.088708759105087 100.001238844633832 0.500006227586518
0.243300000000000 0.999999999996175 0.404818970508049 -0.093364699933064 100.001238844634116 0.500006227456296
0.243400000000000 0.999999999996173 0.404799837136352 -0.097983371600702 100.001238844633690 0.500006227255778
0.243500000000000 0.999999999996171 0.404779784019009 -0.102562846569094 100.001238844633605 0.500006227059705
0.243600000000000 0.999999999996170 0.404758819177200 -0.107101300476976 100.001238844633349 0.500006226861945
0.243700000000000 0.999999999996169 0.404736950994628 -0.111596931289257 100.001238844633320 0.500006226649092
0.243800000000000 0.999999999996167 0.404714188207753 -0.116048015334388 100.001238844633264 0.500006226335965
0.243900000000000 0.999999999996165 0.404690539917451 -0.120452630721725 100.001238844632908 0.500006226083238
0.244000000000000 0.999999999996163 0.404666015584069 -0.124809103506587 100.001238844632894 0.500006225789351
0.244100000000000 0.999999999996163 0.404640625027446 -0.129115514462527 100.001238844632653 0.500006225677077
0.244200000000000 0.999999999996161 0.404614378415464 -0.133370297734018 100.001238844632553 0.500006225554669
0.244300000000000 0.999999999996159 0.404587286229604 -0.137571886892471 100.001238844632269 0.500006225238167
0.244400000000000 0.999999999996157 0.404559359295230 -0.141718409452891 100.001238844632056 0.500006224984267
0.244500000000000 0.999999999996156 0.404530608781179 -0.145808301651632 100.001238844632013 0.500006224661601
0.244600000000000 0.999999999996154 0.404501046184937 -0.149839840150194 100.001238844631843 0.500006224396622
0.244700000000000 0.999999999996152 0.404470683333582 -0.153811451848525 100.001238844631729 0.500006224133826
0.244800000000000 0.999999999996152 0.404439532364523 -0.157721608502526 100.001238844631558 0.500006223780086
0.244900000000000 0.999999999996150 0.404407605732337 -0.161568665513826 100.001238844631345 0.500006223460447
0.245000000000000 0.999999999996149 0.404374916208342 -0.165351098611575 100.001238844631274 0.500006223154040
0.245100000000000 0.999999999996148 0.404341476859413 -0.169067477921107 100.001238844631075 0.500006222723390
0.245200000000000 0.999999999996147 0.404307301058465 -0.172716172878172 100.001238844630933 0.500006222410231
0.245300000000000 0.999999999996145 0.404272402486793 -0.176295726857144 100.001238844630706 0.500006222216111
0.245400000000000 0.999999999996144 0.404236795104264 -0.179804812776233 100.001238844630521 0.500006221960332
0.245500000000000 0.999999999996142 0.404200493148736 -0.183241977969395 100.001238844630649 0.500006221730210
0.245600000000000 0.999999999996140 0.404163511131945 -0.186605936066879 100.001238844630237 0.500006221363830
0.245700000000000 0.999999999996139 0.404125863834842 -0.189895281118979 100.001238844630038 0.500006220970592
0.245800000000000 0.999999999996135 0.404087566312619 -0.193108674818839 100.001238844629924 0.500006220593891
0.245900000000000 0.999999999996136 0.404048633879397 -0.196244867725387 100.001238844629825 0.500006220165241
0.246000000000000 0.999999999996133 0.404009082107589 -0.199302526529127 100.001238844629697 0.500006219839961
0.246100000000000 0.999999999996134 0.403968926824126 -0.202280437099837 100.001238844628830 0.500006219604397
0.246200000000000 0.999999999996131 0.403928184083156 -0.205177541910745 100.001238844629839 0.500006219189559
0.246300000000000 0.999999999996128 0.403886870170104 -0.207992586941811 100.001238844628944 0.500006218787808
0.246400000000000 0.999999999996128 0.403845001613945 -0.210724388885610 100.001238844629526 0.500006218520452
0.246500000000000 0.999999999996126 0.403802595163390 -0.213371933552078 100.001238844628801 0.500006218225330
0.246600000000000 0.999999999996123 0.403759667768142 -0.215934226329596 100.001238844628844 0.500006217763992
0.246700000000000 0.999999999996123 0.403716236592584 -0.218410115152806 100.001238844628659 0.500006217409450
0.246800000000000 0.999999999996122 0.403672319009368 -0.220798666947636 100.001238844628460 0.500006217039237
0.246900000000000 0.999999999996119 0.403627932577934 -0.223098949437893 100.001238844627153 0.500006216602316
0.247000000000000 0.999999999996116 0.403583095051740 -0.225309953169669 100.001238844626840 0.500006216298488
0.247100000000000 0.999999999996119 0.403537824362136 -0.227430908437466 100.001238844627920 0.500006215871290
0.247200000000000 0.999999999996114 0.403492138609202 -0.229460898176828 100.001238844627636 0.500006215476124
0.247300000000000 0.999999999996112 0.403446056063021 -0.231399138429612 100.001238844627068 0.500006215049567
0.247400000000000 0.999999999996112 0.403399595151479 -0.233244835947118 100.001238844627508 0.500006214633429
0.247500000000000 0.999999999996111 0.403352774455790 -0.234997249704952 100.001238844626698 0.500006214235065
0.247600000000000 0.999999999996109 0.403305612698819 -0.236655704620940 100.001238844627608 0.500006213794278
0.247700000000000 0.999999999996107 0.403258128742005 -0.238219490172579 100.001238844626727 0.500006213423053
0.247800000000000 0.999999999996106 0.403210341578515 -0.239687998735113 100.001238844626897 0.500006213080180
0.247900000000000 0.999999999996105 0.403162270319520 -0.241060658824824 100.001238844627011 0.500006212728289
0.248000000000000 0.999999999996103 0.403113934195198 -0.242336850728186 100.001238844626499 0.500006212538553
0.248100000000000 0.999999999996102 0.403065352536334 -0.243516187701798 100.001238844625377 0.500006212212456
0.248200000000000 0.999999999996099 0.403016544764890 -0.244598146122047 100.001238844626840 0.500006211875668
0.248300000000000 0.999999999996098 0.402967530396369 -0.245582313502264 100.001238844625789 0.500006211478710
0.248400000000000 0.999999999996098 0.402918329030301 -0.246468262396314 100.001238844625547 0.500006211104646
0.248500000000000 0.999999999996095 0.402868960342463 -0.247255656309008 100.001238844625860 0.500006210709893
0.248600000000000 0.999999999996093 0.402819444077208 -0.247944148085643 100.001238844625050 0.500006210374432
0.248700000000000 0.999999999996092 0.402769800041901 -0.248533451738509 100.001238844625334 0.500006210125223
0.248800000000000 0.999999999996091 0.402720048083796 -0.249023456421667 100.001238844625050 0.500006209652098
0.248900000000000 0.999999999996088 0.402670208094454 -0.249413831032519 100.001238844624325 0.500006209291323
0.249000000000000 0.999999999996088 0.402620300011676 -0.249704441653117 100.001238844625362 0.500006208988038
0.249100000000000 0.999999999996086 0.402570343793219 -0.249895223555031 100.001238844624083 0.500006208613813
0.249200000000000 0.999999999996086 0.402520359408187 -0.249986128487946 100.001238844623970 0.500006208098553
0.249300000000000 0.999999999996085 0.402470366839077 -0.249977071447963 100.001238844624936 0.500006207563967
0.249400000000000 0.999999999996080 0.402420386086041 -0.249867960254058 100.001238844623714 0.500006207249928
0.249500000000000 0.999999999996079 0.402370437152114 -0.249658856604564 100.001238844623543 0.500006207111378
0.249600000000000 0.999999999996079 0.402320540013499 -0.249349967774403 100.001238844623671 0.500006206839515
0.249700000000000 0.999999999996077 0.402270714618896 -0.248941362699199 100.001238844623771 0.500006206570609
0.249800000000000 0.999999999996077 0.402220980891067 -0.248433231032313 100.001238844622748 0.500006206239593
0.249900000000000 0.999999999996076 0.402171358717056 -0.247825741599131 100.001238844623757 0.500006205932053
0.250000000000000 0.999999999996074 0.402121867942346 -0.247119139278887 100.001238844623884 0.500006205643280
0.250100000000000 0.999999999996075 0.402072528356686 -0.246313737359173 100.001238844623998 0.500006205297478
0.250200000000000 0.999999999996069 0.402023359691773 -0.245409803674396 100.001238844623799 0.500006205028540
0.250300000000000 0.999999999996068 0.401974381607347 -0.244407789519643 100.001238844622108 0.500006204616053
0.250400000000000 0.999999999996068 0.401925613686442 -0.243308011692428 100.001238844622435 0.500006204265968
0.250500000000000 0.999999999996065 0.401877075433016 -0.242110942488862 100.001238844622975 0.500006203899054
0.250600000000000 0.999999999996063 0.401828786251782 -0.240817103249381 100.001238844621668 0.500006203412667
0.250700000000000 0.999999999996063 0.401780765459017 -0.239426856002543 100.001238844621867 0.500006203181489
0.250800000000000 0.999999999996062 0.401733032267548 -0.237940873708406 100.001238844622549 0.500006202923534
0.250900000000000 0.999999999996061 0.401685605763959 -0.236359747318189 100.001238844621412 0.500006202646924
0.251000000000000 0.999999999996057 0.401638504912257 -0.234684109717645 100.001238844621554 0.500006202350686
0.251100000000000 0.999999999996059 0.401591748549092 -0.232914604014266 100.001238844622407 0.500006202098292
0.251200000000000 0.999999999996055 0.401545355372494 -0.231051971125953 100.001238844621014 0.500006201811955
0.251300000000000 0.999999999996055 0.401499343931877 -0.229096957324527 100.001238844621128 0.500006201489140
0.251400000000000 0.999999999996052 0.401453732629614 -0.227050287153589 100.001238844621923 0.500006201261271
0.251500000000000 0.999999999996050 0.401408539708167 -0.224912834969261 100.001238844621838 0.500006201000520
0.251600000000000 0.999999999996048 0.401363783238721 -0.222685439673645 100.001238844620772 0.500006200743116
0.251700000000000 0.999999999996046 0.401319481120033 -0.220368986724402 100.001238844620701 0.500006200500811
0.251800000000000 0.999999999996046 0.401275651072815 -0.217964371106741 100.001238844620502 0.500006200342238
0.251900000000000 0.999999999996044 0.401232310626996 -0.215472605208597 100.001238844620502 0.500006200155590
0.252000000000000 0.999999999996044 0.401189477112315 -0.212894679250821 100.001238844620389 0.500006199954898
0.252100000000000 0.999999999996041 0.401147167655320 -0.210231634709829 100.001238844620076 0.500006199718261
0.252200000000000 0.999999999996040 0.401105399173808 -0.207484518382571 100.001238844619877 0.500006199484623
0.252300000000000 0.999999999996040 0.401064188373024 -0.204654408844660 100.001238844619792 0.500006199295382
0.252400000000000 0.999999999996038 0.401023551732257 -0.201742487068386 100.001238844619763 0.500006199049266
0.252500000000000 0.999999999996037 0.400983505498091 -0.198749900528808 100.001238844619564 0.500006198782208
0.252600000000000 0.999999999996034 0.400944065688494 -0.195677786781283 100.001238844619422 0.500006198611834
0.252700000000000 0.999999999996032 0.400905248076495 -0.192527457067571 100.001238844619166 0.500006198374577
0.252800000000000 0.999999999996029 0.400867068182631 -0.189300127205192 100.001238844619053 0.500006198156865
0.252900000000000 0.999999999996029 0.400829541275887 -0.185997095796271 100.001238844618882 0.500006197943192
0.253000000000000 0.999999999996029 0.400792682363096 -0.182619686609220 100.001238844618769 0.500006197728373
0.253100000000000 0.999999999996028 0.400756506183195 -0.179169254452178 100.001238844618470 0.500006197504949
0.253200000000000 0.999999999996025 0.400721027203480 -0.175647162407821 100.001238844618399 0.500006197303294
0.253300000000000 0.999999999996025 0.400686259615296 -0.172054806058916 100.001238844618399 0.500006197145275
0.253400000000000 0.999999999996025 0.400652217324306 -0.168393646323510 100.001238844618229 0.500006196987804
0.253500000000000 0.999999999996020 0.400618913943645 -0.164665147985755 100.001238844617944 0.500006196829804
0.253600000000000 0.999999999996019 0.400586362790439 -0.160870807472298 100.001238844617802 0.500006196662751
0.253700000000000 0.999999999996017 0.400554576882520 -0.157012121143686 100.001238844617646 0.500006196520596
0.253800000000000 0.999999999996016 0.400523568929792 -0.153090670995757 100.001238844617575 0.500006196341982
0.253900000000000 0.999999999996015 0.400493351332087 -0.149107978095812 100.001238844617376 0.500006196200248
0.254000000000000 0.999999999996013 0.400463936174592 -0.145065666524128 100.001238844617205 0.500006196047518
0.254100000000000 0.999999999996012 0.400435335219605 -0.140965341991875 100.001238844617006 0.500006195900120
0.254200000000000 0.999999999996009 0.400407559904468 -0.136808648577139 100.001238844616836 0.500006195751942
0.254300000000000 0.999999999996008 0.400380621337925 -0.132597228496687 100.001238844616736 0.500006195630456
0.254400000000000 0.999999999996007 0.400354530296708 -0.128332758884477 100.001238844616722 0.500006195543390
0.254500000000000 0.999999999996006 0.400329297213656 -0.124017002149541 100.001238844616509 0.500006195416498
0.254600000000000 0.999999999996004 0.400304932175608 -0.119651657567322 100.001238844616353 0.500006195285082
0.254700000000000 0.999999999996005 0.400281444924842 -0.115238470554420 100.001238844616140 0.500006195150264
0.254800000000000 0.999999999996000 0.400258844854635 -0.110779186361227 100.001238844615969 0.500006195034862
0.254900000000000 0.999999999996000 0.400237141006834 -0.106275573991479 100.001238844615813 0.500006194953345
0.255000000000000 0.999999999995999 0.400216342062850 -0.101729468372019 100.001238844615528 0.500006194867767
0.255100000000000 0.999999999995997 0.400196456337461 -0.097142701811784 100.001238844615415 0.500006194764363
0.255200000000000 0.999999999995993 0.400177491781948 -0.092517078644277 100.001238844615330 0.500006194673631
0.255300000000000 0.999999999995991 0.400159455980835 -0.087854461543217 100.001238844615017 0.500006194583069
0.255400000000000 0.999999999995991 0.400142356143904 -0.083156735270077 100.001238844615088 0.500006194475655
0.255500000000000 0.999999999995989 0.400126199108883 -0.078425736159764 100.001238844614946 0.500006194388058
0.255600000000000 0.999999999995989 0.400110991339422 -0.073663367527272 100.001238844614790 0.500006194310016
0.255700000000000 0.999999999995987 0.400096738917161 -0.068871547127244 100.001238844614619 0.500006194231381
0.255800000000000 0.999999999995987 0.400083447540777 -0.064052187675124 100.001238844614505 0.500006194155020
0.255900000000000 0.999999999995984 0.400071122525522 -0.059207211052135 100.001238844614377 0.500006194084781
0.256000000000000 0.999999999995983 0.400059768801265 -0.054338549758606 100.001238844614051 0.500006194023361
0.256100000000000 0.999999999995980 0.400049390910363 -0.049448146440482 100.001238844614150 0.500006193972448
0.256200000000000 0.999999999995979 0.400039993004531 -0.044537964063998 100.001238844613638 0.500006193927445
0.256300000000000 0.999999999995979 0.400031578841781 -0.039609977548174 100.001238844613567 0.500006193883034
0.256400000000000 0.999999999995976 0.400024151785916 -0.034666155068134 100.001238844613425 0.500006193840760
0.256500000000000 0.999999999995977 0.400017714805592 -0.029708479384984 100.001238844613525 0.500006193799065
0.256600000000000 0.999999999995975 0.400012270474260 -0.024738920246365 100.001238844613226 0.500006193762546
0.256700000000000 0.999999999995973 0.400007820970046 -0.019759461010672 100.001238844613056 0.500006193731709
0.256800000000000 0.999999999995972 0.400004368072858 -0.014772101590886 100.001238844613013 0.500006193704326
0.256900000000000 0.999999999995970 0.400001913163663 -0.009778832598463 100.001238844612715 0.500006193681343
0.257000000000000 0.999999999995967 0.400000457224552 -0.004781651084403 100.001238844612686 0.500006193662496
0.257100000000000 0.999999999995967 0.400000000837822 0.000217441558673 100.001238844612459 0.500006193647646
0.257200000000000 0.999999999995964 0.400000544185499 0.005216442373644 100.001238844612104 0.500006193637178
0.257300000000000 0.999999999995961 0.400002087049234 0.010213351339640 100.001238844612175 0.500006193631589
0.257400000000000 0.999999999995962 0.400004628811459 0.015206176844913 100.001238844611834 0.500006193630549
0.257500000000000 0.999999999995959 0.400008168455491 0.020192918128093 100.001238844611720 0.500006193634722
0.257600000000000 0.999999999995958 0.400012704565873 0.025171587870237 100.001238844611436 0.500006193642973
0.257700000000000 0.999999999995956 0.400018235328665 0.030140187993030 100.001238844611620 0.500006193657043
0.257800000000000 0.999999999995956 0.400024758531879 0.035096736726928 100.001238844611350 0.500006193675332
0.257900000000000 0.999999999995952 0.400032271567567 0.040039256209599 100.001238844611208 0.500006193696216
0.258000000000000 0.999999999995954 0.400040771430665 0.044965751535696 100.001238844611038 0.500006193727166
0.258100000000000 0.999999999995950 0.400050254721333 0.049874270042461 100.001238844610953 0.500006193761068
0.258200000000000 0.999999999995949 0.400060717648071 0.054762847192877 100.001238844611024 0.500006193798177
0.258300000000000 0.999999999995948 0.400072156027127 0.059629525024250 100.001238844610555 0.500006193839910
0.258400000000000 0.999999999995945 0.400084565284049 0.064472354143792 100.001238844610526 0.500006193888218
0.258500000000000 0.999999999995945 0.400097940456892 0.069289409264727 100.001238844610512 0.500006193935667
0.258600000000000 0.999999999995943 0.400112276197449 0.074078752044270 100.001238844610384 0.500006193990165
0.258700000000000 0.999999999995941 0.400127566772627 0.078838471982889 100.001238844610072 0.500006194048583
0.258800000000000 0.999999999995940 0.400143806067866 0.083566664234801 100.001238844609901 0.500006194111780
0.258900000000000 0.999999999995939 0.400160987589319 0.088261441404909 100.001238844609745 0.500006194176777
0.259000000000000 0.999999999995939 0.400179104466014 0.092920918721182 100.001238844609361 0.500006194249859
0.259100000000000 0.999999999995932 0.400198149452883 0.097543239453813 100.001238844609176 0.500006194325101
0.259200000000000 0.999999999995936 0.400218114933769 0.102126549405101 100.001238844609446 0.500006194408118
0.259300000000000 0.999999999995931 0.400238992923696 0.106669013915530 100.001238844609105 0.500006194500846
0.259400000000000 0.999999999995932 0.400260775075058 0.111168842429977 100.001238844608878 0.500006194575446
0.259500000000000 0.999999999995931 0.400283452678400 0.115624205333593 100.001238844608778 0.500006194664357
0.259600000000000 0.999999999995929 0.400307016663472 0.120033324551816 100.001238844608878 0.500006194764226
0.259700000000000 0.999999999995927 0.400331457604646 0.124394423693813 100.001238844608480 0.500006194891670
0.259800000000000 0.999999999995926 0.400356765723682 0.128705752950663 100.001238844608309 0.500006195055357
0.259900000000000 0.999999999995923 0.400382930897697 0.132965615611545 100.001238844608153 0.500006195221148
0.260000000000000 0.999999999995923 0.400409942667892 0.137172349887787 100.001238844608125 0.500006195332192
0.260100000000000 0.999999999995921 0.400437790236014 0.141324221906586 100.001238844607940 0.500006195456979
0.260200000000000 0.999999999995919 0.400466462463521 0.145419562312830 100.001238844607940 0.500006195609068
0.260300000000000 0.999999999995916 0.400495947881059 0.149456731882592 100.001238844607499 0.500006195791735
0.260400000000000 0.999999999995915 0.400526234697795 0.153434155401667 100.001238844607855 0.500006195946730
0.260500000000000 0.999999999995913 0.400557310803126 0.157350210104330 100.001238844607343 0.500006196122385
0.260600000000000 0.999999999995911 0.400589163768274 0.161203336735757 100.001238844607229 0.500006196308491
0.260700000000000 0.999999999995909 0.400621780857462 0.164992024281148 100.001238844607144 0.500006196456447
0.260800000000000 0.999999999995911 0.400655149028777 0.168714721270732 100.001238844607144 0.500006196625028
0.260900000000000 0.999999999995906 0.400689254938366 0.172369960934844 100.001238844606803 0.500006196777443
0.261000000000000 0.999999999995906 0.400724084946641 0.175956251703028 100.001238844606632 0.500006196964959
0.261100000000000 0.999999999995906 0.400759625122216 0.179472166915572 100.001238844606490 0.500006197175207
0.261200000000000 0.999999999995906 0.400795861254480 0.182916342000107 100.001238844606377 0.500006197333633
0.261300000000000 0.999999999995902 0.400832778856461 0.186287376477490 100.001238844606092 0.500006197480900
0.261400000000000 0.999999999995901 0.400870363163684 0.189583894711991 100.001238844606334 0.500006197668409
0.261500000000000 0.999999999995899 0.400908599141607 0.192804572046688 100.001238844605382 0.500006197909541
0.261600000000000 0.999999999995899 0.400947471497516 0.195948151622506 100.001238844605339 0.500006198145360
0.261700000000000 0.999999999995896 0.400986964687652 0.199013380027583 100.001238844606164 0.500006198368086
0.261800000000000 0.999999999995896 0.401027062918880 0.201999016513133 100.001238844606121 0.500006198606992
0.261900000000000 0.999999999995896 0.401067750156295 0.204903884085973 100.001238844605467 0.500006198827825
0.262000000000000 0.999999999995891 0.401109010131469 0.207726824462353 100.001238844605240 0.500006199022893
0.262100000000000 0.999999999995891 0.401150826345862 0.210466694216207 100.001238844604629 0.500006199221722
0.262200000000000 0.999999999995890 0.401193182075978 0.213122386206385 100.001238844604586 0.500006199448617
0.262300000000000 0.999999999995888 0.401236060385790 0.215692884112952 100.001238844605126 0.500006199606075
0.262400000000000 0.999999999995886 0.401279444129433 0.218177104631973 100.001238844605268 0.500006199812599
0.262500000000000 0.999999999995887 0.401323315953562 0.220574055247213 100.001238844604813 0.500006200067134
0.262600000000000 0.999999999995882 0.401367658309402 0.222882774881495 100.001238844604302 0.500006200376157
0.262700000000000 0.999999999995881 0.401412453463296 0.225102375651591 100.001238844604089 0.500006200661215
0.262800000000000 0.999999999995880 0.401457683501131 0.227231940164508 100.001238844603421 0.500006200989000
0.262900000000000 0.999999999995880 0.401503330331692 0.229270614758381 100.001238844603250 0.500006201364691
0.263000000000000 0.999999999995877 0.401549375701710 0.231217634094000 100.001238844603733 0.500006201673848
0.263100000000000 0.999999999995874 0.401595801197386 0.233072156264624 100.001238844603506 0.500006202062203
0.263200000000000 0.999999999995873 0.401642588252148 0.234833495640477 100.001238844603421 0.500006202399627
0.263300000000000 0.999999999995873 0.401689718163638 0.236500981186887 100.001238844603250 0.500006202606811
0.263400000000000 0.999999999995869 0.401737172086661 0.238073853539725 100.001238844602483 0.500006202901505
0.263500000000000 0.999999999995868 0.401784931038254 0.239551494798490 100.001238844602412 0.500006203258192
0.263600000000000 0.999999999995866 0.401832975918887 0.240933358095479 100.001238844602696 0.500006203571612
0.263700000000000 0.999999999995866 0.401881287519205 0.242218892157700 100.001238844602369 0.500006203837998
0.263800000000000 0.999999999995864 0.401929846517847 0.243407527114476 100.001238844601801 0.500006204192142
0.263900000000000 0.999999999995862 0.401978633496632 0.244498865252550 100.001238844603108 0.500006204445357
0.264000000000000 0.999999999995860 0.402027628949789 0.245492428314240 100.001238844601730 0.500006204699244
0.264100000000000 0.999999999995859 0.402076813281418 0.246387791454298 100.001238844601019 0.500006205021378
0.264200000000000 0.999999999995858 0.402126166820395 0.247184629056979 100.001238844601943 0.500006205332037
0.264300000000000 0.999999999995856 0.402175669828258 0.247882592183148 100.001238844602341 0.500006205705995
0.264400000000000 0.999999999995854 0.402225302510591 0.248481471123742 100.001238844601602 0.500006205971173
0.264500000000000 0.999999999995854 0.402275045019799 0.248980943509392 100.001238844601488 0.500006206333179
0.264600000000000 0.999999999995852 0.402324877454661 0.249380794638550 100.001238844601346 0.500006206829369
0.264700000000000 0.999999999995851 0.402374779886657 0.249680967563668 100.001238844601119 0.500006207203049
0.264800000000000 0.999999999995847 0.402424732370020 0.249881346866440 100.001238844601801 0.500006207442283
0.264900000000000 0.999999999995846 0.402474714932729 0.249981784068000 100.001238844600394 0.500006207717718
0.265000000000000 0.999999999995845 0.402524707583366 0.249982234548914 100.001238844600266 0.500006208040486
0.265100000000000 0.999999999995845 0.402574690323157 0.249882668648772 100.001238844601161 0.500006208484041
0.265200000000000 0.999999999995843 0.402624643158229 0.249683164914685 100.001238844600834 0.500006208951308
0.265300000000000 0.999999999995842 0.402674546109302 0.249383790544156 100.001238844601033 0.500006209473482
0.265400000000000 0.999999999995838 0.402724379227676 0.248984785629940 100.001238844599413 0.500006209750120
0.265500000000000 0.999999999995837 0.402774122593793 0.248486201641972 100.001238844600181 0.500006210051038
0.265600000000000 0.999999999995835 0.402823756311072 0.247888214840032 100.001238844599868 0.500006210433350
0.265700000000000 0.999999999995834 0.402873260531358 0.247191134763727 100.001238844599200 0.500006210722250
0.265800000000000 0.999999999995832 0.402922615460098 0.246395187319189 100.001238844599840 0.500006211048642
0.265900000000000 0.999999999995831 0.402971801357620 0.245500695728563 100.001238844598674 0.500006211399991
0.266000000000000 0.999999999995829 0.403020798551551 0.244508009497761 100.001238844599470 0.500006211796106
0.266100000000000 0.999999999995829 0.403069587445881 0.243417543211498 100.001238844598745 0.500006212193434
0.266200000000000 0.999999999995827 0.403118148533870 0.242229775059532 100.001238844599200 0.500006212489554
0.266300000000000 0.999999999995826 0.403166462400897 0.240945148358859 100.001238844597879 0.500006212761945
0.266400000000000 0.999999999995824 0.403214509714870 0.239564042367079 100.001238844598035 0.500006213333686
0.266500000000000 0.999999999995821 0.403262271254946 0.238087194272908 100.001238844597708 0.500006213759508
0.266600000000000 0.999999999995821 0.403309727927645 0.236515140784622 100.001238844598902 0.500006214168856
0.266700000000000 0.999999999995818 0.403356860758115 0.234848528674433 100.001238844598987 0.500006214519102
0.266800000000000 0.999999999995816 0.403403650900026 0.233087998898960 100.001238844597353 0.500006214870693
0.266900000000000 0.999999999995817 0.403450079633600 0.231234173498906 100.001238844597481 0.500006215413708
0.267000000000000 0.999999999995815 0.403496128393188 0.229287974888406 100.001238844598234 0.500006215727878
0.267100000000000 0.999999999995812 0.403541778768452 0.227250032047795 100.001238844596941 0.500006216157751
0.267200000000000 0.999999999995814 0.403587012495041 0.225121173867467 100.001238844598134 0.500006216669519
0.267300000000000 0.999999999995810 0.403631811484747 0.222902337100809 100.001238844596600 0.500006217069881
0.267400000000000 0.999999999995809 0.403676157824854 0.220594338733599 100.001238844596529 0.500006217516881
0.267500000000000 0.999999999995809 0.403720033779241 0.218198126409037 100.001238844596429 0.500006217955019
0.267600000000000 0.999999999995805 0.403763421808085 0.215714716869500 100.001238844596287 0.500006218257313
0.267700000000000 0.999999999995801 0.403806304566067 0.213145039008358 100.001238844597168 0.500006218564495
0.267800000000000 0.999999999995802 0.403848664903665 0.210490121182139 100.001238844595889 0.500006218874532
0.267900000000000 0.999999999995799 0.403890485882716 0.207751049041498 100.001238844595804 0.500006219137089
0.268000000000000 0.999999999995799 0.403931750775031 0.204928835971296 100.001238844596756 0.500006219522370
0.268100000000000 0.999999999995798 0.403972443068947 0.202024634039522 100.001238844595349 0.500006219978839
0.268200000000000 0.999999999995794 0.404012546493950 0.199039704978735 100.001238844596401 0.500006220303016
0.268300000000000 0.999999999995794 0.404052045012688 0.195975118128494 100.001238844595065 0.500006220743965
0.268400000000000 0.999999999995791 0.404090922818506 0.192832108868587 100.001238844596145 0.500006221278510
0.268500000000000 0.999999999995790 0.404129164368383 0.189612081321616 100.001238844595349 0.500006221621505
0.268600000000000 0.999999999995788 0.404166754378603 0.186316223643745 100.001238844595363 0.500006221966187
0.268700000000000 0.999999999995787 0.404203677820538 0.182945898374362 100.001238844594980 0.500006222229917
0.268800000000000 0.999999999995784 0.404239919931974 0.179502407814859 100.001238844594951 0.500006222497853
0.268900000000000 0.999999999995787 0.404275466218844 0.175987130638032 100.001238844594781 0.500006222766582
0.269000000000000 0.999999999995783 0.404310302464329 0.172401461265316 100.001238844594639 0.500006223055479
0.269100000000000 0.999999999995783 0.404344414733228 0.168746821222976 100.001238844594511 0.500006223384510
0.269200000000000 0.999999999995781 0.404377789383292 0.165024719556062 100.001238844594326 0.500006223672116
0.269300000000000 0.999999999995778 0.404410413067648 0.161236601240346 100.001238844594070 0.500006223990645
0.269400000000000 0.999999999995776 0.404442272733368 0.157383959301584 100.001238844594056 0.500006224372924
0.269500000000000 0.999999999995775 0.404473355642160 0.153468449104326 100.001238844593871 0.500006224637044
0.269600000000000 0.999999999995773 0.404503649366833 0.149491526302962 100.001238844593743 0.500006224955297
0.269700000000000 0.999999999995774 0.404533141793055 0.145454862782194 100.001238844593587 0.500006225204000
0.269800000000000 0.999999999995770 0.404561821132102 0.141360044894072 100.001238844593473 0.500006225426597
0.269900000000000 0.999999999995768 0.404589675913321 0.137208665623293 100.001238844593317 0.500006225686001
0.270000000000000 0.999999999995767 0.404616694988332 0.133002355913171 100.001238844593161 0.500006226018863
0.270100000000000 0.999999999995766 0.404642867546337 0.128742858562164 100.001238844592933 0.500006226340335
0.270200000000000 0.999999999995764 0.404668183139566 0.124432065057519 100.001238844592933 0.500006226412332
0.270300000000000 0.999999999995763 0.404692631659031 0.120071470885907 100.001238844592720 0.500006226530520
0.270400000000000 0.999999999995763 0.404716203322445 0.115662846600431 100.001238844592535 0.500006226659877
0.270500000000000 0.999999999995761 0.404738888691866 0.111207864994007 100.001238844592365 0.500006226901383
0.270600000000000 0.999999999995760 0.404760678688358 0.106708444182170 100.001238844592379 0.500006227096743
0.270700000000000 0.999999999995758 0.404781564598667 0.102166325611263 100.001238844592123 0.500006227309365
0.270800000000000 0.999999999995754 0.404801538063140 0.097583300572439 100.001238844591938 0.500006227561843
0.270900000000000 0.999999999995754 0.404820591100554 0.092961365296660 100.001238844591740 0.500006227693825
0.271000000000000 0.999999999995750 0.404838716094262 0.088302167557677 100.001238844591768 0.500006227897553
0.271100000000000 0.999999999995751 0.404855905788583 0.083607668030143 100.001238844591370 0.500006228080964
0.271200000000000 0.999999999995748 0.404872153314549 0.078879777439991 100.001238844591214 0.500006228217899
0.271300000000000 0.999999999995748 0.404887452171795 0.074120268915974 100.001238844591256 0.500006228402346
0.271400000000000 0.999999999995747 0.404901796236018 0.069331130626545 100.001238844590958 0.500006228566247
0.271500000000000 0.999999999995744 0.404915179771012 0.064514255810088 100.001238844590688 0.500006228725214
0.271600000000000 0.999999999995743 0.404927597431904 0.059671665878802 100.001238844590659 0.500006228819256
0.271700000000000 0.999999999995742 0.404939044254835 0.054805149255297 100.001238844590560 0.500006228941438
0.271800000000000 0.999999999995741 0.404949515653036 0.049916686271527 100.001238844590375 0.500006229067289
0.271900000000000 0.999999999995738 0.404959007436535 0.045008267113891 100.001238844590176 0.500006229177086
0.272000000000000 0.999999999995735 0.404967515817663 0.040081924537286 100.001238844590063 0.500006229241739
0.272100000000000 0.999999999995733 0.404975037403957 0.035139579121028 100.001238844589807 0.500006229287519
0.272200000000000 0.999999999995733 0.404981569184284 0.030183121850313 100.001238844589835 0.500006229344899
0.272300000000000 0.999999999995730 0.404987108541224 0.025214600283430 100.001238844589551 0.500006229389674
0.272400000000000 0.999999999995729 0.404991653267007 0.020236064078090 100.001238844589494 0.500006229408429
0.272500000000000 0.999999999995727 0.404995201550862 0.015249435575451 100.001238844589309 0.500006229420332
0.272600000000000 0.999999999995727 0.404997751965235 0.010256620886652 100.001238844589295 0.500006229436517
0.272700000000000 0.999999999995726 0.404999303489356 0.005259783607174 100.001238844588912 0.500006229435116
0.272800000000000 0.999999999995723 0.404999855502836 0.000260764946151 100.001238844588684 0.500006229428562
0.272900000000000 0.999999999995721 0.404999407781596 -0.004738313857214 100.001238844588343 0.500006229411669
0.273000000000000 0.999999999995721 0.404997960507635 -0.009735512134776 100.001238844588528 0.500006229384714
0.273100000000000 0.999999999995718 0.404995514258667 -0.014728813701683 100.001238844588485 0.500006229348508
0.273200000000000 0.999999999995717 0.404992070013655 -0.019716220899553 100.001238844587988 0.500006229303602
0.273300000000000 0.999999999995717 0.404987629151141 -0.024695736268291 100.001238844587789 0.500006229251219
0.273400000000000 0.999999999995716 0.404982193444268 -0.029665410063016 100.001238844587817 0.500006229180697
0.273500000000000 0.999999999995712 0.404975765064991 -0.034623205158330 100.001238844587803 0.500006229104680
0.273600000000000 0.999999999995712 0.404968346588371 -0.039567125743547 100.001238844587476 0.500006229029697
0.273700000000000 0.999999999995708 0.404959940976335 -0.044495299736788 100.001238844587434 0.500006228914429
0.273800000000000 0.999999999995709 0.404950551580597 -0.049405701428969 100.001238844587164 0.500006228776853
0.273900000000000 0.999999999995706 0.404940182158004 -0.054296304306869 100.001238844586908 0.500006228647749
0.274000000000000 0.999999999995707 0.404928836864775 -0.059165139693948 100.001238844586766 0.500006228538753
0.274100000000000 0.999999999995703 0.404916520241890 -0.064010329596437 100.001238844586567 0.500006228412747
0.274200000000000 0.999999999995702 0.404903237217488 -0.068829879693026 100.001238844586680 0.500006228306270
0.274300000000000 0.999999999995701 0.404888993104664 -0.073621934245678 100.001238844586567 0.500006228172333
0.274400000000000 0.999999999995700 0.404873793595315 -0.078384562409167 100.001238844586396 0.500006228019166
0.274500000000000 0.999999999995698 0.404857644770615 -0.083115799804453 100.001238844586084 0.500006227893622
0.274600000000000 0.999999999995696 0.404840553086869 -0.087813859240284 100.001238844585970 0.500006227710496
0.274700000000000 0.999999999995696 0.404822525369724 -0.092476836377971 100.001238844585828 0.500006227486840
0.274800000000000 0.999999999995695 0.404803568827177 -0.097102810220052 100.001238844585657 0.500006227272961
0.274900000000000 0.999999999995691 0.404783691037441 -0.101689999336051 100.001238844585515 0.500006227002813
0.275000000000000 0.999999999995691 0.404762899949828 -0.106236474863485 100.001238844585203 0.500006226770389
0.275100000000000 0.999999999995687 0.404741203891640 -0.110740383844009 100.001238844585174 0.500006226618306
0.275200000000000 0.999999999995685 0.404718611545178 -0.115200029453266 100.001238844585231 0.500006226436329
0.275300000000000 0.999999999995685 0.404695131939738 -0.119613638750089 100.001238844584890 0.500006226210084
0.275400000000000 0.999999999995684 0.404670774454592 -0.123979484611361 100.001238844584620 0.500006225890444
0.275500000000000 0.999999999995682 0.404645548828821 -0.128295696051531 100.001238844584691 0.500006225629169
0.275600000000000 0.999999999995681 0.404619465162100 -0.132560536843718 100.001238844584620 0.500006225444779
0.275700000000000 0.999999999995678 0.404592533892094 -0.136772364679285 100.001238844584236 0.500006225257816
0.275800000000000 0.999999999995678 0.404564765791726 -0.140929467562602 100.001238844584151 0.500006225107001
0.275900000000000 0.999999999995677 0.404536171958804 -0.145030309181326 100.001238844583881 0.500006224814278
0.276000000000000 0.999999999995674 0.404506763818762 -0.149073149886918 100.001238844583781 0.500006224518336
0.276100000000000 0.999999999995675 0.404476553133396 -0.153056364063670 100.001238844583582 0.500006224232987
0.276200000000000 0.999999999995669 0.404445551980365 -0.156978419628937 100.001238844583582 0.500006223864936
0.276300000000000 0.999999999995669 0.404413772749969 -0.160837722726547 100.001238844583284 0.500006223450789
0.276400000000000 0.999999999995668 0.404381228158531 -0.164632605491777 100.001238844583312 0.500006223191712
0.276500000000000 0.999999999995667 0.404347931231772 -0.168361640031584 100.001238844583042 0.500006222946414
0.276600000000000 0.999999999995666 0.404313895279598 -0.172023414513922 100.001238844582772 0.500006222580503
0.276700000000000 0.999999999995665 0.404279133908083 -0.175616378356808 100.001238844582730 0.500006222239044
0.276800000000000 0.999999999995663 0.404243661025305 -0.179139060544467 100.001238844582758 0.500006221984140
0.276900000000000 0.999999999995662 0.404207490818549 -0.182590140562537 100.001238844582119 0.500006221660126
0.277000000000000 0.999999999995658 0.404170637751720 -0.185968174429294 100.001238844581962 0.500006221382331
0.277100000000000 0.999999999995658 0.404133116568522 -0.189271805503379 100.001238844581835 0.500006221163574
0.277200000000000 0.999999999995657 0.404094942266048 -0.192499857416734 100.001238844582346 0.500006220729669
0.277300000000000 0.999999999995654 0.404056130101008 -0.195650910915722 100.001238844582019 0.500006220322613
0.277400000000000 0.999999999995654 0.404016695603118 -0.198723652629232 100.001238844581565 0.500006220048902
0.277500000000000 0.999999999995652 0.403976654546016 -0.201716957298612 100.001238844581934 0.500006219705685
0.277600000000000 0.999999999995651 0.403936022935378 -0.204629631269428 100.001238844580627 0.500006219284125
0.277700000000000 0.999999999995650 0.403894817017179 -0.207460464283241 100.001238844581465 0.500006218875982
0.277800000000000 0.999999999995648 0.403853053274992 -0.210208290233296 100.001238844581053 0.500006218553198
0.277900000000000 0.999999999995644 0.403810748418284 -0.212872015475141 100.001238844582105 0.500006218307339
0.278000000000000 0.999999999995644 0.403767919358817 -0.215450711252219 100.001238844580826 0.500006217848047
0.278100000000000 0.999999999995643 0.403724583215793 -0.217943232220079 100.001238844579916 0.500006217417712
0.278200000000000 0.999999999995642 0.403680757325789 -0.220348547924358 100.001238844581124 0.500006217091259
0.278300000000000 0.999999999995641 0.403636459214766 -0.222665796585572 100.001238844580712 0.500006216649422
0.278400000000000 0.999999999995638 0.403591706593407 -0.224893993493370 100.001238844580683 0.500006216219811
0.278500000000000 0.999999999995636 0.403546517364753 -0.227032197743459 100.001238844580456 0.500006215915714
0.278600000000000 0.999999999995634 0.403500909604351 -0.229079624658904 100.001238844579689 0.500006215579261
0.278700000000000 0.999999999995636 0.403454901549706 -0.231035440366029 100.001238844579049 0.500006215244687
0.278800000000000 0.999999999995632 0.403408511601602 -0.232898845474808 100.001238844579433 0.500006214952314
0.278900000000000 0.999999999995631 0.403361758312337 -0.234669124549532 100.001238844579376 0.500006214633395
0.279000000000000 0.999999999995628 0.403314660380693 -0.236345527634553 100.001238844579547 0.500006214386685
0.279100000000000 0.999999999995628 0.403267236638642 -0.237927472571412 100.001238844578467 0.500006214003896
0.279200000000000 0.999999999995625 0.403219506039470 -0.239414330203112 100.001238844579504 0.500006213475047
0.279300000000000 0.999999999995625 0.403171487670928 -0.240805382882495 100.001238844577571 0.500006213094102
0.279400000000000 0.999999999995624 0.403123200740598 -0.242100149181006 100.001238844577983 0.500006212682307
0.279500000000000 0.999999999995624 0.403074664558157 -0.243298091492137 100.001238844577827 0.500006212287717
0.279600000000000 0.999999999995620 0.403025898534661 -0.244398731984743 100.001238844578864 0.500006211907573
0.279700000000000 0.999999999995618 0.402976922170554 -0.245401655485322 100.001238844577614 0.500006211481052
0.279800000000000 0.999999999995619 0.402927755055104 -0.246306389017756 100.001238844578481 0.500006211184901
0.279900000000000 0.999999999995618 0.402878416852618 -0.247112654284318 100.001238844577813 0.500006210814070
0.280000000000000 0.999999999995613 0.402828927289423 -0.247820109983070 100.001238844577685 0.500006210414920
0.280100000000000 0.999999999995614 0.402779306154188 -0.248428472982501 100.001238844577472 0.500006209987999
0.280200000000000 0.999999999995611 0.402729573282783 -0.248937556340131 100.001238844577188 0.500006209393133
0.280300000000000 0.999999999995611 0.402679748560324 -0.249347054078377 100.001238844576648 0.500006208885110
0.280400000000000 0.999999999995609 0.402629851919561 -0.249656794223898 100.001238844576406 0.500006208484983
0.280500000000000 0.999999999995607 0.402579903324055 -0.249866641181951 100.001238844578012 0.500006208222692
0.280600000000000 0.999999999995605 0.402529922757475 -0.249976528999542 100.001238844575454 0.500006208053664
0.280700000000000 0.999999999995604 0.402479930206254 -0.249986496217763 100.001238844577571 0.500006207771710
0.280800000000000 0.999999999995602 0.402429945652041 -0.249896553740542 100.001238844576378 0.500006207339674
0.280900000000000 0.999999999995599 0.402379989085835 -0.249706596851662 100.001238844577159 0.500006207109423
0.281000000000000 0.999999999995599 0.402330080491180 -0.249416802018654 100.001238844575937 0.500006206829872
0.281100000000000 0.999999999995597 0.402280239826426 -0.249027246732829 100.001238844576335 0.500006206596992
0.281200000000000 0.999999999995595 0.402230487024539 -0.248538106945186 100.001238844575141 0.500006206360521
0.281300000000000 0.999999999995592 0.402180841977617 -0.247949616975812 100.001238844574829 0.500006206024428
0.281400000000000 0.999999999995592 0.402131324538095 -0.247261937148777 100.001238844575397 0.500006205775096
0.281500000000000 0.999999999995590 0.402081954506690 -0.246475424792652 100.001238844575056 0.500006205408761
0.281600000000000 0.999999999995589 0.402032751620942 -0.245590355123272 100.001238844575084 0.500006205023148
0.281700000000000 0.999999999995590 0.401983735553203 -0.244607104854165 100.001238844574829 0.500006204562674
0.281800000000000 0.999999999995587 0.401934925909977 -0.243525955223171 100.001238844574573 0.500006204301614
0.281900000000000 0.999999999995586 0.401886342216433 -0.242347437097600 100.001238844574544 0.500006203998882
0.282000000000000 0.999999999995584 0.401838003898677 -0.241072013598936 100.001238844573919 0.500006203674818
0.282100000000000 0.999999999995580 0.401789930288226 -0.239700165603945 100.001238844574758 0.500006203399909
0.282200000000000 0.999999999995580 0.401742140611573 -0.238232462496297 100.001238844574544 0.500006203124029
0.282300000000000 0.999999999995578 0.401694653981250 -0.236669474903904 100.001238844574374 0.500006202886100
0.282400000000000 0.999999999995575 0.401647489390072 -0.235011829292634 100.001238844573081 0.500006202682329
0.282500000000000 0.999999999995573 0.401600665694665 -0.233260261415025 100.001238844572867 0.500006202341701
0.282600000000000 0.999999999995574 0.401554201615142 -0.231415401768844 100.001238844572711 0.500006202028924
0.282700000000000 0.999999999995572 0.401508115735572 -0.229477978237788 100.001238844573692 0.500006201766525
0.282800000000000 0.999999999995570 0.401462426485847 -0.227448805665417 100.001238844572413 0.500006201462284
0.282900000000000 0.999999999995567 0.401417152134891 -0.225328679148104 100.001238844573280 0.500006201154049
0.283000000000000 0.999999999995568 0.401372310787471 -0.223118445325914 100.001238844572669 0.500006200844836
0.283100000000000 0.999999999995565 0.401327920376056 -0.220818980731696 100.001238844572441 0.500006200551143
0.283200000000000 0.999999999995563 0.401283998652904 -0.218431210942158 100.001238844572427 0.500006200259626
0.283300000000000 0.999999999995562 0.401240563186641 -0.215956046024172 100.001238844572143 0.500006200067749
0.283400000000000 0.999999999995559 0.401197631348675 -0.213394548900507 100.001238844571873 0.500006199816355
0.283500000000000 0.999999999995558 0.401155220303025 -0.210747732305818 100.001238844571901 0.500006199531636
0.283600000000000 0.999999999995556 0.401113347011547 -0.208016604484433 100.001238844571702 0.500006199319797
0.283700000000000 0.999999999995556 0.401072028224776 -0.205202269172704 100.001238844571475 0.500006199155219
0.283800000000000 0.999999999995554 0.401031280462531 -0.202305929759246 100.001238844571276 0.500006198877838
0.283900000000000 0.999999999995552 0.400991120015845 -0.199328672145196 100.001238844571205 0.500006198636308
0.284000000000000 0.999999999995553 0.400951562948218 -0.196271685307642 100.001238844571049 0.500006198433102
0.284100000000000 0.999999999995553 0.400912625079929 -0.193136213835457 100.001238844570935 0.500006198224050
0.284200000000000 0.999999999995548 0.400874321981321 -0.189923512162632 100.001238844570764 0.500006198008532
0.284300000000000 0.999999999995547 0.400836668971777 -0.186634836112698 100.001238844570622 0.500006197841439
0.284400000000000 0.999999999995547 0.400799681113731 -0.183271497902429 100.001238844570537 0.500006197726648
0.284500000000000 0.999999999995544 0.400763373196775 -0.179834913329426 100.001238844570352 0.500006197533699
0.284600000000000 0.999999999995543 0.400727759735415 -0.176326420747959 100.001238844570040 0.500006197329713
0.284700000000000 0.999999999995539 0.400692854973907 -0.172747383732731 100.001238844569968 0.500006197184273
0.284800000000000 0.999999999995537 0.400658672871992 -0.169099282227585 100.001238844569826 0.500006197011947
0.284900000000000 0.999999999995538 0.400625227097633 -0.165383555688180 100.001238844569542 0.500006196846564
0.285000000000000 0.999999999995537 0.400592531024658 -0.161601705792167 100.001238844569514 0.500006196662243
0.285100000000000 0.999999999995534 0.400560597727972 -0.157755220388447 100.001238844569201 0.500006196499233
0.285200000000000 0.999999999995531 0.400529439980398 -0.153845632598122 100.001238844569059 0.500006196364778
0.285300000000000 0.999999999995531 0.400499070244677 -0.149874510649743 100.001238844568945 0.500006196250353
0.285400000000000 0.999999999995527 0.400469500666882 -0.145843452098307 100.001238844568888 0.500006196140971
0.285500000000000 0.999999999995525 0.400440743069882 -0.141754092487793 100.001238844568718 0.500006196002533
0.285600000000000 0.999999999995527 0.400412808950965 -0.137608053250202 100.001238844568491 0.500006195856277
0.285700000000000 0.999999999995524 0.400385709477742 -0.133407008674732 100.001238844568149 0.500006195680830
0.285800000000000 0.999999999995523 0.400359455486959 -0.129152593875312 100.001238844568149 0.500006195537403
0.285900000000000 0.999999999995521 0.400334057481324 -0.124846514199015 100.001238844568036 0.500006195419315
0.286000000000000 0.999999999995518 0.400309525619398 -0.120490506428930 100.001238844567766 0.500006195306964
0.286100000000000 0.999999999995519 0.400285869710640 -0.116086325004388 100.001238844567737 0.500006195185351
0.286200000000000 0.999999999995516 0.400263099213042 -0.111635730461654 100.001238844567553 0.500006195056254
0.286300000000000 0.999999999995517 0.400241223231791 -0.107140490483866 100.001238844567297 0.500006194933920
0.286400000000000 0.999999999995514 0.400220250516346 -0.102602394700855 100.001238844567268 0.500006194826608
0.286500000000000 0.999999999995514 0.400200189455273 -0.098023262416105 100.001238844567126 0.500006194728916
0.286600000000000 0.999999999995511 0.400181048071359 -0.093404932745314 100.001238844566970 0.500006194632814
0.286700000000000 0.999999999995509 0.400162834019776 -0.088749243519655 100.001238844566785 0.500006194546844
0.286800000000000 0.999999999995504 0.400145554585337 -0.084058060117478 100.001238844566672 0.500006194467341
0.286900000000000 0.999999999995504 0.400129216676931 -0.079333276611910 100.001238844566359 0.500006194379081
0.287000000000000 0.999999999995506 0.400113826827452 -0.074576760031745 100.001238844566274 0.500006194300932
0.287100000000000 0.999999999995501 0.400099391192194 -0.069790418423695 100.001238844566089 0.500006194228002
0.287200000000000 0.999999999995501 0.400085915544630 -0.064976163076109 100.001238844566046 0.500006194162067
0.287300000000000 0.999999999995502 0.400073405274516 -0.060135919995865 100.001238844565876 0.500006194102274
0.287400000000000 0.999999999995499 0.400061865384083 -0.055271638064265 100.001238844565762 0.500006194040528
0.287500000000000 0.999999999995496 0.400051300487244 -0.050385252554576 100.001238844565535 0.500006193983064
0.287600000000000 0.999999999995496 0.400041714810006 -0.045478707391157 100.001238844565350 0.500006193934861
0.287700000000000 0.999999999995493 0.400033112186600 -0.040553976084683 100.001238844565137 0.500006193889831
0.287800000000000 0.999999999995494 0.400025496056993 -0.035613029040893 100.001238844565279 0.500006193847570
0.287900000000000 0.999999999995490 0.400018869466886 -0.030657838450975 100.001238844564853 0.500006193809511
0.288000000000000 0.999999999995490 0.400013235065812 -0.025690393487487 100.001238844565023 0.500006193773406
0.288100000000000 0.999999999995487 0.400008595106671 -0.020712673443812 100.001238844564412 0.500006193741629
0.288200000000000 0.999999999995486 0.400004951444714 -0.015726673991102 100.001238844564526 0.500006193713092
0.288300000000000 0.999999999995485 0.400002305536131 -0.010734390553110 100.001238844564213 0.500006193687934
0.288400000000000 0.999999999995484 0.400000658438624 -0.005737813823124 100.001238844563986 0.500006193667427
0.288500000000000 0.999999999995480 0.400000010811144 -0.000738940543888 100.001238844564028 0.500006193651720
0.288600000000000 0.999999999995481 0.400000362913109 0.004260230669000 100.001238844563744 0.500006193640690
0.288700000000000 0.999999999995478 0.400001714604029 0.009257699298241 100.001238844563915 0.500006193634185
0.288800000000000 0.999999999995477 0.400004065342906 0.014251459348035 100.001238844563616 0.500006193633015
0.288900000000000 0.999999999995474 0.400007414188799 0.019239518172044 100.001238844563588 0.500006193637017
0.289000000000000 0.999999999995473 0.400011759802087 0.024219881469490 100.001238844563062 0.500006193646420
0.289100000000000 0.999999999995476 0.400017100444619 0.029190557474709 100.001238844563261 0.500006193661370
0.289200000000000 0.999999999995472 0.400023433981207 0.034149567086756 100.001238844562835 0.500006193679086
0.289300000000000 0.999999999995472 0.400030757880358 0.039094925849899 100.001238844562778 0.500006193699473
0.289400000000000 0.999999999995470 0.400039069213641 0.044024649098230 100.001238844562693 0.500006193724997
0.289500000000000 0.999999999995468 0.400048364657315 0.048936768374429 100.001238844562522 0.500006193754431
0.289600000000000 0.999999999995467 0.400058640493949 0.053829313969994 100.001238844562295 0.500006193790461
0.289700000000000 0.999999999995464 0.400069892613805 0.058700333077326 100.001238844562295 0.500006193831409
0.289800000000000 0.999999999995463 0.400082116517054 0.063547877201972 100.001238844562010 0.500006193877608
0.289900000000000 0.999999999995463 0.400095307314236 0.068369996826738 100.001238844562010 0.500006193936231
0.290000000000000 0.999999999995460 0.400109459730966 0.073164794037813 100.001238844562124 0.500006193986760
0.290100000000000 0.999999999995458 0.400124568108097 0.077930317345643 100.001238844561669 0.500006194053346
0.290200000000000 0.999999999995459 0.400140626402376 0.082664677983165 100.001238844561584 0.500006194123708
0.290300000000000 0.999999999995455 0.400157628192598 0.087365984655252 100.001238844561499 0.500006194195754
0.290400000000000 0.999999999995455 0.400175566681856 0.092032371653379 100.001238844561328 0.500006194256273
0.290500000000000 0.999999999995452 0.400194434699039 0.096661960387944 100.001238844561129 0.500006194315681
0.290600000000000 0.999999999995450 0.400214224695366 0.101252851258364 100.001238844561172 0.500006194421456
0.290700000000000 0.999999999995450 0.400234928753569 0.105803264191743 100.001238844560703 0.500006194519327
0.290800000000000 0.999999999995450 0.400256538594758 0.110311360949931 100.001238844560646 0.500006194628000
0.290900000000000 0.999999999995447 0.400279045575567 0.114775332879255 100.001238844560504 0.500006194754407
0.291000000000000 0.999999999995446 0.400302440696185 0.119193424679837 100.001238844560447 0.500006194864304
0.291100000000000 0.999999999995442 0.400326714606667 0.123563889845189 100.001238844560376 0.500006194931559
0.291200000000000 0.999999999995445 0.400351857601209 0.127884915239965 100.001238844560007 0.500006195035442
0.291300000000000 0.999999999995439 0.400377859620699 0.132154782760223 100.001238844559822 0.500006195165415
0.291400000000000 0.999999999995438 0.400404710267329 0.136371823627806 100.001238844559623 0.500006195270605
0.291500000000000 0.999999999995438 0.400432398803384 0.140534305532256 100.001238844559595 0.500006195412728
0.291600000000000 0.999999999995437 0.400460914155641 0.144640607234819 100.001238844559538 0.500006195531780
0.291700000000000 0.999999999995434 0.400490244921675 0.148689055243240 100.001238844559055 0.500006195672138
0.291800000000000 0.999999999995431 0.400520379369824 0.152678030348480 100.001238844559083 0.500006195835043
0.291900000000000 0.999999999995431 0.400551305449639 0.156605966311274 100.001238844558998 0.500006195976498
0.292000000000000 0.999999999995429 0.400583010793557 0.160471256280273 100.001238844558827 0.500006196152412
0.292100000000000 0.999999999995428 0.400615482720671 0.164272373469981 100.001238844558657 0.500006196333389
0.292200000000000 0.999999999995425 0.400648708244861 0.168007792331381 100.001238844558486 0.500006196528359
0.292300000000000 0.999999999995423 0.400682674079552 0.171676033754499 100.001238844558372 0.500006196712533
0.292400000000000 0.999999999995423 0.400717366644712 0.175275642800641 100.001238844558088 0.500006196864502
0.292500000000000 0.999999999995423 0.400752772065780 0.178805127590864 100.001238844558060 0.500006197075589
0.292600000000000 0.999999999995420 0.400788876180254 0.182263100644961 100.001238844557818 0.500006197304558
0.292700000000000 0.999999999995421 0.400825664550876 0.185648202583275 100.001238844557747 0.500006197508457
0.292800000000000 0.999999999995418 0.400863122468186 0.188959069973978 100.001238844557790 0.500006197704520
0.292900000000000 0.999999999995415 0.400901234952492 0.192194363681769 100.001238844557491 0.500006197921014
0.293000000000000 0.999999999995414 0.400939986759422 0.195352775405268 100.001238844556767 0.500006198186596
0.293100000000000 0.999999999995412 0.400979362390676 0.198433074946572 100.001238844557164 0.500006198437678
0.293200000000000 0.999999999995412 0.401019346100749 0.201434019573893 100.001238844557108 0.500006198695424
0.293300000000000 0.999999999995410 0.401059921902902 0.204354440055492 100.001238844557491 0.500006198897247
0.293400000000000 0.999999999995408 0.401101073570892 0.207193110213143 100.001238844557534 0.500006199161370
0.293500000000000 0.999999999995406 0.401142784645726 0.209948928005137 100.001238844555616 0.500006199420174
0.293600000000000 0.999999999995405 0.401185038449352 0.212620805254051 100.001238844556411 0.500006199643880
0.293700000000000 0.999999999995402 0.401227818087692 0.215207669822781 100.001238844556838 0.500006199839293
0.293800000000000 0.999999999995402 0.401271106454415 0.217708470594562 100.001238844556099 0.500006200041708
0.293900000000000 0.999999999995401 0.401314886235639 0.220122182822427 100.001238844556624 0.500006200305147
0.294000000000000 0.999999999995400 0.401359139919918 0.222447856261211 100.001238844557349 0.500006200597532
0.294100000000000 0.999999999995398 0.401403849809564 0.224684578622829 100.001238844556127 0.500006200879473
0.294200000000000 0.999999999995396 0.401448998025375 0.226831446769953 100.001238844555019 0.500006201170239
0.294300000000000 0.999999999995394 0.401494566513662 0.228887618835095 100.001238844555559 0.500006201431764
0.294400000000000 0.999999999995392 0.401540537050691 0.230852235608812 100.001238844555957 0.500006201748355
0.294500000000000 0.999999999995391 0.401586891251450 0.232724543711114 100.001238844555076 0.500006202045857
0.294600000000000 0.999999999995390 0.401633610582474 0.234503813167680 100.001238844554933 0.500006202280008
0.294700000000000 0.999999999995388 0.401680676362272 0.236189291176444 100.001238844555431 0.500006202546851
0.294800000000000 0.999999999995386 0.401728069772416 0.237780363129459 100.001238844553811 0.500006202706039
0.294900000000000 0.999999999995386 0.401775771861726 0.239276314804389 100.001238844554621 0.500006202942132
0.295000000000000 0.999999999995383 0.401823763550620 0.240676576170127 100.001238844554678 0.500006203188209
0.295100000000000 0.999999999995383 0.401872025645991 0.241980582666895 100.001238844554067 0.500006203455439
0.295200000000000 0.999999999995380 0.401920538845098 0.243187802038206 100.001238844554067 0.500006203770052
0.295300000000000 0.999999999995378 0.401969283745625 0.244297770754724 100.001238844554962 0.500006204085401
0.295400000000000 0.999999999995376 0.402018240854859 0.245310048882607 100.001238844553754 0.500006204391787
0.295500000000000 0.999999999995375 0.402067390589226 0.246224166487331 100.001238844554862 0.500006204848990
0.295600000000000 0.999999999995374 0.402116713287214 0.247039814501165 100.001238844552773 0.500006205318460
0.295700000000000 0.999999999995371 0.402166189226083 0.247756689944466 100.001238844553484 0.500006205742640
0.295800000000000 0.999999999995370 0.402215798628873 0.248374554835176 100.001238844553939 0.500006206000335
0.295900000000000 0.999999999995372 0.402265521661614 0.248893076654758 100.001238844553228 0.500006206303241
0.296000000000000 0.999999999995367 0.402315338435786 0.249312040027858 100.001238844552972 0.500006206671453
0.296100000000000 0.999999999995366 0.402365229022846 0.249631261136063 100.001238844553328 0.500006207145535
0.296200000000000 0.999999999995365 0.402415173468525 0.249850666512739 100.001238844552603 0.500006207590124
0.296300000000000 0.999999999995363 0.402465151803352 0.249970178216103 100.001238844552574 0.500006207980563
0.296400000000000 0.999999999995360 0.402515144042117 0.249989716006177 100.001238844552461 0.500006208397698
0.296500000000000 0.999999999995362 0.402565130198704 0.249909352412259 100.001238844552319 0.500006208640636
0.296600000000000 0.999999999995358 0.402615090292034 0.249729064350757 100.001238844551864 0.500006208847511
0.296700000000000 0.999999999995357 0.402665004339018 0.249448854364542 100.001238844551409 0.500006209191889
0.296800000000000 0.999999999995356 0.402714852371834 0.249068872868257 100.001238844551040 0.500006209577645
0.296900000000000 0.999999999995352 0.402764614458924 0.248589334477817 100.001238844551438 0.500006209848652
0.297000000000000 0.999999999995353 0.402814270697752 0.248010311741805 100.001238844551466 0.500006210301307
0.297100000000000 0.999999999995353 0.402863801225314 0.247332127314303 100.001238844550841 0.500006210708833
0.297200000000000 0.999999999995349 0.402913186236183 0.246555035680780 100.001238844551622 0.500006211112606
0.297300000000000 0.999999999995348 0.402962405985766 0.245679391149010 100.001238844551480 0.500006211405294
0.297400000000000 0.999999999995345 0.403011440793147 0.244705475679107 100.001238844551239 0.500006211754908
0.297500000000000 0.999999999995345 0.403060271040719 0.243633638946391 100.001238844551281 0.500006212257965
0.297600000000000 0.999999999995343 0.403108877198453 0.242464409083754 100.001238844551040 0.500006212670995
0.297700000000000 0.999999999995341 0.403157239838491 0.241198280434908 100.001238844550883 0.500006212929979
0.297800000000000 0.999999999995341 0.403205339620622 0.239835633250680 100.001238844549761 0.500006213339732
0.297900000000000 0.999999999995339 0.403253157300807 0.238377048297475 100.001238844550457 0.500006213812648
0.298000000000000 0.999999999995336 0.403300673757722 0.236823174628669 100.001238844550514 0.500006214191355
0.298100000000000 0.999999999995336 0.403347869992791 0.235174589822973 100.001238844550173 0.500006214580407
0.298200000000000 0.999999999995332 0.403394727130516 0.233431946847887 100.001238844548979 0.500006214994194
0.298300000000000 0.999999999995333 0.403441226432360 0.231595962502363 100.001238844548823 0.500006215385812
0.298400000000000 0.999999999995330 0.403487349301160 0.229667334589006 100.001238844548737 0.500006215839450
0.298500000000000 0.999999999995329 0.403533077284627 0.227646812357886 100.001238844549732 0.500006216403999
0.298600000000000 0.999999999995327 0.403578392103315 0.225535376723816 100.001238844548439 0.500006216685397
0.298700000000000 0.999999999995325 0.403623275644624 0.223333715887341 100.001238844549476 0.500006217039325
0.298800000000000 0.999999999995324 0.403667709950170 0.221042682136138 100.001238844548084 0.500006217526686
0.298900000000000 0.999999999995325 0.403711677250160 0.218663310840465 100.001238844547942 0.500006217882279
0.299000000000000 0.999999999995323 0.403755159968565 0.216196503269269 100.001238844549079 0.500006218218108
0.299100000000000 0.999999999995318 0.403798140718710 0.213643251990124 100.001238844547615 0.500006218521225
0.299200000000000 0.999999999995316 0.403840602311963 0.211004545079829 100.001238844548624 0.500006218862259
0.299300000000000 0.999999999995317 0.403882527766697 0.208281464500737 100.001238844547288 0.500006219183889
0.299400000000000 0.999999999995315 0.403923900315657 0.205475072534915 100.001238844548197 0.500006219541606
0.299500000000000 0.999999999995315 0.403964703412347 0.202586514443550 100.001238844548226 0.500006219887175
0.299600000000000 0.999999999995312 0.404004920742762 0.199616970627909 100.001238844547913 0.500006220169920
0.299700000000000 0.999999999995308 0.404044536223296 0.196567564061782 100.001238844546648 0.500006220519263
0.299800000000000 0.999999999995309 0.404083534003824 0.193439506469206 100.001238844547657 0.500006220947897
0.299900000000000 0.999999999995304 0.404121898489401 0.190234139205175 100.001238844546890 0.500006221279346
0.300000000000000 0.999999999995305 0.404159614342347 0.186952694075191 100.001238844546805 0.500006221610921
0.300100000000000 0.999999999995303 0.404196666478415 0.183596471821236 100.001238844546663 0.500006221963471
0.300200000000000 0.999999999995303 0.404233040086360 0.180166904437284 100.001238844546535 0.500006222172582
0.300300000000000 0.999999999995300 0.404268720620762 0.176665216895749 100.001238844546435 0.500006222504733
0.300400000000000 0.999999999995300 0.404303693805529 0.173092876892373 100.001238844546236 0.500006222836922
0.300500000000000 0.999999999995301 0.404337945654163 0.169451314495591 100.001238844546066 0.500006223166112
0.300600000000000 0.999999999995296 0.404371462468860 0.165741985784826 100.001238844546009 0.500006223492270
0.300700000000000 0.999999999995295 0.404404230847624 0.161966393845507 100.001238844545881 0.500006223782805
0.300800000000000 0.999999999995294 0.404436237685005 0.158126000634071 100.001238844545639 0.500006224115474
0.300900000000000 0.999999999995293 0.404467470172972 0.154222318456804 100.001238844545469 0.500006224524386
0.301000000000000 0.999999999995290 0.404497915811873 0.150256918175986 100.001238844545327 0.500006224989997
0.301100000000000 0.999999999995289 0.404527562432197 0.146231531741019 100.001238844545270 0.500006225291817
0.301200000000000 0.999999999995289 0.404556398195813 0.142147742441372 100.001238844545071 0.500006225476268
0.301300000000000 0.999999999995285 0.404584411581424 0.138007134739858 100.001238844544972 0.500006225617777
0.301400000000000 0.999999999995285 0.404611591387416 0.133811321039538 100.001238844544702 0.500006225777553
0.301500000000000 0.999999999995281 0.404637926735087 0.129561916964251 100.001238844544730 0.500006226036029
0.301600000000000 0.999999999995280 0.404663407086209 0.125260713673182 100.001238844544588 0.500006226269380
0.301700000000000 0.999999999995279 0.404688022249435 0.120909389106259 100.001238844544247 0.500006226530417
0.301800000000000 0.999999999995280 0.404711762375812 0.116509687923644 100.001238844544105 0.500006226810938
0.301900000000000 0.999999999995277 0.404734617974523 0.112063448631151 100.001238844543906 0.500006227018327
0.302000000000000 0.999999999995275 0.404756579913055 0.107572416446845 100.001238844543991 0.500006227193485
0.302100000000000 0.999999999995273 0.404777639406934 0.103038325191871 100.001238844543607 0.500006227403696
0.302200000000000 0.999999999995271 0.404797788031942 0.098463044063578 100.001238844543636 0.500006227588752
0.302300000000000 0.999999999995269 0.404817017730352 0.093848369984823 100.001238844543494 0.500006227781400
0.302400000000000 0.999999999995269 0.404835320809506 0.089196156260513 100.001238844543053 0.500006227972704
0.302500000000000 0.999999999995268 0.404852689948364 0.084508266392628 100.001238844543138 0.500006228159029
0.302600000000000 0.999999999995264 0.404869118197486 0.079786551992187 100.001238844542911 0.500006228358515
0.302700000000000 0.999999999995265 0.404884598991908 0.075033007570919 100.001238844542769 0.500006228486137
0.302800000000000 0.999999999995262 0.404899126149995 0.070249473702526 100.001238844542655 0.500006228593159
0.302900000000000 0.999999999995261 0.404912693854156 0.065437747692581 100.001238844542485 0.500006228759446
0.303000000000000 0.999999999995261 0.404925296678566 0.060599950365768 100.001238844542485 0.500006228851366
0.303100000000000 0.999999999995259 0.404936929598790 0.055737978195627 100.001238844542286 0.500006228900902
0.303200000000000 0.999999999995257 0.404947587962394 0.050853652892960 100.001238844542073 0.500006228979140
0.303300000000000 0.999999999995255 0.404957267497909 0.045948962754592 100.001238844541717 0.500006229062733
0.303400000000000 0.999999999995255 0.404965964330951 0.041025890392807 100.001238844541689 0.500006229139632
0.303500000000000 0.999999999995253 0.404973674989695 0.036086480134299 100.001238844541462 0.500006229180055
0.303600000000000 0.999999999995250 0.404980396394294 0.031132607429037 100.001238844541177 0.500006229224446
0.303700000000000 0.999999999995247 0.404986125843605 0.026166182618646 100.001238844541220 0.500006229289661
0.303800000000000 0.999999999995245 0.404990861038212 0.021189313216235 100.001238844540978 0.500006229336645
0.303900000000000 0.999999999995245 0.404994600093766 0.016204044881784 100.001238844540893 0.500006229357123
0.304000000000000 0.999999999995244 0.404997341513518 0.011212205994764 100.001238844540609 0.500006229381245
0.304100000000000 0.999999999995242 0.404999084197228 0.006215934808733 100.001238844540566 0.500006229387492
0.304200000000000 0.999999999995241 0.404999827448562 0.001217133417526 100.001238844540239 0.500006229384694
0.304300000000000 0.999999999995240 0.404999570966192 -0.003782153386133 100.001238844540381 0.500006229368857
0.304400000000000 0.999999999995237 0.404998314859665 -0.008779858307605 100.001238844540254 0.500006229344516
0.304500000000000 0.999999999995236 0.404996059637791 -0.013774056389384 100.001238844540012 0.500006229310564
0.304600000000000 0.999999999995235 0.404992806203292 -0.018762733290886 100.001238844539984 0.500006229269491
0.304700000000000 0.999999999995232 0.404988555850359 -0.023743989376296 100.001238844540012 0.500006229202110
0.304800000000000 0.999999999995234 0.404983310274697 -0.028715708179119 100.001238844539657 0.500006229132866
0.304900000000000 0.999999999995231 0.404977071584405 -0.033675879212442 100.001238844539330 0.500006229073267
0.305000000000000 0.999999999995228 0.404969842272194 -0.038622670209271 100.001238844539188 0.500006228974929
0.305100000000000 0.999999999995226 0.404961625224403 -0.043553976728331 100.001238844539074 0.500006228881123
0.305200000000000 0.999999999995223 0.404952423729558 -0.048467878618514 100.001238844538904 0.500006228771958
0.305300000000000 0.999999999995224 0.404942241464369 -0.053362416625433 100.001238844538676 0.500006228643194
0.305400000000000 0.999999999995223 0.404931082503548 -0.058235567808557 100.001238844538776 0.500006228529792
0.305500000000000 0.999999999995220 0.404918951315077 -0.063085422692436 100.001238844538591 0.500006228412683
0.305600000000000 0.999999999995218 0.404905852756481 -0.067909994680923 100.001238844538364 0.500006228323703
0.305700000000000 0.999999999995218 0.404891792066218 -0.072707460817869 100.001238844538136 0.500006228193373
0.305800000000000 0.999999999995216 0.404876774858247 -0.077475889962301 100.001238844537923 0.500006228026104
0.305900000000000 0.999999999995214 0.404860807138922 -0.082213287935333 100.001238844537653 0.500006227888055
0.306000000000000 0.999999999995211 0.404843895300390 -0.086917789884313 100.001238844537653 0.500006227758988
0.306100000000000 0.999999999995211 0.404826046105289 -0.091587556907571 100.001238844537838 0.500006227602715
0.306200000000000 0.999999999995210 0.404807266693368 -0.096220655933833 100.001238844537454 0.500006227478845
0.306300000000000 0.999999999995209 0.404787564567096 -0.100815391878346 100.001238844537369 0.500006227235668
0.306400000000000 0.999999999995208 0.404766947586848 -0.105369882406886 100.001238844537156 0.500006226908460
0.306500000000000 0.999999999995205 0.404745424001505 -0.109882122595991 100.001238844536857 0.500006226688774
0.306600000000000 0.999999999995203 0.404723002432690 -0.114350389816749 100.001238844536715 0.500006226495576
0.306700000000000 0.999999999995202 0.404699691849826 -0.118772930049980 100.001238844536601 0.500006226293442
0.306800000000000 0.999999999995201 0.404675501578847 -0.123147931162035 100.001238844536317 0.500006226135039
0.306900000000000 0.999999999995200 0.404650441297545 -0.127473685671650 100.001238844536331 0.500006225971406
0.307000000000000 0.999999999995197 0.404624521017689 -0.131748562056817 100.001238844536459 0.500006225674768
0.307100000000000 0.999999999995197 0.404597751097297 -0.135970729074492 100.001238844536047 0.500006225399609
0.307200000000000 0.999999999995194 0.404570142241565 -0.140138543932318 100.001238844535905 0.500006225085033
0.307300000000000 0.999999999995195 0.404541705483039 -0.144250379032259 100.001238844535749 0.500006224673367
0.307400000000000 0.999999999995193 0.404512452200658 -0.148304395077024 100.001238844535550 0.500006224445191
0.307500000000000 0.999999999995192 0.404482394099728 -0.152299168162541 100.001238844535436 0.500006224114927
0.307600000000000 0.999999999995188 0.404451543197354 -0.156233004497755 100.001238844535436 0.500006223826112
0.307700000000000 0.999999999995187 0.404419911831704 -0.160104386151160 100.001238844535010 0.500006223494060
0.307800000000000 0.999999999995187 0.404387512655873 -0.163911683372790 100.001238844534811 0.500006223249326
0.307900000000000 0.999999999995185 0.404354358627725 -0.167653474372332 100.001238844534740 0.500006222929435
0.308000000000000 0.999999999995184 0.404320463002748 -0.171328209320921 100.001238844534498 0.500006222621857
0.308100000000000 0.999999999995182 0.404285839342913 -0.174934369354344 100.001238844534583 0.500006222413161
0.308200000000000 0.999999999995179 0.404250501493446 -0.178470641417237 100.001238844534356 0.500006222079598
0.308300000000000 0.999999999995177 0.404214463581634 -0.181935518293243 100.001238844534114 0.500006221784102
0.308400000000000 0.999999999995178 0.404177740021149 -0.185327642390826 100.001238844534186 0.500006221477062
0.308500000000000 0.999999999995176 0.404140345501192 -0.188645615464378 100.001238844533987 0.500006221236455
0.308600000000000 0.999999999995176 0.404102294974115 -0.191888205188254 100.001238844533304 0.500006220884990
0.308700000000000 0.999999999995173 0.404063603648227 -0.195054084386912 100.001238844533290 0.500006220477811
0.308800000000000 0.999999999995169 0.404024286992379 -0.198141974755201 100.001238844533930 0.500006220037618
0.308900000000000 0.999999999995170 0.403984360737287 -0.201150534385909 100.001238844533290 0.500006219777661
0.309000000000000 0.999999999995171 0.403943840851277 -0.204078728555424 100.001238844533589 0.500006219362410
0.309100000000000 0.999999999995168 0.403902743527720 -0.206925343363772 100.001238844532764 0.500006218875505
0.309200000000000 0.999999999995165 0.403861085197422 -0.209689217207220 100.001238844532153 0.500006218363891
0.309300000000000 0.999999999995163 0.403818882528481 -0.212369138640780 100.001238844533361 0.500006218051474
0.309400000000000 0.999999999995162 0.403776152407445 -0.214964131610488 100.001238844532622 0.500006217739427
0.309500000000000 0.999999999995159 0.403732911915520 -0.217473229516859 100.001238844532040 0.500006217273925
0.309600000000000 0.999999999995160 0.403689178342950 -0.219895307972288 100.001238844532025 0.500006216916267
0.309700000000000 0.999999999995158 0.403644969186311 -0.222229426792702 100.001238844531983 0.500006216606476
0.309800000000000 0.999999999995157 0.403600302128256 -0.224474665387665 100.001238844531969 0.500006216317124
0.309900000000000 0.999999999995153 0.403555195031376 -0.226630145062281 100.001238844531571 0.500006216005474
0.310000000000000 0.999999999995153 0.403509665933548 -0.228694991069354 100.001238844531485 0.500006215700310
0.310100000000000 0.999999999995153 0.403463733039583 -0.230668409106929 100.001238844531912 0.500006215329698
0.310200000000000 0.999999999995150 0.403417414716437 -0.232549572299881 100.001238844532111 0.500006214979947
0.310300000000000 0.999999999995150 0.403370729489163 -0.234337725697231 100.001238844530576 0.500006214657856
0.310400000000000 0.999999999995147 0.403323696028231 -0.236032169988757 100.001238844531329 0.500006214326956
0.310500000000000 0.999999999995145 0.403276333139762 -0.237632247963299 100.001238844530818 0.500006213938861
0.310600000000000 0.999999999995141 0.403228659757649 -0.239137339308135 100.001238844531485 0.500006213446341
0.310700000000000 0.999999999995141 0.403180694945318 -0.240546768991987 100.001238844529723 0.500006213023761
0.310800000000000 0.999999999995141 0.403132457889181 -0.241859981258606 100.001238844530207 0.500006212653243
0.310900000000000 0.999999999995139 0.403083967880674 -0.243076482628031 100.001238844530178 0.500006212258764
0.311000000000000 0.999999999995136 0.403035244314779 -0.244195729983527 100.001238844529212 0.500006211978393
0.311100000000000 0.999999999995136 0.402986306678079 -0.245217350460866 100.001238844529112 0.500006211630283
0.311200000000000 0.999999999995134 0.402937174534313 -0.246140946534247 100.001238844528871 0.500006211186902
0.311300000000000 0.999999999995131 0.402887867528763 -0.246966100339884 100.001238844529439 0.500006210767368
0.311400000000000 0.999999999995132 0.402838405388912 -0.247692406836434 100.001238844528800 0.500006210557803
0.311500000000000 0.999999999995129 0.402788807901965 -0.248319672784358 100.001238844528444 0.500006210318470
0.311600000000000 0.999999999995130 0.402739094898505 -0.248847658671346 100.001238844528729 0.500006210021056
0.311700000000000 0.999999999995126 0.402689286251462 -0.249276180352287 100.001238844529027 0.500006209598063
0.311800000000000 0.999999999995123 0.402639401872268 -0.249605038004541 100.001238844529183 0.500006209120233
0.311900000000000 0.999999999995122 0.402589461709218 -0.249834061092731 100.001238844529212 0.500006208685097
0.312000000000000 0.999999999995123 0.402539485736087 -0.249963165856104 100.001238844527535 0.500006208273444
0.312100000000000 0.999999999995119 0.402489493944157 -0.249992260759899 100.001238844527563 0.500006207985343
0.312200000000000 0.999999999995118 0.402439506329724 -0.249921387343769 100.001238844527705 0.500006207688021
0.312300000000000 0.999999999995118 0.402389542883742 -0.249750557993804 100.001238844528643 0.500006207421413
0.312400000000000 0.999999999995116 0.402339623587089 -0.249479860580482 100.001238844527734 0.500006207136799
0.312500000000000 0.999999999995113 0.402289768401584 -0.249109398025868 100.001238844527521 0.500006206847533
0.312600000000000 0.999999999995114 0.402239997255335 -0.248639404706570 100.001238844527293 0.500006206339051
0.312700000000000 0.999999999995112 0.402190330046353 -0.248069948582386 100.001238844527890 0.500006205910448
0.312800000000000 0.999999999995108 0.402140786643718 -0.247401247247579 100.001238844527023 0.500006205586818
0.312900000000000 0.999999999995109 0.402091386858127 -0.246633670360593 100.001238844527606 0.500006205114984
0.313000000000000 0.999999999995107 0.402042150446239 -0.245767389516896 100.001238844526057 0.500006204829520
0.313100000000000 0.999999999995105 0.401993097103500 -0.244802841235018 100.001238844527123 0.500006204508258
0.313200000000000 0.999999999995102 0.401944246446222 -0.243740383053928 100.001238844525972 0.500006204220463
0.313300000000000 0.999999999995104 0.401895618012444 -0.242580439755382 100.001238844525787 0.500006203966183
0.313400000000000 0.999999999995101 0.401847231247907 -0.241323509462132 100.001238844525886 0.500006203662336
0.313500000000000 0.999999999995101 0.401799105503109 -0.239970046671946 100.001238844525346 0.500006203425390
0.313600000000000 0.999999999995097 0.401751260021957 -0.238520662983702 100.001238844525517 0.500006203086507
0.313700000000000 0.999999999995096 0.401703713935317 -0.236975877920884 100.001238844525290 0.500006202789778
0.313800000000000 0.999999999995096 0.401656486261345 -0.235336297063502 100.001238844524792 0.500006202563688
0.313900000000000 0.999999999995096 0.401609595887496 -0.233602623197760 100.001238844526199 0.500006202296874
0.314000000000000 0.999999999995093 0.401563061564329 -0.231775523180793 100.001238844525560 0.500006202051524
0.314100000000000 0.999999999995091 0.401516901898501 -0.229855768320211 100.001238844524863 0.500006201733552
0.314200000000000 0.999999999995088 0.401471135350102 -0.227844053837794 100.001238844524124 0.500006201510337
0.314300000000000 0.999999999995088 0.401425780223777 -0.225741238655730 100.001238844525602 0.500006201256868
0.314400000000000 0.999999999995088 0.401380854656145 -0.223548144498780 100.001238844524664 0.500006201016902
0.314500000000000 0.999999999995085 0.401336376610609 -0.221265680697859 100.001238844524607 0.500006200718384
0.314600000000000 0.999999999995083 0.401292363869708 -0.218894749470433 100.001238844524380 0.500006200385895
0.314700000000000 0.999999999995081 0.401248834042216 -0.216436184771965 100.001238844524266 0.500006200269014
0.314800000000000 0.999999999995078 0.401205804539343 -0.213891127749576 100.001238844524153 0.500006200023023
0.314900000000000 0.999999999995076 0.401163292558517 -0.211260577485144 100.001238844523712 0.500006199690634
0.315000000000000 0.999999999995077 0.401121315099840 -0.208545506342567 100.001238844523499 0.500006199441477
0.315100000000000 0.999999999995077 0.401079888956906 -0.205747006299923 100.001238844523698 0.500006199260633
0.315200000000000 0.999999999995075 0.401039030697491 -0.202866244344520 100.001238844523186 0.500006199048590
0.315300000000000 0.999999999995074 0.400998756658853 -0.199904360124898 100.001238844523243 0.500006198831169
0.315400000000000 0.999999999995071 0.400959082945378 -0.196862541917639 100.001238844523058 0.500006198601172
0.315500000000000 0.999999999995068 0.400920025421347 -0.193742003129578 100.001238844522902 0.500006198365015
0.315600000000000 0.999999999995069 0.400881599705572 -0.190543985282292 100.001238844522788 0.500006198135359
0.315700000000000 0.999999999995066 0.400843821165713 -0.187269758487886 100.001238844522504 0.500006197928854
0.315800000000000 0.999999999995066 0.400806704910466 -0.183920642205351 100.001238844522447 0.500006197726064
0.315900000000000 0.999999999995063 0.400770265782549 -0.180497977112548 100.001238844522234 0.500006197524601
0.316000000000000 0.999999999995063 0.400734518353326 -0.177003136146648 100.001238844522035 0.500006197317065
0.316100000000000 0.999999999995060 0.400699476917065 -0.173437517803818 100.001238844521907 0.500006197102290
0.316200000000000 0.999999999995060 0.400665155489026 -0.169802514299619 100.001238844521808 0.500006196938782
0.316300000000000 0.999999999995056 0.400631567800357 -0.166099574057498 100.001238844521680 0.500006196833309
0.316400000000000 0.999999999995057 0.400598727283474 -0.162330235260776 100.001238844521424 0.500006196689207
0.316500000000000 0.999999999995055 0.400566647068947 -0.158495980099003 100.001238844521311 0.500006196548669
0.316600000000000 0.999999999995053 0.400535339985309 -0.154598347036613 100.001238844521197 0.500006196403729
0.316700000000000 0.999999999995052 0.400504818547977 -0.150638928436995 100.001238844520941 0.500006196203277
0.316800000000000 0.999999999995049 0.400475094963104 -0.146619224117024 100.001238844520856 0.500006196074766
0.316900000000000 0.999999999995048 0.400446181123283 -0.142540868632474 100.001238844520770 0.500006195975388
0.317000000000000 0.999999999995047 0.400418088590025 -0.138405541129698 100.001238844520543 0.500006195835786
0.317100000000000 0.999999999995046 0.400390828595392 -0.134214857911014 100.001238844520458 0.500006195709592
0.317200000000000 0.999999999995045 0.400364412039268 -0.129970522657812 100.001238844520316 0.500006195559355
0.317300000000000 0.999999999995045 0.400338849483897 -0.125674209678593 100.001238844520117 0.500006195416348
0.317400000000000 0.999999999995042 0.400314151152234 -0.121327636874079 100.001238844520060 0.500006195280767
0.317500000000000 0.999999999995042 0.400290326921420 -0.116932545760743 100.001238844519918 0.500006195148501
0.317600000000000 0.999999999995040 0.400267386321391 -0.112490667240683 100.001238844519705 0.500006195050525
0.317700000000000 0.999999999995035 0.400245338528573 -0.108003804136943 100.001238844519577 0.500006194955295
0.317800000000000 0.999999999995035 0.400224192359680 -0.103473751506570 100.001238844519477 0.500006194861976
0.317900000000000 0.999999999995036 0.400203956270940 -0.098902319582487 100.001238844519307 0.500006194772007
0.318000000000000 0.999999999995034 0.400184638354552 -0.094291338843615 100.001238844519207 0.500006194683067
0.318100000000000 0.999999999995030 0.400166246334559 -0.089642660599325 100.001238844518909 0.500006194588566
0.318200000000000 0.999999999995030 0.400148787565602 -0.084958128535316 100.001238844518795 0.500006194502975
0.318300000000000 0.999999999995028 0.400132269029289 -0.080239628664181 100.001238844518610 0.500006194415291
0.318400000000000 0.999999999995026 0.400116697330653 -0.075489041316581 100.001238844518383 0.500006194331454
0.318500000000000 0.999999999995025 0.400102078696979 -0.070708264003313 100.001238844518198 0.500006194253207
0.318600000000000 0.999999999995022 0.400088418975184 -0.065899203206582 100.001238844518156 0.500006194184179
0.318700000000000 0.999999999995022 0.400075723628781 -0.061063786362234 100.001238844517786 0.500006194120866
0.318800000000000 0.999999999995019 0.400063997734784 -0.056203951474510 100.001238844517772 0.500006194060471
0.318900000000000 0.999999999995016 0.400053245982291 -0.051321640412880 100.001238844517616 0.500006194004010
0.319000000000000 0.999999999995016 0.400043472671820 -0.046418797689845 100.001238844517488 0.500006193955336
0.319100000000000 0.999999999995016 0.400034681711575 -0.041497400445286 100.001238844517133 0.500006193906485
0.319200000000000 0.999999999995015 0.400026876615797 -0.036559412723598 100.001238844517133 0.500006193859813
0.319300000000000 0.999999999995012 0.400020060505232 -0.031606806603933 100.001238844517161 0.500006193816832
0.319400000000000 0.999999999995010 0.400014236104797 -0.026641567547399 100.001238844516820 0.500006193776242
0.319500000000000 0.999999999995008 0.400009405743681 -0.021665667876518 100.001238844516820 0.500006193742058
0.319600000000000 0.999999999995007 0.400005571354722 -0.016681099012634 100.001238844516593 0.500006193713508
0.319700000000000 0.999999999995005 0.400002734472242 -0.011689854830854 100.001238844516436 0.500006193690007
0.319800000000000 0.999999999995005 0.400000896230986 -0.006693936369898 100.001238844515981 0.500006193670436
0.319900000000000 0.999999999995004 0.400000057365732 -0.001695344245633 100.001238844516109 0.500006193654871
0.320000000000000 0.999999999995002 0.400000218211394 0.003303922851836 100.001238844516024 0.500006193643930
0.320100000000000 0.999999999995000 0.400001378703615 0.008301871745101 100.001238844515939 0.500006193637457
0.320200000000000 0.999999999994997 0.400003538378937 0.013296504114122 100.001238844515768 0.500006193634913
0.320300000000000 0.999999999994997 0.400006696373954 0.018285818420403 100.001238844515456 0.500006193636604
0.320400000000000 0.999999999994995 0.400010851425476 0.023267817550879 100.001238844515328 0.500006193643297
0.320500000000000 0.999999999994997 0.400016001870810 0.028240503052915 100.001238844515086 0.500006193656822
0.320600000000000 0.999999999994992 0.400022145649525 0.033201896793445 100.001238844514972 0.500006193674874
0.320700000000000 0.999999999994992 0.400029280304964 0.038150014087118 100.001238844515029 0.500006193697231
0.320800000000000 0.999999999994988 0.400037402984251 0.043082876563068 100.001238844514688 0.500006193723810
0.320900000000000 0.999999999994988 0.400046510439756 0.047998514734881 100.001238844514603 0.500006193753216
0.321000000000000 0.999999999994983 0.400056599029748 0.052894957335517 100.001238844514177 0.500006193787813
0.321100000000000 0.999999999994983 0.400067664719817 0.057770248712548 100.001238844514148 0.500006193826270
0.321200000000000 0.999999999994981 0.400079703084950 0.062622437865130 100.001238844514120 0.500006193869373
0.321300000000000 0.999999999994980 0.400092709310120 0.067449574749362 100.001238844513892 0.500006193923350
0.321400000000000 0.999999999994979 0.400106678194774 0.072249755752396 100.001238844513580 0.500006193970105
0.321500000000000 0.999999999994977 0.400121604154583 0.077021044608591 100.001238844513821 0.500006194020742
0.321600000000000 0.999999999994976 0.400137481218715 0.081761511743647 100.001238844513239 0.500006194092554
0.321700000000000 0.999999999994972 0.400154303034955 0.086469274244454 100.001238844513253 0.500006194176570
0.321800000000000 0.999999999994973 0.400172062875611 0.091142459535308 100.001238844513011 0.500006194264350
0.321900000000000 0.999999999994971 0.400190753639258 0.095779202381883 100.001238844513068 0.500006194352274
0.322000000000000 0.999999999994970 0.400210367853281 0.100377656301282 100.001238844512699 0.500006194432212
0.322100000000000 0.999999999994969 0.400230897676280 0.104935979412312 100.001238844512571 0.500006194506076
0.322200000000000 0.999999999994968 0.400252334898552 0.109452329465454 100.001238844512585 0.500006194593818
0.322300000000000 0.999999999994965 0.400274670944981 0.113924894707218 100.001238844512272 0.500006194702566
0.322400000000000 0.999999999994962 0.400297896881910 0.118351901873596 100.001238844512315 0.500006194815667
0.322500000000000 0.999999999994962 0.400322003421778 0.122731584849412 100.001238844512017 0.500006194927844
0.322600000000000 0.999999999994961 0.400346980925086 0.127062189893249 100.001238844512130 0.500006195041464
0.322700000000000 0.999999999994959 0.400372819403180 0.131341978645735 100.001238844511846 0.500006195164745
0.322800000000000 0.999999999994956 0.400399508523537 0.135569250771416 100.001238844511718 0.500006195283010
0.322900000000000 0.999999999994956 0.400427037614563 0.139742316014743 100.001238844511192 0.500006195395476
0.323000000000000 0.999999999994954 0.400455395665098 0.143859467317716 100.001238844511434 0.500006195555802
0.323100000000000 0.999999999994952 0.400484571332127 0.147919094506524 100.001238844511363 0.500006195713433
0.323200000000000 0.999999999994951 0.400514552947084 0.151919550634997 100.001238844511150 0.500006195902877
0.323300000000000 0.999999999994951 0.400545328519025 0.155859259544600 100.001238844511150 0.500006196088983
0.323400000000000 0.999999999994948 0.400576885742283 0.159736650472047 100.001238844510553 0.500006196263678
0.323500000000000 0.999999999994947 0.400609211997613 0.163550157227172 100.001238844510638 0.500006196451464
0.323600000000000 0.999999999994946 0.400642294357805 0.167298265915749 100.001238844510425 0.500006196634107
0.323700000000000 0.999999999994942 0.400676119598176 0.170979516381614 100.001238844510368 0.500006196745706
0.323800000000000 0.999999999994941 0.400710674193689 0.174592364678418 100.001238844510340 0.500006196907312
0.323900000000000 0.999999999994939 0.400745944323584 0.178135396813482 100.001238844509970 0.500006197066614
0.324000000000000 0.999999999994939 0.400781915884908 0.181607205148961 100.001238844509928 0.500006197206697
0.324100000000000 0.999999999994938 0.400818574490188 0.185006351280246 100.001238844509473 0.500006197418482
0.324200000000000 0.999999999994936 0.400855905476016 0.188331514987253 100.001238844509771 0.500006197631213
0.324300000000000 0.999999999994933 0.400893893914940 0.191581375646772 100.001238844509061 0.500006197827352
0.324400000000000 0.999999999994932 0.400932524615385 0.194754612563503 100.001238844508805 0.500006198046817
0.324500000000000 0.999999999994932 0.400971782125019 0.197849938061613 100.001238844508521 0.500006198326831
0.324600000000000 0.999999999994930 0.401011650746970 0.200866194175928 100.001238844508862 0.500006198509671
0.324700000000000 0.999999999994928 0.401052114541812 0.203802112656671 100.001238844508890 0.500006198717865
0.324800000000000 0.999999999994925 0.401093157326639 0.206656528363216 100.001238844508606 0.500006198933619
0.324900000000000 0.999999999994926 0.401134762688971 0.209428310215744 100.001238844508521 0.500006199135304
0.325000000000000 0.999999999994924 0.401176913987975 0.212116303851153 100.001238844508379 0.500006199419246
0.325100000000000 0.999999999994923 0.401219594363680 0.214719473348026 100.001238844508180 0.500006199703912
0.325200000000000 0.999999999994920 0.401262786750855 0.217236802736541 100.001238844508478 0.500006199935010
0.325300000000000 0.999999999994921 0.401306473878516 0.219667249261655 100.001238844507967 0.500006200189991
0.325400000000000 0.999999999994918 0.401350638273834 0.222009837227286 100.001238844507157 0.500006200477594
0.325500000000000 0.999999999994914 0.401395262270833 0.224263610305425 100.001238844508251 0.500006200841720
0.325600000000000 0.999999999994915 0.401440328024994 0.226427739894791 100.001238844507611 0.500006201119777
0.325700000000000 0.999999999994912 0.401485817522561 0.228501362954849 100.001238844507327 0.500006201304567
0.325800000000000 0.999999999994911 0.401531712573425 0.230483576977600 100.001238844507199 0.500006201562697
0.325900000000000 0.999999999994910 0.401577994818252 0.232373592609780 100.001238844506474 0.500006201887445
0.326000000000000 0.999999999994910 0.401624645745422 0.234170676400595 100.001238844506901 0.500006202227499
0.326100000000000 0.999999999994908 0.401671646705228 0.235874182302064 100.001238844506858 0.500006202412172
0.326200000000000 0.999999999994909 0.401718978905086 0.237483325447257 100.001238844506645 0.500006202684611
0.326300000000000 0.999999999994907 0.401766623412656 0.238997493282060 100.001238844507029 0.500006202972141
0.326400000000000 0.999999999994902 0.401814561174564 0.240416089293989 100.001238844506332 0.500006203253201
0.326500000000000 0.999999999994900 0.401862773018805 0.241738522465500 100.001238844506219 0.500006203584844
0.326600000000000 0.999999999994899 0.401911239659712 0.242964246855015 100.001238844505963 0.500006204008788
0.326700000000000 0.999999999994896 0.401959941714802 0.244092840698436 100.001238844505934 0.500006204359115
0.326800000000000 0.999999999994897 0.402008859712948 0.245123840004922 100.001238844506275 0.500006204665993
0.326900000000000 0.999999999994896 0.402057974095219 0.246056829188446 100.001238844504940 0.500006204937124
0.327000000000000 0.999999999994894 0.402107265222463 0.246891422504913 100.001238844505934 0.500006205203326
0.327100000000000 0.999999999994892 0.402156713375487 0.247627204451694 100.001238844505309 0.500006205666558
0.327200000000000 0.999999999994889 0.402206298775892 0.248264000017000 100.001238844504570 0.500006206032029
0.327300000000000 0.999999999994888 0.402256001599268 0.248801522577305 100.001238844505451 0.500006206378585
0.327400000000000 0.999999999994887 0.402305801973383 0.249239581635000 100.001238844504769 0.500006206645141
0.327500000000000 0.999999999994885 0.402355679982494 0.249577931213050 100.001238844505366 0.500006207007972
0.327600000000000 0.999999999994882 0.402405615680605 0.249816514286618 100.001238844503760 0.500006207271704
0.327700000000000 0.999999999994884 0.402455589101426 0.249955186490187 100.001238844505167 0.500006207558463
0.327800000000000 0.999999999994878 0.402505580256140 0.249993865857644 100.001238844504130 0.500006207934423
0.327900000000000 0.999999999994880 0.402555569148226 0.249932558606853 100.001238844504087 0.500006208345241
0.328000000000000 0.999999999994877 0.402605535785103 0.249771296754478 100.001238844503490 0.500006208771942
0.328100000000000 0.999999999994875 0.402655460188514 0.249510192338640 100.001238844504044 0.500006209095623
0.328200000000000 0.999999999994875 0.402705322394307 0.249149273625839 100.001238844504002 0.500006209506291
0.328300000000000 0.999999999994872 0.402755102463800 0.248688768228347 100.001238844503689 0.500006209796196
0.328400000000000 0.999999999994871 0.402804780493996 0.248128805266343 100.001238844503732 0.500006210102516
0.328500000000000 0.999999999994869 0.402854336610286 0.247469537071975 100.001238844503689 0.500006210602372
0.328600000000000 0.999999999994866 0.402903750989366 0.246711326196908 100.001238844503490 0.500006211050122
0.328700000000000 0.999999999994864 0.402953003874408 0.245854475712197 100.001238844503291 0.500006211446243
0.328800000000000 0.999999999994865 0.403002075568633 0.244899282039342 100.001238844502581 0.500006211904365
0.328900000000000 0.999999999994861 0.403050946443536 0.243846131060500 100.001238844502410 0.500006212414265
0.329000000000000 0.999999999994862 0.403099596960397 0.242695536029546 100.001238844502410 0.500006212751139
0.329100000000000 0.999999999994859 0.403148007672171 0.241447900578877 100.001238844502126 0.500006213053383
0.329200000000000 0.999999999994857 0.403196159221944 0.240103721736645 100.001238844502126 0.500006213325817
0.329300000000000 0.999999999994858 0.403244032351795 0.238663492833388 100.001238844501984 0.500006213674477
0.329400000000000 0.999999999994856 0.403291607912368 0.237127804843616 100.001238844501799 0.500006214062568
0.329500000000000 0.999999999994854 0.403338866877914 0.235497305724322 100.001238844501671 0.500006214409360
0.329600000000000 0.999999999994852 0.403385790343810 0.233772556539285 100.001238844501543 0.500006214928739
0.329700000000000 0.999999999994851 0.403432359543910 0.231954381686140 100.001238844501472 0.500006215304240
0.329800000000000 0.999999999994851 0.403478555856012 0.230043396466808 100.001238844501216 0.500006215796152
0.329900000000000 0.999999999994848 0.403524360800700 0.228040413538339 100.001238844501131 0.500006216291276
0.330000000000000 0.999999999994847 0.403569756065060 0.225946286575476 100.001238844500961 0.500006216669567
0.330100000000000 0.999999999994846 0.403614723501884 0.223761817994386 100.001238844500691 0.500006217011876
0.330200000000000 0.999999999994842 0.403659245130110 0.221487866069866 100.001238844500563 0.500006217352738
0.330300000000000 0.999999999994843 0.403703303148509 0.219125372446588 100.001238844500477 0.500006217620881
0.330400000000000 0.999999999994841 0.403746879933602 0.216675172533824 100.001238844500250 0.500006218055890
0.330500000000000 0.999999999994838 0.403789958059335 0.214138405441012 100.001238844500165 0.500006218310642
0.330600000000000 0.999999999994836 0.403832520308272 0.211516019564676 100.001238844499952 0.500006218529911
0.330700000000000 0.999999999994838 0.403874549651702 0.208808950052856 100.001238844499824 0.500006218952928
0.330800000000000 0.999999999994832 0.403916029272632 0.206018382006163 100.001238844499767 0.500006219361431
0.330900000000000 0.999999999994834 0.403956942579459 0.203145383674127 100.001238844499625 0.500006219853023
0.331000000000000 0.999999999994830 0.403997273213440 0.200191216506316 100.001238844499397 0.500006220198042
0.331100000000000 0.999999999994828 0.404037005054152 0.197157002820617 100.001238844499284 0.500006220517820
0.331200000000000 0.999999999994828 0.404076122210581 0.194043912632675 100.001238844498971 0.500006220897654
0.331300000000000 0.999999999994824 0.404114609033907 0.190853198872477 100.001238844498943 0.500006221319832
0.331400000000000 0.999999999994825 0.404152450126527 0.187586120256570 100.001238844498758 0.500006221815133
0.331500000000000 0.999999999994824 0.404189630360672 0.184244116963018 100.001238844498630 0.500006222131950
0.331600000000000 0.999999999994823 0.404226134881108 0.180828476398236 100.001238844498531 0.500006222365967
0.331700000000000 0.999999999994819 0.404261949086659 0.177340450165820 100.001238844498445 0.500006222724667
0.331800000000000 0.999999999994819 0.404297058653141 0.173781557130208 100.001238844498062 0.500006222985173
0.331900000000000 0.999999999994817 0.404331449544592 0.170153161017997 100.001238844497948 0.500006223253321
0.332000000000000 0.999999999994814 0.404365108000747 0.166456654230830 100.001238844497777 0.500006223627018
0.332100000000000 0.999999999994812 0.404398020556328 0.162693595328781 100.001238844497720 0.500006223968864
0.332200000000000 0.999999999994812 0.404430174059841 0.158865564901843 100.001238844497479 0.500006224158008
0.332300000000000 0.999999999994809 0.404461555667100 0.154974055574133 100.001238844497351 0.500006224261501
0.332400000000000 0.999999999994807 0.404492152822135 0.151020453832878 100.001238844497180 0.500006224542935
0.332500000000000 0.999999999994806 0.404521953276604 0.147006450474098 100.001238844496996 0.500006224829127
0.332600000000000 0.999999999994806 0.404550945114937 0.142933686885671 100.001238844496925 0.500006225066931
0.332700000000000 0.999999999994803 0.404579116740995 0.138803712327821 100.001238844496868 0.500006225370326
0.332800000000000 0.999999999994801 0.404606456889953 0.134618292079518 100.001238844496640 0.500006225579490
0.332900000000000 0.999999999994802 0.404632954629825 0.130378989536190 100.001238844496470 0.500006225845762
0.333000000000000 0.999999999994800 0.404658599362237 0.126087577478853 100.001238844496299 0.500006226065589
0.333100000000000 0.999999999994799 0.404683380836131 0.121745757723190 100.001238844496186 0.500006226259155
0.333200000000000 0.999999999994796 0.404707289139399 0.117355216877945 100.001238844496186 0.500006226487140
0.333300000000000 0.999999999994796 0.404730314698661 0.112917654770852 100.001238844496044 0.500006226810477
0.333400000000000 0.999999999994794 0.404752448300597 0.108434973608787 100.001238844495816 0.500006227079767
0.333500000000000 0.999999999994794 0.404773681096425 0.103908918681561 100.001238844495560 0.500006227348458
0.333600000000000 0.999999999994794 0.404794004592845 0.099341295879481 100.001238844495560 0.500006227619527
0.333700000000000 0.999999999994791 0.404813410670348 0.094734040863026 100.001238844495248 0.500006227785846
0.333800000000000 0.999999999994789 0.404831891572967 0.090088853390926 100.001238844495219 0.500006227987985
0.333900000000000 0.999999999994787 0.404849439907658 0.085407661259725 100.001238844495063 0.500006228159780
0.334000000000000 0.999999999994787 0.404866048663840 0.080692363456551 100.001238844494821 0.500006228280905
0.334100000000000 0.999999999994784 0.404881711197067 0.075944721845575 100.001238844494651 0.500006228452894
0.334200000000000 0.999999999994782 0.404896421239333 0.071166738921139 100.001238844494537 0.500006228592009
0.334300000000000 0.999999999994779 0.404910172910534 0.066360292429536 100.001238844494452 0.500006228723752
0.334400000000000 0.999999999994780 0.404922960707131 0.061527268824709 100.001238844494353 0.500006228870408
0.334500000000000 0.999999999994779 0.404934779520016 0.056669728471745 100.001238844494253 0.500006228952704
0.334600000000000 0.999999999994774 0.404945624633917 0.051789549658398 100.001238844494026 0.500006229014346
0.334700000000000 0.999999999994773 0.404955491708539 0.046888602756766 100.001238844494111 0.500006229097694
0.334800000000000 0.999999999994774 0.404964376791598 0.041968897215199 100.001238844493685 0.500006229174874
0.334900000000000 0.999999999994771 0.404972276336487 0.037032482152012 100.001238844493642 0.500006229213025
0.335000000000000 0.999999999994769 0.404979187183270 0.032081174238286 100.001238844493514 0.500006229273822
0.335100000000000 0.999999999994769 0.404985106555848 0.027116995334203 100.001238844493201 0.500006229336363
0.335200000000000 0.999999999994768 0.404990032082596 0.022141969525452 100.001238844493344 0.500006229386832
0.335300000000000 0.999999999994766 0.404993961796696 0.017158121327507 100.001238844493002 0.500006229418172
0.335400000000000 0.999999999994765 0.404996894129024 0.012167403406609 100.001238844492860 0.500006229439524
0.335500000000000 0.999999999994762 0.404998827912993 0.007171888091654 100.001238844493102 0.500006229442821
0.335600000000000 0.999999999994762 0.404999762382890 0.002173513212626 100.001238844492491 0.500006229437903
0.335700000000000 0.999999999994760 0.404999697162482 -0.002825765259730 100.001238844492377 0.500006229425472
0.335800000000000 0.999999999994760 0.404998632274597 -0.007823911707991 100.001238844492221 0.500006229403989
0.335900000000000 0.999999999994757 0.404996568150200 -0.012818880402413 100.001238844492036 0.500006229378653
0.336000000000000 0.999999999994756 0.404993505622714 -0.017808690350527 100.001238844492065 0.500006229352091
0.336100000000000 0.999999999994756 0.404989445906484 -0.022791515128434 100.001238844491979 0.500006229292955
0.336200000000000 0.999999999994752 0.404984390608888 -0.027765251481243 100.001238844491439 0.500006229215283
0.336300000000000 0.999999999994752 0.404978341750002 -0.032727873929178 100.001238844491496 0.500006229127613
0.336400000000000 0.999999999994751 0.404971301754836 -0.037677358574942 100.001238844491226 0.500006229045040
0.336500000000000 0.999999999994749 0.404963273446613 -0.042611745425820 100.001238844491269 0.500006228965044
0.336600000000000 0.999999999994746 0.404954260033690 -0.047529144590091 100.001238844490928 0.500006228853019
0.336700000000000 0.999999999994745 0.404944265115516 -0.052427534479062 100.001238844490956 0.500006228731304
0.336800000000000 0.999999999994745 0.404933292686891 -0.057304982748378 100.001238844490587 0.500006228585532
0.336900000000000 0.999999999994743 0.404921347141040 -0.062159436882552 100.001238844490317 0.500006228474493
0.337000000000000 0.999999999994739 0.404908433262564 -0.066989034764289 100.001238844490587 0.500006228354936
0.337100000000000 0.999999999994740 0.404894556216253 -0.071791838234301 100.001238844490459 0.500006228231487
0.337200000000000 0.999999999994737 0.404879721553927 -0.076565912777213 100.001238844490047 0.500006228115054
0.337300000000000 0.999999999994736 0.404863935205382 -0.081309414198863 100.001238844490075 0.500006227956109
0.337400000000000 0.999999999994735 0.404847203474037 -0.086020450259955 100.001238844489919 0.500006227746264
0.337500000000000 0.999999999994733 0.404829533043027 -0.090697116599580 100.001238844489791 0.500006227498723
0.337600000000000 0.999999999994730 0.404810930985394 -0.095337415948486 100.001238844489308 0.500006227329191
0.337700000000000 0.999999999994730 0.404791404748841 -0.099939598664083 100.001238844489365 0.500006227143558
0.337800000000000 0.999999999994729 0.404770962143781 -0.104501788609047 100.001238844489336 0.500006226977483
0.337900000000000 0.999999999994727 0.404749611341153 -0.109022255454833 100.001238844488995 0.500006226732977
0.338000000000000 0.999999999994725 0.404727360872175 -0.113499127367840 100.001238844488881 0.500006226475156
0.338100000000000 0.999999999994723 0.404704219641127 -0.117930543551799 100.001238844488753 0.500006226285681
0.338200000000000 0.999999999994722 0.404680196900397 -0.122314885565082 100.001238844488512 0.500006225985855
0.338300000000000 0.999999999994721 0.404655302248233 -0.126650313769244 100.001238844488526 0.500006225675560
0.338400000000000 0.999999999994720 0.404629545649272 -0.130935000709947 100.001238844488398 0.500006225475816
0.338500000000000 0.999999999994718 0.404602937415728 -0.135167297841772 100.001238844488071 0.500006225308718
0.338600000000000 0.999999999994717 0.404575488187553 -0.139345576850779 100.001238844488000 0.500006225088459
0.338700000000000 0.999999999994716 0.404547208932291 -0.143468191623390 100.001238844488199 0.500006224776973
0.338800000000000 0.999999999994712 0.404518110960575 -0.147533356720301 100.001238844487702 0.500006224568491
0.338900000000000 0.999999999994714 0.404488205912524 -0.151539559930338 100.001238844487688 0.500006224299637
0.339000000000000 0.999999999994710 0.404457505740724 -0.155485190817845 100.001238844487318 0.500006223980357
0.339100000000000 0.999999999994711 0.404426022723817 -0.159368598136872 100.001238844487062 0.500006223723980
0.339200000000000 0.999999999994708 0.404393769455578 -0.163188281981726 100.001238844487006 0.500006223448731
0.339300000000000 0.999999999994705 0.404360758835676 -0.166942682811392 100.001238844486977 0.500006223206887
0.339400000000000 0.999999999994704 0.404327004063765 -0.170630360699222 100.001238844486807 0.500006222896576
0.339500000000000 0.999999999994702 0.404292518640015 -0.174249748826425 100.001238844486778 0.500006222673954
0.339600000000000 0.999999999994704 0.404257316348870 -0.177799571938302 100.001238844486366 0.500006222239868
0.339700000000000 0.999999999994699 0.404221411257905 -0.181278276485571 100.001238844486323 0.500006221826454
0.339800000000000 0.999999999994697 0.404184817731881 -0.184684438633465 100.001238844486181 0.500006221495045
0.339900000000000 0.999999999994697 0.404147550402721 -0.188016813282648 100.001238844485755 0.500006221030981
0.340000000000000 0.999999999994694 0.404109624175605 -0.191273912917371 100.001238844485840 0.500006220723714
0.340100000000000 0.999999999994693 0.404071054220607 -0.194454575509887 100.001238844485201 0.500006220308121
0.340200000000000 0.999999999994690 0.404031855958063 -0.197557461046624 100.001238844485385 0.500006219914333
0.340300000000000 0.999999999994690 0.403992045070896 -0.200581280951432 100.001238844484618 0.500006219638608
0.340400000000000 0.999999999994688 0.403951637484080 -0.203524904305259 100.001238844485144 0.500006219326540
0.340500000000000 0.999999999994689 0.403910649351673 -0.206387171967969 100.001238844484732 0.500006218940267
0.340600000000000 0.999999999994686 0.403869097060010 -0.209166920153242 100.001238844484874 0.500006218517630
0.340700000000000 0.999999999994685 0.403826997227045 -0.211862996141173 100.001238844484249 0.500006218144683
0.340800000000000 0.999999999994684 0.403784366696617 -0.214474292639180 100.001238844484590 0.500006217885118
0.340900000000000 0.999999999994682 0.403741222517714 -0.216999865849675 100.001238844483808 0.500006217525171
0.341000000000000 0.999999999994682 0.403697581941081 -0.219438642992466 100.001238844484249 0.500006217199635
0.341100000000000 0.999999999994678 0.403653462420761 -0.221789661812142 100.001238844484149 0.500006216880875
0.341200000000000 0.999999999994677 0.403608881602047 -0.224051973216294 100.001238844483481 0.500006216589127
0.341300000000000 0.999999999994679 0.403563857316976 -0.226224657943489 100.001238844483282 0.500006216357939
0.341400000000000 0.999999999994675 0.403518407574365 -0.228306867648596 100.001238844483737 0.500006216141852
0.341500000000000 0.999999999994673 0.403472550542569 -0.230297854845090 100.001238844482970 0.500006215745770
0.341600000000000 0.999999999994673 0.403426304545101 -0.232196816563255 100.001238844484519 0.500006215182223
0.341700000000000 0.999999999994672 0.403379688072134 -0.234002888121732 100.001238844482117 0.500006214694255
0.341800000000000 0.999999999994669 0.403332719771795 -0.235715354453649 100.001238844482629 0.500006214266635
0.341900000000000 0.999999999994667 0.403285418433901 -0.237333513137132 100.001238844483026 0.500006213942206
0.342000000000000 0.999999999994666 0.403237802971297 -0.238856837125166 100.001238844482884 0.500006213436627
0.342100000000000 0.999999999994664 0.403189892419379 -0.240284628344848 100.001238844482913 0.500006212960709
0.342200000000000 0.999999999994662 0.403141705943659 -0.241616282132753 100.001238844481591 0.500006212596383
0.342300000000000 0.999999999994660 0.403093262817702 -0.242851322754474 100.001238844482288 0.500006212207493
0.342400000000000 0.999999999994661 0.403044582411795 -0.243989260199417 100.001238844482344 0.500006211784524
0.342500000000000 0.999999999994660 0.402995684203262 -0.245029513191924 100.001238844481833 0.500006211636014
0.342600000000000 0.999999999994657 0.402946587751555 -0.245971840674033 100.001238844482117 0.500006211334866
0.342700000000000 0.999999999994655 0.402897312679763 -0.246815849470663 100.001238844481747 0.500006210920149
0.342800000000000 0.999999999994654 0.402847878690526 -0.247561134334467 100.001238844481449 0.500006210558700
0.342900000000000 0.999999999994651 0.402798305550656 -0.248207459605689 100.001238844481335 0.500006210096303
0.343000000000000 0.999999999994650 0.402748613080943 -0.248754522516840 100.001238844480426 0.500006209642784
0.343100000000000 0.999999999994647 0.402698821161635 -0.249202030078282 100.001238844480795 0.500006209383274
0.343200000000000 0.999999999994646 0.402648949706874 -0.249549936279927 100.001238844481350 0.500006208987018
0.343300000000000 0.999999999994645 0.402599018656959 -0.249798027767334 100.001238844481293 0.500006208639104
0.343400000000000 0.999999999994644 0.402549047984407 -0.249946192220536 100.001238844480739 0.500006208372580
0.343500000000000 0.999999999994640 0.402499057674866 -0.249994412363548 100.001238844480071 0.500006208082706
0.343600000000000 0.999999999994641 0.402449067717063 -0.249942673660537 100.001238844480525 0.500006207757662
0.343700000000000 0.999999999994639 0.402399098096476 -0.249791024579463 100.001238844479801 0.500006207328196
0.343800000000000 0.999999999994637 0.402349168800849 -0.249539393882043 100.001238844479914 0.500006207123970
0.343900000000000 0.999999999994635 0.402299299803078 -0.249187999860892 100.001238844479559 0.500006206851229
0.344000000000000 0.999999999994636 0.402249511045174 -0.248736935194936 100.001238844479786 0.500006206629282
0.344100000000000 0.999999999994636 0.402199822433791 -0.248186459683366 100.001238844479658 0.500006206260765
0.344200000000000 0.999999999994633 0.402150253835093 -0.247536718937193 100.001238844479090 0.500006205931103
0.344300000000000 0.999999999994630 0.402100825075531 -0.246787962612247 100.001238844479701 0.500006205665526
0.344400000000000 0.999999999994628 0.402051555917661 -0.245940581798104 100.001238844478507 0.500006205237728
0.344500000000000 0.999999999994630 0.402002466057614 -0.244994850305995 100.001238844477996 0.500006204808774
0.344600000000000 0.999999999994627 0.401953575130740 -0.243951100821811 100.001238844478195 0.500006204490217
0.344700000000000 0.999999999994623 0.401904902692837 -0.242809796274738 100.001238844479005 0.500006204170452
0.344800000000000 0.999999999994622 0.401856468209964 -0.241571372318863 100.001238844478834 0.500006203899938
0.344900000000000 0.999999999994624 0.401808291052590 -0.240236347909262 100.001238844477882 0.500006203621122
0.345000000000000 0.999999999994621 0.401760390484679 -0.238805269752093 100.001238844478820 0.500006203303490
0.345100000000000 0.999999999994618 0.401712785661804 -0.237278675674815 100.001238844478621 0.500006203029685
0.345200000000000 0.999999999994617 0.401665495618669 -0.235657236498443 100.001238844478252 0.500006202656569
0.345300000000000 0.999999999994616 0.401618539262825 -0.233941552826144 100.001238844476887 0.500006202297970
0.345400000000000 0.999999999994614 0.401571935375697 -0.232132283920279 100.001238844478195 0.500006202016423
0.345500000000000 0.999999999994615 0.401525702593118 -0.230230228658423 100.001238844476632 0.500006201636648
0.345600000000000 0.999999999994611 0.401479859403988 -0.228236059032590 100.001238844477555 0.500006201363676
0.345700000000000 0.999999999994610 0.401434424149848 -0.226150573183812 100.001238844476575 0.500006201194383
0.345800000000000 0.999999999994609 0.401389415000860 -0.223974687415179 100.001238844476205 0.500006200941549
0.345900000000000 0.999999999994606 0.401344849950331 -0.221709255390920 100.001238844477143 0.500006200643684
0.346000000000000 0.999999999994606 0.401300746817970 -0.219355159394562 100.001238844476262 0.500006200353911
0.346100000000000 0.999999999994605 0.401257123242503 -0.216913326726374 100.001238844477115 0.500006200103152
0.346200000000000 0.999999999994603 0.401213996671591 -0.214384740609786 100.001238844475679 0.500006199876120
0.346300000000000 0.999999999994603 0.401171384350719 -0.211770439910000 100.001238844476518 0.500006199613368
0.346400000000000 0.999999999994600 0.401129303318627 -0.209071454173134 100.001238844475594 0.500006199349416
0.346500000000000 0.999999999994599 0.401087770402638 -0.206288867659852 100.001238844475665 0.500006199074233
0.346600000000000 0.999999999994597 0.401046802214042 -0.203423757432083 100.001238844475552 0.500006198861567
0.346700000000000 0.999999999994595 0.401006415143472 -0.200477251889062 100.001238844475580 0.500006198744872
0.346800000000000 0.999999999994594 0.400966625343109 -0.197450606684135 100.001238844475324 0.500006198567531
0.346900000000000 0.999999999994592 0.400927448720355 -0.194345015647582 100.001238844475054 0.500006198363794
0.347000000000000 0.999999999994591 0.400888900939819 -0.191161712579082 100.001238844475012 0.500006198150216
0.347100000000000 0.999999999994590 0.400850997414938 -0.187901975565443 100.001238844474869 0.500006197917801
0.347200000000000 0.999999999994588 0.400813753304943 -0.184567069095711 100.001238844474756 0.500006197740195
0.347300000000000 0.999999999994587 0.400777183508414 -0.181158334393067 100.001238844474557 0.500006197601775
0.347400000000000 0.999999999994585 0.400741302649581 -0.177677174545031 100.001238844474415 0.500006197429455
0.347500000000000 0.999999999994584 0.400706125075434 -0.174124959863849 100.001238844474301 0.500006197263104
0.347600000000000 0.999999999994582 0.400671664853306 -0.170503116085636 100.001238844474145 0.500006197093717
0.347700000000000 0.999999999994580 0.400637935764533 -0.166813077723104 100.001238844473974 0.500006196944936
0.347800000000000 0.999999999994578 0.400604951295870 -0.163056356647595 100.001238844473733 0.500006196756270
0.347900000000000 0.999999999994577 0.400572724638936 -0.159234393335106 100.001238844473590 0.500006196629541
0.348000000000000 0.999999999994576 0.400541268685842 -0.155348740067169 100.001238844473420 0.500006196524294
0.348100000000000 0.999999999994574 0.400510596013289 -0.151400999702389 100.001238844473420 0.500006196364378
0.348200000000000 0.999999999994574 0.400480718882123 -0.147392729159260 100.001238844473278 0.500006196185246
0.348300000000000 0.999999999994571 0.400451649238423 -0.143325519518691 100.001238844473107 0.500006196005436
0.348400000000000 0.999999999994571 0.400423398708640 -0.139200975688518 100.001238844472880 0.500006195855837
0.348500000000000 0.999999999994569 0.400395978591001 -0.135020774388833 100.001238844472894 0.500006195697566
0.348600000000000 0.999999999994568 0.400369399850739 -0.130786570736754 100.001238844472510 0.500006195553536
0.348700000000000 0.999999999994565 0.400343673119259 -0.126500047870848 100.001238844472510 0.500006195436251
0.348800000000000 0.999999999994562 0.400318808686750 -0.122162934307373 100.001238844472255 0.500006195326510
0.348900000000000 0.999999999994563 0.400294816496761 -0.117776968095916 100.001238844472113 0.500006195219571
0.349000000000000 0.999999999994562 0.400271706142685 -0.113343913266453 100.001238844471942 0.500006195103782
0.349100000000000 0.999999999994558 0.400249486865256 -0.108865533011879 100.001238844471771 0.500006194990952
0.349200000000000 0.999999999994558 0.400228167550530 -0.104343611139174 100.001238844471601 0.500006194888678
0.349300000000000 0.999999999994555 0.400207756724518 -0.099779964269512 100.001238844471430 0.500006194787997
0.349400000000000 0.999999999994554 0.400188262549187 -0.095176416639983 100.001238844471459 0.500006194689772
0.349500000000000 0.999999999994555 0.400169692820802 -0.090534801227211 100.001238844471089 0.500006194601688
0.349600000000000 0.999999999994553 0.400152054965297 -0.085856988287399 100.001238844471004 0.500006194510646
0.349700000000000 0.999999999994550 0.400135356036213 -0.081144832682538 100.001238844470890 0.500006194430609
0.349800000000000 0.999999999994549 0.400119602711095 -0.076400238730305 100.001238844470748 0.500006194345028
0.349900000000000 0.999999999994548 0.400104801287832 -0.071625100279227 100.001238844470421 0.500006194257550
0.350000000000000 0.999999999994547 0.400090957686398 -0.066821302777865 100.001238844470436 0.500006194186076
0.350100000000000 0.999999999994544 0.400078077444393 -0.061990783296420 100.001238844470095 0.500006194118683
0.350200000000000 0.999999999994543 0.400066165712233 -0.057135477765361 100.001238844469938 0.500006194052925
0.350300000000000 0.999999999994542 0.400055227252571 -0.052257328501291 100.001238844470052 0.500006193988852
0.350400000000000 0.999999999994540 0.400045266441157 -0.047358261941316 100.001238844469867 0.500006193939218
0.350500000000000 0.999999999994540 0.400036287262834 -0.042440260027685 100.001238844469711 0.500006193891729
0.350600000000000 0.999999999994538 0.400028293308956 -0.037505279128527 100.001238844469569 0.500006193850864
0.350700000000000 0.999999999994534 0.400021287777274 -0.032555295977525 100.001238844469498 0.500006193814764
0.350800000000000 0.999999999994534 0.400015273468939 -0.027592300934624 100.001238844469214 0.500006193779841
0.350900000000000 0.999999999994533 0.400010252788041 -0.022618276280694 100.001238844469128 0.500006193747567
0.351000000000000 0.999999999994530 0.400006227741329 -0.017635211526953 100.001238844469071 0.500006193718452
0.351100000000000 0.999999999994529 0.400003199937908 -0.012645095102583 100.001238844468617 0.500006193693752
0.351200000000000 0.999999999994526 0.400001170588522 -0.007649921766792 100.001238844468418 0.500006193673479
0.351300000000000 0.999999999994527 0.400000140504728 -0.002651689354324 100.001238844468446 0.500006193657595
0.351400000000000 0.999999999994525 0.400000110098561 0.002347604547742 100.001238844468432 0.500006193646335
0.351500000000000 0.999999999994524 0.400001079382310 0.007345959570097 100.001238844468077 0.500006193639658
0.351600000000000 0.999999999994521 0.400003047967989 0.012341373232808 100.001238844467991 0.500006193637964
0.351700000000000 0.999999999994522 0.400006015068131 0.017331853570638 100.001238844468105 0.500006193640480
0.351800000000000 0.999999999994518 0.400009979496924 0.022315408557718 100.001238844467878 0.500006193646361
0.351900000000000 0.999999999994518 0.400014939669235 0.027290035330190 100.001238844467437 0.500006193657865
0.352000000000000 0.999999999994515 0.400020893600643 0.032253744706894 100.001238844467508 0.500006193675455
0.352100000000000 0.999999999994514 0.400027838909664 0.037204555620710 100.001238844467295 0.500006193698100
0.352200000000000 0.999999999994514 0.400035772818057 0.042140480080800 100.001238844466940 0.500006193728921
0.352300000000000 0.999999999994511 0.400044692152937 0.047059560561321 100.001238844466968 0.500006193761140
0.352400000000000 0.999999999994510 0.400054593348656 0.051959825683654 100.001238844467096 0.500006193796084
0.352500000000000 0.999999999994509 0.400065472446120 0.056839311651531 100.001238844467011 0.500006193835887
0.352600000000000 0.999999999994506 0.400077325094672 0.061696066854965 100.001238844466670 0.500006193880851
0.352700000000000 0.999999999994505 0.400090146553776 0.066528143994849 100.001238844466414 0.500006193934245
0.352800000000000 0.999999999994502 0.400103931695445 0.071333615646514 100.001238844466101 0.500006193993189
0.352900000000000 0.999999999994503 0.400118675007446 0.076110566484810 100.001238844466286 0.500006194053108
0.353000000000000 0.999999999994500 0.400134370595171 0.080857087326100 100.001238844465945 0.500006194112513
0.353100000000000 0.999999999994500 0.400151012182801 0.085571275157514 100.001238844465917 0.500006194174939
0.353200000000000 0.999999999994497 0.400168593115699 0.090251245598244 100.001238844465718 0.500006194239470
0.353300000000000 0.999999999994496 0.400187106362039 0.094895109371562 100.001238844465519 0.500006194322466
0.353400000000000 0.999999999994497 0.400206544516304 0.099501018775395 100.001238844465632 0.500006194416052
0.353500000000000 0.999999999994492 0.400226899806179 0.104067153925590 100.001238844464979 0.500006194497993
0.353600000000000 0.999999999994491 0.400248164092867 0.108591668639775 100.001238844464837 0.500006194588505
0.353700000000000 0.999999999994488 0.400270328872984 0.113072764109829 100.001238844464893 0.500006194675998
0.353800000000000 0.999999999994488 0.400293385283653 0.117508643898892 100.001238844464780 0.500006194765161
0.353900000000000 0.999999999994487 0.400317324103585 0.121897518688498 100.001238844464268 0.500006194874289
0.354000000000000 0.999999999994486 0.400342135759975 0.126237663748003 100.001238844464410 0.500006194966729
0.354100000000000 0.999999999994485 0.400367810330301 0.130527305311100 100.001238844464183 0.500006195090208
0.354200000000000 0.999999999994481 0.400394337542197 0.134764718254078 100.001238844463956 0.500006195259152
0.354300000000000 0.999999999994482 0.400421706785622 0.138948252230474 100.001238844464055 0.500006195415301
0.354400000000000 0.999999999994478 0.400449907118870 0.143076240524898 100.001238844463643 0.500006195548470
0.354500000000000 0.999999999994478 0.400478927265172 0.147146997870010 100.001238844463643 0.500006195707263
0.354600000000000 0.999999999994476 0.400508755617176 0.151158903652409 100.001238844463444 0.500006195881769
0.354700000000000 0.999999999994473 0.400539380248356 0.155110387684252 100.001238844463344 0.500006196020061
0.354800000000000 0.999999999994473 0.400570788914551 0.158999842838348 100.001238844463188 0.500006196162434
0.354900000000000 0.999999999994470 0.400602969053281 0.162825691812024 100.001238844463074 0.500006196344241
0.355000000000000 0.999999999994470 0.400635907794353 0.166586435344902 100.001238844463046 0.500006196516419
0.355100000000000 0.999999999994468 0.400669591966109 0.170280557854005 100.001238844462691 0.500006196697822
0.355200000000000 0.999999999994469 0.400704008098288 0.173906588840400 100.001238844462478 0.500006196876919
0.355300000000000 0.999999999994467 0.400739142428840 0.177463080745204 100.001238844462506 0.500006197049053
0.355400000000000 0.999999999994464 0.400774980907649 0.180948599717999 100.001238844462421 0.500006197234507
0.355500000000000 0.999999999994462 0.400811509200654 0.184361740138376 100.001238844461994 0.500006197455089
0.355600000000000 0.999999999994462 0.400848712699896 0.187701168942002 100.001238844462051 0.500006197652441
0.355700000000000 0.999999999994458 0.400886576529111 0.190965535157059 100.001238844461881 0.500006197854890
0.355800000000000 0.999999999994458 0.400925085544564 0.194153514951686 100.001238844461369 0.500006198097920
0.355900000000000 0.999999999994455 0.400964224341925 0.197263825771668 100.001238844461824 0.500006198397446
0.356000000000000 0.999999999994455 0.401003977268154 0.200295263035543 100.001238844461881 0.500006198676789
0.356100000000000 0.999999999994450 0.401044328430798 0.203246638543204 100.001238844460687 0.500006198886522
0.356200000000000 0.999999999994453 0.401085261697121 0.206116736623630 100.001238844460630 0.500006199097127
0.356300000000000 0.999999999994448 0.401126760698141 0.208904409970630 100.001238844460858 0.500006199307527
0.356400000000000 0.999999999994447 0.401168808839768 0.211608554864314 100.001238844461682 0.500006199494361
0.356500000000000 0.999999999994447 0.401211389307121 0.214228066540212 100.001238844460516 0.500006199706637
0.356600000000000 0.999999999994445 0.401254485071958 0.216761916412303 100.001238844460431 0.500006199903996
0.356700000000000 0.999999999994443 0.401298078902238 0.219209095350987 100.001238844460318 0.500006200076880
0.356800000000000 0.999999999994440 0.401342153364285 0.221568594809733 100.001238844459948 0.500006200290650
0.356900000000000 0.999999999994439 0.401386690827683 0.223839456346696 100.001238844459607 0.500006200579178
0.357000000000000 0.999999999994437 0.401431673475532 0.226020772545837 100.001238844458499 0.500006200942071
0.357100000000000 0.999999999994437 0.401477083321675 0.228111759747091 100.001238844459195 0.500006201179119
0.357200000000000 0.999999999994436 0.401522902215788 0.230111559532037 100.001238844459436 0.500006201338931
0.357300000000000 0.999999999994432 0.401569111835695 0.232019311145957 100.001238844459351 0.500006201561303
0.357400000000000 0.999999999994431 0.401615693694951 0.233834232182161 100.001238844458626 0.500006201892481
0.357500000000000 0.999999999994430 0.401662629163843 0.235555673036461 100.001238844458442 0.500006202155126
0.357600000000000 0.999999999994430 0.401709899470856 0.237182863897334 100.001238844458868 0.500006202540522
0.357700000000000 0.999999999994429 0.401757485709949 0.238715230892930 100.001238844458257 0.500006202867133
0.357800000000000 0.999999999994427 0.401805368854824 0.240152144968686 100.001238844459294 0.500006203173055
0.357900000000000 0.999999999994426 0.401853529758811 0.241493030483950 100.001238844459380 0.500006203460378
0.358000000000000 0.999999999994425 0.401901949161384 0.242737324882181 100.001238844458243 0.500006203792531
0.358100000000000 0.999999999994421 0.401950607699044 0.243884560928256 100.001238844458385 0.500006204095996
0.358200000000000 0.999999999994419 0.401999485911890 0.244934241306074 100.001238844457987 0.500006204464530
0.358300000000000 0.999999999994420 0.402048564251684 0.245885980146358 100.001238844458555 0.500006204815305
0.358400000000000 0.999999999994416 0.402097823092011 0.246739383392692 100.001238844457703 0.500006205181258
0.358500000000000 0.999999999994417 0.402147242733774 0.247494114436370 100.001238844459010 0.500006205550735
0.358600000000000 0.999999999994415 0.402196803417446 0.248149908561580 100.001238844456793 0.500006205831664
0.358700000000000 0.999999999994413 0.402246485320065 0.248706393987293 100.001238844457447 0.500006206295769
0.358800000000000 0.999999999994411 0.402296268571092 0.249163468893388 100.001238844457220 0.500006206642891
0.358900000000000 0.999999999994409 0.402346133259805 0.249520831915266 100.001238844457077 0.500006207168327
0.359000000000000 0.999999999994410 0.402396059445262 0.249778481785557 100.001238844456950 0.500006207518536
0.359100000000000 0.999999999994409 0.402446027169612 0.249936252673740 100.001238844456154 0.500006207850059
0.359200000000000 0.999999999994404 0.402496016446849 0.249994026241915 100.001238844455528 0.500006208300885
0.359300000000000 0.999999999994404 0.402546007292136 0.249951934969515 100.001238844457504 0.500006208481915
0.359400000000000 0.999999999994400 0.402595979722856 0.249809867716888 100.001238844456367 0.500006208713110
0.359500000000000 0.999999999994402 0.402645913746120 0.249567831137522 100.001238844455060 0.500006209119671
0.359600000000000 0.999999999994398 0.402695789388505 0.249226015064344 100.001238844456651 0.500006209468855
0.359700000000000 0.999999999994399 0.402745586704028 0.248784503375892 100.001238844455457 0.500006209892235
0.359800000000000 0.999999999994396 0.402795285777457 0.248243520339285 100.001238844456026 0.500006210270820
0.359900000000000 0.999999999994393 0.402844866733050 0.247603236610550 100.001238844455756 0.500006210717945
0.360000000000000 0.999999999994395 0.402894309741461 0.246863944583850 100.001238844455500 0.500006211143105
0.360100000000000 0.999999999994394 0.402943595034607 0.246025965696478 100.001238844455486 0.500006211482685
0.360200000000000 0.999999999994390 0.402992702908023 0.245089614269876 100.001238844455244 0.500006211788327
0.360300000000000 0.999999999994391 0.403041613724740 0.244055251231914 100.001238844455216 0.500006212093230
0.360400000000000 0.999999999994389 0.403090307918642 0.242923222883931 100.001238844455088 0.500006212561183
0.360500000000000 0.999999999994388 0.403138766011452 0.241694062211576 100.001238844455003 0.500006212995880
0.360600000000000 0.999999999994385 0.403186968631522 0.240368303709043 100.001238844454193 0.500006213293903
0.360700000000000 0.999999999994386 0.403234896503778 0.238946377632463 100.001238844454150 0.500006213696223
0.360800000000000 0.999999999994384 0.403282530453369 0.237428855604639 100.001238844455131 0.500006214194138
0.360900000000000 0.999999999994377 0.403329851432717 0.235816440876608 100.001238844454889 0.500006214558100
0.361000000000000 0.999999999994383 0.403376840523838 0.234109724874856 100.001238844454747 0.500006214915207
0.361100000000000 0.999999999994379 0.403423478934788 0.232309376289993 100.001238844453468 0.500006215297678
0.361200000000000 0.999999999994377 0.403469748009847 0.230416088924879 100.001238844454491 0.500006215765441
0.361300000000000 0.999999999994376 0.403515629242878 0.228430664632296 100.001238844454321 0.500006216214067
0.361400000000000 0.999999999994371 0.403561104288801 0.226353913075546 100.001238844454178 0.500006216608014
0.361500000000000 0.999999999994373 0.403606154969019 0.224186689613273 100.001238844454008 0.500006216892073
0.361600000000000 0.999999999994371 0.403650763275042 0.221929840315289 100.001238844453738 0.500006217114163
0.361700000000000 0.999999999994370 0.403694911365229 0.219584185988853 100.001238844452615 0.500006217455788
0.361800000000000 0.999999999994368 0.403738581578353 0.217150710859529 100.001238844453553 0.500006217813339
0.361900000000000 0.999999999994368 0.403781756449924 0.214630398656543 100.001238844452359 0.500006218163342
0.362000000000000 0.999999999994367 0.403824418718764 0.212024299249713 100.001238844452288 0.500006218416150
0.362100000000000 0.999999999994363 0.403866551325428 0.209333380409669 100.001238844453212 0.500006218730719
0.362200000000000 0.999999999994360 0.403908137412927 0.206558697406848 100.001238844451919 0.500006219148553
0.362300000000000 0.999999999994359 0.403949160343384 0.203701387543418 100.001238844452814 0.500006219609700
0.362400000000000 0.999999999994359 0.403989603704498 0.200762568945130 100.001238844451564 0.500006220162026
0.362500000000000 0.999999999994357 0.404029451321887 0.197743502652293 100.001238844452573 0.500006220631422
0.362600000000000 0.999999999994353 0.404068687275394 0.194645471017767 100.001238844451251 0.500006220872760
0.362700000000000 0.999999999994356 0.404107295886028 0.191469603397900 100.001238844451237 0.500006221104630
0.362800000000000 0.999999999994354 0.404145261702527 0.188217045549181 100.001238844452075 0.500006221562930
0.362900000000000 0.999999999994351 0.404182569539583 0.184889314576860 100.001238844450882 0.500006221835752
0.363000000000000 0.999999999994350 0.404219204485939 0.181487635097912 100.001238844450768 0.500006222123916
0.363100000000000 0.999999999994346 0.404255151882338 0.178013298706312 100.001238844451720 0.500006222550019
0.363200000000000 0.999999999994348 0.404290397354579 0.174467866731732 100.001238844451080 0.500006222805171
0.363300000000000 0.999999999994344 0.404324926815418 0.170852647550035 100.001238844450825 0.500006223084936
0.363400000000000 0.999999999994341 0.404358726454607 0.167169102331626 100.001238844450711 0.500006223361732
0.363500000000000 0.999999999994342 0.404391782755908 0.163418712201643 100.001238844450455 0.500006223622056
0.363600000000000 0.999999999994339 0.404424082493064 0.159602892977959 100.001238844450370 0.500006224001794
0.363700000000000 0.999999999994338 0.404455612747969 0.155723311970960 100.001238844450143 0.500006224271897
0.363800000000000 0.999999999994338 0.404486360915366 0.151781431000033 100.001238844449929 0.500006224574970
0.363900000000000 0.999999999994336 0.404516314694935 0.147778837066181 100.001238844449958 0.500006224892864
0.364000000000000 0.999999999994334 0.404545462107886 0.143717159782291 100.001238844449645 0.500006225182034
0.364100000000000 0.999999999994332 0.404573791501894 0.139598034134231 100.001238844449659 0.500006225428320
0.364200000000000 0.999999999994330 0.404601291542865 0.135423007232145 100.001238844449489 0.500006225771184
0.364300000000000 0.999999999994330 0.404627951227071 0.131193834717069 100.001238844449233 0.500006226089370
0.364400000000000 0.999999999994328 0.404653759897878 0.126912235512429 100.001238844449034 0.500006226347896
0.364500000000000 0.999999999994327 0.404678707232029 0.122579821047760 100.001238844449048 0.500006226675623
0.364600000000000 0.999999999994325 0.404702783255115 0.118198469981697 100.001238844448892 0.500006226890956
0.364700000000000 0.999999999994324 0.404725978349155 0.113769869788806 100.001238844448707 0.500006227076315
0.364800000000000 0.999999999994322 0.404748283245813 0.109295828645914 100.001238844448565 0.500006227191815
0.364900000000000 0.999999999994321 0.404769689025468 0.104778025572597 100.001238844448409 0.500006227360417
0.365000000000000 0.999999999994320 0.404790187120391 0.100218299679122 100.001238844448267 0.500006227543742
0.365100000000000 0.999999999994318 0.404809769333788 0.095618523358344 100.001238844448181 0.500006227691864
0.365200000000000 0.999999999994317 0.404828427834018 0.090980475114385 100.001238844447926 0.500006227864063
0.365300000000000 0.999999999994315 0.404846155153271 0.086306014793731 100.001238844447869 0.500006228052449
0.365400000000000 0.999999999994314 0.404862944197866 0.081597023933712 100.001238844447599 0.500006228243954
0.365500000000000 0.999999999994312 0.404878788259371 0.076855475143061 100.001238844447442 0.500006228366081
0.365600000000000 0.999999999994310 0.404893681010132 0.072083203683922 100.001238844447514 0.500006228471327
0.365700000000000 0.999999999994307 0.404907616493774 0.067282085932573 100.001238844447215 0.500006228583058
0.365800000000000 0.999999999994307 0.404920589132421 0.062454031320077 100.001238844446959 0.500006228706089
0.365900000000000 0.999999999994307 0.404932593736819 0.057601016837899 100.001238844446846 0.500006228809681
0.366000000000000 0.999999999994302 0.404943625511805 0.052725008260067 100.001238844446704 0.500006228881572
0.366100000000000 0.999999999994302 0.404953680038793 0.047827803708327 100.001238844446704 0.500006229001893
0.366200000000000 0.999999999994302 0.404962753284600 0.042911458312282 100.001238844446632 0.500006229115590
0.366300000000000 0.999999999994302 0.404970841627289 0.037978033016742 100.001238844446263 0.500006229183025
0.366400000000000 0.999999999994299 0.404977941840797 0.033029425349736 100.001238844446164 0.500006229238921
0.366500000000000 0.999999999994298 0.404984051085863 0.028067605239975 100.001238844446021 0.500006229286630
0.366600000000000 0.999999999994294 0.404989166912111 0.023094491846853 100.001238844445865 0.500006229342230
0.366700000000000 0.999999999994293 0.404993287266983 0.018112144472461 100.001238844445822 0.500006229384202
0.366800000000000 0.999999999994291 0.404996410505708 0.013122582599758 100.001238844445794 0.500006229408574
0.366900000000000 0.999999999994290 0.404998535386824 0.008127818881306 100.001238844445325 0.500006229416470
0.367000000000000 0.999999999994290 0.404999661066734 0.003129822018125 100.001238844445268 0.500006229414358
0.367100000000000 0.999999999994289 0.404999787086423 -0.001869533376917 100.001238844444856 0.500006229404490
0.367200000000000 0.999999999994286 0.404998913394174 -0.006868048151653 100.001238844445027 0.500006229384913
0.367300000000000 0.999999999994285 0.404997040345973 -0.011863842017657 100.001238844444970 0.500006229354030
0.367400000000000 0.999999999994284 0.404994168692253 -0.016854852824274 100.001238844444686 0.500006229318523
0.367500000000000 0.999999999994284 0.404990299591430 -0.021839060558791 100.001238844444572 0.500006229287184
0.367600000000000 0.999999999994280 0.404985434587085 -0.026814635087247 100.001238844444373 0.500006229226656
0.367700000000000 0.999999999994278 0.404979575609050 -0.031779543609892 100.001238844444288 0.500006229139187
0.367800000000000 0.999999999994277 0.404972724993783 -0.036731752188237 100.001238844443961 0.500006229035629
0.367900000000000 0.999999999994274 0.404964885487612 -0.041669194409915 100.001238844444131 0.500006228949099
0.368000000000000 0.999999999994274 0.404956060232994 -0.046589975783329 100.001238844443805 0.500006228852247
0.368100000000000 0.999999999994271 0.404946252764791 -0.051492068132518 100.001238844443563 0.500006228774458
0.368200000000000 0.999999999994271 0.404935467013269 -0.056373542573534 100.001238844443719 0.500006228704689
0.368300000000000 0.999999999994270 0.404923707288288 -0.061232533208419 100.001238844443321 0.500006228594739
0.368400000000000 0.999999999994266 0.404910978290038 -0.066067002440339 100.001238844443094 0.500006228498922
0.368500000000000 0.999999999994265 0.404897285108324 -0.070875091071829 100.001238844443037 0.500006228369838
0.368600000000000 0.999999999994265 0.404882633211653 -0.075654871653057 100.001238844442810 0.500006228207001
0.368700000000000 0.999999999994260 0.404867028454877 -0.080404407471116 100.001238844442796 0.500006228026833
0.368800000000000 0.999999999994261 0.404850477083357 -0.085121729739883 100.001238844442554 0.500006227886075
0.368900000000000 0.999999999994260 0.404832985717858 -0.089805052261215 100.001238844442270 0.500006227702729
0.369000000000000 0.999999999994257 0.404814561340525 -0.094452549513389 100.001238844442128 0.500006227429050
0.369100000000000 0.999999999994256 0.404795211317388 -0.099062205651251 100.001238844442057 0.500006227209363
0.369200000000000 0.999999999994254 0.404774943395043 -0.103632229660385 100.001238844441872 0.500006226997250
0.369300000000000 0.999999999994252 0.404753765676872 -0.108160846288755 100.001238844441716 0.500006226738918
0.369400000000000 0.999999999994251 0.404731686632273 -0.112646170372636 100.001238844441701 0.500006226513145
0.369500000000000 0.999999999994252 0.404708715098819 -0.117086403905603 100.001238844441303 0.500006226328720
0.369600000000000 0.999999999994246 0.404684860266608 -0.121479820407044 100.001238844441190 0.500006226130941
0.369700000000000 0.999999999994247 0.404660131672866 -0.125824674425719 100.001238844440707 0.500006225905048
0.369800000000000 0.999999999994245 0.404634539201722 -0.130119242426782 100.001238844440650 0.500006225631656
0.369900000000000 0.999999999994244 0.404608093089637 -0.134361723821080 100.001238844440991 0.500006225418281
0.370000000000000 0.999999999994243 0.404580803913005 -0.138550520109601 100.001238844440792 0.500006225135512
0.370100000000000 0.999999999994242 0.404552682581817 -0.142683894262750 100.001238844440579 0.500006224866613
0.370200000000000 0.999999999994239 0.404523740350671 -0.146760135045437 100.001238844440252 0.500006224697591
0.370300000000000 0.999999999994237 0.404493988796772 -0.150777727926960 100.001238844440252 0.500006224462615
0.370400000000000 0.999999999994235 0.404463439808654 -0.154735075720279 100.001238844440195 0.500006224143707
0.370500000000000 0.999999999994234 0.404432105604423 -0.158630477462709 100.001238844440024 0.500006223922554
0.370600000000000 0.999999999994232 0.404399998712155 -0.162462535381901 100.001238844439627 0.500006223547531
0.370700000000000 0.999999999994233 0.404367131960956 -0.166229637857915 100.001238844439669 0.500006223141496
0.370800000000000 0.999999999994232 0.404333518490379 -0.169930289544937 100.001238844439342 0.500006222684892
0.370900000000000 0.999999999994231 0.404299171747629 -0.173562910250273 100.001238844439257 0.500006222348602
0.371000000000000 0.999999999994228 0.404264105476734 -0.177126110222744 100.001238844439143 0.500006222027974
0.371100000000000 0.999999999994228 0.404228333699080 -0.180618507706312 100.001238844439115 0.500006221646846
0.371200000000000 0.999999999994226 0.404191870721175 -0.184038630715895 100.001238844438731 0.500006221340663
0.371300000000000 0.999999999994222 0.404154731130419 -0.187385144091160 100.001238844438518 0.500006221052298
0.371400000000000 0.999999999994222 0.404116929784050 -0.190656682593438 100.001238844438291 0.500006220833669
0.371500000000000 0.999999999994221 0.404078481792077 -0.193852084578163 100.001238844439342 0.500006220405292
0.371600000000000 0.999999999994218 0.404039402520437 -0.196969953624551 100.001238844436898 0.500006219991953
0.371700000000000 0.999999999994215 0.403999707603191 -0.200009002532757 100.001238844438177 0.500006219674976
0.371800000000000 0.999999999994214 0.403959412924745 -0.202968014602243 100.001238844438063 0.500006219460465
0.371900000000000 0.999999999994214 0.403918534595680 -0.205845945649258 100.001238844438859 0.500006219067055
0.372000000000000 0.999999999994211 0.403877088952615 -0.208641581475469 100.001238844437438 0.500006218621000
0.372100000000000 0.999999999994210 0.403835092571108 -0.211353743759248 100.001238844437921 0.500006218248018
0.372200000000000 0.999999999994208 0.403792562251027 -0.213981368135920 100.001238844437168 0.500006217907332
0.372300000000000 0.999999999994206 0.403749515007373 -0.216523367874651 100.001238844436941 0.500006217677505
0.372400000000000 0.999999999994204 0.403705968056694 -0.218978812987172 100.001238844436926 0.500006217372711
0.372500000000000 0.999999999994204 0.403661938803043 -0.221346759219584 100.001238844436429 0.500006216908315
0.372600000000000 0.999999999994201 0.403617444851222 -0.223626143328173 100.001238844436443 0.500006216539948
0.372700000000000 0.999999999994201 0.403572503998610 -0.225816102176044 100.001238844436429 0.500006216161207
0.372800000000000 0.999999999994200 0.403527134217326 -0.227915752143950 100.001238844435903 0.500006215789842
0.372900000000000 0.999999999994199 0.403481353659881 -0.229924170840007 100.001238844436330 0.500006215615842
0.373000000000000 0.999999999994196 0.403435180634066 -0.231840728618157 100.001238844435690 0.500006215241974
0.373100000000000 0.999999999994195 0.403388633590653 -0.233664628615941 100.001238844435051 0.500006214735688
0.373200000000000 0.999999999994194 0.403341731143948 -0.235395028018025 100.001238844437012 0.500006214361347
0.373300000000000 0.999999999994194 0.403294492050556 -0.237031347096560 100.001238844434795 0.500006213855912
0.373400000000000 0.999999999994191 0.403246935204476 -0.238572793660319 100.001238844435193 0.500006213545650
0.373500000000000 0.999999999994189 0.403199079629880 -0.240018856469776 100.001238844434468 0.500006213181633
0.373600000000000 0.999999999994187 0.403150944464991 -0.241368906617810 100.001238844434454 0.500006212885252
0.373700000000000 0.999999999994186 0.403102548962622 -0.242622425693749 100.001238844434951 0.500006212605505
0.373800000000000 0.999999999994187 0.403053912477676 -0.243778913186746 100.001238844434624 0.500006212340673
0.373900000000000 0.999999999994183 0.403005054457267 -0.244837945458866 100.001238844434539 0.500006211996078
0.374000000000000 0.999999999994182 0.402955994433323 -0.245799100569822 100.001238844434482 0.500006211567316
0.374100000000000 0.999999999994180 0.402906752026297 -0.246661913156099 100.001238844434113 0.500006211253372
0.374200000000000 0.999999999994180 0.402857346929923 -0.247426115924391 100.001238844434084 0.500006210863074
0.374300000000000 0.999999999994177 0.402807798899374 -0.248091361986508 100.001238844433956 0.500006210498499
0.374400000000000 0.999999999994175 0.402758127747371 -0.248657422415584 100.001238844433630 0.500006210067701
0.374500000000000 0.999999999994173 0.402708353337365 -0.249124019576211 100.001238844433104 0.500006209698182
0.374600000000000 0.999999999994172 0.402658495574022 -0.249491018499676 100.001238844433857 0.500006209261678
0.374700000000000 0.999999999994171 0.402608574396027 -0.249758213872367 100.001238844433203 0.500006208904331
0.374800000000000 0.999999999994170 0.402558609767873 -0.249925552466680 100.001238844432208 0.500006208492527
0.374900000000000 0.999999999994168 0.402508621673279 -0.249992896204178 100.001238844432407 0.500006208204276
0.375000000000000 0.999999999994168 0.402458630106154 -0.249960280100974 100.001238844433374 0.500006207884922
0.375100000000000 0.999999999994167 0.402408655056410 -0.249827710244615 100.001238844433090 0.500006207551887
0.375200000000000 0.999999999994162 0.402358716507115 -0.249595247034006 100.001238844433175 0.500006207186931
0.375300000000000 0.999999999994163 0.402308834423089 -0.249263015105159 100.001238844432791 0.500006206711128
0.375400000000000 0.999999999994162 0.402259028753924 -0.248831041722174 100.001238844431924 0.500006206388125
0.375500000000000 0.999999999994160 0.402209319419837 -0.248299591418457 100.001238844432592 0.500006205989304
0.375600000000000 0.999999999994160 0.402159726293174 -0.247668880441896 100.001238844431441 0.500006205505944
0.375700000000000 0.999999999994157 0.402110269212046 -0.246939034147204 100.001238844431555 0.500006205252498
0.375800000000000 0.999999999994156 0.402060967962444 -0.246110446709916 100.001238844431867 0.500006204975573
0.375900000000000 0.999999999994155 0.402011842255232 -0.245183478421436 100.001238844431469 0.500006204604239
0.376000000000000 0.999999999994153 0.401962911737771 -0.244158403278239 100.001238844431285 0.500006204376060
0.376100000000000 0.999999999994152 0.401914195979469 -0.243035725450862 100.001238844431469 0.500006204060296
0.376200000000000 0.999999999994153 0.401865714455803 -0.241815881488513 100.001238844430972 0.500006203687960
0.376300000000000 0.999999999994149 0.401817486554971 -0.240499307097434 100.001238844430901 0.500006203385532
0.376400000000000 0.999999999994148 0.401769531568357 -0.239086534456124 100.001238844430986 0.500006203138748
0.376500000000000 0.999999999994145 0.401721868675603 -0.237578149032229 100.001238844430858 0.500006202898256
0.376600000000000 0.999999999994145 0.401674516937228 -0.235974757216890 100.001238844430247 0.500006202656512
0.376700000000000 0.999999999994143 0.401627495293890 -0.234276951687297 100.001238844430560 0.500006202527787
0.376800000000000 0.999999999994143 0.401580822552841 -0.232485472904819 100.001238844430276 0.500006202366865
0.376900000000000 0.999999999994141 0.401534517367817 -0.230601116107365 100.001238844429935 0.500006201991625
0.377000000000000 0.999999999994138 0.401488598250010 -0.228624511606158 100.001238844429665 0.500006201688865
0.377100000000000 0.999999999994139 0.401443083567814 -0.226556455982295 100.001238844429793 0.500006201443499
0.377200000000000 0.999999999994137 0.401397991526027 -0.224397790157160 100.001238844429452 0.500006201223351
0.377300000000000 0.999999999994133 0.401353340153626 -0.222149430664298 100.001238844429167 0.500006200908899
0.377400000000000 0.999999999994133 0.401309147298316 -0.219812275107655 100.001238844429224 0.500006200505551
0.377500000000000 0.999999999994130 0.401265430634510 -0.217387158723916 100.001238844429139 0.500006200232786
0.377600000000000 0.999999999994127 0.401222207650627 -0.214875105362225 100.001238844428684 0.500006199971180
0.377700000000000 0.999999999994127 0.401179495634110 -0.212277101592523 100.001238844428769 0.500006199759091
0.377800000000000 0.999999999994124 0.401137311666050 -0.209594224123741 100.001238844428556 0.500006199515707
0.377900000000000 0.999999999994126 0.401095672613387 -0.206827538951137 100.001238844428400 0.500006199256349
0.378000000000000 0.999999999994125 0.401054595126501 -0.203978145033457 100.001238844428144 0.500006198996847
0.378100000000000 0.999999999994121 0.401014095633522 -0.201047166623013 100.001238844428244 0.500006198768273
0.378200000000000 0.999999999994121 0.400974190333716 -0.198035767667126 100.001238844428087 0.500006198586236
0.378300000000000 0.999999999994118 0.400934895188645 -0.194945161586209 100.001238844427860 0.500006198431475
0.378400000000000 0.999999999994115 0.400896225913292 -0.191776600776701 100.001238844427647 0.500006198271348
0.378500000000000 0.999999999994115 0.400858197968856 -0.188531370962862 100.001238844427462 0.500006198070727
0.378600000000000 0.999999999994114 0.400820826558712 -0.185210765201877 100.001238844427348 0.500006197839875
0.378700000000000 0.999999999994113 0.400784126626198 -0.181816090881859 100.001238844427036 0.500006197617762
0.378800000000000 0.999999999994112 0.400748112848241 -0.178348704376122 100.001238844427078 0.500006197406443
0.378900000000000 0.999999999994110 0.400712799627123 -0.174809997776414 100.001238844426808 0.500006197195970
0.379000000000000 0.999999999994110 0.400678201088353 -0.171201345929594 100.001238844426751 0.500006197056341
0.379100000000000 0.999999999994106 0.400644331071115 -0.167524235778743 100.001238844426581 0.500006196910625
0.379200000000000 0.999999999994104 0.400611203120377 -0.163780124079314 100.001238844426311 0.500006196781806
0.379300000000000 0.999999999994103 0.400578830483229 -0.159970532225487 100.001238844426325 0.500006196630253
0.379400000000000 0.999999999994101 0.400547226104127 -0.156096967150195 100.001238844426069 0.500006196483278
0.379500000000000 0.999999999994099 0.400516402621278 -0.152160983709019 100.001238844425927 0.500006196331900
0.379600000000000 0.999999999994100 0.400486372360753 -0.148164148747135 100.001238844425728 0.500006196187387
0.379700000000000 0.999999999994097 0.400457147331456 -0.144108067269021 100.001238844425671 0.500006196039755
0.379800000000000 0.999999999994095 0.400428739219201 -0.139994365367184 100.001238844425600 0.500006195883708
0.379900000000000 0.999999999994094 0.400401159385135 -0.135824664035735 100.001238844425416 0.500006195753238
0.380000000000000 0.999999999994092 0.400374418859791 -0.131600648140478 100.001238844425060 0.500006195623861
0.380100000000000 0.999999999994092 0.400348528335375 -0.127324016690836 100.001238844424904 0.500006195482915
0.380200000000000 0.999999999994090 0.400323498165451 -0.122996457552488 100.001238844424762 0.500006195359647
0.380300000000000 0.999999999994088 0.400299338361455 -0.118619703998002 100.001238844424748 0.500006195249876
0.380400000000000 0.999999999994087 0.400276058585916 -0.114195512658630 100.001238844424506 0.500006195145546
0.380500000000000 0.999999999994087 0.400253668148679 -0.109725654158203 100.001238844424336 0.500006195044863
0.380600000000000 0.999999999994083 0.400232176001845 -0.105211934892355 100.001238844424208 0.500006194927502
0.380700000000000 0.999999999994081 0.400211590738108 -0.100656142869991 100.001238844424122 0.500006194812650
0.380800000000000 0.999999999994081 0.400191920589675 -0.096060095138454 100.001238844423995 0.500006194705323
0.380900000000000 0.999999999994080 0.400173173422430 -0.091425638248545 100.001238844423767 0.500006194597105
0.381000000000000 0.999999999994078 0.400155356732558 -0.086754623858990 100.001238844423540 0.500006194490081
0.381100000000000 0.999999999994077 0.400138477646956 -0.082048893506122 100.001238844423625 0.500006194407204
0.381200000000000 0.999999999994073 0.400122542917872 -0.077310350340466 100.001238844423355 0.500006194329378
0.381300000000000 0.999999999994073 0.400107558917619 -0.072540891995973 100.001238844423156 0.500006194254454
0.381400000000000 0.999999999994071 0.400093531639242 -0.067742413994511 100.001238844423042 0.500006194190834
0.381500000000000 0.999999999994071 0.400080466692924 -0.062916848825968 100.001238844422929 0.500006194128661
0.381600000000000 0.999999999994069 0.400068369303685 -0.058066117694789 100.001238844422531 0.500006194073385
0.381700000000000 0.999999999994065 0.400057244309381 -0.053192169652835 100.001238844422204 0.500006194019337
0.381800000000000 0.999999999994067 0.400047096157805 -0.048296956803998 100.001238844422232 0.500006193965460
0.381900000000000 0.999999999994064 0.400037928906605 -0.043382430065037 100.001238844422417 0.500006193915616
0.382000000000000 0.999999999994063 0.400029746221710 -0.038450555042224 100.001238844422204 0.500006193869856
0.382100000000000 0.999999999994065 0.400022551375517 -0.033503301868003 100.001238844422019 0.500006193828885
0.382200000000000 0.999999999994061 0.400016347245053 -0.028542654257635 100.001238844421991 0.500006193790795
0.382300000000000 0.999999999994061 0.400011136311513 -0.023570587844091 100.001238844421863 0.500006193758130
0.382400000000000 0.999999999994060 0.400006920659160 -0.018589095510885 100.001238844421664 0.500006193729556
0.382500000000000 0.999999999994056 0.400003701973547 -0.013600172162732 100.001238844421437 0.500006193704862
0.382600000000000 0.999999999994055 0.400001481541476 -0.008605811885507 100.001238844421337 0.500006193684314
0.382700000000000 0.999999999994055 0.400000260250236 -0.003608014834154 100.001238844421124 0.500006193667680
0.382800000000000 0.999999999994053 0.400000038588290 0.001391230352059 100.001238844420897 0.500006193655612
0.382900000000000 0.999999999994050 0.400000816644834 0.006389919095151 100.001238844420840 0.500006193648368
0.383000000000000 0.999999999994049 0.400002594108421 0.011386050494699 100.001238844420783 0.500006193646119
0.383100000000000 0.999999999994047 0.400005370268169 0.016377630579680 100.001238844420413 0.500006193648224
0.383200000000000 0.999999999994045 0.400009144014011 0.021362659979506 100.001238844420499 0.500006193655129
0.383300000000000 0.999999999994044 0.400013913836502 0.026339144290906 100.001238844420442 0.500006193667183
0.383400000000000 0.999999999994043 0.400019677828347 0.031305099798210 100.001238844420413 0.500006193682591
0.383500000000000 0.999999999994041 0.400026433684949 0.036258536433928 100.001238844419959 0.500006193702447
0.383600000000000 0.999999999994039 0.400034178704373 0.041197470487055 100.001238844419476 0.500006193728025
0.383700000000000 0.999999999994041 0.400042909788351 0.046119921555084 100.001238844419532 0.500006193762029
0.383800000000000 0.999999999994034 0.400052623444748 0.051023931283563 100.001238844419674 0.500006193800088
0.383900000000000 0.999999999994034 0.400063315790353 0.055907547007607 100.001238844419447 0.500006193837613
0.384000000000000 0.999999999994033 0.400074982550637 0.060768808936455 100.001238844419191 0.500006193877521
0.384100000000000 0.999999999994032 0.400087619060760 0.065605773535696 100.001238844419191 0.500006193919182
0.384200000000000 0.999999999994030 0.400101220268241 0.070416507115619 100.001238844418651 0.500006193961789
0.384300000000000 0.999999999994027 0.400115780732552 0.075199061364799 100.001238844418779 0.500006194022943
0.384400000000000 0.999999999994024 0.400131294629152 0.079951545023420 100.001238844418523 0.500006194088024
0.384500000000000 0.999999999994024 0.400147755753514 0.084672049217583 100.001238844418367 0.500006194163777
0.384600000000000 0.999999999994025 0.400165157520222 0.089358672640767 100.001238844418140 0.500006194262491
0.384700000000000 0.999999999994022 0.400183492970298 0.094009583045653 100.001238844417941 0.500006194347307
0.384800000000000 0.999999999994022 0.400202754772462 0.098622888502389 100.001238844418026 0.500006194447189
0.384900000000000 0.999999999994019 0.400222935223342 0.103196759846750 100.001238844417955 0.500006194547080
0.385000000000000 0.999999999994017 0.400244026254307 0.107729372795362 100.001238844417770 0.500006194641248
0.385100000000000 0.999999999994014 0.400266019431985 0.112218903938261 100.001238844417458 0.500006194740733
0.385200000000000 0.999999999994016 0.400288905960724 0.116663553583054 100.001238844417216 0.500006194850536
0.385300000000000 0.999999999994011 0.400312676688213 0.121061554918791 100.001238844417102 0.500006194958423
0.385400000000000 0.999999999994012 0.400337322108548 0.125411138209889 100.001238844416918 0.500006195077383
0.385500000000000 0.999999999994008 0.400362832366699 0.129710582030172 100.001238844417031 0.500006195184940
0.385600000000000 0.999999999994008 0.400389197262425 0.133958155206225 100.001238844416690 0.500006195295603
0.385700000000000 0.999999999994008 0.400416406250383 0.138152137230799 100.001238844416307 0.500006195439254
0.385800000000000 0.999999999994006 0.400444448447554 0.142290872104249 100.001238844416562 0.500006195587724
0.385900000000000 0.999999999994004 0.400473312640719 0.146372713797243 100.001238844416463 0.500006195727911
0.386000000000000 0.999999999994001 0.400502987287791 0.150396019264038 100.001238844416065 0.500006195874909
0.386100000000000 0.999999999994002 0.400533460522526 0.154359189994671 100.001238844416036 0.500006196012857
0.386200000000000 0.999999999993999 0.400564720159268 0.158260629378490 100.001238844415809 0.500006196159334
0.386300000000000 0.999999999993997 0.400596753698646 0.162098797281771 100.001238844415724 0.500006196282374
0.386400000000000 0.999999999993996 0.400629548332021 0.165872140683049 100.001238844415511 0.500006196410459
0.386500000000000 0.999999999993995 0.400663090944374 0.169579148360361 100.001238844415369 0.500006196547593
0.386600000000000 0.999999999993991 0.400697368119571 0.173218320353023 100.001238844415241 0.500006196724029
0.386700000000000 0.999999999993988 0.400732366148137 0.176788223174834 100.001238844415070 0.500006196902892
0.386800000000000 0.999999999993991 0.400768071033601 0.180287419698498 100.001238844415013 0.500006197101051
0.386900000000000 0.999999999993989 0.400804468493389 0.183714484530606 100.001238844414814 0.500006197366318
0.387000000000000 0.999999999993987 0.400841543971371 0.187068110057682 100.001238844414530 0.500006197584161
0.387100000000000 0.999999999993984 0.400879282644459 0.190346933276911 100.001238844414374 0.500006197793887
0.387200000000000 0.999999999993983 0.400917669423650 0.193549657429190 100.001238844414289 0.500006197967397
0.387300000000000 0.999999999993982 0.400956688959095 0.196674970340230 100.001238844413564 0.500006198164666
0.387400000000000 0.999999999993978 0.400996325643250 0.199721606963905 100.001238844412754 0.500006198416423
0.387500000000000 0.999999999993979 0.401036563623877 0.202688386260987 100.001238844413734 0.500006198648917
0.387600000000000 0.999999999993977 0.401077386812113 0.205574122631176 100.001238844413336 0.500006198859689
0.387700000000000 0.999999999993976 0.401118778884898 0.208377659319080 100.001238844413635 0.500006199053706
0.387800000000000 0.999999999993975 0.401160723287695 0.211097837829665 100.001238844414701 0.500006199308849
0.387900000000000 0.999999999993972 0.401203203241022 0.213733566042577 100.001238844413109 0.500006199635559
0.388000000000000 0.999999999993970 0.401246201755818 0.216283841396787 100.001238844412427 0.500006199924533
0.388100000000000 0.999999999993969 0.401289701640958 0.218747645853401 100.001238844412740 0.500006200170750
0.388200000000000 0.999999999993968 0.401333685506909 0.221124013084939 100.001238844412455 0.500006200331421
0.388300000000000 0.999999999993968 0.401378135764839 0.223411915192073 100.001238844412597 0.500006200577245
0.388400000000000 0.999999999993967 0.401423034632845 0.225610450037777 100.001238844412399 0.500006200881121
0.388500000000000 0.999999999993964 0.401468364151730 0.227718746787211 100.001238844412271 0.500006201224841
0.388600000000000 0.999999999993961 0.401514106196312 0.229736017205558 100.001238844411517 0.500006201483353
0.388700000000000 0.999999999993960 0.401560242474965 0.231661383297871 100.001238844412001 0.500006201819558
0.388800000000000 0.999999999993959 0.401606754534765 0.233494109874889 100.001238844411972 0.500006202153607
0.388900000000000 0.999999999993957 0.401653623780726 0.235233513275077 100.001238844411631 0.500006202369854
0.389000000000000 0.999999999993957 0.401700831474627 0.236878843153833 100.001238844411461 0.500006202595885
0.389100000000000 0.999999999993952 0.401748358735395 0.238429421237406 100.001238844411887 0.500006202880057
0.389200000000000 0.999999999993953 0.401796186554019 0.239884647083489 100.001238844411219 0.500006203175884
0.389300000000000 0.999999999993951 0.401844295801924 0.241243925010696 100.001238844411688 0.500006203516531
0.389400000000000 0.999999999993950 0.401892667240550 0.242506750543591 100.001238844410366 0.500006203807667
0.389500000000000 0.999999999993945 0.401941281526527 0.243672581693074 100.001238844411347 0.500006204138664
0.389600000000000 0.999999999993949 0.401990119215241 0.244740944858874 100.001238844410167 0.500006204527660
0.389700000000000 0.999999999993944 0.402039160783502 0.245711530626526 100.001238844410594 0.500006204686183
0.389800000000000 0.999999999993942 0.402088386619883 0.246583764590860 100.001238844410523 0.500006205070884
0.389900000000000 0.999999999993939 0.402137777028642 0.247357377136259 100.001238844410551 0.500006205487550
0.390000000000000 0.999999999993939 0.402187312259217 0.248032091427039 100.001238844409897 0.500006205855548
0.390100000000000 0.999999999993937 0.402236972505744 0.248607630698018 100.001238844409585 0.500006206191783
0.390200000000000 0.999999999993937 0.402286737907902 0.249083726909667 100.001238844410210 0.500006206590218
0.390300000000000 0.999999999993934 0.402336588559521 0.249460187753939 100.001238844409173 0.500006207055666
0.390400000000000 0.999999999993934 0.402386504532628 0.249736990833313 100.001238844409414 0.500006207268248
0.390500000000000 0.999999999993932 0.402436465870414 0.249913869388307 100.001238844409443 0.500006207617456
0.390600000000000 0.999999999993930 0.402486452586772 0.249990795285390 100.001238844409158 0.500006207996759
0.390700000000000 0.999999999993929 0.402536444696682 0.249967809609336 100.001238844408817 0.500006208226417
0.390800000000000 0.999999999993927 0.402586422207669 0.249844794927855 100.001238844409230 0.500006208622920
0.390900000000000 0.999999999993928 0.402636365130007 0.249621896709691 100.001238844408903 0.500006208945377
0.391000000000000 0.999999999993925 0.402686253495574 0.249299186391787 100.001238844408789 0.500006209238118
0.391100000000000 0.999999999993924 0.402736067350240 0.248876731499518 100.001238844408491 0.500006209654293
0.391200000000000 0.999999999993924 0.402785786768228 0.248354748807131 100.001238844408647 0.500006210074296
0.391300000000000 0.999999999993922 0.402835391866851 0.247733452350192 100.001238844408391 0.500006210484861
0.391400000000000 0.999999999993919 0.402884862806938 0.247013062785990 100.001238844408107 0.500006210954641
0.391500000000000 0.999999999993917 0.402934179800047 0.246193866375747 100.001238844407965 0.500006211487507
0.391600000000000 0.999999999993915 0.402983323124315 0.245276243445343 100.001238844407894 0.500006211953198
0.391700000000000 0.999999999993913 0.403032273134274 0.244260578311574 100.001238844407851 0.500006212309639
0.391800000000000 0.999999999993912 0.403081010260667 0.243147248384540 100.001238844407709 0.500006212627586
0.391900000000000 0.999999999993909 0.403129515015134 0.241936684746543 100.001238844407084 0.500006212941690
0.392000000000000 0.999999999993908 0.403177768002711 0.240629391022956 100.001238844407041 0.500006213204753
0.392100000000000 0.999999999993908 0.403225749926320 0.239225842533260 100.001238844407084 0.500006213531155
0.392200000000000 0.999999999993905 0.403273441590590 0.237726579758917 100.001238844406799 0.500006213969516
0.392300000000000 0.999999999993904 0.403320823918875 0.236132250499653 100.001238844406672 0.500006214403893
0.392400000000000 0.999999999993904 0.403367877962055 0.234443482329721 100.001238844406174 0.500006214857611
0.392500000000000 0.999999999993904 0.403414584908953 0.232661027882604 100.001238844405762 0.500006215149659
0.392600000000000 0.999999999993899 0.403460926088453 0.230785534774560 100.001238844406842 0.500006215433434
0.392700000000000 0.999999999993898 0.403506882964885 0.228817708525595 100.001238844405520 0.500006215811225
0.392800000000000 0.999999999993899 0.403552437152659 0.226758345829267 100.001238844405506 0.500006216258895
0.392900000000000 0.999999999993895 0.403597570432287 0.224608309987186 100.001238844406373 0.500006216685186
0.393000000000000 0.999999999993895 0.403642264765214 0.222368549223768 100.001238844406203 0.500006216892583
0.393100000000000 0.999999999993892 0.403686502281128 0.220039797351056 100.001238844404952 0.500006217243578
0.393200000000000 0.999999999993894 0.403730265279424 0.217623016638389 100.001238844406060 0.500006217666966
0.393300000000000 0.999999999993889 0.403773536249661 0.215119147248570 100.001238844404810 0.500006218217726
0.393400000000000 0.999999999993889 0.403816297882236 0.212529257010036 100.001238844404696 0.500006218750232
0.393500000000000 0.999999999993889 0.403858533085570 0.209854460595599 100.001238844404469 0.500006219097683
0.393600000000000 0.999999999993886 0.403900224977922 0.207095739924302 100.001238844404227 0.500006219447565
0.393700000000000 0.999999999993885 0.403941356886922 0.204254207242451 100.001238844405293 0.500006219780901
0.393800000000000 0.999999999993883 0.403981912360234 0.201330950234019 100.001238844403957 0.500006220196590
0.393900000000000 0.999999999993883 0.404021875179759 0.198327224559454 100.001238844404938 0.500006220518648
0.394000000000000 0.999999999993882 0.404061229365393 0.195244155233199 100.001238844403687 0.500006220899545
0.394100000000000 0.999999999993878 0.404099959177075 0.192083016573944 100.001238844404753 0.500006221256915
0.394200000000000 0.999999999993877 0.404138049128619 0.188845073854323 100.001238844404014 0.500006221588956
0.394300000000000 0.999999999993876 0.404175483990901 0.185531632566026 100.001238844403787 0.500006221876276
0.394400000000000 0.999999999993874 0.404212248801405 0.182144054684822 100.001238844403659 0.500006222052341
0.394500000000000 0.999999999993874 0.404248328859833 0.178683599263595 100.001238844403460 0.500006222293584
0.394600000000000 0.999999999993870 0.404283709728114 0.175151628689464 100.001238844403261 0.500006222635152
0.394700000000000 0.999999999993869 0.404318377256253 0.171549662556967 100.001238844403233 0.500006222886880
0.394800000000000 0.999999999993866 0.404352317582664 0.167879066217658 100.001238844402991 0.500006223179582
0.394900000000000 0.999999999993865 0.404385517126932 0.164141284548246 100.001238844403048 0.500006223549151
0.395000000000000 0.999999999993865 0.404417962612294 0.160337911461866 100.001238844402778 0.500006223830792
0.395100000000000 0.999999999993863 0.404449641068692 0.156470419617772 100.001238844402650 0.500006224104653
0.395200000000000 0.999999999993863 0.404480539826624 0.152540341833347 100.001238844402508 0.500006224391981
0.395300000000000 0.999999999993859 0.404510646526005 0.148549239638475 100.001238844402394 0.500006224706799
0.395400000000000 0.999999999993858 0.404539949120672 0.144498691266741 100.001238844402209 0.500006225073101
0.395500000000000 0.999999999993859 0.404568435892365 0.140390396424541 100.001238844401996 0.500006225373541
0.395600000000000 0.999999999993855 0.404596095458302 0.136226013808393 100.001238844401854 0.500006225589444
0.395700000000000 0.999999999993855 0.404622916748486 0.132007010918021 100.001238844401698 0.500006225990546
0.395800000000000 0.999999999993852 0.404648889040232 0.127735394101004 100.001238844401470 0.500006226150060
0.395900000000000 0.999999999993851 0.404674001960339 0.123412651809130 100.001238844401414 0.500006226359019
0.396000000000000 0.999999999993851 0.404698245458674 0.119040523732017 100.001238844401456 0.500006226600227
0.396100000000000 0.999999999993846 0.404721609836778 0.114620790227793 100.001238844401314 0.500006226833252
0.396200000000000 0.999999999993845 0.404744085752374 0.110155231513643 100.001238844401030 0.500006227043556
0.396300000000000 0.999999999993846 0.404765664220588 0.105645643549168 100.001238844400831 0.500006227221235
0.396400000000000 0.999999999993845 0.404786336605740 0.101093719246680 100.001238844400802 0.500006227482287
0.396500000000000 0.999999999993840 0.404806094635488 0.096501403105151 100.001238844400490 0.500006227695816
0.396600000000000 0.999999999993840 0.404824930410874 0.091870483230657 100.001238844400433 0.500006227910552
0.396700000000000 0.999999999993839 0.404842836403836 0.087202881485235 100.001238844400262 0.500006228062724
0.396800000000000 0.999999999993835 0.404859805450365 0.082500316656736 100.001238844399978 0.500006228282956
0.396900000000000 0.999999999993835 0.404875830759962 0.077764803575804 100.001238844399865 0.500006228454896
0.397000000000000 0.999999999993833 0.404890905930072 0.072998209353057 100.001238844399666 0.500006228602808
0.397100000000000 0.999999999993833 0.404905024931623 0.068202400072408 100.001238844399609 0.500006228756621
0.397200000000000 0.999999999993832 0.404918182123536 0.063379391570490 100.001238844399381 0.500006228849644
0.397300000000000 0.999999999993829 0.404930372254313 0.058531063797317 100.001238844399353 0.500006228918935
0.397400000000000 0.999999999993828 0.404941590453267 0.053659344568583 100.001238844399211 0.500006228973488
0.397500000000000 0.999999999993825 0.404951832232326 0.048766132686530 100.001238844398870 0.500006229039954
0.397600000000000 0.999999999993825 0.404961093488245 0.043853377570497 100.001238844398856 0.500006229118323
0.397700000000000 0.999999999993822 0.404969370508284 0.038923035034672 100.001238844398898 0.500006229207891
0.397800000000000 0.999999999993820 0.404976659975513 0.033977107274290 100.001238844398571 0.500006229292479
0.397900000000000 0.999999999993821 0.404982958982139 0.029017685050803 100.001238844398486 0.500006229334585
0.398000000000000 0.999999999993819 0.404988265020263 0.024046678002162 100.001238844398173 0.500006229363285
0.398100000000000 0.999999999993817 0.404992575957305 0.019065928036441 100.001238844398046 0.500006229411785
0.398200000000000 0.999999999993815 0.404995890060799 0.014077594064206 100.001238844397989 0.500006229439561
0.398300000000000 0.999999999993814 0.404998206020145 0.009083738066311 100.001238844397733 0.500006229443128
0.398400000000000 0.999999999993811 0.404999522917995 0.004086229713335 100.001238844397733 0.500006229441948
0.398500000000000 0.999999999993810 0.404999840227976 -0.000912889987223 100.001238844397406 0.500006229433390
0.398600000000000 0.999999999993809 0.404999157819568 -0.005911703634173 100.001238844397108 0.500006229416910
0.398700000000000 0.999999999993809 0.404997475952256 -0.010908229454570 100.001238844397278 0.500006229384940
0.398800000000000 0.999999999993805 0.404994795291517 -0.015900388354262 100.001238844396980 0.500006229340508
0.398900000000000 0.999999999993803 0.404991116918499 -0.020886100584699 100.001238844396823 0.500006229299802
0.399000000000000 0.999999999993805 0.404986442309079 -0.025863498725504 100.001238844396482 0.500006229242177
0.399100000000000 0.999999999993800 0.404980773327713 -0.030830566621205 100.001238844396852 0.500006229171036
0.399200000000000 0.999999999993800 0.404974112248116 -0.035785225245901 100.001238844396298 0.500006229116153
0.399300000000000 0.999999999993799 0.404966461736964 -0.040725623996193 100.001238844396312 0.500006229035624
0.399400000000000 0.999999999993798 0.404957824845161 -0.045649772133242 100.001238844395928 0.500006228930674
0.399500000000000 0.999999999993795 0.404948205021900 -0.050555675936732 100.001238844396113 0.500006228809728
0.399600000000000 0.999999999993794 0.404937606108847 -0.055441405604269 100.001238844395985 0.500006228654527
0.399700000000000 0.999999999993793 0.404926032345483 -0.060304911676030 100.001238844395743 0.500006228516363
0.399800000000000 0.999999999993790 0.404913488369294 -0.065144261905167 100.001238844395459 0.500006228392723
0.399900000000000 0.999999999993789 0.404899979199479 -0.069957571959991 100.001238844394962 0.500006228253086
0.400000000000000 0.999999999993787 0.404885510233291 -0.074742946071356 100.001238844395175 0.500006228075362
0.400100000000000 0.999999999993785 0.404870087257440 -0.079498384669861 100.001238844395246 0.500006227922026
0.400200000000000 0.999999999993785 0.404853716440773 -0.084222065130127 100.001238844394805 0.500006227732806
0.400300000000000 0.999999999993785 0.404836404326278 -0.088912069528955 100.001238844394507 0.500006227529547
0.400400000000000 0.999999999993781 0.404818157837163 -0.093566512398066 100.001238844394607 0.500006227321030
0.400500000000000 0.999999999993780 0.404798984275317 -0.098183492848063 100.001238844394436 0.500006227145980
0.400600000000000 0.999999999993779 0.404778891314833 -0.102761187804153 100.001238844394095 0.500006226985385
0.400700000000000 0.999999999993777 0.404757886991145 -0.107297808426205 100.001238844394294 0.500006226797329
0.400800000000000 0.999999999993776 0.404735979702362 -0.111791516205449 100.001238844394010 0.500006226606723
0.400900000000000 0.999999999993773 0.404713178211321 -0.116240501823325 100.001238844393868 0.500006226428097
0.401000000000000 0.999999999993771 0.404689491636905 -0.120643013373472 100.001238844393384 0.500006226230750
0.401100000000000 0.999999999993771 0.404664929445769 -0.124997326895810 100.001238844393470 0.500006225968642
0.401200000000000 0.999999999993770 0.404639501461572 -0.129301593742415 100.001238844393299 0.500006225774385
0.401300000000000 0.999999999993767 0.404613217856365 -0.133554178933025 100.001238844393043 0.500006225539804
0.401400000000000 0.999999999993767 0.404586089141936 -0.137753319493739 100.001238844392915 0.500006225347422
0.401500000000000 0.999999999993766 0.404558126159934 -0.141897480612063 100.001238844392731 0.500006224998132
0.401600000000000 0.999999999993763 0.404529340089371 -0.145984823408299 100.001238844392674 0.500006224744533
0.401700000000000 0.999999999993761 0.404499742447601 -0.150013799953665 100.001238844392503 0.500006224464700
0.401800000000000 0.999999999993761 0.404469345065237 -0.153982829166687 100.001238844392347 0.500006224111666
0.401900000000000 0.999999999993757 0.404438160093135 -0.157890288251382 100.001238844391935 0.500006223737616
0.402000000000000 0.999999999993757 0.404406200003676 -0.161734584553548 100.001238844391935 0.500006223390065
0.402100000000000 0.999999999993754 0.404373477586892 -0.165514132497470 100.001238844391963 0.500006223150138
0.402200000000000 0.999999999993755 0.404340005927292 -0.169227574833803 100.001238844391708 0.500006222765042
0.402300000000000 0.999999999993753 0.404305798400548 -0.172873357605602 100.001238844391651 0.500006222346495
0.402400000000000 0.999999999993752 0.404270868691469 -0.176449940143437 100.001238844391651 0.500006222038191
0.402500000000000 0.999999999993749 0.404235230771526 -0.179955996933668 100.001238844391082 0.500006221658442
0.402600000000000 0.999999999993748 0.404198898891374 -0.183390064118534 100.001238844391125 0.500006221317075
0.402700000000000 0.999999999993747 0.404161887590009 -0.186750719401549 100.001238844391139 0.500006221106747
0.402800000000000 0.999999999993744 0.404124211677594 -0.190036672960677 100.001238844390798 0.500006220930772
0.402900000000000 0.999999999993743 0.404085886221345 -0.193246643997532 100.001238844391708 0.500006220726654
0.403000000000000 0.999999999993743 0.404046926537210 -0.196379426914491 100.001238844390585 0.500006220341184
0.403100000000000 0.999999999993741 0.404007348195497 -0.199433684282162 100.001238844390315 0.500006219936155
0.403200000000000 0.999999999993739 0.403967167027594 -0.202408141330027 100.001238844390116 0.500006219618750
0.403300000000000 0.999999999993735 0.403926399106276 -0.205301658512731 100.001238844389391 0.500006219290074
0.403400000000000 0.999999999993736 0.403885060730966 -0.208113109440794 100.001238844389945 0.500006218886420
0.403500000000000 0.999999999993735 0.403843168428462 -0.210841346030707 100.001238844389093 0.500006218455784
0.403600000000000 0.999999999993734 0.403800738946856 -0.213485304184125 100.001238844389349 0.500006217940615
0.403700000000000 0.999999999993729 0.403757789258702 -0.216043803268278 100.001238844389746 0.500006217604191
0.403800000000000 0.999999999993728 0.403714336557061 -0.218515816569784 100.001238844388482 0.500006217458949
0.403900000000000 0.999999999993727 0.403670398223445 -0.220900486579025 100.001238844388979 0.500006217221514
0.404000000000000 0.999999999993725 0.403625991817947 -0.223196886793816 100.001238844389604 0.500006216829443
0.404100000000000 0.999999999993725 0.403581135094483 -0.225404004344948 100.001238844388837 0.500006216491754
0.404200000000000 0.999999999993722 0.403535845991272 -0.227521008119859 100.001238844389462 0.500006216093111
0.404300000000000 0.999999999993723 0.403490142615016 -0.229547045481889 100.001238844388723 0.500006215646327
0.404400000000000 0.999999999993719 0.403444043238196 -0.231481311076381 100.001238844388183 0.500006215139537
0.404500000000000 0.999999999993719 0.403397566297749 -0.233322965134981 100.001238844388595 0.500006214726121
0.404600000000000 0.999999999993717 0.403350730385360 -0.235071299235713 100.001238844388340 0.500006214342241
0.404700000000000 0.999999999993715 0.403303554233508 -0.236725615238032 100.001238844388240 0.500006213986066
0.404800000000000 0.999999999993714 0.403256056710226 -0.238285253878889 100.001238844386961 0.500006213652705
0.404900000000000 0.999999999993709 0.403208256806300 -0.239749647869696 100.001238844387359 0.500006213207694
0.405000000000000 0.999999999993711 0.403160173634269 -0.241118147613510 100.001238844387785 0.500006212803731
0.405100000000000 0.999999999993710 0.403111826425219 -0.242390216073777 100.001238844386023 0.500006212416836
0.405200000000000 0.999999999993709 0.403063234516145 -0.243565331613826 100.001238844386890 0.500006212078811
0.405300000000000 0.999999999993707 0.403014417342932 -0.244643026434082 100.001238844387160 0.500006211785150
0.405400000000000 0.999999999993706 0.402965394425358 -0.245622929593107 100.001238844385981 0.500006211389162
0.405500000000000 0.999999999993702 0.402916185369044 -0.246504553581600 100.001238844386336 0.500006211125605
0.405600000000000 0.999999999993701 0.402866809856955 -0.247287610823132 100.001238844386222 0.500006210835034
0.405700000000000 0.999999999993700 0.402817287625242 -0.247971860174979 100.001238844386194 0.500006210339011
0.405800000000000 0.999999999993699 0.402767638478741 -0.248556855433198 100.001238844385881 0.500006210065218
0.405900000000000 0.999999999993695 0.402717882278885 -0.249042474232624 100.001238844385824 0.500006209737112
0.406000000000000 0.999999999993694 0.402668038917307 -0.249428538541407 100.001238844385611 0.500006209314369
0.406100000000000 0.999999999993693 0.402618128328150 -0.249714800085365 100.001238844385881 0.500006209031180
0.406200000000000 0.999999999993694 0.402568170472849 -0.249901234793473 100.001238844385853 0.500006208662174
0.406300000000000 0.999999999993689 0.402518185325240 -0.249987744391863 100.001238844385654 0.500006208266624
0.406400000000000 0.999999999993690 0.402468192876685 -0.249974250019893 100.001238844384275 0.500006207955313
0.406500000000000 0.999999999993688 0.402418213118802 -0.249860828027488 100.001238844384829 0.500006207551017
0.406600000000000 0.999999999993687 0.402368266034177 -0.249647493515818 100.001238844384460 0.500006207129606
0.406700000000000 0.999999999993684 0.402318371599849 -0.249334285704452 100.001238844384616 0.500006206806316
0.406800000000000 0.999999999993681 0.402268549772553 -0.248921368173397 100.001238844384062 0.500006206485544
0.406900000000000 0.999999999993682 0.402218820474440 -0.248408924198682 100.001238844384275 0.500006206122253
0.407000000000000 0.999999999993678 0.402169203591774 -0.247797129602464 100.001238844384119 0.500006205789013
0.407100000000000 0.999999999993680 0.402119718970630 -0.247086209850534 100.001238844383636 0.500006205533328
0.407200000000000 0.999999999993677 0.402070386398258 -0.246276527442939 100.001238844382939 0.500006205161898
0.407300000000000 0.999999999993676 0.402021225595699 -0.245368383502402 100.001238844383778 0.500006204731304
0.407400000000000 0.999999999993673 0.401972256226586 -0.244362049761510 100.001238844383934 0.500006204466235
0.407500000000000 0.999999999993673 0.401923497881748 -0.243257981902388 100.001238844383607 0.500006204235617
0.407600000000000 0.999999999993671 0.401874970060032 -0.242056645331116 100.001238844383778 0.500006203981177
0.407700000000000 0.999999999993667 0.401826692164663 -0.240758530408022 100.001238844382200 0.500006203679234
0.407800000000000 0.999999999993667 0.401778683500149 -0.239364134640765 100.001238844382996 0.500006203382327
0.407900000000000 0.999999999993665 0.401730963262588 -0.237874044748706 100.001238844382456 0.500006203021057
0.408000000000000 0.999999999993664 0.401683550532636 -0.236288828387723 100.001238844381447 0.500006202663404
0.408100000000000 0.999999999993663 0.401636464274391 -0.234609082569326 100.001238844382215 0.500006202396423
0.408200000000000 0.999999999993660 0.401589723320859 -0.232835522049444 100.001238844383423 0.500006202118400
0.408300000000000 0.999999999993659 0.401543346365940 -0.230968823366837 100.001238844381902 0.500006201905520
0.408400000000000 0.999999999993661 0.401497351950500 -0.229009840091630 100.001238844381604 0.500006201510341
0.408500000000000 0.999999999993655 0.401451758459599 -0.226959278871621 100.001238844381859 0.500006201111301
0.408600000000000 0.999999999993655 0.401406584135001 -0.224817862858982 100.001238844381334 0.500006200927563
0.408700000000000 0.999999999993655 0.401361847047838 -0.222586575170867 100.001238844380623 0.500006200671564
0.408800000000000 0.999999999993650 0.401317565082975 -0.220266298354430 100.001238844380509 0.500006200366443
0.408900000000000 0.999999999993647 0.401273755947410 -0.217857927584562 100.001238844380481 0.500006200084951
0.409000000000000 0.999999999993651 0.401230437160535 -0.215362443505179 100.001238844381390 0.500006199788886
0.409100000000000 0.999999999993649 0.401187626050063 -0.212780783201029 100.001238844380254 0.500006199609081
0.409200000000000 0.999999999993648 0.401145339742950 -0.210114016045552 100.001238844380083 0.500006199464805
0.409300000000000 0.999999999993643 0.401103595150433 -0.207363230829463 100.001238844380396 0.500006199308493
0.409400000000000 0.999999999993644 0.401062408967268 -0.204529503404382 100.001238844380225 0.500006199190345
0.409500000000000 0.999999999993643 0.401021797660610 -0.201614034425385 100.001238844380055 0.500006198972328
0.409600000000000 0.999999999993639 0.400981777468495 -0.198617914068809 100.001238844379913 0.500006198808951
0.409700000000000 0.999999999993639 0.400942364393366 -0.195542407864316 100.001238844379813 0.500006198565867
0.409800000000000 0.999999999993637 0.400903574191096 -0.192388719421391 100.001238844379714 0.500006198296587
0.409900000000000 0.999999999993634 0.400865422374059 -0.189158077269706 100.001238844379628 0.500006198064612
0.410000000000000 0.999999999993633 0.400827924203497 -0.185851764841982 100.001238844379387 0.500006197884878
0.410100000000000 0.999999999993634 0.400791094678693 -0.182471117835017 100.001238844379174 0.500006197730887
0.410200000000000 0.999999999993631 0.400754948526255 -0.179017527654019 100.001238844379088 0.500006197530417
0.410300000000000 0.999999999993632 0.400719500199445 -0.175492337830768 100.001238844378960 0.500006197351988
0.410400000000000 0.999999999993628 0.400684763874962 -0.171896969938132 100.001238844378861 0.500006197174342
0.410500000000000 0.999999999993626 0.400650753443091 -0.168232866978971 100.001238844378548 0.500006196988751
0.410600000000000 0.999999999993624 0.400617482504211 -0.164501485269316 100.001238844378491 0.500006196810712
0.410700000000000 0.999999999993624 0.400584964364333 -0.160704312169485 100.001238844378221 0.500006196647945
0.410800000000000 0.999999999993622 0.400553212028753 -0.156842867661146 100.001238844378065 0.500006196497613
0.410900000000000 0.999999999993621 0.400522238196021 -0.152918699347481 100.001238844377895 0.500006196354019
0.411000000000000 0.999999999993618 0.400492055252526 -0.148933381902216 100.001238844377568 0.500006196208874
0.411100000000000 0.999999999993617 0.400462675266575 -0.144888521842628 100.001238844377667 0.500006196043691
0.411200000000000 0.999999999993616 0.400434109984991 -0.140785727427300 100.001238844377482 0.500006195873063
0.411300000000000 0.999999999993613 0.400406370831907 -0.136626617131620 100.001238844377269 0.500006195728462
0.411400000000000 0.999999999993614 0.400379468902071 -0.132412866802825 100.001238844377156 0.500006195591734
0.411500000000000 0.999999999993612 0.400353414954117 -0.128146162085703 100.001238844376942 0.500006195461936
0.411600000000000 0.999999999993610 0.400328219406318 -0.123828221180695 100.001238844376900 0.500006195323875
0.411700000000000 0.999999999993608 0.400303892335806 -0.119460737837718 100.001238844376630 0.500006195218618
0.411800000000000 0.999999999993606 0.400280443472146 -0.115045493435629 100.001238844376530 0.500006195103211
0.411900000000000 0.999999999993604 0.400257882190910 -0.110584248032614 100.001238844376275 0.500006194985034
0.412000000000000 0.999999999993605 0.400236217514922 -0.106078768643909 100.001238844376189 0.500006194883182
0.412100000000000 0.999999999993603 0.400215458109224 -0.101530865911127 100.001238844376118 0.500006194787411
0.412200000000000 0.999999999993601 0.400195612275025 -0.096942367924072 100.001238844375834 0.500006194688232
0.412300000000000 0.999999999993599 0.400176687948398 -0.092315098784913 100.001238844375763 0.500006194596597
0.412400000000000 0.999999999993597 0.400158692698646 -0.087650901805749 100.001238844375592 0.500006194518685
0.412500000000000 0.999999999993596 0.400141633722791 -0.082951656924907 100.001238844375479 0.500006194440769
0.412600000000000 0.999999999993595 0.400125517841825 -0.078219245047785 100.001238844375223 0.500006194361878
0.412700000000000 0.999999999993594 0.400110351500229 -0.073455550884319 100.001238844375123 0.500006194288525
0.412800000000000 0.999999999993591 0.400096140763165 -0.068662482739149 100.001238844374939 0.500006194218339
0.412900000000000 0.999999999993592 0.400082891313602 -0.063841954820147 100.001238844374882 0.500006194153174
0.413000000000000 0.999999999993588 0.400070608449897 -0.058995899220976 100.001238844374683 0.500006194090205
0.413100000000000 0.999999999993586 0.400059297083076 -0.054126257147128 100.001238844374640 0.500006194027765
0.413200000000000 0.999999999993586 0.400048961735914 -0.049234970409733 100.001238844374512 0.500006193969327
0.413300000000000 0.999999999993585 0.400039606541876 -0.044323990661199 100.001238844374157 0.500006193917162
0.413400000000000 0.999999999993584 0.400031235242744 -0.039395283250890 100.001238844374100 0.500006193870400
0.413500000000000 0.999999999993581 0.400023851186643 -0.034450819861140 100.001238844373802 0.500006193828640
0.413600000000000 0.999999999993579 0.400017457326670 -0.029492579205141 100.001238844373802 0.500006193791331
0.413700000000000 0.999999999993579 0.400012056219744 -0.024522544556813 100.001238844373731 0.500006193758200
0.413800000000000 0.999999999993578 0.400007650025525 -0.019542704941412 100.001238844373276 0.500006193728832
0.413900000000000 0.999999999993573 0.400004240505775 -0.014555051527536 100.001238844373248 0.500006193703637
0.414000000000000 0.999999999993573 0.400001829024113 -0.009561575537429 100.001238844373148 0.500006193683422
0.414100000000000 0.999999999993572 0.400000416544796 -0.004564278638925 100.001238844373063 0.500006193667371
0.414200000000000 0.999999999993570 0.400000003632185 0.000434841459399 100.001238844372665 0.500006193655505
0.414300000000000 0.999999999993570 0.400000590451610 0.005433791372649 100.001238844372622 0.500006193648072
0.414400000000000 0.999999999993568 0.400002176768914 0.010430569746608 100.001238844372892 0.500006193645154
0.414500000000000 0.999999999993565 0.400004761950166 0.015423181687076 100.001238844372409 0.500006193646079
0.414600000000000 0.999999999993564 0.400008344961497 0.020409619041189 100.001238844372551 0.500006193652652
0.414700000000000 0.999999999993564 0.400012924369329 0.025387894171369 100.001238844372153 0.500006193663960
0.414800000000000 0.999999999993562 0.400018498342467 0.030356018355266 100.001238844372125 0.500006193679497
0.414900000000000 0.999999999993559 0.400025064651719 0.035311999581932 100.001238844372011 0.500006193700778
0.415000000000000 0.999999999993559 0.400032620671270 0.040253864868410 100.001238844371755 0.500006193724518
0.415100000000000 0.999999999993559 0.400041163380078 0.045179633349603 100.001238844371784 0.500006193752022
0.415200000000000 0.999999999993555 0.400050689361880 0.050087333462669 100.001238844371443 0.500006193784264
0.415300000000000 0.999999999993556 0.400061194806588 0.054974997534331 100.001238844371358 0.500006193824292
0.415400000000000 0.999999999993554 0.400072675512667 0.059840678965819 100.001238844371258 0.500006193868271
0.415500000000000 0.999999999993551 0.400085126888356 0.064682422076343 100.001238844370988 0.500006193922280
0.415600000000000 0.999999999993549 0.400098543953553 0.069498298823654 100.001238844370974 0.500006193981470
0.415700000000000 0.999999999993547 0.400112921343385 0.074286388869277 100.001238844370519 0.500006194041783
0.415800000000000 0.999999999993547 0.400128253308599 0.079044768625877 100.001238844370931 0.500006194109408
0.415900000000000 0.999999999993544 0.400144533717661 0.083771539238683 100.001238844370306 0.500006194181250
0.416000000000000 0.999999999993543 0.400161756061170 0.088464820722999 100.001238844370192 0.500006194248081
0.416100000000000 0.999999999993542 0.400179913452707 0.093122721506853 100.001238844370079 0.500006194322502
0.416200000000000 0.999999999993541 0.400198998628889 0.097743362227639 100.001238844369837 0.500006194420686
0.416300000000000 0.999999999993540 0.400219003956524 0.102324925365170 100.001238844369823 0.500006194514034
0.416400000000000 0.999999999993536 0.400239921437661 0.106865580943613 100.001238844369766 0.500006194599411
0.416500000000000 0.999999999993535 0.400261742708808 0.111363503491727 100.001238844369325 0.500006194686155
0.416600000000000 0.999999999993533 0.400284459044021 0.115816893458324 100.001238844369283 0.500006194775020
0.416700000000000 0.999999999993533 0.400308061359204 0.120223968108557 100.001238844369297 0.500006194868025
0.416800000000000 0.999999999993530 0.400332540215357 0.124582960870121 100.001238844369027 0.500006194970320
0.416900000000000 0.999999999993530 0.400357885823035 0.128892133615276 100.001238844368842 0.500006195075928
0.417000000000000 0.999999999993528 0.400384088045699 0.133149753064576 100.001238844368800 0.500006195197933
0.417100000000000 0.999999999993528 0.400411136404022 0.137354125049931 100.001238844368771 0.500006195325499
0.417200000000000 0.999999999993524 0.400439020079800 0.141503554077404 100.001238844368430 0.500006195478369
0.417300000000000 0.999999999993523 0.400467727921295 0.145596400386701 100.001238844367975 0.500006195629468
0.417400000000000 0.999999999993522 0.400497248449532 0.149631031841710 100.001238844368032 0.500006195771518
0.417500000000000 0.999999999993522 0.400527569858984 0.153605813410133 100.001238844367890 0.500006195936531
0.417600000000000 0.999999999993519 0.400558680023663 0.157519175983256 100.001238844368018 0.500006196093569
0.417700000000000 0.999999999993517 0.400590566502700 0.161369539317502 100.001238844367464 0.500006196266384
0.417800000000000 0.999999999993515 0.400623216542806 0.165155359350690 100.001238844367506 0.500006196462389
0.417900000000000 0.999999999993514 0.400656617085642 0.168875129148135 100.001238844367293 0.500006196670454
0.418000000000000 0.999999999993512 0.400690754775809 0.172527386049011 100.001238844367236 0.500006196848330
0.418100000000000 0.999999999993512 0.400725615964030 0.176110652558959 100.001238844367137 0.500006197024070
0.418200000000000 0.999999999993511 0.400761186710968 0.179623506226724 100.001238844366981 0.500006197178892
0.418300000000000 0.999999999993508 0.400797452787462 0.183064470541391 100.001238844366753 0.500006197441836
0.418400000000000 0.999999999993507 0.400834399688449 0.186432263385909 100.001238844366583 0.500006197642931
0.418500000000000 0.999999999993506 0.400872012643102 0.189725507895416 100.001238844366412 0.500006197836289
0.418600000000000 0.999999999993505 0.400910276609136 0.192942865164026 100.001238844366355 0.500006198063437
0.418700000000000 0.999999999993502 0.400949176286030 0.196083093880909 100.001238844365020 0.500006198237086
0.418800000000000 0.999999999993501 0.400988696120225 0.199144904191265 100.001238844366185 0.500006198422864
0.418900000000000 0.999999999993499 0.401028820303772 0.202127041100428 100.001238844365460 0.500006198682361
0.419000000000000 0.999999999993498 0.401069532789149 0.205028363979802 100.001238844365560 0.500006198911636
0.419100000000000 0.999999999993496 0.401110817297858 0.207847703833463 100.001238844365517 0.500006199127734
0.419200000000000 0.999999999993495 0.401152657323132 0.210583946413792 100.001238844364821 0.500006199302493
0.419300000000000 0.999999999993492 0.401195036135553 0.213235979658432 100.001238844364863 0.500006199472665
0.419400000000000 0.999999999993491 0.401237936781927 0.215802677242478 100.001238844364508 0.500006199779058
0.419500000000000 0.999999999993490 0.401281342103528 0.218283111530248 100.001238844366100 0.500006200010201
0.419600000000000 0.999999999993488 0.401325234746018 0.220676251806794 100.001238844364210 0.500006200249208
0.419700000000000 0.999999999993488 0.401369597159250 0.222981172006238 100.001238844365361 0.500006200427530
0.419800000000000 0.999999999993485 0.401414411602339 0.225196889554500 100.001238844364480 0.500006200680244
0.419900000000000 0.999999999993486 0.401459660150310 0.227322546071215 100.001238844365076 0.500006200945982
0.420000000000000 0.999999999993484 0.401505324709671 0.229357315764271 100.001238844364181 0.500006201169367
0.420100000000000 0.999999999993480 0.401551387021598 0.231300370481038 100.001238844363570 0.500006201382936
0.420200000000000 0.999999999993481 0.401597828659485 0.233150859394141 100.001238844363940 0.500006201757777
0.420300000000000 0.999999999993477 0.401644631039528 0.234908060204570 100.001238844363797 0.500006202254552
0.420400000000000 0.999999999993476 0.401691775447328 0.236571392715270 100.001238844364849 0.500006202585973
0.420500000000000 0.999999999993475 0.401739243037102 0.238140122555104 100.001238844363513 0.500006202913804
0.420600000000000 0.999999999993474 0.401787014826446 0.239613616404170 100.001238844363442 0.500006203252248
0.420700000000000 0.999999999993470 0.401835071715070 0.240991329672022 100.001238844363257 0.500006203493921
0.420800000000000 0.999999999993470 0.401883394487130 0.242272650271758 100.001238844362391 0.500006203785496
0.420900000000000 0.999999999993471 0.401931963815476 0.243457077427918 100.001238844363428 0.500006204099181
0.421000000000000 0.999999999993466 0.401980760273982 0.244544122082311 100.001238844362547 0.500006204472535
0.421100000000000 0.999999999993466 0.402029764346687 0.245533374912260 100.001238844362263 0.500006204843687
0.421200000000000 0.999999999993467 0.402078956434845 0.246424417852833 100.001238844363257 0.500006205267791
0.421300000000000 0.999999999993464 0.402128316862674 0.247216896313209 100.001238844362177 0.500006205740580
0.421400000000000 0.999999999993462 0.402177825895579 0.247910578864317 100.001238844362348 0.500006206050631
0.421500000000000 0.999999999993460 0.402227463740900 0.248505117069737 100.001238844362121 0.500006206373255
0.421600000000000 0.999999999993458 0.402277210548918 0.249000287626379 100.001238844361950 0.500006206672438
0.421700000000000 0.999999999993457 0.402327046426256 0.249395877004576 100.001238844361851 0.500006206986702
0.421800000000000 0.999999999993456 0.402376951445685 0.249691761077918 100.001238844361666 0.500006207230944
0.421900000000000 0.999999999993452 0.402426905651635 0.249887779958348 100.001238844361382 0.500006207508749
0.422000000000000 0.999999999993452 0.402476889062396 0.249983830695707 100.001238844361353 0.500006207881499
0.422100000000000 0.999999999993449 0.402526881689616 0.249979951920371 100.001238844360529 0.500006208156477
0.422200000000000 0.999999999993449 0.402576863541220 0.249876066113039 100.001238844360344 0.500006208531241
0.422300000000000 0.999999999993445 0.402626814626398 0.249672264275749 100.001238844360373 0.500006208882012
0.422400000000000 0.999999999993445 0.402676714967857 0.249368591592910 100.001238844360159 0.500006209299284
0.422500000000000 0.999999999993444 0.402726544603819 0.248965155561180 100.001238844360842 0.500006209817500
0.422600000000000 0.999999999993443 0.402776283606084 0.248462186553055 100.001238844360472 0.500006210264292
0.422700000000000 0.999999999993442 0.402825912084544 0.247859834510925 100.001238844359662 0.500006210766779
0.422800000000000 0.999999999993441 0.402875410196107 0.247158419879175 100.001238844360671 0.500006211127652
0.422900000000000 0.999999999993439 0.402924758151979 0.246358165087487 100.001238844359037 0.500006211490802
0.423000000000000 0.999999999993436 0.402973936221217 0.245459426376645 100.001238844359818 0.500006211767124
0.423100000000000 0.999999999993436 0.403022924737844 0.244462498175323 100.001238844359079 0.500006212116334
0.423200000000000 0.999999999993435 0.403071704102104 0.243367745037903 100.001238844360216 0.500006212620839
0.423300000000000 0.999999999993434 0.403120254810470 0.242175767457561 100.001238844358838 0.500006212883955
0.423400000000000 0.999999999993430 0.403168557454861 0.240886919437462 100.001238844359236 0.500006213204372
0.423500000000000 0.999999999993431 0.403216592718635 0.239501760791125 100.001238844359136 0.500006213474641
0.423600000000000 0.999999999993427 0.403264341396071 0.238020841681771 100.001238844358966 0.500006213704274
0.423700000000000 0.999999999993426 0.403311784386045 0.236444656593277 100.001238844358852 0.500006214125504
0.423800000000000 0.999999999993423 0.403358902701382 0.234773849583918 100.001238844358156 0.500006214703047
0.423900000000000 0.999999999993424 0.403405677504179 0.233009272652339 100.001238844359136 0.500006215004451
0.424000000000000 0.999999999993423 0.403452090096693 0.231151475410610 100.001238844358980 0.500006215395890
0.424100000000000 0.999999999993420 0.403498121912889 0.229201222849689 100.001238844357715 0.500006215825005
0.424200000000000 0.999999999993418 0.403543754545604 0.227159341602125 100.001238844358681 0.500006216184158
0.424300000000000 0.999999999993417 0.403588969743891 0.225026564892474 100.001238844357346 0.500006216662839
0.424400000000000 0.999999999993415 0.403633749423118 0.222803824214680 100.001238844357246 0.500006217082538
0.424500000000000 0.999999999993414 0.403678075678123 0.220491982054620 100.001238844357061 0.500006217502558
0.424600000000000 0.999999999993412 0.403721930793237 0.218092072752219 100.001238844358070 0.500006217681842
0.424700000000000 0.999999999993413 0.403765297231396 0.215604846005646 100.001238844356791 0.500006218081065
0.424800000000000 0.999999999993410 0.403808157638655 0.213031382671671 100.001238844356735 0.500006218509997
0.424900000000000 0.999999999993408 0.403850494874657 0.210372741423685 100.001238844356749 0.500006218905161
0.425000000000000 0.999999999993407 0.403892292010304 0.207629973258271 100.001238844357673 0.500006219292516
0.425100000000000 0.999999999993407 0.403933532336588 0.204804230029488 100.001238844357459 0.500006219558544
0.425200000000000 0.999999999993404 0.403974199356174 0.201896475459936 100.001238844357161 0.500006220044475
0.425300000000000 0.999999999993402 0.404014276802748 0.198908056897929 100.001238844355953 0.500006220373774
0.425400000000000 0.999999999993402 0.404053748664186 0.195840171376259 100.001238844356976 0.500006220547045
0.425500000000000 0.999999999993400 0.404092599157140 0.192693906548414 100.001238844356891 0.500006220839313
0.425600000000000 0.999999999993398 0.404130812734091 0.189470533588599 100.001238844356692 0.500006221221705
0.425700000000000 0.999999999993397 0.404168374104302 0.186171349531307 100.001238844356010 0.500006221675682
0.425800000000000 0.999999999993398 0.404205268244110 0.182797728756846 100.001238844355910 0.500006222096606
0.425900000000000 0.999999999993394 0.404241480402803 0.179351026533848 100.001238844355825 0.500006222474178
0.426000000000000 0.999999999993393 0.404276996102416 0.175832615620551 100.001238844355626 0.500006222819455
0.426100000000000 0.999999999993392 0.404311801140158 0.172243874331831 100.001238844355413 0.500006223183155
0.426200000000000 0.999999999993389 0.404345881602713 0.168586320717166 100.001238844355271 0.500006223422912
0.426300000000000 0.999999999993386 0.404379223866427 0.164861333107660 100.001238844355100 0.500006223684253
0.426400000000000 0.999999999993387 0.404411814594607 0.161070401880474 100.001238844355086 0.500006223964600
0.426500000000000 0.999999999993384 0.404443640747157 0.157215003537631 100.001238844354717 0.500006224325393
0.426600000000000 0.999999999993381 0.404474689594113 0.153296762656659 100.001238844354702 0.500006224633681
0.426700000000000 0.999999999993382 0.404504948721701 0.149317217269607 100.001238844354418 0.500006224935182
0.426800000000000 0.999999999993381 0.404534406026383 0.145277931601532 100.001238844354233 0.500006225269724
0.426900000000000 0.999999999993378 0.404563049728257 0.141180579128678 100.001238844354106 0.500006225551517
0.427000000000000 0.999999999993378 0.404590868378237 0.137026794142098 100.001238844354134 0.500006225788953
0.427100000000000 0.999999999993376 0.404617850852458 0.132818194630042 100.001238844353892 0.500006226042197
0.427200000000000 0.999999999993375 0.404643986360606 0.128556497729824 100.001238844353892 0.500006226265113
0.427300000000000 0.999999999993373 0.404669264456323 0.124243427842016 100.001238844353793 0.500006226433733
0.427400000000000 0.999999999993371 0.404693675029526 0.119880621804132 100.001238844353466 0.500006226658443
0.427500000000000 0.999999999993369 0.404717208311434 0.115469856139844 100.001238844353253 0.500006226897157
0.427600000000000 0.999999999993369 0.404739854894502 0.111012967529148 100.001238844353196 0.500006227065712
0.427700000000000 0.999999999993367 0.404761605730172 0.106511710621643 100.001238844353139 0.500006227199000
0.427800000000000 0.999999999993365 0.404782452112915 0.101967759254106 100.001238844353011 0.500006227430771
0.427900000000000 0.999999999993365 0.404802385698787 0.097383056788951 100.001238844352827 0.500006227625949
0.428000000000000 0.999999999993363 0.404821398515561 0.092759377255835 100.001238844352756 0.500006227843191
0.428100000000000 0.999999999993360 0.404839482957933 0.088098615672157 100.001238844352542 0.500006228037744
0.428200000000000 0.999999999993359 0.404856631795213 0.083402624199313 100.001238844352372 0.500006228220801
0.428300000000000 0.999999999993358 0.404872838176495 0.078673347791374 100.001238844352201 0.500006228338042
0.428400000000000 0.999999999993356 0.404888095631218 0.073912647423700 100.001238844352017 0.500006228419186
0.428500000000000 0.999999999993357 0.404902398052528 0.069122297540960 100.001238844351946 0.500006228560234
0.428600000000000 0.999999999993352 0.404915739709517 0.064304282839355 100.001238844351690 0.500006228706115
0.428700000000000 0.999999999993352 0.404928115266806 0.059460575566794 100.001238844351747 0.500006228826345
0.428800000000000 0.999999999993352 0.404939519779057 0.054593103919000 100.001238844351491 0.500006228928248
0.428900000000000 0.999999999993350 0.404949948688518 0.049703816158229 100.001238844351377 0.500006229012342
0.429000000000000 0.999999999993346 0.404959397821930 0.044794608546974 100.001238844351207 0.500006229107889
0.429100000000000 0.999999999993345 0.404967863394409 0.039867469065197 100.001238844350922 0.500006229200033
0.429200000000000 0.999999999993345 0.404975342012952 0.034924328594762 100.001238844350553 0.500006229301489
0.429300000000000 0.999999999993341 0.404981830690656 0.029967318094454 100.001238844350610 0.500006229356561
0.429400000000000 0.999999999993343 0.404987326841473 0.024998315706301 100.001238844350596 0.500006229403611
0.429500000000000 0.999999999993337 0.404991828267401 0.020019322353356 100.001238844350183 0.500006229438768
0.429600000000000 0.999999999993338 0.404995333171758 0.015032352762606 100.001238844350155 0.500006229458617
0.429700000000000 0.999999999993335 0.404997840148497 0.010039296350859 100.001238844349984 0.500006229479083
0.429800000000000 0.999999999993334 0.404999348194360 0.005042293681560 100.001238844350013 0.500006229481860
0.429900000000000 0.999999999993334 0.404999856718086 0.000043325792932 100.001238844349587 0.500006229474467
0.430000000000000 0.999999999993333 0.404999365518050 -0.004955693335016 100.001238844349700 0.500006229460102
0.430100000000000 0.999999999993330 0.404997874789839 -0.009952706232657 100.001238844349245 0.500006229439696
0.430200000000000 0.999999999993328 0.404995385130681 -0.014945751718772 100.001238844349302 0.500006229411100
0.430300000000000 0.999999999993328 0.404991897529236 -0.019932878092953 100.001238844349047 0.500006229365086
0.430400000000000 0.999999999993324 0.404987413380256 -0.024911974180982 100.001238844348990 0.500006229322197
0.430500000000000 0.999999999993326 0.404981934473577 -0.029881201094887 100.001238844348833 0.500006229246516
0.430600000000000 0.999999999993323 0.404975462988663 -0.034838502347657 100.001238844348734 0.500006229150990
0.430700000000000 0.999999999993320 0.404968001514463 -0.039781837222465 100.001238844348649 0.500006229055057
0.430800000000000 0.999999999993318 0.404959553046435 -0.044709181114887 100.001238844348322 0.500006228982728
0.430900000000000 0.999999999993318 0.404950120973805 -0.049618620279654 100.001238844348052 0.500006228915567
0.431000000000000 0.999999999993317 0.404939709060648 -0.054508321266094 100.001238844347910 0.500006228788332
0.431100000000000 0.999999999993314 0.404928321456036 -0.059376268136872 100.001238844348009 0.500006228624981
0.431200000000000 0.999999999993313 0.404915962721337 -0.064220351138265 100.001238844347540 0.500006228522316
0.431300000000000 0.999999999993313 0.404902637803572 -0.069038823066681 100.001238844347540 0.500006228365569
0.431400000000000 0.999999999993310 0.404888352017348 -0.073829758379210 100.001238844347256 0.500006228146570
0.431500000000000 0.999999999993310 0.404873111081735 -0.078591034391977 100.001238844347256 0.500006228016347
0.431600000000000 0.999999999993308 0.404856921105524 -0.083320875632695 100.001238844347228 0.500006227883995
0.431700000000000 0.999999999993307 0.404839788563892 -0.088017395845379 100.001238844347171 0.500006227745721
0.431800000000000 0.999999999993305 0.404821720310814 -0.092678692234929 100.001238844346801 0.500006227623996
0.431900000000000 0.999999999993305 0.404802723565925 -0.097303011667790 100.001238844346545 0.500006227415661
0.432000000000000 0.999999999993301 0.404782805918622 -0.101888408233771 100.001238844346375 0.500006227209099
0.432100000000000 0.999999999993298 0.404761975334393 -0.106433065304202 100.001238844346403 0.500006226987702
0.432200000000000 0.999999999993298 0.404740240139388 -0.110935194993937 100.001238844346119 0.500006226718713
0.432300000000000 0.999999999993298 0.404717609022732 -0.115392954238212 100.001238844346048 0.500006226447324
0.432400000000000 0.999999999993292 0.404694091037954 -0.119804541722330 100.001238844346062 0.500006226196391
0.432500000000000 0.999999999993292 0.404669695596647 -0.124168177626281 100.001238844345636 0.500006225987469
0.432600000000000 0.999999999993293 0.404644432455400 -0.128482191936217 100.001238844345565 0.500006225729533
0.432700000000000 0.999999999993290 0.404618311715532 -0.132744807540605 100.001238844345323 0.500006225487577
0.432800000000000 0.999999999993290 0.404591343824636 -0.136954337525725 100.001238844345110 0.500006225239435
0.432900000000000 0.999999999993287 0.404563539561713 -0.141109155892593 100.001238844345153 0.500006224905394
0.433000000000000 0.999999999993286 0.404534910047476 -0.145207470074984 100.001238844344911 0.500006224668564
0.433100000000000 0.999999999993284 0.404505466738230 -0.149247715816149 100.001238844344741 0.500006224425298
0.433200000000000 0.999999999993283 0.404475221406437 -0.153228297332851 100.001238844344527 0.500006224145540
0.433300000000000 0.999999999993281 0.404444186142468 -0.157147629981192 100.001238844344300 0.500006223816427
0.433400000000000 0.999999999993278 0.404412373352071 -0.161004145511956 100.001238844344400 0.500006223437349
0.433500000000000 0.999999999993277 0.404379795756452 -0.164796256424793 100.001238844344243 0.500006223080119
0.433600000000000 0.999999999993275 0.404346466390570 -0.168522412491478 100.001238844344186 0.500006222802766
0.433700000000000 0.999999999993276 0.404312398590815 -0.172181149228658 100.001238844343789 0.500006222565887
0.433800000000000 0.999999999993274 0.404277605982597 -0.175771041017584 100.001238844343760 0.500006222306222
0.433900000000000 0.999999999993270 0.404242102481859 -0.179290606549125 100.001238844343533 0.500006222104358
0.434000000000000 0.999999999993272 0.404205902278191 -0.182738592681718 100.001238844343362 0.500006221683110
0.434100000000000 0.999999999993270 0.404169019838948 -0.186113475989747 100.001238844343135 0.500006221301041
0.434200000000000 0.999999999993270 0.404131469926170 -0.189413828887672 100.001238844343021 0.500006221106701
0.434300000000000 0.999999999993266 0.404093267561587 -0.192638482687284 100.001238844343177 0.500006220818198
0.434400000000000 0.999999999993266 0.404054428011359 -0.195786163474109 100.001238844342865 0.500006220402053
0.434500000000000 0.999999999993264 0.404014966803022 -0.198855530452154 100.001238844342765 0.500006220016268
0.434600000000000 0.999999999993262 0.403974899718216 -0.201845382630020 100.001238844342623 0.500006219609156
0.434700000000000 0.999999999993260 0.403934242779211 -0.204754515278198 100.001238844342936 0.500006219198947
0.434800000000000 0.999999999993257 0.403893012249311 -0.207581722051845 100.001238844341742 0.500006218874568
0.434900000000000 0.999999999993258 0.403851224622624 -0.210325900724031 100.001238844342168 0.500006218579458
0.435000000000000 0.999999999993258 0.403808896607599 -0.212986010763966 100.001238844341458 0.500006218194086
0.435100000000000 0.999999999993256 0.403766045127923 -0.215560940513437 100.001238844341202 0.500006217819036
0.435200000000000 0.999999999993254 0.403722687322981 -0.218049643410318 100.001238844341216 0.500006217491375
0.435300000000000 0.999999999993253 0.403678840534797 -0.220451139701251 100.001238844341458 0.500006217178524
0.435400000000000 0.999999999993251 0.403634522297454 -0.222764488563909 100.001238844342254 0.500006216837665
0.435500000000000 0.999999999993250 0.403589750330443 -0.224988777062854 100.001238844341998 0.500006216441046
0.435600000000000 0.999999999993248 0.403544542539989 -0.227123050024718 100.001238844341714 0.500006216136424
0.435700000000000 0.999999999993246 0.403498917008071 -0.229166504035010 100.001238844339753 0.500006215811359
0.435800000000000 0.999999999993245 0.403452891977010 -0.231118341074847 100.001238844341316 0.500006215421518
0.435900000000000 0.999999999993243 0.403406485849611 -0.232977753124028 100.001238844341003 0.500006215029743
0.436000000000000 0.999999999993241 0.403359717175999 -0.234744075320066 100.001238844340946 0.500006214451982
0.436100000000000 0.999999999993240 0.403312604659953 -0.236416436872856 100.001238844340676 0.500006214073275
0.436200000000000 0.999999999993238 0.403265167154893 -0.237994209355372 100.001238844340065 0.500006213801059
0.436300000000000 0.999999999993239 0.403217423636478 -0.239476800037982 100.001238844339881 0.500006213545735
0.436400000000000 0.999999999993236 0.403169393195855 -0.240863646713433 100.001238844339866 0.500006213233857
0.436500000000000 0.999999999993235 0.403121095037293 -0.242154180770710 100.001238844339611 0.500006212898694
0.436600000000000 0.999999999993231 0.403072548478463 -0.243347835318325 100.001238844339397 0.500006212663584
0.436700000000000 0.999999999993233 0.403023772931405 -0.244444234417295 100.001238844339255 0.500006212282101
0.436800000000000 0.999999999993230 0.402974787892093 -0.245442915003746 100.001238844339753 0.500006211813325
0.436900000000000 0.999999999993228 0.402925612945376 -0.246343450714901 100.001238844339952 0.500006211323148
0.437000000000000 0.999999999993226 0.402876267760259 -0.247145425838060 100.001238844340065 0.500006210948935
0.437100000000000 0.999999999993224 0.402826772075324 -0.247848560546299 100.001238844337678 0.500006210590438
0.437200000000000 0.999999999993224 0.402777145681094 -0.248452616343520 100.001238844338332 0.500006210141879
0.437300000000000 0.999999999993220 0.402727408419553 -0.248957317785000 100.001238844338417 0.500006209687279
0.437400000000000 0.999999999993221 0.402677580185856 -0.249362406870407 100.001238844336910 0.500006209366874
0.437500000000000 0.999999999993220 0.402627680906755 -0.249667824992738 100.001238844338545 0.500006208923148
0.437600000000000 0.999999999993216 0.402577730528339 -0.249873438939189 100.001238844337564 0.500006208383603
0.437700000000000 0.999999999993215 0.402527749023253 -0.249979115597035 100.001238844337593 0.500006207875490
0.437800000000000 0.999999999993215 0.402477756385871 -0.249984770380493 100.001238844337720 0.500006207505107
0.437900000000000 0.999999999993212 0.402427772614150 -0.249890451853375 100.001238844337351 0.500006207145457
0.438000000000000 0.999999999993211 0.402377817698245 -0.249696190845249 100.001238844337166 0.500006206814075
0.438100000000000 0.999999999993210 0.402327911619417 -0.249402044410163 100.001238844336896 0.500006206562430
0.438200000000000 0.999999999993207 0.402278074337014 -0.249008174432211 100.001238844336740 0.500006206280206
0.438300000000000 0.999999999993205 0.402228325777424 -0.248514749586803 100.001238844336825 0.500006205939734
0.438400000000000 0.999999999993206 0.402178685838298 -0.247921889185995 100.001238844336285 0.500006205735119
0.438500000000000 0.999999999993202 0.402129174377634 -0.247229868225445 100.001238844336655 0.500006205571995
0.438600000000000 0.999999999993201 0.402079811192420 -0.246439022628275 100.001238844336569 0.500006205303940
0.438700000000000 0.999999999993198 0.402030616020004 -0.245549614496505 100.001238844336356 0.500006205064985
0.438800000000000 0.999999999993198 0.401981608528501 -0.244562072927499 100.001238844336740 0.500006204675011
0.438900000000000 0.999999999993199 0.401932808309096 -0.243476738006931 100.001238844335148 0.500006204269275
0.439000000000000 0.999999999993196 0.401884234879772 -0.242294001682965 100.001238844335120 0.500006203950320
0.439100000000000 0.999999999993194 0.401835907671307 -0.241014344291705 100.001238844334807 0.500006203699727
0.439200000000000 0.999999999993193 0.401787846011571 -0.239638314832107 100.001238844334850 0.500006203427297
0.439300000000000 0.999999999993189 0.401740069119711 -0.238166451713804 100.001238844334466 0.500006203161751
0.439400000000000 0.999999999993189 0.401692596098639 -0.236599378487416 100.001238844334381 0.500006202820060
0.439500000000000 0.999999999993188 0.401645445932036 -0.234937665069983 100.001238844334537 0.500006202537306
0.439600000000000 0.999999999993186 0.401598637478119 -0.233181995162050 100.001238844335433 0.500006202267892
0.439700000000000 0.999999999993186 0.401552189457797 -0.231333058769571 100.001238844333699 0.500006202039802
0.439800000000000 0.999999999993185 0.401506120444347 -0.229391641603240 100.001238844334040 0.500006201745767
0.439900000000000 0.999999999993183 0.401460448853111 -0.227358538988908 100.001238844334623 0.500006201343626
0.440000000000000 0.999999999993181 0.401415192949450 -0.225234454119224 100.001238844333344 0.500006201084286
0.440100000000000 0.999999999993179 0.401370370835430 -0.223020316906239 100.001238844334367 0.500006200784765
0.440200000000000 0.999999999993178 0.401326000435230 -0.220716977384552 100.001238844334381 0.500006200524566
0.440300000000000 0.999999999993175 0.401282099494088 -0.218325374035077 100.001238844332846 0.500006200264930
0.440400000000000 0.999999999993174 0.401238685570988 -0.215846431770813 100.001238844333912 0.500006200074329
0.440500000000000 0.999999999993173 0.401195776026855 -0.213281205490279 100.001238844332818 0.500006199814932
0.440600000000000 0.999999999993172 0.401153388019315 -0.210630674587518 100.001238844332761 0.500006199586868
0.440700000000000 0.999999999993171 0.401111538500764 -0.207895910803265 100.001238844332477 0.500006199364901
0.440800000000000 0.999999999993167 0.401070244206119 -0.205078018785713 100.001238844332704 0.500006199126200
0.440900000000000 0.999999999993167 0.401029521646760 -0.202178128948945 100.001238844332519 0.500006198864198
0.441000000000000 0.999999999993164 0.400989387109700 -0.199197355622021 100.001238844332391 0.500006198670809
0.441100000000000 0.999999999993163 0.400949856648660 -0.196136915656716 100.001238844332278 0.500006198495053
0.441200000000000 0.999999999993161 0.400910946070874 -0.192998057917585 100.001238844332164 0.500006198287803
0.441300000000000 0.999999999993161 0.400872670933898 -0.189782030398147 100.001238844331994 0.500006198064001
0.441400000000000 0.999999999993159 0.400835046538912 -0.186490149699031 100.001238844331908 0.500006197767002
0.441500000000000 0.999999999993157 0.400798087935205 -0.183123618537628 100.001238844331908 0.500006197609923
0.441600000000000 0.999999999993155 0.400761809906865 -0.179683884858345 100.001238844331638 0.500006197403401
0.441700000000000 0.999999999993155 0.400726226958895 -0.176172294711130 100.001238844331397 0.500006197202033
0.441800000000000 0.999999999993152 0.400691353326232 -0.172590200184886 100.001238844331368 0.500006197096912
0.441900000000000 0.999999999993151 0.400657202957645 -0.168939110204288 100.001238844331112 0.500006196953580
0.442000000000000 0.999999999993151 0.400623789507998 -0.165220457547585 100.001238844330800 0.500006196819492
0.442100000000000 0.999999999993147 0.400591126340092 -0.161435729453546 100.001238844330885 0.500006196694014
0.442200000000000 0.999999999993148 0.400559226511386 -0.157586492865660 100.001238844330686 0.500006196491542
0.442300000000000 0.999999999993147 0.400528102775140 -0.153674223777884 100.001238844330516 0.500006196314619
0.442400000000000 0.999999999993145 0.400497767580991 -0.149700480879284 100.001238844330302 0.500006196171216
0.442500000000000 0.999999999993142 0.400468233062187 -0.145666869737270 100.001238844330203 0.500006196035492
0.442600000000000 0.999999999993140 0.400439511027453 -0.141575029933387 100.001238844330032 0.500006195869085
0.442700000000000 0.999999999993140 0.400411612962559 -0.137426552518797 100.001238844329848 0.500006195737294
0.442800000000000 0.999999999993137 0.400384550027327 -0.133223105905006 100.001238844329635 0.500006195625600
0.442900000000000 0.999999999993136 0.400358333044182 -0.128966396529964 100.001238844329507 0.500006195499423
0.443000000000000 0.999999999993134 0.400332972494958 -0.124658123868921 100.001238844329436 0.500006195363467
0.443100000000000 0.999999999993131 0.400308478520110 -0.120300002872785 100.001238844329222 0.500006195228429
0.443200000000000 0.999999999993134 0.400284860916666 -0.115893752895991 100.001238844329094 0.500006195122489
0.443300000000000 0.999999999993130 0.400262129131719 -0.111441153316398 100.001238844328753 0.500006195024055
0.443400000000000 0.999999999993128 0.400240292255379 -0.106943995239498 100.001238844328725 0.500006194921368
0.443500000000000 0.999999999993125 0.400219359019852 -0.102404067205607 100.001238844328512 0.500006194825419
0.443600000000000 0.999999999993125 0.400199337795920 -0.097823194705694 100.001238844328412 0.500006194725901
0.443700000000000 0.999999999993124 0.400180236589360 -0.093203203158027 100.001238844328398 0.500006194629758
0.443800000000000 0.999999999993122 0.400162063038280 -0.088545943731794 100.001238844328185 0.500006194533795
0.443900000000000 0.999999999993121 0.400144824410510 -0.083853268370706 100.001238844327958 0.500006194447632
0.444000000000000 0.999999999993121 0.400128527600646 -0.079127057871329 100.001238844327787 0.500006194367189
0.444100000000000 0.999999999993118 0.400113179124043 -0.074369224539214 100.001238844327503 0.500006194274979
0.444200000000000 0.999999999993119 0.400098785117672 -0.069581640343277 100.001238844327517 0.500006194195184
0.444300000000000 0.999999999993116 0.400085351339245 -0.064766224495901 100.001238844327332 0.500006194123827
0.444400000000000 0.999999999993115 0.400072883161794 -0.059924906144757 100.001238844327418 0.500006194058400
0.444500000000000 0.999999999993112 0.400061385572226 -0.055059617730460 100.001238844326949 0.500006194000824
0.444600000000000 0.999999999993110 0.400050863168597 -0.050172314819454 100.001238844326934 0.500006193945281
0.444700000000000 0.999999999993108 0.400041320158618 -0.045264946458420 100.001238844326565 0.500006193894716
0.444800000000000 0.999999999993106 0.400032760358273 -0.040339480732871 100.001238844326608 0.500006193846557
0.444900000000000 0.999999999993106 0.400025187190360 -0.035397882147331 100.001238844326352 0.500006193803221
0.445000000000000 0.999999999993105 0.400018603684683 -0.030442115707265 100.001238844326124 0.500006193768470
0.445100000000000 0.999999999993103 0.400013012474894 -0.025474177642410 100.001238844326210 0.500006193736618
0.445200000000000 0.999999999993102 0.400008415796551 -0.020496054647033 100.001238844325911 0.500006193707971
0.445300000000000 0.999999999993097 0.400004815487963 -0.015509732711316 100.001238844325684 0.500006193683692
0.445400000000000 0.999999999993098 0.400002212989735 -0.010517202239364 100.001238844325570 0.500006193664102
0.445500000000000 0.999999999993096 0.400000609342657 -0.005520470419168 100.001238844325570 0.500006193647679
0.445600000000000 0.999999999993093 0.400000005186953 -0.000521538700686 100.001238844325442 0.500006193635005
0.445700000000000 0.999999999993092 0.400000400763371 0.004477600833787 100.001238844324959 0.500006193626752
0.445800000000000 0.999999999993092 0.400001795913627 0.009474949384433 100.001238844324945 0.500006193623046
0.445900000000000 0.999999999993091 0.400004190079565 0.014468506930136 100.001238844324789 0.500006193624234
0.446000000000000 0.999999999993089 0.400007582303409 0.019456277388098 100.001238844324703 0.500006193630286
0.446100000000000 0.999999999993088 0.400011971228460 0.024436266837638 100.001238844324376 0.500006193640990
0.446200000000000 0.999999999993086 0.400017355099721 0.029406486440554 100.001238844324561 0.500006193655833
0.446300000000000 0.999999999993085 0.400023731764024 0.034364942038123 100.001238844324050 0.500006193676839
0.446400000000000 0.999999999993083 0.400031098670875 0.039309654920804 100.001238844324007 0.500006193702998
0.446500000000000 0.999999999993080 0.400039452873861 0.044238644116245 100.001238844324007 0.500006193735768
0.446600000000000 0.999999999993078 0.400048791031343 0.049149937978458 100.001238844323780 0.500006193775633
0.446700000000000 0.999999999993078 0.400059109409223 0.054041583554845 100.001238844323581 0.500006193817177
0.446800000000000 0.999999999993077 0.400070403882425 0.058911623326554 100.001238844323481 0.500006193860590
0.446900000000000 0.999999999993076 0.400082669934693 0.063758102686571 100.001238844323382 0.500006193909821
0.447000000000000 0.999999999993074 0.400095902660317 0.068579081977240 100.001238844323211 0.500006193965888
0.447100000000000 0.999999999993071 0.400110096767732 0.073372642619698 100.001238844322998 0.500006194022399
0.447200000000000 0.999999999993071 0.400125246580291 0.078136851255810 100.001238844322842 0.500006194091391
0.447300000000000 0.999999999993070 0.400141346037312 0.082869800354417 100.001238844322700 0.500006194175665
0.447400000000000 0.999999999993066 0.400158388700774 0.087569624191724 100.001238844322330 0.500006194252952
0.447500000000000 0.999999999993067 0.400176367757604 0.092234437141948 100.001238844322529 0.500006194327339
0.447600000000000 0.999999999993064 0.400195276018979 0.096862367248278 100.001238844322344 0.500006194404265
0.447700000000000 0.999999999993064 0.400215105923688 0.101451562097076 100.001238844322174 0.500006194485183
0.447800000000000 0.999999999993062 0.400235849542392 0.106000192885901 100.001238844322046 0.500006194563609
0.447900000000000 0.999999999993058 0.400257498580297 0.110506433535792 100.001238844321861 0.500006194646553
0.448000000000000 0.999999999993058 0.400280044380426 0.114968487878383 100.001238844321733 0.500006194727644
0.448100000000000 0.999999999993060 0.400303477925905 0.119384552102360 100.001238844321605 0.500006194829314
0.448200000000000 0.999999999993054 0.400327789842723 0.123752859441376 100.001238844321591 0.500006194953617
0.448300000000000 0.999999999993053 0.400352970406952 0.128071677647505 100.001238844321009 0.500006195083148
0.448400000000000 0.999999999993052 0.400379009550698 0.132339299443820 100.001238844321264 0.500006195191889
0.448500000000000 0.999999999993050 0.400405896862624 0.136553996401607 100.001238844320824 0.500006195307643
0.448600000000000 0.999999999993052 0.400433621589143 0.140714073699093 100.001238844320824 0.500006195443670
0.448700000000000 0.999999999993048 0.400462172640167 0.144817861111430 100.001238844320540 0.500006195610222
0.448800000000000 0.999999999993045 0.400491538598363 0.148863756823881 100.001238844320795 0.500006195750894
0.448900000000000 0.999999999993045 0.400521707722671 0.152850125050295 100.001238844320284 0.500006195890801
0.449000000000000 0.999999999993045 0.400552667947839 0.156775358660120 100.001238844320397 0.500006196049855
0.449100000000000 0.999999999993043 0.400584406893394 0.160637913157876 100.001238844320312 0.500006196188687
0.449200000000000 0.999999999993041 0.400616911868468 0.164436228465261 100.001238844319886 0.500006196331278
0.449300000000000 0.999999999993041 0.400650169872815 0.168168770223935 100.001238844319687 0.500006196503225
0.449400000000000 0.999999999993036 0.400684167602399 0.171834034785533 100.001238844319701 0.500006196724149
0.449500000000000 0.999999999993037 0.400718891462224 0.175430618308209 100.001238844319658 0.500006196888101
0.449600000000000 0.999999999993034 0.400754327570938 0.178957059856711 100.001238844319289 0.500006197032839
0.449700000000000 0.999999999993036 0.400790461756562 0.182411911816962 100.001238844319275 0.500006197225081
0.449800000000000 0.999999999993032 0.400827279565209 0.185793802913271 100.001238844319062 0.500006197447423
0.449900000000000 0.999999999993030 0.400864766272883 0.189101403920345 100.001238844319133 0.500006197657194
0.450000000000000 0.999999999993027 0.400902906888390 0.192333371794829 100.001238844318564 0.500006197892429
0.450100000000000 0.999999999993026 0.400941686158316 0.195488427187718 100.001238844318124 0.500006198128249
0.450200000000000 0.999999999993025 0.400981088577096 0.198565327876943 100.001238844317925 0.500006198326028
0.450300000000000 0.999999999993025 0.401021098387881 0.201562802420198 100.001238844318266 0.500006198566472
0.450400000000000 0.999999999993023 0.401061699587442 0.204479658817074 100.001238844318692 0.500006198836964
0.450500000000000 0.999999999993019 0.401102875939891 0.207314763002988 100.001238844316816 0.500006199071312
0.450600000000000 0.999999999993019 0.401144610981093 0.210066965891129 100.001238844317356 0.500006199300378
0.450700000000000 0.999999999993018 0.401186888020985 0.212735156261793 100.001238844317697 0.500006199546289
0.450800000000000 0.999999999993017 0.401229690154480 0.215318296105043 100.001238844317186 0.500006199747317
0.450900000000000 0.999999999993017 0.401273000264289 0.217815300797706 100.001238844317555 0.500006200014079
0.451000000000000 0.999999999993013 0.401316801031075 0.220225234594126 100.001238844317356 0.500006200210251
0.451100000000000 0.999999999993012 0.401361074943727 0.222547115126289 100.001238844317129 0.500006200375488
0.451200000000000 0.999999999993011 0.401405804290855 0.224779919995550 100.001238844317044 0.500006200719172
0.451300000000000 0.999999999993007 0.401450971177130 0.226922834284081 100.001238844316333 0.500006201068233
0.451400000000000 0.999999999993007 0.401496557542640 0.228975027530907 100.001238844316219 0.500006201362201
0.451500000000000 0.999999999993007 0.401542545157488 0.230935628339362 100.001238844316021 0.500006201716470
0.451600000000000 0.999999999993004 0.401588915631371 0.232803904575104 100.001238844317598 0.500006202011539
0.451700000000000 0.999999999993004 0.401635650425726 0.234579107082518 100.001238844316092 0.500006202251061
0.451800000000000 0.999999999993004 0.401682730849460 0.236260457435537 100.001238844316049 0.500006202595561
0.451900000000000 0.999999999993000 0.401730138073191 0.237847352069154 100.001238844316731 0.500006202883135
0.452000000000000 0.999999999992997 0.401777853140433 0.239339123455844 100.001238844315381 0.500006203191458
0.452100000000000 0.999999999992997 0.401825856971308 0.240735205292944 100.001238844315623 0.500006203448037
0.452200000000000 0.999999999992996 0.401874130369485 0.242034998898050 100.001238844315438 0.500006203749656
0.452300000000000 0.999999999992993 0.401922654028838 0.243238004251911 100.001238844315225 0.500006204048749
0.452400000000000 0.999999999992991 0.401971408546609 0.244343756169059 100.001238844315111 0.500006204306375
0.452500000000000 0.999999999992991 0.402020374429814 0.245351817057076 100.001238844315310 0.500006204510851
0.452600000000000 0.999999999992989 0.402069532097910 0.246261748222084 100.001238844314770 0.500006204749138
0.452700000000000 0.999999999992986 0.402118861884702 0.247073131375789 100.001238844314230 0.500006205155625
0.452800000000000 0.999999999992987 0.402168344057624 0.247785723690886 100.001238844315338 0.500006205529088
0.452900000000000 0.999999999992986 0.402217958827543 0.248399200429447 100.001238844314116 0.500006205967827
0.453000000000000 0.999999999992982 0.402267686354155 0.248913374794410 100.001238844314145 0.500006206326412
0.453100000000000 0.999999999992980 0.402317506752353 0.249327985946123 100.001238844314059 0.500006206742002
0.453200000000000 0.999999999992981 0.402367400097125 0.249642894246845 100.001238844314088 0.500006207149267
0.453300000000000 0.999999999992978 0.402417346443650 0.249858043764857 100.001238844314003 0.500006207373199
0.453400000000000 0.999999999992979 0.402467325823417 0.249973251936140 100.001238844313804 0.500006207654895
0.453500000000000 0.999999999992974 0.402517318241093 0.249988433048427 100.001238844313178 0.500006208093301
0.453600000000000 0.999999999992974 0.402567303691810 0.249903576137944 100.001238844314173 0.500006208700350
0.453700000000000 0.999999999992974 0.402617262189605 0.249718883337487 100.001238844312823 0.500006209055468
0.453800000000000 0.999999999992972 0.402667173762167 0.249434289330700 100.001238844313818 0.500006209506329
0.453900000000000 0.999999999992970 0.402717018449242 0.249049978442969 100.001238844313093 0.500006209876695
0.454000000000000 0.999999999992968 0.402766776322337 0.248566085571702 100.001238844312837 0.500006210213586
0.454100000000000 0.999999999992966 0.402816427479903 0.247982742835515 100.001238844312269 0.500006210669337
0.454200000000000 0.999999999992964 0.402865952066827 0.247300284824021 100.001238844313235 0.500006210992313
0.454300000000000 0.999999999992963 0.402915330281395 0.246518909315126 100.001238844312525 0.500006211368654
0.454400000000000 0.999999999992963 0.402964542383728 0.245639037651954 100.001238844311203 0.500006211529968
0.454500000000000 0.999999999992962 0.403013568696229 0.244660870715437 100.001238844312127 0.500006211847928
0.454600000000000 0.999999999992958 0.403062389608663 0.243584882376923 100.001238844312013 0.500006212119295
0.454700000000000 0.999999999992957 0.403110985597059 0.242411462885593 100.001238844313050 0.500006212441668
0.454800000000000 0.999999999992956 0.403159337215931 0.241141003165823 100.001238844310507 0.500006213003704
0.454900000000000 0.999999999992956 0.403207425127525 0.239774191990001 100.001238844311629 0.500006213367980
0.455000000000000 0.999999999992951 0.403255230113185 0.238311532113029 100.001238844312610 0.500006213641475
0.455100000000000 0.999999999992952 0.403302733054855 0.236753525390576 100.001238844311530 0.500006214022430
0.455200000000000 0.999999999992949 0.403349914948150 0.235100806974058 100.001238844311288 0.500006214480713
0.455300000000000 0.999999999992947 0.403396756922584 0.233354081640655 100.001238844310279 0.500006214912219
0.455400000000000 0.999999999992949 0.403443240248568 0.231514053568936 100.001238844311615 0.500006215303952
0.455500000000000 0.999999999992944 0.403489346339258 0.229581446139560 100.001238844311303 0.500006215685119
0.455600000000000 0.999999999992943 0.403535056752488 0.227556981507483 100.001238844310365 0.500006216171490
0.455700000000000 0.999999999992943 0.403580353206865 0.225441546182018 100.001238844310933 0.500006216586639
0.455800000000000 0.999999999992940 0.403625217592055 0.223235966164211 100.001238844310848 0.500006216976541
0.455900000000000 0.999999999992939 0.403669631963788 0.220941073662745 100.001238844309455 0.500006217451933
0.456000000000000 0.999999999992935 0.403713578562238 0.218557881679504 100.001238844309725 0.500006217801467
0.456100000000000 0.999999999992937 0.403757039818818 0.216087290781801 100.001238844309256 0.500006218141629
0.456200000000000 0.999999999992933 0.403799998350703 0.213530257291045 100.001238844310379 0.500006218540456
0.456300000000000 0.999999999992935 0.403842436979298 0.210887868031039 100.001238844309114 0.500006218859871
0.456400000000000 0.999999999992934 0.403884338738217 0.208161158110939 100.001238844309796 0.500006219146847
0.456500000000000 0.999999999992931 0.403925686874681 0.205351228521436 100.001238844309682 0.500006219380230
0.456600000000000 0.999999999992927 0.403966464849306 0.202459112484211 100.001238844308773 0.500006219745721
0.456700000000000 0.999999999992928 0.404006656340015 0.199485947733519 100.001238844309427 0.500006220276940
0.456800000000000 0.999999999992926 0.404046245273934 0.196433091667975 100.001238844309341 0.500006220635160
0.456900000000000 0.999999999992923 0.404085215826162 0.193301667392313 100.001238844308119 0.500006221015847
0.457000000000000 0.999999999992922 0.404123552410963 0.190092941845270 100.001238844309086 0.500006221389769
0.457100000000000 0.999999999992920 0.404161239702882 0.186808251925552 100.001238844307920 0.500006221655493
0.457200000000000 0.999999999992921 0.404198262634558 0.183448841260167 100.001238844308887 0.500006221945945
0.457300000000000 0.999999999992917 0.404234606398032 0.180016060036140 100.001238844308858 0.500006222247686
0.457400000000000 0.999999999992916 0.404270256461759 0.176511324017353 100.001238844307380 0.500006222483327
0.457500000000000 0.999999999992918 0.404305198567584 0.172935950532972 100.001238844307693 0.500006222802262
0.457600000000000 0.999999999992911 0.404339418737122 0.169291419488511 100.001238844307764 0.500006223114939
0.457700000000000 0.999999999992912 0.404372903284295 0.165579174922156 100.001238844307636 0.500006223443636
0.457800000000000 0.999999999992910 0.404405638817882 0.161800721609589 100.001238844307125 0.500006223754078
0.457900000000000 0.999999999992908 0.404437612249423 0.157957583509570 100.001238844306954 0.500006224025831
0.458000000000000 0.999999999992907 0.404468810793303 0.154051264059008 100.001238844306812 0.500006224312550
0.458100000000000 0.999999999992906 0.404499221968330 0.150083304522743 100.001238844306911 0.500006224644733
0.458200000000000 0.999999999992904 0.404528833606955 0.146055299987067 100.001238844306755 0.500006225006997
0.458300000000000 0.999999999992903 0.404557633868108 0.141968921238859 100.001238844306499 0.500006225310684
0.458400000000000 0.999999999992900 0.404585611233723 0.137825727431680 100.001238844306414 0.500006225663323
0.458500000000000 0.999999999992898 0.404612754508914 0.133627390636249 100.001238844306229 0.500006226040493
0.458600000000000 0.999999999992897 0.404639052845181 0.129375704259347 100.001238844306073 0.500006226289291
0.458700000000000 0.999999999992897 0.404664495742648 0.125072361573549 100.001238844306044 0.500006226426251
0.458800000000000 0.999999999992893 0.404689073034738 0.120719002450087 100.001238844305732 0.500006226558068
0.458900000000000 0.999999999992894 0.404712774880937 0.116317246083785 100.001238844305590 0.500006226828905
0.459000000000000 0.999999999992893 0.404735591794163 0.111869008143364 100.001238844305504 0.500006227050451
0.459100000000000 0.999999999992890 0.404757514651317 0.107376015124623 100.001238844305391 0.500006227283070
0.459200000000000 0.999999999992887 0.404778534685193 0.102840096627771 100.001238844305192 0.500006227490398
0.459300000000000 0.999999999992887 0.404798643497015 0.098263112018582 100.001238844305050 0.500006227628165
0.459400000000000 0.999999999992885 0.404817833038388 0.093646702465144 100.001238844304851 0.500006227883149
0.459500000000000 0.999999999992884 0.404836095630378 0.088992921644784 100.001238844304680 0.500006228053654
0.459600000000000 0.999999999992882 0.404853423976561 0.084303543505684 100.001238844304709 0.500006228222454
0.459700000000000 0.999999999992880 0.404869811145548 0.079580443122908 100.001238844304510 0.500006228388822
0.459800000000000 0.999999999992881 0.404885250586531 0.074825551977138 100.001238844304339 0.500006228518836
0.459900000000000 0.999999999992878 0.404899736135769 0.070040810155569 100.001238844304211 0.500006228587985
0.460000000000000 0.999999999992876 0.404913262002533 0.065228008030565 100.001238844303998 0.500006228686339
0.460100000000000 0.999999999992874 0.404925822765304 0.060389046186414 100.001238844303856 0.500006228823937
0.460200000000000 0.999999999992874 0.404937413394784 0.055525947070502 100.001238844303884 0.500006228942710
0.460300000000000 0.999999999992872 0.404948029261879 0.050640691660215 100.001238844303629 0.500006229024757
0.460400000000000 0.999999999992869 0.404957666121072 0.045735133218143 100.001238844303430 0.500006229123127
0.460500000000000 0.999999999992870 0.404966320121539 0.040811367302736 100.001238844303344 0.500006229174951
0.460600000000000 0.999999999992866 0.404973987802000 0.035871193725424 100.001238844303174 0.500006229253159
0.460700000000000 0.999999999992865 0.404980666089806 0.030916696463932 100.001238844303145 0.500006229312749
0.460800000000000 0.999999999992864 0.404986352324187 0.025949915910199 100.001238844302975 0.500006229339287
0.460900000000000 0.999999999992862 0.404991044234969 0.020972714751256 100.001238844302549 0.500006229369839
0.461000000000000 0.999999999992861 0.404994739940964 0.015987120785848 100.001238844302208 0.500006229393068
0.461100000000000 0.999999999992860 0.404997437962601 0.010995122595596 100.001238844302321 0.500006229409122
0.461200000000000 0.999999999992858 0.404999137221318 0.005998742274232 100.001238844302165 0.500006229414688
0.461300000000000 0.999999999992856 0.404999837040140 0.000999974046200 100.001238844302122 0.500006229411448
0.461400000000000 0.999999999992852 0.404999537132771 -0.003999269205161 100.001238844302080 0.500006229399179
0.461500000000000 0.999999999992855 0.404998237606864 -0.008996963384357 100.001238844301852 0.500006229371613
0.461600000000000 0.999999999992853 0.404995938986562 -0.013990962049195 100.001238844301554 0.500006229341019
0.461700000000000 0.999999999992853 0.404992642190633 -0.018979468277392 100.001238844301341 0.500006229284108
0.461800000000000 0.999999999992851 0.404988348536651 -0.023960291651456 100.001238844301298 0.500006229232592
0.461900000000000 0.999999999992846 0.404983059753368 -0.028931507159490 100.001238844301184 0.500006229178472
0.462000000000000 0.999999999992846 0.404976777955374 -0.033891183042265 100.001238844300957 0.500006229106592
0.462100000000000 0.999999999992844 0.404969505641097 -0.038837412474042 100.001238844300886 0.500006228985880
0.462200000000000 0.999999999992842 0.404961245717465 -0.043768017074620 100.001238844300531 0.500006228888593
0.462300000000000 0.999999999992841 0.404952001497910 -0.048681109366890 100.001238844300644 0.500006228785336
0.462400000000000 0.999999999992841 0.404941776672599 -0.053574812432332 100.001238844300389 0.500006228631981
0.462500000000000 0.999999999992839 0.404930575330553 -0.058447010614686 100.001238844300190 0.500006228509888
0.462600000000000 0.999999999992837 0.404918401962749 -0.063295799301660 100.001238844300161 0.500006228400502
0.462700000000000 0.999999999992837 0.404905261442912 -0.068119256406606 100.001238844300246 0.500006228296498
0.462800000000000 0.999999999992832 0.404891159029819 -0.072915453261153 100.001238844299650 0.500006228199629
0.462900000000000 0.999999999992833 0.404876100359499 -0.077682546174071 100.001238844299579 0.500006228055797
0.463000000000000 0.999999999992831 0.404860091447786 -0.082418580803617 100.001238844299650 0.500006227898091
0.463100000000000 0.999999999992831 0.404843138695466 -0.087121659556824 100.001238844299166 0.500006227728973
0.463200000000000 0.999999999992829 0.404825248877528 -0.091789940292564 100.001238844299081 0.500006227513539
0.463300000000000 0.999999999992825 0.404806429150887 -0.096421444878983 100.001238844299252 0.500006227352761
0.463400000000000 0.999999999992825 0.404786687046032 -0.101014414340675 100.001238844299024 0.500006227161205
0.463500000000000 0.999999999992825 0.404766030455626 -0.105566986732730 100.001238844298513 0.500006226962794
0.463600000000000 0.999999999992822 0.404744467640943 -0.110077336817840 100.001238844298399 0.500006226762721
0.463700000000000 0.999999999992820 0.404722007224485 -0.114543677812972 100.001238844298413 0.500006226542586
0.463800000000000 0.999999999992819 0.404698658182428 -0.118964259431043 100.001238844298243 0.500006226259557
0.463900000000000 0.999999999992817 0.404674429843538 -0.123337306970280 100.001238844298172 0.500006225917765
0.464000000000000 0.999999999992814 0.404649331903135 -0.127660928491567 100.001238844297973 0.500006225693720
0.464100000000000 0.999999999992814 0.404623374415842 -0.131933421000792 100.001238844297674 0.500006225563022
0.464200000000000 0.999999999992812 0.404596567767301 -0.136153177648965 100.001238844297490 0.500006225396132
0.464300000000000 0.999999999992810 0.404568922667612 -0.140318561504804 100.001238844297461 0.500006225120769
0.464400000000000 0.999999999992808 0.404540450164016 -0.144427838086742 100.001238844297177 0.500006224828583
0.464500000000000 0.999999999992809 0.404511161644868 -0.148479329366901 100.001238844296964 0.500006224570114
0.464600000000000 0.999999999992807 0.404481068824979 -0.152471448934967 100.001238844296751 0.500006224296911
0.464700000000000 0.999999999992804 0.404450183736417 -0.156402610386049 100.001238844296481 0.500006223993174
0.464800000000000 0.999999999992801 0.404418518724608 -0.160271266690744 100.001238844296651 0.500006223617968
0.464900000000000 0.999999999992800 0.404386086449502 -0.164075819527960 100.001238844296410 0.500006223251385
0.465000000000000 0.999999999992799 0.404352899883742 -0.167814738959430 100.001238844296239 0.500006222908576
0.465100000000000 0.999999999992797 0.404318972298260 -0.171486572775957 100.001238844295955 0.500006222518248
0.465200000000000 0.999999999992797 0.404284317267422 -0.175089738778245 100.001238844296125 0.500006222276156
0.465300000000000 0.999999999992795 0.404248948662071 -0.178622852674303 100.001238844295926 0.500006222088960
0.465400000000000 0.999999999992794 0.404212880626238 -0.182084568083593 100.001238844295585 0.500006221839086
0.465500000000000 0.999999999992792 0.404176127576307 -0.185473507213095 100.001238844295528 0.500006221512112
0.465600000000000 0.999999999992789 0.404138704204584 -0.188788289678606 100.001238844295244 0.500006221152441
0.465700000000000 0.999999999992790 0.404100625480807 -0.192027519517345 100.001238844295258 0.500006220893339
0.465800000000000 0.999999999992786 0.404061906632849 -0.195190011783343 100.001238844293937 0.500006220524731
0.465900000000000 0.999999999992786 0.404022563140866 -0.198274428714602 100.001238844295329 0.500006220187038
0.466000000000000 0.999999999992782 0.403982610735910 -0.201279598223582 100.001238844294875 0.500006219758822
0.466100000000000 0.999999999992781 0.403942065394756 -0.204204236375196 100.001238844294051 0.500006219404298
0.466200000000000 0.999999999992781 0.403900943338183 -0.207047185043666 100.001238844293837 0.500006219102603
0.466300000000000 0.999999999992779 0.403859261010549 -0.209807367380281 100.001238844294178 0.500006218730116
0.466400000000000 0.999999999992777 0.403817035074130 -0.212483680995207 100.001238844293852 0.500006218282192
0.466500000000000 0.999999999992776 0.403774282415199 -0.215074988141679 100.001238844293937 0.500006217901546
0.466600000000000 0.999999999992774 0.403731020137220 -0.217580252719121 100.001238844293823 0.500006217589818
0.466700000000000 0.999999999992775 0.403687265541480 -0.219998534457932 100.001238844293482 0.500006217214035
0.466800000000000 0.999999999992773 0.403643036123142 -0.222328834879583 100.001238844293638 0.500006216842391
0.466900000000000 0.999999999992770 0.403598349567809 -0.224570247139653 100.001238844293340 0.500006216419249
0.467000000000000 0.999999999992770 0.403553223741099 -0.226721878226250 100.001238844294122 0.500006215936162
0.467100000000000 0.999999999992767 0.403507676690951 -0.228782798141645 100.001238844292487 0.500006215550868
0.467200000000000 0.999999999992767 0.403461726641531 -0.230752173627171 100.001238844293425 0.500006215286377
0.467300000000000 0.999999999992764 0.403415391968308 -0.232629324772513 100.001238844292487 0.500006214895541
0.467400000000000 0.999999999992762 0.403368691199814 -0.234413400307532 100.001238844293056 0.500006214611420
0.467500000000000 0.999999999992761 0.403321643014575 -0.236103751512051 100.001238844291862 0.500006214283463
0.467600000000000 0.999999999992760 0.403274266221690 -0.237699723844918 100.001238844292061 0.500006213860322
0.467700000000000 0.999999999992759 0.403226579767209 -0.239200600290592 100.001238844292033 0.500006213528881
0.467800000000000 0.999999999992759 0.403178602724321 -0.240605825621343 100.001238844291947 0.500006213182489
0.467900000000000 0.999999999992754 0.403130354272838 -0.241914889814370 100.001238844291848 0.500006212695835
0.468000000000000 0.999999999992754 0.403081853705176 -0.243127176921638 100.001238844291350 0.500006212291845
0.468100000000000 0.999999999992752 0.403033120426576 -0.244242172731223 100.001238844291180 0.500006212043399
0.468200000000000 0.999999999992750 0.402984173928703 -0.245259528705829 100.001238844291336 0.500006211713772
0.468300000000000 0.999999999992748 0.402935033780456 -0.246178821536867 100.001238844291038 0.500006211342684
0.468400000000000 0.999999999992748 0.402885719629228 -0.246999689402228 100.001238844290981 0.500006210915736
0.468500000000000 0.999999999992746 0.402836251198944 -0.247721728160836 100.001238844290825 0.500006210620472
0.468600000000000 0.999999999992746 0.402786648267318 -0.248344804019546 100.001238844289816 0.500006210073374
0.468700000000000 0.999999999992741 0.402736930661820 -0.248868556038109 100.001238844289631 0.500006209551213
0.468800000000000 0.999999999992740 0.402687118275416 -0.249292684559007 100.001238844291265 0.500006209279309
0.468900000000000 0.999999999992740 0.402637231033871 -0.249617163168852 100.001238844289020 0.500006208901273
0.469000000000000 0.999999999992738 0.402587288889095 -0.249841758715363 100.001238844290413 0.500006208675388
0.469100000000000 0.999999999992737 0.402537311816690 -0.249966464621820 100.001238844290327 0.500006208393848
0.469200000000000 0.999999999992733 0.402487319796238 -0.249991249816391 100.001238844289517 0.500006208009665
0.469300000000000 0.999999999992733 0.402437332815876 -0.249916059801375 100.001238844289418 0.500006207634416
0.469400000000000 0.999999999992731 0.402387370866585 -0.249740920431294 100.001238844289162 0.500006207278928
0.469500000000000 0.999999999992728 0.402337453936258 -0.249465836457617 100.001238844289219 0.500006207106280
0.469600000000000 0.999999999992727 0.402287601992778 -0.249091002019753 100.001238844288821 0.500006206906381
0.469700000000000 0.999999999992726 0.402237834961689 -0.248616648122054 100.001238844288551 0.500006206477386
0.469800000000000 0.999999999992725 0.402188172738433 -0.248042845104989 100.001238844288622 0.500006206116816
0.469900000000000 0.999999999992723 0.402138635188118 -0.247369824514920 100.001238844288267 0.500006205819399
0.470000000000000 0.999999999992720 0.402089242119085 -0.246597923541891 100.001238844288281 0.500006205416723
0.470100000000000 0.999999999992721 0.402040013280330 -0.245727398844662 100.001238844288252 0.500006205037828
0.470200000000000 0.999999999992717 0.401990968359188 -0.244758609037534 100.001238844287570 0.500006204656861
0.470300000000000 0.999999999992717 0.401942126966084 -0.243691965456604 100.001238844287556 0.500006204215599
0.470400000000000 0.999999999992714 0.401893508632296 -0.242527848500686 100.001238844287570 0.500006203827028
0.470500000000000 0.999999999992713 0.401845132801357 -0.241266755124601 100.001238844287229 0.500006203414839
0.470600000000000 0.999999999992712 0.401797018821794 -0.239909138861749 100.001238844287386 0.500006203101655
0.470700000000000 0.999999999992709 0.401749185943615 -0.238455530304107 100.001238844287258 0.500006202916117
0.470800000000000 0.999999999992709 0.401701653298468 -0.236906582735295 100.001238844287172 0.500006202685526
0.470900000000000 0.999999999992708 0.401654439889681 -0.235262927194244 100.001238844286647 0.500006202383140
0.471000000000000 0.999999999992707 0.401607564597679 -0.233525161553859 100.001238844286718 0.500006202149431
0.471100000000000 0.999999999992705 0.401561046171692 -0.231693998929471 100.001238844286576 0.500006201941181
0.471200000000000 0.999999999992702 0.401514903212729 -0.229770209193695 100.001238844286107 0.500006201671312
0.471300000000000 0.999999999992702 0.401469154168975 -0.227754551242918 100.001238844285950 0.500006201364782
0.471400000000000 0.999999999992699 0.401423817335421 -0.225647797989931 100.001238844285822 0.500006201097639
0.471500000000000 0.999999999992698 0.401378910843943 -0.223450807605792 100.001238844285780 0.500006200834078
0.471600000000000 0.999999999992696 0.401334452655792 -0.221164428652273 100.001238844285623 0.500006200640918
0.471700000000000 0.999999999992696 0.401290460550180 -0.218789632064562 100.001238844285211 0.500006200392315
0.471800000000000 0.999999999992690 0.401246952115026 -0.216327361975994 100.001238844285098 0.500006200101570
0.471900000000000 0.999999999992690 0.401203944753217 -0.213778523939187 100.001238844285041 0.500006199940058
0.472000000000000 0.999999999992691 0.401161455667484 -0.211144212395429 100.001238844284913 0.500006199745175
0.472100000000000 0.999999999992688 0.401119501847443 -0.208425465431197 100.001238844284757 0.500006199549964
0.472200000000000 0.999999999992686 0.401078100069710 -0.205623374960591 100.001238844284643 0.500006199344899
0.472300000000000 0.999999999992686 0.401037266887329 -0.202739085294154 100.001238844284416 0.500006199081767
0.472400000000000 0.999999999992684 0.400997018626453 -0.199773721157436 100.001238844284188 0.500006198820170
0.472500000000000 0.999999999992681 0.400957371382675 -0.196728463355992 100.001238844284202 0.500006198570321
0.472600000000000 0.999999999992679 0.400918341012130 -0.193604525965502 100.001238844283947 0.500006198339267
0.472700000000000 0.999999999992679 0.400879943124500 -0.190403159848225 100.001238844283790 0.500006198123631
0.472800000000000 0.999999999992679 0.400842193078167 -0.187125627635061 100.001238844283648 0.500006197956309
0.472900000000000 0.999999999992675 0.400805105971253 -0.183773267911949 100.001238844283506 0.500006197783986
0.473000000000000 0.999999999992675 0.400768696633967 -0.180347422481073 100.001238844283236 0.500006197604804
0.473100000000000 0.999999999992675 0.400732979626010 -0.176849455316339 100.001238844283165 0.500006197430014
0.473200000000000 0.999999999992671 0.400697969227527 -0.173280797821344 100.001238844283023 0.500006197202495
0.473300000000000 0.999999999992670 0.400663679436894 -0.169642836597713 100.001238844282881 0.500006196994026
0.473400000000000 0.999999999992668 0.400630123967680 -0.165937032837767 100.001238844282710 0.500006196793487
0.473500000000000 0.999999999992665 0.400597316241275 -0.162164848004361 100.001238844282554 0.500006196634462
0.473600000000000 0.999999999992664 0.400565269380194 -0.158327808740042 100.001238844282398 0.500006196486254
0.473700000000000 0.999999999992662 0.400533996200278 -0.154427455882252 100.001238844282312 0.500006196338471
0.473800000000000 0.999999999992662 0.400503509208622 -0.150465336312162 100.001238844282142 0.500006196210902
0.473900000000000 0.999999999992660 0.400473820597835 -0.146443047935833 100.001238844281829 0.500006196082790
0.474000000000000 0.999999999992660 0.400444942238432 -0.142362214006007 100.001238844281630 0.500006195932893
0.474100000000000 0.999999999992658 0.400416885676865 -0.138224452826686 100.001238844281403 0.500006195781806
0.474200000000000 0.999999999992655 0.400389662133370 -0.134031408404976 100.001238844281232 0.500006195644584
0.474300000000000 0.999999999992653 0.400363282496866 -0.129784750173251 100.001238844281190 0.500006195530495
0.474400000000000 0.999999999992652 0.400337757319201 -0.125486179593100 100.001238844280948 0.500006195434206
0.474500000000000 0.999999999992648 0.400313096805782 -0.121137459043146 100.001238844280834 0.500006195300994
0.474600000000000 0.999999999992649 0.400289310814833 -0.116740298972758 100.001238844280607 0.500006195167739
0.474700000000000 0.999999999992648 0.400266408859116 -0.112296443381014 100.001238844280607 0.500006195051460
0.474800000000000 0.999999999992646 0.400244400098218 -0.107807680548775 100.001238844280351 0.500006194938918
0.474900000000000 0.999999999992644 0.400223293333851 -0.103275801508674 100.001238844280266 0.500006194834514
0.475000000000000 0.999999999992642 0.400203097006899 -0.098702623321446 100.001238844280095 0.500006194733081
0.475100000000000 0.999999999992640 0.400183819193389 -0.094089977461838 100.001238844279982 0.500006194632052
0.475200000000000 0.999999999992640 0.400165467601244 -0.089439714603721 100.001238844279754 0.500006194526259
0.475300000000000 0.999999999992638 0.400148049570546 -0.084753663666084 100.001238844279612 0.500006194443671
0.475400000000000 0.999999999992636 0.400131572068656 -0.080033721100940 100.001238844279356 0.500006194363810
0.475500000000000 0.999999999992634 0.400116041683689 -0.075281783643698 100.001238844279356 0.500006194279482
0.475600000000000 0.999999999992633 0.400101464625385 -0.070499739255717 100.001238844279186 0.500006194200849
0.475700000000000 0.999999999992632 0.400087846724785 -0.065689486883167 100.001238844279101 0.500006194137019
0.475800000000000 0.999999999992630 0.400075193427984 -0.060852976799433 100.001238844278902 0.500006194069547
0.475900000000000 0.999999999992629 0.400063509794221 -0.055992129961882 100.001238844278618 0.500006194007420
0.476000000000000 0.999999999992627 0.400052800497532 -0.051108876344631 100.001238844278504 0.500006193958190
0.476100000000000 0.999999999992625 0.400043069822035 -0.046205184005208 100.001238844278220 0.500006193912775
0.476200000000000 0.999999999992625 0.400034321659092 -0.041283012965077 100.001238844278262 0.500006193871460
0.476300000000000 0.999999999992623 0.400026559506967 -0.036344335696925 100.001238844278078 0.500006193832534
0.476400000000000 0.999999999992623 0.400019786469421 -0.031391125795289 100.001238844278163 0.500006193796821
0.476500000000000 0.999999999992621 0.400014005254431 -0.026425365884674 100.001238844277609 0.500006193763853
0.476600000000000 0.999999999992617 0.400009218173371 -0.021449040385114 100.001238844277637 0.500006193734227
0.476700000000000 0.999999999992617 0.400005427140131 -0.016464140108636 100.001238844277367 0.500006193707977
0.476800000000000 0.999999999992614 0.400002633670803 -0.011472653283613 100.001238844277253 0.500006193686500
0.476900000000000 0.999999999992613 0.400000838882736 -0.006476578625552 100.001238844277168 0.500006193669436
0.477000000000000 0.999999999992612 0.400000043493488 -0.001477915323375 100.001238844277225 0.500006193656661
0.477100000000000 0.999999999992609 0.400000247820911 0.003521338678961 100.001238844276827 0.500006193648289
0.477200000000000 0.999999999992610 0.400001451782862 0.008519180135810 100.001238844276656 0.500006193644834
0.477300000000000 0.999999999992607 0.400003654897257 0.013513612770139 100.001238844276486 0.500006193646477
0.477400000000000 0.999999999992606 0.400006856282708 0.018502639473275 100.001238844276443 0.500006193653434
0.477500000000000 0.999999999992601 0.400011054658282 0.023484261598565 100.001238844276230 0.500006193666503
0.477600000000000 0.999999999992604 0.400016248344752 0.028456495029248 100.001238844276173 0.500006193683945
0.477700000000000 0.999999999992602 0.400022435265586 0.033417350594465 100.001238844276131 0.500006193705762
0.477800000000000 0.999999999992601 0.400029612947550 0.038364850507599 100.001238844275804 0.500006193729484
0.477900000000000 0.999999999992597 0.400037778521751 0.043297014053394 100.001238844276031 0.500006193755309
0.478000000000000 0.999999999992599 0.400046928722739 0.048211856308124 100.001238844275576 0.500006193788529
0.478100000000000 0.999999999992597 0.400057059890499 0.053107418633095 100.001238844275292 0.500006193826343
0.478200000000000 0.999999999992595 0.400068167972674 0.057981734252948 100.001238844275449 0.500006193873916
0.478300000000000 0.999999999992595 0.400080248526781 0.062832867603867 100.001238844274894 0.500006193923871
0.478400000000000 0.999999999992591 0.400093296722356 0.067658874670015 100.001238844275036 0.500006193978429
0.478500000000000 0.999999999992588 0.400107307342117 0.072457833057451 100.001238844275107 0.500006194031972
0.478600000000000 0.999999999992586 0.400122274784757 0.077227822129337 100.001238844274582 0.500006194084815
0.478700000000000 0.999999999992588 0.400138193065312 0.081966925356908 100.001238844274525 0.500006194143569
0.478800000000000 0.999999999992585 0.400155055818505 0.086673258285617 100.001238844274440 0.500006194199414
0.478900000000000 0.999999999992584 0.400172856300513 0.091344917008287 100.001238844274155 0.500006194271202
0.479000000000000 0.999999999992581 0.400191587391452 0.095980045772091 100.001238844274098 0.500006194348604
0.479100000000000 0.999999999992579 0.400211241599965 0.100576785487326 100.001238844273786 0.500006194437061
0.479200000000000 0.999999999992579 0.400231811064007 0.105133287303750 100.001238844273786 0.500006194548017
0.479300000000000 0.999999999992578 0.400253287556448 0.109647749619907 100.001238844273615 0.500006194660662
0.479400000000000 0.999999999992575 0.400275662490483 0.114118377476120 100.001238844273459 0.500006194762957
0.479500000000000 0.999999999992573 0.400298926920775 0.118543379661612 100.001238844273303 0.500006194857727
0.479600000000000 0.999999999992572 0.400323071544198 0.122920969200729 100.001238844273061 0.500006194965274
0.479700000000000 0.999999999992572 0.400348086702572 0.127249382522440 100.001238844272962 0.500006195102462
0.479800000000000 0.999999999992569 0.400373962391523 0.131526921005126 100.001238844272706 0.500006195228917
0.479900000000000 0.999999999992569 0.400400688263492 0.135751850050000 100.001238844272777 0.500006195375490
0.480000000000000 0.999999999992565 0.400428253633111 0.139922528406876 100.001238844272365 0.500006195476476
0.480100000000000 0.999999999992566 0.400456647477257 0.144037216922045 100.001238844272279 0.500006195630252
0.480200000000000 0.999999999992564 0.400485858437221 0.148094299165608 100.001238844272109 0.500006195797161
0.480300000000000 0.999999999992561 0.400515874832807 0.152092177700126 100.001238844271796 0.500006195939872
0.480400000000000 0.999999999992560 0.400546684660612 0.156029216072109 100.001238844271896 0.500006196114974
0.480500000000000 0.999999999992558 0.400578275598691 0.159903866393834 100.001238844271697 0.500006196281701
0.480600000000000 0.999999999992554 0.400610635016035 0.163714585694110 100.001238844271370 0.500006196428983
0.480700000000000 0.999999999992555 0.400643749971401 0.167459813798343 100.001238844271683 0.500006196615788
0.480800000000000 0.999999999992552 0.400677607220034 0.171138075693488 100.001238844271214 0.500006196805066
0.480900000000000 0.999999999992554 0.400712193224354 0.174747918163753 100.001238844271342 0.500006196966008
0.481000000000000 0.999999999992550 0.400747494152777 0.178287852765510 100.001238844270915 0.500006197176340
0.481100000000000 0.999999999992550 0.400783495888657 0.181756518877961 100.001238844270887 0.500006197338798
0.481200000000000 0.999999999992547 0.400820184037692 0.185152499659984 100.001238844270716 0.500006197505824
0.481300000000000 0.999999999992544 0.400857543927508 0.188474430534093 100.001238844270574 0.500006197689713
0.481400000000000 0.999999999992546 0.400895560618481 0.191721004307127 100.001238844270333 0.500006197850436
0.481500000000000 0.999999999992543 0.400934218907201 0.194890889402108 100.001238844270205 0.500006198051490
0.481600000000000 0.999999999992540 0.400973503330552 0.197982819813841 100.001238844269551 0.500006198290691
0.481700000000000 0.999999999992539 0.401013398179868 0.200995607062117 100.001238844269636 0.500006198473185
0.481800000000000 0.999999999992538 0.401053887502189 0.203927996045449 100.001238844269920 0.500006198699080
0.481900000000000 0.999999999992538 0.401094955101573 0.206778811697686 100.001238844269722 0.500006198974243
0.482000000000000 0.999999999992535 0.401136584557389 0.209546983153140 100.001238844270233 0.500006199155560
0.482100000000000 0.999999999992535 0.401178759228517 0.212231375141308 100.001238844269380 0.500006199300288
0.482200000000000 0.999999999992534 0.401221462247463 0.214830857613344 100.001238844269807 0.500006199528339
0.482300000000000 0.999999999992531 0.401264676528990 0.217344383372891 100.001238844269068 0.500006199857977
0.482400000000000 0.999999999992528 0.401308384790147 0.219771023814902 100.001238844268414 0.500006200123910
0.482500000000000 0.999999999992528 0.401352569558290 0.222109811208470 100.001238844268713 0.500006200318670
0.482600000000000 0.999999999992526 0.401397213160678 0.224359709863920 100.001238844268542 0.500006200664889
0.482700000000000 0.999999999992525 0.401442297738267 0.226519893502603 100.001238844269025 0.500006200999608
0.482800000000000 0.999999999992524 0.401487805262789 0.228589496652779 100.001238844268485 0.500006201326034
0.482900000000000 0.999999999992523 0.401533717535289 0.230567677040697 100.001238844268897 0.500006201677465
0.483000000000000 0.999999999992521 0.401580016195578 0.232453664899958 100.001238844267164 0.500006202004656
0.483100000000000 0.999999999992520 0.401626682731049 0.234246705399732 100.001238844267860 0.500006202308559
0.483200000000000 0.999999999992517 0.401673698480073 0.235946062504029 100.001238844266993 0.500006202633343
0.483300000000000 0.999999999992516 0.401721044641857 0.237551080330472 100.001238844267974 0.500006202923110
0.483400000000000 0.999999999992515 0.401768702287404 0.239061133385531 100.001238844266851 0.500006203138299
0.483500000000000 0.999999999992511 0.401816652363444 0.240475604425086 100.001238844267334 0.500006203310091
0.483600000000000 0.999999999992511 0.401864875693030 0.241793873178688 100.001238844267760 0.500006203569632
0.483700000000000 0.999999999992512 0.401913352987273 0.243015441201385 100.001238844266524 0.500006203848123
0.483800000000000 0.999999999992508 0.401962064858217 0.244139817361182 100.001238844266680 0.500006204152016
0.483900000000000 0.999999999992505 0.402010991815568 0.245166464634709 100.001238844266453 0.500006204695115
0.484000000000000 0.999999999992505 0.402060114291890 0.246095153347014 100.001238844266709 0.500006205034779
0.484100000000000 0.999999999992503 0.402109412647890 0.246925394449802 100.001238844265700 0.500006205459416
0.484200000000000 0.999999999992504 0.402158867168091 0.247656911910350 100.001238844266950 0.500006205830991
0.484300000000000 0.999999999992502 0.402208458082214 0.248289436862584 100.001238844265515 0.500006206090444
0.484400000000000 0.999999999992500 0.402258165560616 0.248822642178704 100.001238844265330 0.500006206421474
0.484500000000000 0.999999999992497 0.402307969720851 0.249256327874040 100.001238844265998 0.500006206791387
0.484600000000000 0.999999999992497 0.402357850640268 0.249590291085158 100.001238844265501 0.500006207273446
0.484700000000000 0.999999999992496 0.402407788369684 0.249824470416711 100.001238844265771 0.500006207687484
0.484800000000000 0.999999999992493 0.402457762945074 0.249958778441231 100.001238844265572 0.500006208017725
0.484900000000000 0.999999999992491 0.402507754390902 0.249993187727196 100.001238844265316 0.500006208198318
0.485000000000000 0.999999999992489 0.402557742714710 0.249927554968808 100.001238844265600 0.500006208553128
0.485100000000000 0.999999999992489 0.402607707918961 0.249761974177230 100.001238844265515 0.500006208912511
0.485200000000000 0.999999999992487 0.402657630019682 0.249496487451573 100.001238844264222 0.500006209336540
0.485300000000000 0.999999999992486 0.402707489055642 0.249131278869220 100.001238844265004 0.500006209630587
0.485400000000000 0.999999999992483 0.402757265093869 0.248666447983139 100.001238844265032 0.500006209910784
0.485500000000000 0.999999999992481 0.402806938225993 0.248102140458009 100.001238844265004 0.500006210276937
0.485600000000000 0.999999999992480 0.402856488583996 0.247438614747017 100.001238844264762 0.500006210647282
0.485700000000000 0.999999999992480 0.402905896350922 0.246676122413909 100.001238844264037 0.500006211055558
0.485800000000000 0.999999999992477 0.402955141770082 0.245815015403757 100.001238844263824 0.500006211385711
0.485900000000000 0.999999999992477 0.403004205150338 0.244855596719016 100.001238844263696 0.500006211739515
0.486000000000000 0.999999999992476 0.403053066870628 0.243798264518820 100.001238844263440 0.500006212081287
0.486100000000000 0.999999999992473 0.403101707391282 0.242643434644888 100.001238844263526 0.500006212427957
0.486200000000000 0.999999999992472 0.403150107258513 0.241391549798229 100.001238844263511 0.500006212825601
0.486300000000000 0.999999999992471 0.403198247113300 0.240043114867908 100.001238844263327 0.500006213263304
0.486400000000000 0.999999999992468 0.403246107703269 0.238598691967768 100.001238844262787 0.500006213685556
0.486500000000000 0.999999999992468 0.403293669889852 0.237058857168590 100.001238844263014 0.500006214096059
0.486600000000000 0.999999999992462 0.403340914652398 0.235424213359747 100.001238844262673 0.500006214525239
0.486700000000000 0.999999999992464 0.403387823099424 0.233695449449761 100.001238844263284 0.500006214890001
0.486800000000000 0.999999999992462 0.403434376474919 0.231873232137070 100.001238844261763 0.500006215248492
0.486900000000000 0.999999999992459 0.403480556160958 0.229958274347266 100.001238844262758 0.500006215637060
0.487000000000000 0.999999999992461 0.403526343691825 0.227951386476354 100.001238844262858 0.500006215952849
0.487100000000000 0.999999999992460 0.403571720754209 0.225853281343057 100.001238844261280 0.500006216400639
0.487200000000000 0.999999999992456 0.403616669196548 0.223664864210023 100.001238844261536 0.500006216828739
0.487300000000000 0.999999999992457 0.403661171042663 0.221386983735403 100.001238844262261 0.500006217296233
0.487400000000000 0.999999999992455 0.403705208499380 0.219020620896425 100.001238844261096 0.500006217647741
0.487500000000000 0.999999999992453 0.403748763964158 0.216566702857550 100.001238844260925 0.500006217927263
0.487600000000000 0.999999999992452 0.403791820019371 0.214026150620004 100.001238844261962 0.500006218266196
0.487700000000000 0.999999999992451 0.403834359438438 0.211399953862560 100.001238844261820 0.500006218718676
0.487800000000000 0.999999999992448 0.403876365206000 0.208689234432413 100.001238844261522 0.500006219131133
0.487900000000000 0.999999999992447 0.403917820536429 0.205895170246281 100.001238844261280 0.500006219309695
0.488000000000000 0.999999999992447 0.403958708851062 0.203018651169556 100.001238844260229 0.500006219725632
0.488100000000000 0.999999999992442 0.403999013786115 0.200060936474859 100.001238844260087 0.500006220152271
0.488200000000000 0.999999999992441 0.404038719223130 0.197023221184230 100.001238844261110 0.500006220564607
0.488300000000000 0.999999999992439 0.404077809287537 0.193906748602943 100.001238844259774 0.500006220906997
0.488400000000000 0.999999999992440 0.404116268347598 0.190712706088456 100.001238844260911 0.500006221294668
0.488500000000000 0.999999999992440 0.404154081016027 0.187442347419597 100.001238844260058 0.500006221770165
0.488600000000000 0.999999999992436 0.404191232174855 0.184097113677330 100.001238844259916 0.500006222082370
0.488700000000000 0.999999999992434 0.404227706973475 0.180678237697966 100.001238844259746 0.500006222428141
0.488800000000000 0.999999999992433 0.404263490826267 0.177187137398441 100.001238844259518 0.500006222715135
0.488900000000000 0.999999999992433 0.404298569423938 0.173625157398048 100.001238844259518 0.500006223035561
0.489000000000000 0.999999999992432 0.404332928741811 0.169993799957260 100.001238844259262 0.500006223254034
0.489100000000000 0.999999999992429 0.404366555042200 0.166294434136157 100.001238844259248 0.500006223514340
0.489200000000000 0.999999999992427 0.404399434866741 0.162528481469965 100.001238844258936 0.500006223909284
0.489300000000000 0.999999999992426 0.404431555058829 0.158697539292388 100.001238844258779 0.500006224285399
0.489400000000000 0.999999999992422 0.404462902774563 0.154803138389545 100.001238844258680 0.500006224644817
0.489500000000000 0.999999999992421 0.404493465475221 0.150846799058706 100.001238844258509 0.500006225044355
0.489600000000000 0.999999999992421 0.404523230943761 0.146830218732449 100.001238844258310 0.500006225309619
0.489700000000000 0.999999999992421 0.404552187295171 0.142755021738867 100.001238844258097 0.500006225421212
0.489800000000000 0.999999999992417 0.404580322956803 0.138622706260999 100.001238844258040 0.500006225572466
0.489900000000000 0.999999999992416 0.404607626666715 0.134434880077919 100.001238844257841 0.500006225821850
0.490000000000000 0.999999999992416 0.404634087503203 0.130193339722069 100.001238844257827 0.500006226001675
0.490100000000000 0.999999999992413 0.404659694882726 0.125899670308459 100.001238844257642 0.500006226258051
0.490200000000000 0.999999999992412 0.404684438562821 0.121555695987760 100.001238844257472 0.500006226452731
0.490300000000000 0.999999999992410 0.404708308660667 0.117163193800556 100.001238844257244 0.500006226541922
0.490400000000000 0.999999999992411 0.404731295627111 0.112723720675390 100.001238844257259 0.500006226762304
0.490500000000000 0.999999999992407 0.404753390253026 0.108239118974487 100.001238844257088 0.500006227029064
0.490600000000000 0.999999999992404 0.404774583703022 0.103711285459240 100.001238844256832 0.500006227228043
0.490700000000000 0.999999999992402 0.404794867508527 0.099141992443535 100.001238844256790 0.500006227403032
0.490800000000000 0.999999999992403 0.404814233552188 0.094532977545509 100.001238844256648 0.500006227641976
0.490900000000000 0.999999999992401 0.404832674087250 0.089886211989077 100.001238844256505 0.500006227819823
0.491000000000000 0.999999999992399 0.404850181737106 0.085203425515939 100.001238844256449 0.500006228053856
0.491100000000000 0.999999999992399 0.404866749496972 0.080486606409896 100.001238844256363 0.500006228241038
0.491200000000000 0.999999999992397 0.404882370745795 0.075737605633930 100.001238844256207 0.500006228412841
0.491300000000000 0.999999999992397 0.404897039236328 0.070958307850604 100.001238844255823 0.500006228580162
0.491400000000000 0.999999999992393 0.404910749107437 0.066150692113428 100.001238844255809 0.500006228695741
0.491500000000000 0.999999999992393 0.404923494880642 0.061316605743704 100.001238844255667 0.500006228813182
0.491600000000000 0.999999999992390 0.404935271458866 0.056458015019098 100.001238844255440 0.500006228911270
0.491700000000000 0.999999999992390 0.404946074135568 0.051576860360502 100.001238844255269 0.500006228993040
0.491800000000000 0.999999999992389 0.404955898586006 0.046675018455058 100.001238844255454 0.500006229096705
0.491900000000000 0.999999999992388 0.404964740879983 0.041754558645171 100.001238844254900 0.500006229167933
0.492000000000000 0.999999999992384 0.404972597485556 0.036817395548703 100.001238844254999 0.500006229232345
0.492100000000000 0.999999999992387 0.404979465255045 0.031865455405066 100.001238844254729 0.500006229305806
0.492200000000000 0.999999999992381 0.404985341444690 0.026900853417099 100.001238844254715 0.500006229343362
0.492300000000000 0.999999999992379 0.404990223712301 0.021925490411613 100.001238844254672 0.500006229373894
0.492400000000000 0.999999999992380 0.404994110101702 0.016941324015047 100.001238844254203 0.500006229403301
0.492500000000000 0.999999999992379 0.404996999054804 0.011950379282396 100.001238844254289 0.500006229423346
0.492600000000000 0.999999999992376 0.404998889412531 0.006954621306809 100.001238844253834 0.500006229436460
0.492700000000000 0.999999999992375 0.404999780416568 0.001956092387185 100.001238844253535 0.500006229437273
0.492800000000000 0.999999999992372 0.404999671716236 -0.003043172584972 100.001238844253422 0.500006229427028
0.492900000000000 0.999999999992372 0.404998563362263 -0.008041193531651 100.001238844253521 0.500006229409557
0.493000000000000 0.999999999992372 0.404996455793238 -0.013036072443692 100.001238844253407 0.500006229376857
0.493100000000000 0.999999999992368 0.404993349847625 -0.018025708393362 100.001238844253010 0.500006229337614
0.493200000000000 0.999999999992367 0.404989246772586 -0.023008114375640 100.001238844253066 0.500006229293220
0.493300000000000 0.999999999992364 0.404984148211103 -0.027981319780428 100.001238844252924 0.500006229240361
0.493400000000000 0.999999999992364 0.404978056202817 -0.032943326367589 100.001238844252839 0.500006229181957
0.493500000000000 0.999999999992361 0.404970973175258 -0.037892255887081 100.001238844252399 0.500006229081174
0.493600000000000 0.999999999992360 0.404962901956986 -0.042825976551551 100.001238844252470 0.500006228989981
0.493700000000000 0.999999999992358 0.404953845788572 -0.047742496604192 100.001238844252356 0.500006228922690
0.493800000000000 0.999999999992356 0.404943808290618 -0.052640008809461 100.001238844251873 0.500006228806917
0.493900000000000 0.999999999992356 0.404932793466730 -0.057516490009366 100.001238844252271 0.500006228669806
0.494000000000000 0.999999999992355 0.404920805719298 -0.062369974654025 100.001238844251787 0.500006228518725
0.494100000000000 0.999999999992353 0.404907849846785 -0.067198467607904 100.001238844251375 0.500006228388658
0.494200000000000 0.999999999992350 0.404893931032889 -0.072000110062301 100.001238844251503 0.500006228234254
0.494300000000000 0.999999999992350 0.404879054840881 -0.076772967754561 100.001238844251219 0.500006228063876
0.494400000000000 0.999999999992349 0.404863227227379 -0.081515039301176 100.001238844251262 0.500006227950342
0.494500000000000 0.999999999992347 0.404846454531512 -0.086224500468820 100.001238844250935 0.500006227841400
0.494600000000000 0.999999999992344 0.404828743456430 -0.090899535357835 100.001238844250736 0.500006227678381
0.494700000000000 0.999999999992342 0.404810101070334 -0.095538310070527 100.001238844250807 0.500006227422650
0.494800000000000 0.999999999992342 0.404790534820314 -0.100138868235080 100.001238844250608 0.500006227164870
0.494900000000000 0.999999999992339 0.404770052529937 -0.104699401506231 100.001238844250338 0.500006226873962
0.495000000000000 0.999999999992339 0.404748662394253 -0.109218002981110 100.001238844250310 0.500006226637256
0.495100000000000 0.999999999992336 0.404726372977132 -0.113692890599700 100.001238844250125 0.500006226432886
0.495200000000000 0.999999999992336 0.404703193206180 -0.118122208825661 100.001238844249855 0.500006226341247
0.495300000000000 0.999999999992334 0.404679132349468 -0.122504408495046 100.001238844249769 0.500006226104027
0.495400000000000 0.999999999992332 0.404654200014153 -0.126837650002172 100.001238844249684 0.500006225819364
0.495500000000000 0.999999999992331 0.404628406176484 -0.131120078570214 100.001238844249684 0.500006225642024
0.495600000000000 0.999999999992331 0.404601761157610 -0.135350100475877 100.001238844249514 0.500006225421662
0.495700000000000 0.999999999992328 0.404574275609730 -0.139525999242890 100.001238844249201 0.500006225189975
0.495800000000000 0.999999999992328 0.404545960518369 -0.143646158035704 100.001238844249031 0.500006224871502
0.495900000000000 0.999999999992326 0.404516827198971 -0.147708894813984 100.001238844249002 0.500006224511654
0.496000000000000 0.999999999992324 0.404486887305383 -0.151712505188289 100.001238844248647 0.500006224228182
0.496100000000000 0.999999999992322 0.404456152814321 -0.155655465466693 100.001238844248519 0.500006223907000
0.496200000000000 0.999999999992322 0.404424636019631 -0.159536128717389 100.001238844248377 0.500006223657222
0.496300000000000 0.999999999992319 0.404392349527397 -0.163353017572511 100.001238844248292 0.500006223362627
0.496400000000000 0.999999999992315 0.404359306244276 -0.167104606264408 100.001238844247681 0.500006223020284
0.496500000000000 0.999999999992315 0.404325519389029 -0.170789296979900 100.001238844247879 0.500006222793416
0.496600000000000 0.999999999992312 0.404291002476554 -0.174405725795528 100.001238844247965 0.500006222498367
0.496700000000000 0.999999999992312 0.404255769306103 -0.177952414258557 100.001238844247794 0.500006222189169
0.496800000000000 0.999999999992313 0.404219833968262 -0.181427926341777 100.001238844247382 0.500006221897609
0.496900000000000 0.999999999992311 0.404183210835302 -0.184830881521351 100.001238844247410 0.500006221607468
0.497000000000000 0.999999999992307 0.404145914555731 -0.188159897252104 100.001238844247325 0.500006221359682
0.497100000000000 0.999999999992306 0.404107960039353 -0.191413743516408 100.001238844246828 0.500006220963657
0.497200000000000 0.999999999992307 0.404069362459471 -0.194591015976500 100.001238844246913 0.500006220613623
0.497300000000000 0.999999999992304 0.404030137254789 -0.197690461624553 100.001238844246586 0.500006220276984
0.497400000000000 0.999999999992300 0.403990300102736 -0.200710949517988 100.001238844247155 0.500006219737997
0.497500000000000 0.999999999992301 0.403949866929812 -0.203651119113751 100.001238844246487 0.500006219299675
0.497600000000000 0.999999999992300 0.403908853916010 -0.206509793774071 100.001238844247197 0.500006218967310
0.497700000000000 0.999999999992297 0.403867277467534 -0.209285888300455 100.001238844246132 0.500006218623614
0.497800000000000 0.999999999992296 0.403825154209428 -0.211978300467864 100.001238844246103 0.500006218251833
0.497900000000000 0.999999999992295 0.403782500990721 -0.214585891804080 100.001238844245876 0.500006217983284
0.498000000000000 0.999999999992294 0.403739334863817 -0.217107767685473 100.001238844245933 0.500006217500856
0.498100000000000 0.999999999992294 0.403695673089103 -0.219542743451244 100.001238844245393 0.500006217184396
0.498200000000000 0.999999999992292 0.403651533138799 -0.221889882121918 100.001238844245464 0.500006216956917
0.498300000000000 0.999999999992290 0.403606932663463 -0.224148339226345 100.001238844245208 0.500006216610325
0.498400000000000 0.999999999992288 0.403561889491951 -0.226317176324765 100.001238844243744 0.500006216221802
0.498500000000000 0.999999999992286 0.403516421639439 -0.228395467975058 100.001238844245165 0.500006215923028
0.498600000000000 0.999999999992285 0.403470547293755 -0.230382412117142 100.001238844245506 0.500006215649163
0.498700000000000 0.999999999992283 0.403424284800907 -0.232277230587365 100.001238844245279 0.500006215362765
0.498800000000000 0.999999999992282 0.403377652657961 -0.234079190156994 100.001238844244256 0.500006215006576
0.498900000000000 0.999999999992280 0.403330669507612 -0.235787567695137 100.001238844244369 0.500006214585518
0.499000000000000 0.999999999992280 0.403283354134638 -0.237401665717978 100.001238844243289 0.500006214132715
0.499100000000000 0.999999999992277 0.403235725462730 -0.238920792331552 100.001238844244625 0.500006213758631
0.499200000000000 0.999999999992275 0.403187802542749 -0.240344365603347 100.001238844243801 0.500006213403211
0.499300000000000 0.999999999992274 0.403139604530883 -0.241671917605996 100.001238844244071 0.500006212822362
0.499400000000000 0.999999999992272 0.403091150700661 -0.242902742315046 100.001238844242323 0.500006212438276
0.499500000000000 0.999999999992272 0.403042460435248 -0.244036446154480 100.001238844242692 0.500006212013143
0.499600000000000 0.999999999992269 0.402993553199558 -0.245072608006181 100.001238844243005 0.500006211467726
0.499700000000000 0.999999999992269 0.402944448550764 -0.246010725710157 100.001238844242778 0.500006211016953
0.499800000000000 0.999999999992266 0.402895166133259 -0.246850428695538 100.001238844242152 0.500006210650612
0.499900000000000 0.999999999992266 0.402845725665410 -0.247591347057630 100.001238844242152 0.500006210453760
0.500000000000000 0.999999999992263 0.402796146922913 -0.248233276485529 100.001238844243062 0.500006210199511
