# t  Norma  <x>  <p>  <H>  DeltaX*DeltaP
0.000000000000000 0.999999999999997 1.249999999999999 0.000000000000000 4099.178857419844462 20.495893875873492
0.000100000000000 0.999999999999998 1.249999999999998 -0.000000000000001 4099.178857419839915 20.495893877017725
0.000200000000000 0.999999999999998 1.249999999999997 -0.000000000000007 4099.178857419836277 20.495893880439198
0.000300000000000 1.000000000000000 1.249999999999997 -0.000000000000010 4099.178857419839915 20.495893886104554
0.000400000000000 0.999999999999997 1.249999999999999 -0.000000000000015 4099.178857419839915 20.495893893957870
0.000500000000000 1.000000000000000 1.249999999999997 -0.000000000000019 4099.178857419843553 20.495893903923161
0.000600000000000 0.999999999999998 1.249999999999997 -0.000000000000026 4099.178857419845372 20.495893915901302
0.000700000000000 0.999999999999997 1.249999999999997 -0.000000000000032 4099.178857419839915 20.495893929774006
0.000800000000000 0.999999999999997 1.249999999999997 -0.000000000000034 4099.178857419849010 20.495893945402361
0.000900000000000 0.999999999999998 1.249999999999998 -0.000000000000040 4099.178857419838096 20.495893962628564
0.001000000000000 0.999999999999997 1.249999999999997 -0.000000000000042 4099.178857419843553 20.495893981277110
0.001100000000000 0.999999999999997 1.250000000000000 -0.000000000000046 4099.178857419839005 20.495894001154877
0.001200000000000 0.999999999999999 1.249999999999997 -0.000000000000051 4099.178857419841734 20.495894022054344
0.001300000000000 0.999999999999999 1.249999999999997 -0.000000000000054 4099.178857419839915 20.495894043751626
0.001400000000000 0.999999999999999 1.249999999999997 -0.000000000000056 4099.178857419838096 20.495894066010976
0.001500000000000 0.999999999999996 1.249999999999996 -0.000000000000060 4099.178857419845372 20.495894088585217
0.001600000000000 0.999999999999998 1.249999999999996 -0.000000000000061 4099.178857419845372 20.495894111216320
0.001700000000000 0.999999999999997 1.249999999999996 -0.000000000000063 4099.178857419845372 20.495894133637947
0.001800000000000 0.999999999999996 1.249999999999995 -0.000000000000065 4099.178857419834458 20.495894155577879
0.001900000000000 0.999999999999998 1.249999999999994 -0.000000000000068 4099.178857419839915 20.495894176757616
0.002000000000000 0.999999999999994 1.249999999999995 -0.000000000000071 4099.178857419836277 20.495894196895765
0.002100000000000 0.999999999999995 1.249999999999993 -0.000000000000072 4099.178857419840824 20.495894215710059
0.002200000000000 0.999999999999996 1.249999999999993 -0.000000000000072 4099.178857419839005 20.495894232917394
0.002300000000000 0.999999999999996 1.249999999999994 -0.000000000000071 4099.178857419836277 20.495894248237562
0.002400000000000 0.999999999999996 1.249999999999996 -0.000000000000076 4099.178857419829910 20.495894261394241
0.002500000000000 0.999999999999996 1.249999999999995 -0.000000000000076 4099.178857419836277 20.495894272116672
0.002600000000000 0.999999999999997 1.249999999999995 -0.000000000000077 4099.178857419838096 20.495894280141446
0.002700000000000 0.999999999999997 1.249999999999995 -0.000000000000078 4099.178857419837186 20.495894285214888
0.002800000000000 0.999999999999996 1.249999999999994 -0.000000000000081 4099.178857419832639 20.495894287093442
0.002900000000000 0.999999999999995 1.249999999999994 -0.000000000000082 4099.178857419834458 20.495894285546548
0.003000000000000 0.999999999999996 1.249999999999993 -0.000000000000082 4099.178857419827182 20.495894280358272
0.003100000000000 0.999999999999995 1.249999999999993 -0.000000000000080 4099.178857419830820 20.495894271328005
0.003200000000000 0.999999999999997 1.249999999999992 -0.000000000000079 4099.178857419829910 20.495894258271893
0.003300000000000 0.999999999999998 1.249999999999993 -0.000000000000079 4099.178857419830820 20.495894241024804
0.003400000000000 0.999999999999996 1.249999999999991 -0.000000000000079 4099.178857419829001 20.495894219442196
0.003500000000000 0.999999999999995 1.249999999999992 -0.000000000000075 4099.178857419829910 20.495894193398602
0.003600000000000 0.999999999999997 1.249999999999992 -0.000000000000075 4099.178857419830820 20.495894162792315
0.003700000000000 0.999999999999996 1.249999999999992 -0.000000000000073 4099.178857419830820 20.495894127542925
0.003800000000000 0.999999999999996 1.249999999999990 -0.000000000000072 4099.178857419827182 20.495894087595115
0.003900000000000 0.999999999999995 1.249999999999994 -0.000000000000069 4099.178857419829001 20.495894042915623
0.004000000000000 0.999999999999993 1.249999999999989 -0.000000000000068 4099.178857419831729 20.495893993499518
0.004100000000000 0.999999999999996 1.249999999999991 -0.000000000000066 4099.178857419827182 20.495893939362880
0.004200000000000 0.999999999999996 1.249999999999990 -0.000000000000066 4099.178857419829910 20.495893880550664
0.004300000000000 0.999999999999994 1.249999999999992 -0.000000000000064 4099.178857419833548 20.495893817131044
0.004400000000000 0.999999999999996 1.249999999999990 -0.000000000000059 4099.178857419831729 20.495893749199801
0.004500000000000 0.999999999999994 1.249999999999990 -0.000000000000056 4099.178857419831729 20.495893676876200
0.004600000000000 0.999999999999995 1.249999999999989 -0.000000000000050 4099.178857419832639 20.495893600306268
0.004700000000000 0.999999999999995 1.249999999999990 -0.000000000000048 4099.178857419829001 20.495893519659067
0.004800000000000 0.999999999999993 1.249999999999988 -0.000000000000041 4099.178857419827182 20.495893435129503
0.004900000000000 0.999999999999995 1.249999999999991 -0.000000000000038 4099.178857419823544 20.495893346933769
0.005000000000000 0.999999999999995 1.249999999999990 -0.000000000000032 4099.178857419825363 20.495893255312726
0.005100000000000 0.999999999999996 1.249999999999989 -0.000000000000027 4099.178857419834458 20.495893160527078
0.005200000000000 0.999999999999994 1.249999999999987 -0.000000000000023 4099.178857419827182 20.495893062858929
0.005300000000000 0.999999999999996 1.249999999999990 -0.000000000000018 4099.178857419823544 20.495892962608149
0.005400000000000 0.999999999999995 1.249999999999990 -0.000000000000013 4099.178857419823544 20.495892860094788
0.005500000000000 0.999999999999992 1.249999999999990 -0.000000000000007 4099.178857419827182 20.495892755653397
0.005600000000000 0.999999999999994 1.249999999999990 -0.000000000000003 4099.178857419827182 20.495892649634090
0.005700000000000 0.999999999999994 1.249999999999988 0.000000000000001 4099.178857419821725 20.495892542400629
0.005800000000000 0.999999999999993 1.249999999999988 0.000000000000005 4099.178857419825363 20.495892434327541
0.005900000000000 0.999999999999994 1.249999999999988 0.000000000000008 4099.178857419824453 20.495892325799204
0.006000000000000 0.999999999999992 1.249999999999986 0.000000000000013 4099.178857419827182 20.495892217208979
0.006100000000000 0.999999999999993 1.249999999999986 0.000000000000018 4099.178857419821725 20.495892108955385
0.006200000000000 0.999999999999994 1.249999999999987 0.000000000000025 4099.178857419827182 20.495892001440829
0.006300000000000 0.999999999999996 1.249999999999987 0.000000000000030 4099.178857419829001 20.495891895071026
0.006400000000000 0.999999999999995 1.249999999999986 0.000000000000035 4099.178857419827182 20.495891790251054
0.006500000000000 0.999999999999994 1.249999999999988 0.000000000000040 4099.178857419828091 20.495891687384017
0.006600000000000 0.999999999999995 1.249999999999988 0.000000000000044 4099.178857419827182 20.495891586870098
0.006700000000000 0.999999999999993 1.249999999999986 0.000000000000048 4099.178857419825363 20.495891489103641
0.006800000000000 0.999999999999994 1.249999999999986 0.000000000000056 4099.178857419829910 20.495891394470050
0.006900000000000 0.999999999999995 1.249999999999988 0.000000000000063 4099.178857419822634 20.495891303345793
0.007000000000000 0.999999999999994 1.249999999999985 0.000000000000072 4099.178857419820815 20.495891216097011
0.007100000000000 0.999999999999995 1.249999999999986 0.000000000000079 4099.178857419825363 20.495891133074142
0.007200000000000 0.999999999999994 1.249999999999985 0.000000000000083 4099.178857419822634 20.495891054614177
0.007300000000000 0.999999999999992 1.249999999999987 0.000000000000091 4099.178857419819906 20.495890981036720
0.007400000000000 0.999999999999994 1.249999999999987 0.000000000000091 4099.178857419819906 20.495890912642754
0.007500000000000 0.999999999999992 1.249999999999985 0.000000000000096 4099.178857419821725 20.495890849714389
0.007600000000000 0.999999999999992 1.249999999999985 0.000000000000104 4099.178857419814449 20.495890792510249
0.007700000000000 0.999999999999993 1.249999999999984 0.000000000000110 4099.178857419819906 20.495890741267903
0.007800000000000 0.999999999999993 1.249999999999984 0.000000000000114 4099.178857419818996 20.495890696199993
0.007900000000000 0.999999999999993 1.249999999999985 0.000000000000121 4099.178857419821725 20.495890657494893
0.008000000000000 0.999999999999993 1.249999999999985 0.000000000000128 4099.178857419825363 20.495890625314772
0.008100000000000 0.999999999999991 1.249999999999984 0.000000000000136 4099.178857419814449 20.495890599794613
0.008200000000000 0.999999999999992 1.249999999999984 0.000000000000142 4099.178857419823544 20.495890581041856
0.008300000000000 0.999999999999993 1.249999999999983 0.000000000000152 4099.178857419811720 20.495890569136503
0.008400000000000 0.999999999999992 1.249999999999985 0.000000000000158 4099.178857419816268 20.495890564128885
0.008500000000000 0.999999999999993 1.249999999999985 0.000000000000166 4099.178857419821725 20.495890566041826
0.008600000000000 0.999999999999991 1.249999999999984 0.000000000000170 4099.178857419829001 20.495890574868543
0.008700000000000 0.999999999999993 1.249999999999984 0.000000000000175 4099.178857419814449 20.495890590573282
0.008800000000000 0.999999999999993 1.249999999999984 0.000000000000185 4099.178857419818087 20.495890613091923
0.008900000000000 0.999999999999991 1.249999999999982 0.000000000000190 4099.178857419810811 20.495890642332188
0.009000000000000 0.999999999999991 1.249999999999985 0.000000000000198 4099.178857419819906 20.495890678172728
0.009100000000000 0.999999999999992 1.249999999999984 0.000000000000207 4099.178857419823544 20.495890720466434
0.009200000000000 0.999999999999991 1.249999999999984 0.000000000000215 4099.178857419812630 20.495890769038233
0.009300000000000 0.999999999999991 1.249999999999984 0.000000000000222 4099.178857419817177 20.495890823688672
0.009400000000000 0.999999999999992 1.249999999999983 0.000000000000232 4099.178857419816268 20.495890884192445
0.009500000000000 0.999999999999991 1.249999999999983 0.000000000000239 4099.178857419818087 20.495890950300836
0.009600000000000 0.999999999999992 1.249999999999984 0.000000000000245 4099.178857419819906 20.495891021743606
0.009700000000000 0.999999999999992 1.249999999999983 0.000000000000255 4099.178857419814449 20.495891098229048
0.009800000000000 0.999999999999993 1.249999999999983 0.000000000000265 4099.178857419816268 20.495891179446161
0.009900000000000 0.999999999999991 1.249999999999983 0.000000000000269 4099.178857419814449 20.495891265065694
0.010000000000000 0.999999999999991 1.249999999999982 0.000000000000278 4099.178857419819906 20.495891354742653
0.010100000000000 0.999999999999990 1.249999999999981 0.000000000000285 4099.178857419818087 20.495891448117092
0.010200000000000 0.999999999999990 1.249999999999978 0.000000000000293 4099.178857419812630 20.495891544816669
0.010300000000000 0.999999999999992 1.249999999999982 0.000000000000300 4099.178857419808992 20.495891644457007
0.010400000000000 0.999999999999990 1.249999999999980 0.000000000000308 4099.178857419809901 20.495891746647327
0.010500000000000 0.999999999999991 1.249999999999983 0.000000000000312 4099.178857419813539 20.495891850987640
0.010600000000000 0.999999999999990 1.249999999999982 0.000000000000323 4099.178857419816268 20.495891957073912
0.010700000000000 0.999999999999990 1.249999999999982 0.000000000000332 4099.178857419801716 20.495892064498815
0.010800000000000 0.999999999999990 1.249999999999981 0.000000000000340 4099.178857419807173 20.495892172854390
0.010900000000000 0.999999999999989 1.249999999999982 0.000000000000348 4099.178857419810811 20.495892281732921
0.011000000000000 0.999999999999990 1.249999999999982 0.000000000000360 4099.178857419812630 20.495892390730486
0.011100000000000 0.999999999999988 1.249999999999983 0.000000000000368 4099.178857419812630 20.495892499447969
0.011200000000000 0.999999999999992 1.249999999999983 0.000000000000379 4099.178857419807173 20.495892607492962
0.011300000000000 0.999999999999991 1.249999999999980 0.000000000000384 4099.178857419808992 20.495892714482679
0.011400000000000 0.999999999999991 1.249999999999981 0.000000000000391 4099.178857419806263 20.495892820042936
0.011500000000000 0.999999999999990 1.249999999999981 0.000000000000397 4099.178857419808992 20.495892923814587
0.011600000000000 0.999999999999989 1.249999999999981 0.000000000000405 4099.178857419800806 20.495893025450187
0.011700000000000 0.999999999999990 1.249999999999980 0.000000000000409 4099.178857419807173 20.495893124620462
0.011800000000000 0.999999999999990 1.249999999999981 0.000000000000415 4099.178857419812630 20.495893221010874
0.011900000000000 0.999999999999988 1.249999999999980 0.000000000000421 4099.178857419808992 20.495893314327390
0.012000000000000 0.999999999999990 1.249999999999981 0.000000000000428 4099.178857419803535 20.495893404294730
0.012100000000000 0.999999999999991 1.249999999999981 0.000000000000432 4099.178857419811720 20.495893490659640
0.012200000000000 0.999999999999988 1.249999999999979 0.000000000000440 4099.178857419810811 20.495893573190877
0.012300000000000 0.999999999999991 1.249999999999979 0.000000000000447 4099.178857419803535 20.495893651679637
0.012400000000000 0.999999999999990 1.249999999999981 0.000000000000456 4099.178857419803535 20.495893725942064
0.012500000000000 0.999999999999989 1.249999999999980 0.000000000000465 4099.178857419805354 20.495893795818596
0.012600000000000 0.999999999999989 1.249999999999980 0.000000000000474 4099.178857419800806 20.495893861174416
0.012700000000000 0.999999999999988 1.249999999999980 0.000000000000483 4099.178857419803535 20.495893921901541
0.012800000000000 0.999999999999989 1.249999999999981 0.000000000000488 4099.178857419808082 20.495893977916744
0.012900000000000 0.999999999999990 1.249999999999980 0.000000000000496 4099.178857419803535 20.495894029163093
0.013000000000000 0.999999999999989 1.249999999999980 0.000000000000502 4099.178857419799897 20.495894075609595
0.013100000000000 0.999999999999989 1.249999999999981 0.000000000000510 4099.178857419802625 20.495894117251208
0.013200000000000 0.999999999999987 1.249999999999979 0.000000000000520 4099.178857419803535 20.495894154108562
0.013300000000000 0.999999999999987 1.249999999999978 0.000000000000526 4099.178857419807173 20.495894186226739
0.013400000000000 0.999999999999988 1.249999999999980 0.000000000000532 4099.178857419805354 20.495894213675037
0.013500000000000 0.999999999999989 1.249999999999980 0.000000000000539 4099.178857419795349 20.495894236547617
0.013600000000000 0.999999999999988 1.249999999999980 0.000000000000549 4099.178857419798987 20.495894254960653
0.013700000000000 0.999999999999989 1.249999999999979 0.000000000000556 4099.178857419803535 20.495894269052400
0.013800000000000 0.999999999999988 1.249999999999981 0.000000000000564 4099.178857419801716 20.495894278981339
0.013900000000000 0.999999999999988 1.249999999999980 0.000000000000571 4099.178857419806263 20.495894284926369
0.014000000000000 0.999999999999989 1.249999999999980 0.000000000000582 4099.178857419798078 20.495894287084251
0.014100000000000 0.999999999999989 1.249999999999981 0.000000000000589 4099.178857419803535 20.495894285668108
0.014200000000000 0.999999999999987 1.249999999999981 0.000000000000596 4099.178857419803535 20.495894280907436
0.014300000000000 0.999999999999990 1.249999999999980 0.000000000000603 4099.178857419794440 20.495894273044847
0.014400000000000 0.999999999999987 1.249999999999980 0.000000000000605 4099.178857419805354 20.495894262334556
0.014500000000000 0.999999999999987 1.249999999999980 0.000000000000609 4099.178857419800806 20.495894249042426
0.014600000000000 0.999999999999989 1.249999999999980 0.000000000000615 4099.178857419802625 20.495894233441589
0.014700000000000 0.999999999999990 1.249999999999980 0.000000000000619 4099.178857419798078 20.495894215813486
0.014800000000000 0.999999999999989 1.249999999999980 0.000000000000623 4099.178857419801716 20.495894196443373
0.014900000000000 0.999999999999988 1.249999999999979 0.000000000000626 4099.178857419798078 20.495894175619959
0.015000000000000 0.999999999999988 1.249999999999979 0.000000000000630 4099.178857419805354 20.495894153633785
0.015100000000000 0.999999999999987 1.249999999999982 0.000000000000637 4099.178857419804444 20.495894130773642
0.015200000000000 0.999999999999988 1.249999999999980 0.000000000000643 4099.178857419798078 20.495894107327782
0.015300000000000 0.999999999999988 1.249999999999977 0.000000000000648 4099.178857419801716 20.495894083578811
0.015400000000000 0.999999999999987 1.249999999999980 0.000000000000652 4099.178857419805354 20.495894059802456
0.015500000000000 0.999999999999988 1.249999999999979 0.000000000000655 4099.178857419796259 20.495894036269256
0.015600000000000 0.999999999999989 1.249999999999980 0.000000000000660 4099.178857419799897 20.495894013237880
0.015700000000000 0.999999999999988 1.249999999999980 0.000000000000666 4099.178857419796259 20.495893990957409
0.015800000000000 0.999999999999989 1.249999999999978 0.000000000000671 4099.178857419798078 20.495893969663687
0.015900000000000 0.999999999999987 1.249999999999978 0.000000000000674 4099.178857419795349 20.495893949577756
0.016000000000000 0.999999999999985 1.249999999999979 0.000000000000677 4099.178857419799897 20.495893930905872
0.016100000000000 0.999999999999986 1.249999999999978 0.000000000000682 4099.178857419785345 20.495893913837705
0.016200000000000 0.999999999999988 1.249999999999980 0.000000000000688 4099.178857419790802 20.495893898544143
0.016300000000000 0.999999999999986 1.249999999999980 0.000000000000689 4099.178857419794440 20.495893885177555
0.016400000000000 0.999999999999987 1.249999999999978 0.000000000000694 4099.178857419792621 20.495893873870198
0.016500000000000 0.999999999999986 1.249999999999979 0.000000000000695 4099.178857419790802 20.495893864732594
0.016600000000000 0.999999999999984 1.249999999999980 0.000000000000698 4099.178857419792621 20.495893857854654
0.016700000000000 0.999999999999986 1.249999999999978 0.000000000000701 4099.178857419791711 20.495893853303915
0.016800000000000 0.999999999999984 1.249999999999979 0.000000000000700 4099.178857419795349 20.495893851125050
0.016900000000000 0.999999999999986 1.249999999999978 0.000000000000705 4099.178857419796259 20.495893851340007
0.017000000000000 0.999999999999986 1.249999999999978 0.000000000000709 4099.178857419788983 20.495893853947599
0.017100000000000 0.999999999999984 1.249999999999979 0.000000000000712 4099.178857419792621 20.495893858923591
0.017200000000000 0.999999999999987 1.249999999999979 0.000000000000717 4099.178857419790802 20.495893866220445
0.017300000000000 0.999999999999986 1.249999999999976 0.000000000000718 4099.178857419794440 20.495893875769180
0.017400000000000 0.999999999999987 1.249999999999976 0.000000000000719 4099.178857419792621 20.495893887476694
0.017500000000000 0.999999999999987 1.249999999999978 0.000000000000719 4099.178857419792621 20.495893901229419
0.017600000000000 0.999999999999985 1.249999999999977 0.000000000000727 4099.178857419790802 20.495893916892520
0.017700000000000 0.999999999999987 1.249999999999977 0.000000000000727 4099.178857419790802 20.495893934310846
0.017800000000000 0.999999999999986 1.249999999999979 0.000000000000729 4099.178857419783526 20.495893953309789
0.017900000000000 0.999999999999984 1.249999999999978 0.000000000000729 4099.178857419787164 20.495893973697331
0.018000000000000 0.999999999999985 1.249999999999978 0.000000000000733 4099.178857419790802 20.495893995262858
0.018100000000000 0.999999999999986 1.249999999999979 0.000000000000734 4099.178857419786254 20.495894017781183
0.018200000000000 0.999999999999983 1.249999999999979 0.000000000000733 4099.178857419788983 20.495894041012374
0.018300000000000 0.999999999999986 1.249999999999978 0.000000000000732 4099.178857419785345 20.495894064703808
0.018400000000000 0.999999999999986 1.249999999999978 0.000000000000737 4099.178857419792621 20.495894088591129
0.018500000000000 0.999999999999985 1.249999999999979 0.000000000000737 4099.178857419790802 20.495894112399959
0.018600000000000 0.999999999999987 1.249999999999978 0.000000000000739 4099.178857419783526 20.495894135849042
0.018700000000000 0.999999999999985 1.249999999999980 0.000000000000742 4099.178857419788983 20.495894158649524
0.018800000000000 0.999999999999984 1.249999999999977 0.000000000000740 4099.178857419791711 20.495894180509580
0.018900000000000 0.999999999999985 1.249999999999979 0.000000000000743 4099.178857419782616 20.495894201132923
0.019000000000000 0.999999999999983 1.249999999999978 0.000000000000743 4099.178857419783526 20.495894220224574
0.019100000000000 0.999999999999984 1.249999999999978 0.000000000000743 4099.178857419781707 20.495894237489548
0.019200000000000 0.999999999999984 1.249999999999979 0.000000000000748 4099.178857419788983 20.495894252635928
0.019300000000000 0.999999999999985 1.249999999999979 0.000000000000748 4099.178857419788983 20.495894265377366
0.019400000000000 0.999999999999986 1.249999999999978 0.000000000000746 4099.178857419785345 20.495894275433717
0.019500000000000 0.999999999999984 1.249999999999978 0.000000000000746 4099.178857419783526 20.495894282533961
0.019600000000000 0.999999999999986 1.249999999999978 0.000000000000743 4099.178857419784435 20.495894286417560
0.019700000000000 0.999999999999984 1.249999999999978 0.000000000000742 4099.178857419783526 20.495894286835636
0.019800000000000 0.999999999999984 1.249999999999978 0.000000000000743 4099.178857419778979 20.495894283554335
0.019900000000000 0.999999999999987 1.249999999999980 0.000000000000742 4099.178857419778979 20.495894276354324
0.020000000000000 0.999999999999983 1.249999999999979 0.000000000000742 4099.178857419779888 20.495894265034618
0.020100000000000 0.999999999999984 1.249999999999979 0.000000000000740 4099.178857419777160 20.495894249411542
0.020200000000000 0.999999999999983 1.249999999999977 0.000000000000738 4099.178857419781707 20.495894229322605
0.020300000000000 0.999999999999982 1.249999999999982 0.000000000000734 4099.178857419787164 20.495894204624403
0.020400000000000 0.999999999999983 1.249999999999979 0.000000000000730 4099.178857419779888 20.495894175200082
0.020500000000000 0.999999999999984 1.249999999999980 0.000000000000727 4099.178857419782616 20.495894140951741
0.020600000000000 0.999999999999983 1.249999999999977 0.000000000000726 4099.178857419778979 20.495894101808606
0.020700000000000 0.999999999999984 1.249999999999978 0.000000000000724 4099.178857419778069 20.495894057723621
0.020800000000000 0.999999999999983 1.249999999999978 0.000000000000722 4099.178857419785345 20.495894008676146
0.020900000000000 0.999999999999984 1.249999999999978 0.000000000000722 4099.178857419782616 20.495893954672400
0.021000000000000 0.999999999999984 1.249999999999978 0.000000000000722 4099.178857419779888 20.495893895743876
0.021100000000000 0.999999999999983 1.249999999999977 0.000000000000716 4099.178857419777160 20.495893831950198
0.021200000000000 0.999999999999981 1.249999999999979 0.000000000000712 4099.178857419776250 20.495893763376493
0.021300000000000 0.999999999999982 1.249999999999977 0.000000000000709 4099.178857419783526 20.495893690136608
0.021400000000000 0.999999999999983 1.249999999999976 0.000000000000707 4099.178857419788073 20.495893612369315
0.021500000000000 0.999999999999982 1.249999999999977 0.000000000000704 4099.178857419779888 20.495893530240032
0.021600000000000 0.999999999999981 1.249999999999977 0.000000000000700 4099.178857419781707 20.495893443940417
0.021700000000000 0.999999999999982 1.249999999999976 0.000000000000702 4099.178857419776250 20.495893353686483
0.021800000000000 0.999999999999981 1.249999999999977 0.000000000000698 4099.178857419778069 20.495893259718716
0.021900000000000 0.999999999999980 1.249999999999977 0.000000000000698 4099.178857419782616 20.495893162300735
0.022000000000000 0.999999999999982 1.249999999999976 0.000000000000694 4099.178857419781707 20.495893061718576
0.022100000000000 0.999999999999983 1.249999999999977 0.000000000000693 4099.178857419785345 20.495892958278443
0.022200000000000 0.999999999999983 1.249999999999977 0.000000000000690 4099.178857419770793 20.495892852306969
0.022300000000000 0.999999999999981 1.249999999999978 0.000000000000683 4099.178857419772612 20.495892744148588
0.022400000000000 0.999999999999981 1.249999999999977 0.000000000000682 4099.178857419770793 20.495892634164573
0.022500000000000 0.999999999999982 1.249999999999977 0.000000000000678 4099.178857419778069 20.495892522729854
0.022600000000000 0.999999999999982 1.249999999999976 0.000000000000675 4099.178857419768974 20.495892410234269
0.022700000000000 0.999999999999982 1.249999999999976 0.000000000000673 4099.178857419767155 20.495892297077898
0.022800000000000 0.999999999999981 1.249999999999976 0.000000000000666 4099.178857419778069 20.495892183670502
0.022900000000000 0.999999999999982 1.249999999999978 0.000000000000660 4099.178857419770793 20.495892070428489
0.023000000000000 0.999999999999980 1.249999999999976 0.000000000000654 4099.178857419776250 20.495891957775989
0.023100000000000 0.999999999999982 1.249999999999978 0.000000000000644 4099.178857419768974 20.495891846137290
0.023200000000000 0.999999999999983 1.249999999999975 0.000000000000641 4099.178857419773522 20.495891735941154
0.023300000000000 0.999999999999982 1.249999999999976 0.000000000000636 4099.178857419772612 20.495891627612657
0.023400000000000 0.999999999999980 1.249999999999976 0.000000000000633 4099.178857419772612 20.495891521575757
0.023500000000000 0.999999999999981 1.249999999999975 0.000000000000630 4099.178857419772612 20.495891418249130
0.023600000000000 0.999999999999982 1.249999999999976 0.000000000000623 4099.178857419772612 20.495891318043480
0.023700000000000 0.999999999999980 1.249999999999976 0.000000000000620 4099.178857419768974 20.495891221360889
0.023800000000000 0.999999999999981 1.249999999999977 0.000000000000613 4099.178857419766246 20.495891128592195
0.023900000000000 0.999999999999981 1.249999999999976 0.000000000000610 4099.178857419763517 20.495891040115346
0.024000000000000 0.999999999999982 1.249999999999976 0.000000000000603 4099.178857419766246 20.495890956291905
0.024100000000000 0.999999999999979 1.249999999999973 0.000000000000598 4099.178857419771703 20.495890877467957
0.024200000000000 0.999999999999979 1.249999999999976 0.000000000000592 4099.178857419772612 20.495890803969303
0.024300000000000 0.999999999999981 1.249999999999977 0.000000000000585 4099.178857419770793 20.495890736103025
0.024400000000000 0.999999999999981 1.249999999999975 0.000000000000580 4099.178857419768065 20.495890674152818
0.024500000000000 0.999999999999979 1.249999999999977 0.000000000000578 4099.178857419761698 20.495890618379164
0.024600000000000 0.999999999999979 1.249999999999975 0.000000000000569 4099.178857419771703 20.495890569018734
0.024700000000000 0.999999999999979 1.249999999999976 0.000000000000563 4099.178857419776250 20.495890526280494
0.024800000000000 0.999999999999981 1.249999999999977 0.000000000000555 4099.178857419765336 20.495890490347335
0.024900000000000 0.999999999999980 1.249999999999977 0.000000000000549 4099.178857419767155 20.495890461373985
0.025000000000000 0.999999999999979 1.249999999999975 0.000000000000541 4099.178857419771703 20.495890439486381
0.025100000000000 0.999999999999979 1.249999999999974 0.000000000000537 4099.178857419770793 20.495890424779812
0.025200000000000 0.999999999999978 1.249999999999975 0.000000000000530 4099.178857419765336 20.495890417319927
0.025300000000000 0.999999999999978 1.249999999999977 0.000000000000525 4099.178857419761698 20.495890417142547
0.025400000000000 0.999999999999980 1.249999999999974 0.000000000000518 4099.178857419770793 20.495890424253140
0.025500000000000 0.999999999999980 1.249999999999976 0.000000000000512 4099.178857419763517 20.495890438624201
0.025600000000000 0.999999999999979 1.249999999999975 0.000000000000504 4099.178857419763517 20.495890460199984
0.025700000000000 0.999999999999980 1.249999999999978 0.000000000000496 4099.178857419752603 20.495890488892666
0.025800000000000 0.999999999999980 1.249999999999973 0.000000000000488 4099.178857419768065 20.495890524586518
0.025900000000000 0.999999999999979 1.249999999999975 0.000000000000484 4099.178857419763517 20.495890567133497
0.026000000000000 0.999999999999977 1.249999999999974 0.000000000000479 4099.178857419768974 20.495890616359770
0.026100000000000 0.999999999999977 1.249999999999973 0.000000000000470 4099.178857419770793 20.495890672061638
0.026200000000000 0.999999999999981 1.249999999999974 0.000000000000464 4099.178857419758060 20.495890734009230
0.026300000000000 0.999999999999981 1.249999999999973 0.000000000000458 4099.178857419761698 20.495890801948114
0.026400000000000 0.999999999999979 1.249999999999976 0.000000000000453 4099.178857419767155 20.495890875597581
0.026500000000000 0.999999999999979 1.249999999999976 0.000000000000448 4099.178857419765336 20.495890954655760
0.026600000000000 0.999999999999979 1.249999999999975 0.000000000000440 4099.178857419767155 20.495891038798792
0.026700000000000 0.999999999999979 1.249999999999974 0.000000000000433 4099.178857419763517 20.495891127682111
0.026800000000000 0.999999999999980 1.249999999999975 0.000000000000423 4099.178857419759879 20.495891220944031
0.026900000000000 0.999999999999980 1.249999999999975 0.000000000000420 4099.178857419762608 20.495891318206489
0.027000000000000 0.999999999999978 1.249999999999976 0.000000000000415 4099.178857419752603 20.495891419077086
0.027100000000000 0.999999999999978 1.249999999999974 0.000000000000406 4099.178857419759879 20.495891523151016
0.027200000000000 0.999999999999979 1.249999999999978 0.000000000000403 4099.178857419758060 20.495891630012398
0.027300000000000 0.999999999999980 1.249999999999975 0.000000000000399 4099.178857419758060 20.495891739239372
0.027400000000000 0.999999999999980 1.249999999999975 0.000000000000394 4099.178857419758970 20.495891850400522
0.027500000000000 0.999999999999979 1.249999999999975 0.000000000000384 4099.178857419763517 20.495891963063620
0.027600000000000 0.999999999999978 1.249999999999975 0.000000000000379 4099.178857419769884 20.495892076792440
0.027700000000000 0.999999999999979 1.249999999999976 0.000000000000370 4099.178857419763517 20.495892191152414
0.027800000000000 0.999999999999977 1.249999999999973 0.000000000000364 4099.178857419759879 20.495892305711063
0.027900000000000 0.999999999999977 1.249999999999975 0.000000000000358 4099.178857419763517 20.495892420039965
0.028000000000000 0.999999999999978 1.249999999999975 0.000000000000348 4099.178857419761698 20.495892533717758
0.028100000000000 0.999999999999978 1.249999999999973 0.000000000000341 4099.178857419759879 20.495892646332731
0.028200000000000 0.999999999999979 1.249999999999973 0.000000000000333 4099.178857419760789 20.495892757482427
0.028300000000000 0.999999999999978 1.249999999999973 0.000000000000322 4099.178857419759879 20.495892866778004
0.028400000000000 0.999999999999976 1.249999999999975 0.000000000000317 4099.178857419759879 20.495892973844882
0.028500000000000 0.999999999999978 1.249999999999976 0.000000000000310 4099.178857419753513 20.495893078325114
0.028600000000000 0.999999999999977 1.249999999999974 0.000000000000302 4099.178857419758970 20.495893179879122
0.028700000000000 0.999999999999978 1.249999999999973 0.000000000000291 4099.178857419750784 20.495893278185783
0.028800000000000 0.999999999999976 1.249999999999973 0.000000000000280 4099.178857419758060 20.495893372945499
0.028900000000000 0.999999999999979 1.249999999999974 0.000000000000271 4099.178857419752603 20.495893463881465
0.029000000000000 0.999999999999978 1.249999999999974 0.000000000000261 4099.178857419759879 20.495893550740540
0.029100000000000 0.999999999999974 1.249999999999972 0.000000000000252 4099.178857419754422 20.495893633293907
0.029200000000000 0.999999999999977 1.249999999999972 0.000000000000244 4099.178857419754422 20.495893711337850
0.029300000000000 0.999999999999980 1.249999999999973 0.000000000000238 4099.178857419754422 20.495893784696449
0.029400000000000 0.999999999999979 1.249999999999972 0.000000000000232 4099.178857419758060 20.495893853219716
0.029500000000000 0.999999999999976 1.249999999999972 0.000000000000221 4099.178857419753513 20.495893916785452
0.029600000000000 0.999999999999976 1.249999999999975 0.000000000000217 4099.178857419751694 20.495893975299214
0.029700000000000 0.999999999999975 1.249999999999971 0.000000000000212 4099.178857419754422 20.495894028696451
0.029800000000000 0.999999999999975 1.249999999999971 0.000000000000207 4099.178857419755332 20.495894076937486
0.029900000000000 0.999999999999977 1.249999999999971 0.000000000000197 4099.178857419758060 20.495894120012998
0.030000000000000 0.999999999999977 1.249999999999971 0.000000000000192 4099.178857419758060 20.495894157940892
0.030100000000000 0.999999999999976 1.249999999999971 0.000000000000189 4099.178857419754422 20.495894190765576
0.030200000000000 0.999999999999978 1.249999999999972 0.000000000000183 4099.178857419754422 20.495894218558956
0.030300000000000 0.999999999999978 1.249999999999971 0.000000000000179 4099.178857419754422 20.495894241419116
0.030400000000000 0.999999999999976 1.249999999999971 0.000000000000176 4099.178857419754422 20.495894259467995
0.030500000000000 0.999999999999979 1.249999999999971 0.000000000000168 4099.178857419752603 20.495894272852208
0.030600000000000 0.999999999999974 1.249999999999972 0.000000000000163 4099.178857419750784 20.495894281741421
0.030700000000000 0.999999999999978 1.249999999999970 0.000000000000156 4099.178857419747146 20.495894286327314
0.030800000000000 0.999999999999977 1.249999999999970 0.000000000000151 4099.178857419752603 20.495894286820274
0.030900000000000 0.999999999999977 1.249999999999970 0.000000000000143 4099.178857419751694 20.495894283450628
0.031000000000000 0.999999999999975 1.249999999999971 0.000000000000139 4099.178857419752603 20.495894276465435
0.031100000000000 0.999999999999975 1.249999999999970 0.000000000000137 4099.178857419756241 20.495894266127547
0.031200000000000 0.999999999999975 1.249999999999970 0.000000000000131 4099.178857419746237 20.495894252713004
0.031300000000000 0.999999999999976 1.249999999999969 0.000000000000123 4099.178857419755332 20.495894236510097
0.031400000000000 0.999999999999974 1.249999999999971 0.000000000000117 4099.178857419754422 20.495894217815714
0.031500000000000 0.999999999999975 1.249999999999970 0.000000000000108 4099.178857419748965 20.495894196936625
0.031600000000000 0.999999999999974 1.249999999999970 0.000000000000102 4099.178857419750784 20.495894174184805
0.031700000000000 0.999999999999976 1.249999999999969 0.000000000000095 4099.178857419748965 20.495894149875046
0.031800000000000 0.999999999999975 1.249999999999969 0.000000000000089 4099.178857419752603 20.495894124325314
0.031900000000000 0.999999999999975 1.249999999999969 0.000000000000082 4099.178857419745327 20.495894097853114
0.032000000000000 0.999999999999976 1.249999999999970 0.000000000000078 4099.178857419752603 20.495894070773453
0.032100000000000 0.999999999999977 1.249999999999970 0.000000000000074 4099.178857419745327 20.495894043397762
0.032200000000000 0.999999999999975 1.249999999999968 0.000000000000069 4099.178857419745327 20.495894016030867
0.032300000000000 0.999999999999975 1.249999999999969 0.000000000000064 4099.178857419750784 20.495893988969190
0.032400000000000 0.999999999999974 1.249999999999968 0.000000000000058 4099.178857419745327 20.495893962499899
0.032500000000000 0.999999999999974 1.249999999999969 0.000000000000053 4099.178857419742599 20.495893936897737
0.032600000000000 0.999999999999977 1.249999999999967 0.000000000000048 4099.178857419748965 20.495893912424606
0.032700000000000 0.999999999999974 1.249999999999969 0.000000000000046 4099.178857419743508 20.495893889326048
0.032800000000000 0.999999999999976 1.249999999999968 0.000000000000040 4099.178857419748965 20.495893867832528
0.032900000000000 0.999999999999973 1.249999999999967 0.000000000000035 4099.178857419738051 20.495893848154779
0.033000000000000 0.999999999999976 1.249999999999967 0.000000000000033 4099.178857419747146 20.495893830484615
0.033100000000000 0.999999999999973 1.249999999999967 0.000000000000025 4099.178857419745327 20.495893814993131
0.033200000000000 0.999999999999973 1.249999999999968 0.000000000000024 4099.178857419748056 20.495893801829496
0.033300000000000 0.999999999999974 1.249999999999967 0.000000000000020 4099.178857419748965 20.495893791120178
0.033400000000000 0.999999999999975 1.249999999999966 0.000000000000015 4099.178857419739870 20.495893782967663
0.033500000000000 0.999999999999973 1.249999999999969 0.000000000000016 4099.178857419738961 20.495893777449965
0.033600000000000 0.999999999999972 1.249999999999967 0.000000000000014 4099.178857419748965 20.495893774621528
0.033700000000000 0.999999999999975 1.249999999999967 0.000000000000011 4099.178857419741689 20.495893774510154
0.033800000000000 0.999999999999973 1.249999999999965 0.000000000000008 4099.178857419743508 20.495893777119079
0.033900000000000 0.999999999999972 1.249999999999965 0.000000000000004 4099.178857419745327 20.495893782425220
0.034000000000000 0.999999999999973 1.249999999999966 0.000000000000004 4099.178857419739870 20.495893790380791
0.034100000000000 0.999999999999974 1.249999999999965 -0.000000000000001 4099.178857419743508 20.495893800912754
0.034200000000000 0.999999999999976 1.249999999999963 -0.000000000000006 4099.178857419748965 20.495893813923640
0.034300000000000 0.999999999999972 1.249999999999966 -0.000000000000011 4099.178857419745327 20.495893829290246
0.034400000000000 0.999999999999972 1.249999999999966 -0.000000000000012 4099.178857419741689 20.495893846868412
0.034500000000000 0.999999999999973 1.249999999999966 -0.000000000000015 4099.178857419739870 20.495893866489471
0.034600000000000 0.999999999999972 1.249999999999966 -0.000000000000010 4099.178857419737142 20.495893887963870
0.034700000000000 0.999999999999973 1.249999999999963 -0.000000000000012 4099.178857419742599 20.495893911081737
0.034800000000000 0.999999999999973 1.249999999999966 -0.000000000000013 4099.178857419739870 20.495893935612415
0.034900000000000 0.999999999999973 1.249999999999964 -0.000000000000013 4099.178857419733504 20.495893961310408
0.035000000000000 0.999999999999974 1.249999999999964 -0.000000000000013 4099.178857419743508 20.495893987910957
0.035100000000000 0.999999999999973 1.249999999999965 -0.000000000000013 4099.178857419741689 20.495894015136162
0.035200000000000 0.999999999999973 1.249999999999964 -0.000000000000015 4099.178857419739870 20.495894042694928
0.035300000000000 0.999999999999970 1.249999999999962 -0.000000000000012 4099.178857419744418 20.495894070284649
0.035400000000000 0.999999999999970 1.249999999999963 -0.000000000000018 4099.178857419738051 20.495894097593503
0.035500000000000 0.999999999999973 1.249999999999963 -0.000000000000019 4099.178857419731685 20.495894124302147
0.035600000000000 0.999999999999971 1.249999999999966 -0.000000000000018 4099.178857419738051 20.495894150086105
0.035700000000000 0.999999999999973 1.249999999999963 -0.000000000000016 4099.178857419736232 20.495894174617820
0.035800000000000 0.999999999999970 1.249999999999963 -0.000000000000016 4099.178857419732594 20.495894197567626
0.035900000000000 0.999999999999971 1.249999999999963 -0.000000000000016 4099.178857419732594 20.495894218607294
0.036000000000000 0.999999999999971 1.249999999999963 -0.000000000000014 4099.178857419737142 20.495894237410784
0.036100000000000 0.999999999999972 1.249999999999962 -0.000000000000016 4099.178857419734413 20.495894253658644
0.036200000000000 0.999999999999971 1.249999999999963 -0.000000000000015 4099.178857419733504 20.495894267036523
0.036300000000000 0.999999999999972 1.249999999999961 -0.000000000000013 4099.178857419736232 20.495894277241142
0.036400000000000 0.999999999999972 1.249999999999961 -0.000000000000012 4099.178857419731685 20.495894283978661
0.036500000000000 0.999999999999972 1.249999999999962 -0.000000000000011 4099.178857419732594 20.495894286969740
0.036600000000000 0.999999999999972 1.249999999999960 -0.000000000000009 4099.178857419727137 20.495894285949792
0.036700000000000 0.999999999999972 1.249999999999962 -0.000000000000004 4099.178857419729866 20.495894280670463
0.036800000000000 0.999999999999971 1.249999999999961 -0.000000000000002 4099.178857419728956 20.495894270903396
0.036900000000000 0.999999999999971 1.249999999999961 -0.000000000000001 4099.178857419731685 20.495894256439129
0.037000000000000 0.999999999999971 1.249999999999959 0.000000000000004 4099.178857419730775 20.495894237091317
0.037100000000000 0.999999999999970 1.249999999999960 0.000000000000004 4099.178857419736232 20.495894212695699
0.037200000000000 0.999999999999970 1.249999999999959 0.000000000000006 4099.178857419730775 20.495894183114185
0.037300000000000 0.999999999999971 1.249999999999960 0.000000000000006 4099.178857419736232 20.495894148232612
0.037400000000000 0.999999999999972 1.249999999999958 0.000000000000007 4099.178857419727137 20.495894107965622
0.037500000000000 0.999999999999970 1.249999999999960 0.000000000000008 4099.178857419722590 20.495894062253964
0.037600000000000 0.999999999999973 1.249999999999961 0.000000000000010 4099.178857419723499 20.495894011068316
0.037700000000000 0.999999999999973 1.249999999999961 0.000000000000010 4099.178857419727137 20.495893954407734
0.037800000000000 0.999999999999969 1.249999999999959 0.000000000000013 4099.178857419733504 20.495893892300792
0.037900000000000 0.999999999999972 1.249999999999961 0.000000000000018 4099.178857419732594 20.495893824806004
0.038000000000000 0.999999999999970 1.249999999999959 0.000000000000021 4099.178857419725318 20.495893752012343
0.038100000000000 0.999999999999970 1.249999999999959 0.000000000000025 4099.178857419726228 20.495893674037404
0.038200000000000 0.999999999999970 1.249999999999960 0.000000000000031 4099.178857419728956 20.495893591029393
0.038300000000000 0.999999999999970 1.249999999999958 0.000000000000034 4099.178857419732594 20.495893503166361
0.038400000000000 0.999999999999970 1.249999999999960 0.000000000000039 4099.178857419727137 20.495893410652997
0.038500000000000 0.999999999999970 1.249999999999959 0.000000000000042 4099.178857419725318 20.495893313724221
0.038600000000000 0.999999999999970 1.249999999999958 0.000000000000041 4099.178857419727137 20.495893212640940
0.038700000000000 0.999999999999970 1.249999999999958 0.000000000000047 4099.178857419731685 20.495893107690016
0.038800000000000 0.999999999999970 1.249999999999958 0.000000000000055 4099.178857419726228 20.495892999183404
0.038900000000000 0.999999999999970 1.249999999999957 0.000000000000058 4099.178857419721680 20.495892887457170
0.039000000000000 0.999999999999971 1.249999999999958 0.000000000000061 4099.178857419728047 20.495892772867876
0.039100000000000 0.999999999999970 1.249999999999957 0.000000000000064 4099.178857419718952 20.495892655794741
0.039200000000000 0.999999999999970 1.249999999999957 0.000000000000067 4099.178857419721680 20.495892536633676
0.039300000000000 0.999999999999969 1.249999999999956 0.000000000000072 4099.178857419725318 20.495892415798782
0.039400000000000 0.999999999999969 1.249999999999957 0.000000000000074 4099.178857419723499 20.495892293718192
0.039500000000000 0.999999999999969 1.249999999999957 0.000000000000079 4099.178857419723499 20.495892170834164
0.039600000000000 0.999999999999969 1.249999999999957 0.000000000000086 4099.178857419722590 20.495892047598478
0.039700000000000 0.999999999999969 1.249999999999956 0.000000000000093 4099.178857419718952 20.495891924472723
0.039800000000000 0.999999999999968 1.249999999999956 0.000000000000099 4099.178857419719861 20.495891801923573
0.039900000000000 0.999999999999969 1.249999999999956 0.000000000000106 4099.178857419723499 20.495891680422762
0.040000000000000 0.999999999999967 1.249999999999953 0.000000000000114 4099.178857419719861 20.495891560443429
0.040100000000000 0.999999999999970 1.249999999999956 0.000000000000122 4099.178857419725318 20.495891442457310
0.040200000000000 0.999999999999966 1.249999999999954 0.000000000000125 4099.178857419720771 20.495891326935059
0.040300000000000 0.999999999999968 1.249999999999956 0.000000000000131 4099.178857419726228 20.495891214340009
0.040400000000000 0.999999999999966 1.249999999999955 0.000000000000134 4099.178857419721680 20.495891105128734
0.040500000000000 0.999999999999969 1.249999999999955 0.000000000000141 4099.178857419721680 20.495890999747630
0.040600000000000 0.999999999999969 1.249999999999956 0.000000000000145 4099.178857419716223 20.495890898630421
0.040700000000000 0.999999999999968 1.249999999999954 0.000000000000149 4099.178857419723499 20.495890802197550
0.040800000000000 0.999999999999969 1.249999999999954 0.000000000000156 4099.178857419719861 20.495890710850659
0.040900000000000 0.999999999999969 1.249999999999955 0.000000000000163 4099.178857419723499 20.495890624974201
0.041000000000000 0.999999999999968 1.249999999999955 0.000000000000173 4099.178857419725318 20.495890544931516
0.041100000000000 0.999999999999967 1.249999999999954 0.000000000000181 4099.178857419721680 20.495890471063415
0.041200000000000 0.999999999999968 1.249999999999955 0.000000000000183 4099.178857419719861 20.495890403685113
0.041300000000000 0.999999999999968 1.249999999999954 0.000000000000192 4099.178857419723499 20.495890343087691
0.041400000000000 0.999999999999968 1.249999999999953 0.000000000000198 4099.178857419719861 20.495890289532994
0.041500000000000 0.999999999999969 1.249999999999954 0.000000000000203 4099.178857419723499 20.495890243254134
0.041600000000000 0.999999999999968 1.249999999999955 0.000000000000211 4099.178857419725318 20.495890204454255
0.041700000000000 0.999999999999968 1.249999999999954 0.000000000000218 4099.178857419716223 20.495890173305412
0.041800000000000 0.999999999999966 1.249999999999953 0.000000000000223 4099.178857419716223 20.495890149946874
0.041900000000000 0.999999999999966 1.249999999999954 0.000000000000229 4099.178857419720771 20.495890134484195
0.042000000000000 0.999999999999969 1.249999999999954 0.000000000000236 4099.178857419717133 20.495890126990844
0.042100000000000 0.999999999999967 1.249999999999954 0.000000000000239 4099.178857419709857 20.495890127505024
0.042200000000000 0.999999999999967 1.249999999999955 0.000000000000243 4099.178857419710766 20.495890136030795
0.042300000000000 0.999999999999968 1.249999999999954 0.000000000000250 4099.178857419725318 20.495890152538585
0.042400000000000 0.999999999999967 1.249999999999954 0.000000000000257 4099.178857419716223 20.495890176963226
0.042500000000000 0.999999999999970 1.249999999999953 0.000000000000263 4099.178857419712585 20.495890209206529
0.042600000000000 0.999999999999966 1.249999999999952 0.000000000000267 4099.178857419719861 20.495890249136583
0.042700000000000 0.999999999999968 1.249999999999951 0.000000000000271 4099.178857419706219 20.495890296588055
0.042800000000000 0.999999999999970 1.249999999999952 0.000000000000282 4099.178857419721680 20.495890351363851
0.042900000000000 0.999999999999969 1.249999999999953 0.000000000000290 4099.178857419712585 20.495890413236197
0.043000000000000 0.999999999999968 1.249999999999952 0.000000000000298 4099.178857419711676 20.495890481946997
0.043100000000000 0.999999999999968 1.249999999999952 0.000000000000312 4099.178857419719861 20.495890557209126
0.043200000000000 0.999999999999969 1.249999999999954 0.000000000000318 4099.178857419715314 20.495890638708072
0.043300000000000 0.999999999999967 1.249999999999954 0.000000000000323 4099.178857419716223 20.495890726104992
0.043400000000000 0.999999999999968 1.249999999999954 0.000000000000329 4099.178857419714404 20.495890819035832
0.043500000000000 0.999999999999968 1.249999999999955 0.000000000000336 4099.178857419717133 20.495890917114767
0.043600000000000 0.999999999999967 1.249999999999953 0.000000000000340 4099.178857419712585 20.495891019936430
0.043700000000000 0.999999999999966 1.249999999999953 0.000000000000347 4099.178857419718042 20.495891127075755
0.043800000000000 0.999999999999967 1.249999999999954 0.000000000000355 4099.178857419718042 20.495891238093225
0.043900000000000 0.999999999999966 1.249999999999953 0.000000000000364 4099.178857419722590 20.495891352535359
0.044000000000000 0.999999999999966 1.249999999999953 0.000000000000367 4099.178857419710766 20.495891469937124
0.044100000000000 0.999999999999967 1.249999999999954 0.000000000000371 4099.178857419714404 20.495891589824069
0.044200000000000 0.999999999999968 1.249999999999952 0.000000000000376 4099.178857419723499 20.495891711715842
0.044300000000000 0.999999999999968 1.249999999999952 0.000000000000382 4099.178857419714404 20.495891835126901
0.044400000000000 0.999999999999967 1.249999999999952 0.000000000000388 4099.178857419708038 20.495891959570649
0.044500000000000 0.999999999999967 1.249999999999952 0.000000000000394 4099.178857419716223 20.495892084560712
0.044600000000000 0.999999999999966 1.249999999999952 0.000000000000401 4099.178857419718042 20.495892209614492
0.044700000000000 0.999999999999967 1.249999999999953 0.000000000000406 4099.178857419716223 20.495892334253924
0.044800000000000 0.999999999999966 1.249999999999951 0.000000000000416 4099.178857419714404 20.495892458009703
0.044900000000000 0.999999999999967 1.249999999999954 0.000000000000424 4099.178857419714404 20.495892580421788
0.045000000000000 0.999999999999966 1.249999999999952 0.000000000000435 4099.178857419714404 20.495892701043665
0.045100000000000 0.999999999999966 1.249999999999952 0.000000000000446 4099.178857419718042 20.495892819442940
0.045200000000000 0.999999999999967 1.249999999999954 0.000000000000455 4099.178857419707128 20.495892935203738
0.045300000000000 0.999999999999967 1.249999999999953 0.000000000000462 4099.178857419717133 20.495893047929322
0.045400000000000 0.999999999999966 1.249999999999953 0.000000000000470 4099.178857419719861 20.495893157243597
0.045500000000000 0.999999999999966 1.249999999999953 0.000000000000474 4099.178857419711676 20.495893262792851
0.045600000000000 0.999999999999964 1.249999999999952 0.000000000000479 4099.178857419707128 20.495893364247632
0.045700000000000 0.999999999999966 1.249999999999953 0.000000000000487 4099.178857419705309 20.495893461303588
0.045800000000000 0.999999999999965 1.249999999999952 0.000000000000498 4099.178857419708947 20.495893553684056
0.045900000000000 0.999999999999965 1.249999999999954 0.000000000000506 4099.178857419707128 20.495893641139396
0.046000000000000 0.999999999999964 1.249999999999954 0.000000000000513 4099.178857419707128 20.495893723450912
0.046100000000000 0.999999999999965 1.249999999999952 0.000000000000520 4099.178857419701671 20.495893800428952
0.046200000000000 0.999999999999966 1.249999999999953 0.000000000000527 4099.178857419711676 20.495893871914067
0.046300000000000 0.999999999999965 1.249999999999952 0.000000000000533 4099.178857419705309 20.495893937779652
0.046400000000000 0.999999999999966 1.249999999999953 0.000000000000537 4099.178857419704400 20.495893997929933
0.046500000000000 0.999999999999965 1.249999999999951 0.000000000000544 4099.178857419703490 20.495894052301036
0.046600000000000 0.999999999999964 1.249999999999951 0.000000000000550 4099.178857419703490 20.495894100861516
0.046700000000000 0.999999999999966 1.249999999999950 0.000000000000558 4099.178857419707128 20.495894143611014
0.046800000000000 0.999999999999966 1.249999999999953 0.000000000000562 4099.178857419712585 20.495894180580983
0.046900000000000 0.999999999999965 1.249999999999950 0.000000000000567 4099.178857419710766 20.495894211834404
0.047000000000000 0.999999999999966 1.249999999999952 0.000000000000573 4099.178857419703490 20.495894237462597
0.047100000000000 0.999999999999964 1.249999999999951 0.000000000000577 4099.178857419708947 20.495894257588226
0.047200000000000 0.999999999999965 1.249999999999951 0.000000000000581 4099.178857419707128 20.495894272360935
0.047300000000000 0.999999999999966 1.249999999999951 0.000000000000583 4099.178857419708947 20.495894281958027
0.047400000000000 0.999999999999964 1.249999999999951 0.000000000000590 4099.178857419707128 20.495894286582068
0.047500000000000 0.999999999999965 1.249999999999953 0.000000000000596 4099.178857419703490 20.495894286460246
0.047600000000000 0.999999999999966 1.249999999999951 0.000000000000600 4099.178857419707128 20.495894281843004
0.047700000000000 0.999999999999965 1.249999999999952 0.000000000000602 4099.178857419708038 20.495894273000204
0.047800000000000 0.999999999999967 1.249999999999952 0.000000000000605 4099.178857419708038 20.495894260222112
0.047900000000000 0.999999999999964 1.249999999999952 0.000000000000607 4099.178857419708947 20.495894243815410
0.048000000000000 0.999999999999966 1.249999999999951 0.000000000000614 4099.178857419716223 20.495894224102170
0.048100000000000 0.999999999999964 1.249999999999952 0.000000000000618 4099.178857419708947 20.495894201417176
0.048200000000000 0.999999999999964 1.249999999999951 0.000000000000626 4099.178857419705309 20.495894176106152
0.048300000000000 0.999999999999965 1.249999999999951 0.000000000000629 4099.178857419696214 20.495894148523082
0.048400000000000 0.999999999999966 1.249999999999950 0.000000000000633 4099.178857419705309 20.495894119028542
0.048500000000000 0.999999999999965 1.249999999999953 0.000000000000638 4099.178857419709857 20.495894087985942
0.048600000000000 0.999999999999963 1.249999999999950 0.000000000000642 4099.178857419703490 20.495894055762047
0.048700000000000 0.999999999999964 1.249999999999951 0.000000000000647 4099.178857419703490 20.495894022720773
0.048800000000000 0.999999999999963 1.249999999999952 0.000000000000652 4099.178857419701671 20.495893989224122
0.048900000000000 0.999999999999963 1.249999999999950 0.000000000000654 4099.178857419707128 20.495893955629057
0.049000000000000 0.999999999999964 1.249999999999949 0.000000000000657 4099.178857419704400 20.495893922283070
0.049100000000000 0.999999999999963 1.249999999999951 0.000000000000660 4099.178857419703490 20.495893889525135
0.049200000000000 0.999999999999965 1.249999999999950 0.000000000000662 4099.178857419700762 20.495893857682244
0.049300000000000 0.999999999999964 1.249999999999951 0.000000000000664 4099.178857419707128 20.495893827066375
0.049400000000000 0.999999999999962 1.249999999999952 0.000000000000666 4099.178857419708947 20.495893797973796
0.049500000000000 0.999999999999963 1.249999999999952 0.000000000000672 4099.178857419707128 20.495893770683157
0.049600000000000 0.999999999999963 1.249999999999952 0.000000000000675 4099.178857419701671 20.495893745452673
0.049700000000000 0.999999999999963 1.249999999999950 0.000000000000680 4099.178857419702581 20.495893722519529
0.049800000000000 0.999999999999963 1.249999999999950 0.000000000000684 4099.178857419700762 20.495893702097305
0.049900000000000 0.999999999999962 1.249999999999951 0.000000000000685 4099.178857419698943 20.495893684375691
0.050000000000000 0.999999999999963 1.249999999999952 0.000000000000688 4099.178857419698033 20.495893669519511
0.050100000000000 0.999999999999965 1.249999999999952 0.000000000000695 4099.178857419698033 20.495893657665974
0.050200000000000 0.999999999999965 1.249999999999949 0.000000000000697 4099.178857419701671 20.495893648925698
0.050300000000000 0.999999999999962 1.249999999999950 0.000000000000699 4099.178857419699852 20.495893643379105
0.050400000000000 0.999999999999965 1.249999999999950 0.000000000000705 4099.178857419701671 20.495893641079928
0.050500000000000 0.999999999999964 1.249999999999951 0.000000000000706 4099.178857419699852 20.495893642051353
0.050600000000000 0.999999999999963 1.249999999999953 0.000000000000707 4099.178857419701671 20.495893646287971
0.050700000000000 0.999999999999964 1.249999999999951 0.000000000000707 4099.178857419696214 20.495893653754738
0.050800000000000 0.999999999999964 1.249999999999949 0.000000000000710 4099.178857419699852 20.495893664386550
0.050900000000000 0.999999999999963 1.249999999999951 0.000000000000717 4099.178857419697124 20.495893678089534
0.051000000000000 0.999999999999964 1.249999999999951 0.000000000000716 4099.178857419694396 20.495893694742403
0.051100000000000 0.999999999999961 1.249999999999951 0.000000000000716 4099.178857419696214 20.495893714194803
0.051200000000000 0.999999999999962 1.249999999999952 0.000000000000718 4099.178857419696214 20.495893736269782
0.051300000000000 0.999999999999960 1.249999999999951 0.000000000000719 4099.178857419697124 20.495893760765430
0.051400000000000 0.999999999999963 1.249999999999949 0.000000000000723 4099.178857419690758 20.495893787453813
0.051500000000000 0.999999999999963 1.249999999999951 0.000000000000726 4099.178857419693486 20.495893816083569
0.051600000000000 0.999999999999963 1.249999999999950 0.000000000000728 4099.178857419698033 20.495893846383343
0.051700000000000 0.999999999999961 1.249999999999949 0.000000000000730 4099.178857419690758 20.495893878059473
0.051800000000000 0.999999999999962 1.249999999999949 0.000000000000730 4099.178857419693486 20.495893910800781
0.051900000000000 0.999999999999961 1.249999999999949 0.000000000000728 4099.178857419699852 20.495893944279786
0.052000000000000 0.999999999999961 1.249999999999949 0.000000000000726 4099.178857419695305 20.495893978154029
0.052100000000000 0.999999999999961 1.249999999999950 0.000000000000729 4099.178857419692577 20.495894012068192
0.052200000000000 0.999999999999963 1.249999999999949 0.000000000000732 4099.178857419694396 20.495894045657948
0.052300000000000 0.999999999999963 1.249999999999949 0.000000000000733 4099.178857419687120 20.495894078550187
0.052400000000000 0.999999999999961 1.249999999999950 0.000000000000734 4099.178857419685301 20.495894110365739
0.052500000000000 0.999999999999960 1.249999999999952 0.000000000000735 4099.178857419695305 20.495894140722982
0.052600000000000 0.999999999999960 1.249999999999948 0.000000000000736 4099.178857419690758 20.495894169240021
0.052700000000000 0.999999999999962 1.249999999999949 0.000000000000733 4099.178857419683482 20.495894195534056
0.052800000000000 0.999999999999960 1.249999999999950 0.000000000000732 4099.178857419685301 20.495894219228632
0.052900000000000 0.999999999999962 1.249999999999948 0.000000000000734 4099.178857419688939 20.495894239953458
0.053000000000000 0.999999999999960 1.249999999999949 0.000000000000736 4099.178857419686210 20.495894257345959
0.053100000000000 0.999999999999961 1.249999999999949 0.000000000000735 4099.178857419696214 20.495894271056020
0.053200000000000 0.999999999999959 1.249999999999948 0.000000000000731 4099.178857419686210 20.495894280746406
0.053300000000000 0.999999999999961 1.249999999999949 0.000000000000729 4099.178857419689848 20.495894286096068
0.053400000000000 0.999999999999960 1.249999999999949 0.000000000000726 4099.178857419686210 20.495894286802201
0.053500000000000 0.999999999999962 1.249999999999951 0.000000000000725 4099.178857419685301 20.495894282581478
0.053600000000000 0.999999999999961 1.249999999999949 0.000000000000719 4099.178857419692577 20.495894273173686
0.053700000000000 0.999999999999961 1.249999999999948 0.000000000000713 4099.178857419690758 20.495894258341778
0.053800000000000 0.999999999999960 1.249999999999948 0.000000000000707 4099.178857419678025 20.495894237874904
0.053900000000000 0.999999999999960 1.249999999999948 0.000000000000704 4099.178857419692577 20.495894211589764
0.054000000000000 0.999999999999958 1.249999999999949 0.000000000000703 4099.178857419690758 20.495894179331760
0.054100000000000 0.999999999999959 1.249999999999950 0.000000000000701 4099.178857419680753 20.495894140976720
0.054200000000000 0.999999999999961 1.249999999999948 0.000000000000698 4099.178857419685301 20.495894096432565
0.054300000000000 0.999999999999961 1.249999999999948 0.000000000000695 4099.178857419690758 20.495894045638067
0.054400000000000 0.999999999999960 1.249999999999951 0.000000000000695 4099.178857419688939 20.495893988565840
0.054500000000000 0.999999999999960 1.249999999999948 0.000000000000691 4099.178857419681663 20.495893925224202
0.054600000000000 0.999999999999960 1.249999999999950 0.000000000000686 4099.178857419679844 20.495893855652572
0.054700000000000 0.999999999999960 1.249999999999948 0.000000000000684 4099.178857419688939 20.495893779927975
0.054800000000000 0.999999999999958 1.249999999999949 0.000000000000678 4099.178857419685301 20.495893698159694
0.054900000000000 0.999999999999961 1.249999999999947 0.000000000000678 4099.178857419679844 20.495893610493546
0.055000000000000 0.999999999999958 1.249999999999948 0.000000000000675 4099.178857419685301 20.495893517107717
0.055100000000000 0.999999999999957 1.249999999999948 0.000000000000672 4099.178857419678025 20.495893418215669
0.055200000000000 0.999999999999958 1.249999999999949 0.000000000000666 4099.178857419684391 20.495893314062133
0.055300000000000 0.999999999999959 1.249999999999948 0.000000000000662 4099.178857419688029 20.495893204925995
0.055400000000000 0.999999999999958 1.249999999999949 0.000000000000659 4099.178857419679844 20.495893091114802
0.055500000000000 0.999999999999959 1.249999999999947 0.000000000000654 4099.178857419682572 20.495892972967919
0.055600000000000 0.999999999999958 1.249999999999949 0.000000000000649 4099.178857419681663 20.495892850851394
0.055700000000000 0.999999999999960 1.249999999999948 0.000000000000646 4099.178857419688029 20.495892725158797
0.055800000000000 0.999999999999961 1.249999999999949 0.000000000000639 4099.178857419678025 20.495892596307687
0.055900000000000 0.999999999999957 1.249999999999950 0.000000000000637 4099.178857419679844 20.495892464740059
0.056000000000000 0.999999999999958 1.249999999999947 0.000000000000631 4099.178857419678025 20.495892330917890
0.056100000000000 0.999999999999958 1.249999999999948 0.000000000000629 4099.178857419679844 20.495892195321051
0.056200000000000 0.999999999999958 1.249999999999947 0.000000000000627 4099.178857419684391 20.495892058447890
0.056300000000000 0.999999999999960 1.249999999999948 0.000000000000624 4099.178857419680753 20.495891920808855
0.056400000000000 0.999999999999960 1.249999999999947 0.000000000000619 4099.178857419681663 20.495891782926957
0.056500000000000 0.999999999999959 1.249999999999950 0.000000000000616 4099.178857419678025 20.495891645333579
0.056600000000000 0.999999999999960 1.249999999999950 0.000000000000613 4099.178857419681663 20.495891508567496
0.056700000000000 0.999999999999958 1.249999999999949 0.000000000000608 4099.178857419676206 20.495891373170025
0.056800000000000 0.999999999999959 1.249999999999950 0.000000000000602 4099.178857419677115 20.495891239683466
0.056900000000000 0.999999999999959 1.249999999999947 0.000000000000596 4099.178857419686210 20.495891108649030
0.057000000000000 0.999999999999957 1.249999999999948 0.000000000000594 4099.178857419679844 20.495890980602098
0.057100000000000 0.999999999999959 1.249999999999948 0.000000000000584 4099.178857419683482 20.495890856072084
0.057200000000000 0.999999999999957 1.249999999999950 0.000000000000576 4099.178857419675296 20.495890735576864
0.057300000000000 0.999999999999959 1.249999999999949 0.000000000000570 4099.178857419678934 20.495890619623196
0.057400000000000 0.999999999999956 1.249999999999948 0.000000000000563 4099.178857419680753 20.495890508701237
0.057500000000000 0.999999999999957 1.249999999999948 0.000000000000554 4099.178857419683482 20.495890403283457
0.057600000000000 0.999999999999959 1.249999999999949 0.000000000000551 4099.178857419672568 20.495890303821820
0.057700000000000 0.999999999999958 1.249999999999947 0.000000000000547 4099.178857419679844 20.495890210746705
0.057800000000000 0.999999999999958 1.249999999999948 0.000000000000542 4099.178857419676206 20.495890124461528
0.057900000000000 0.999999999999957 1.249999999999946 0.000000000000534 4099.178857419678025 20.495890045343760
0.058000000000000 0.999999999999958 1.249999999999946 0.000000000000530 4099.178857419670749 20.495889973741154
0.058100000000000 0.999999999999957 1.249999999999948 0.000000000000523 4099.178857419672568 20.495889909970519
0.058200000000000 0.999999999999957 1.249999999999947 0.000000000000513 4099.178857419676206 20.495889854316534
0.058300000000000 0.999999999999958 1.249999999999946 0.000000000000507 4099.178857419675296 20.495889807028213
0.058400000000000 0.999999999999957 1.249999999999947 0.000000000000499 4099.178857419682572 20.495889768319937
0.058500000000000 0.999999999999959 1.249999999999946 0.000000000000490 4099.178857419672568 20.495889738369055
0.058600000000000 0.999999999999956 1.249999999999947 0.000000000000488 4099.178857419675296 20.495889717314654
0.058700000000000 0.999999999999955 1.249999999999946 0.000000000000481 4099.178857419678025 20.495889705257490
0.058800000000000 0.999999999999958 1.249999999999946 0.000000000000472 4099.178857419668930 20.495889702259543
0.058900000000000 0.999999999999956 1.249999999999948 0.000000000000467 4099.178857419672568 20.495889708341942
0.059000000000000 0.999999999999956 1.249999999999948 0.000000000000464 4099.178857419670749 20.495889723486986
0.059100000000000 0.999999999999956 1.249999999999946 0.000000000000455 4099.178857419670749 20.495889747637278
0.059200000000000 0.999999999999956 1.249999999999945 0.000000000000451 4099.178857419668930 20.495889780695205
0.059300000000000 0.999999999999957 1.249999999999948 0.000000000000440 4099.178857419676206 20.495889822524052
0.059400000000000 0.999999999999956 1.249999999999948 0.000000000000430 4099.178857419670749 20.495889872949608
0.059500000000000 0.999999999999957 1.249999999999947 0.000000000000424 4099.178857419674387 20.495889931759333
0.059600000000000 0.999999999999957 1.249999999999946 0.000000000000415 4099.178857419670749 20.495889998704207
0.059700000000000 0.999999999999956 1.249999999999947 0.000000000000409 4099.178857419672568 20.495890073499861
0.059800000000000 0.999999999999955 1.249999999999947 0.000000000000403 4099.178857419676206 20.495890155828146
0.059900000000000 0.999999999999956 1.249999999999946 0.000000000000397 4099.178857419668020 20.495890245339041
0.060000000000000 0.999999999999955 1.249999999999946 0.000000000000393 4099.178857419667111 20.495890341651322
0.060100000000000 0.999999999999957 1.249999999999945 0.000000000000385 4099.178857419665292 20.495890444356100
0.060200000000000 0.999999999999954 1.249999999999947 0.000000000000380 4099.178857419674387 20.495890553016572
0.060300000000000 0.999999999999956 1.249999999999945 0.000000000000375 4099.178857419670749 20.495890667173882
0.060400000000000 0.999999999999953 1.249999999999946 0.000000000000368 4099.178857419670749 20.495890786345125
0.060500000000000 0.999999999999957 1.249999999999946 0.000000000000362 4099.178857419665292 20.495890910029519
0.060600000000000 0.999999999999956 1.249999999999947 0.000000000000356 4099.178857419667111 20.495891037708692
0.060700000000000 0.999999999999957 1.249999999999944 0.000000000000346 4099.178857419668020 20.495891168851021
0.060800000000000 0.999999999999955 1.249999999999944 0.000000000000340 4099.178857419667111 20.495891302911918
0.060900000000000 0.999999999999958 1.249999999999943 0.000000000000332 4099.178857419667111 20.495891439339104
0.061000000000000 0.999999999999954 1.249999999999946 0.000000000000322 4099.178857419658016 20.495891577574380
0.061100000000000 0.999999999999955 1.249999999999946 0.000000000000315 4099.178857419667111 20.495891717056896
0.061200000000000 0.999999999999956 1.249999999999945 0.000000000000310 4099.178857419663473 20.495891857225356
0.061300000000000 0.999999999999956 1.249999999999944 0.000000000000307 4099.178857419665292 20.495891997520964
0.061400000000000 0.999999999999954 1.249999999999948 0.000000000000299 4099.178857419668930 20.495892137390282
0.061500000000000 0.999999999999956 1.249999999999945 0.000000000000292 4099.178857419667111 20.495892276289752
0.061600000000000 0.999999999999955 1.249999999999945 0.000000000000287 4099.178857419662563 20.495892413685244
0.061700000000000 0.999999999999954 1.249999999999945 0.000000000000282 4099.178857419659835 20.495892549057075
0.061800000000000 0.999999999999954 1.249999999999945 0.000000000000278 4099.178857419661654 20.495892681902067
0.061900000000000 0.999999999999955 1.249999999999945 0.000000000000270 4099.178857419667111 20.495892811735580
0.062000000000000 0.999999999999955 1.249999999999945 0.000000000000260 4099.178857419656197 20.495892938094730
0.062100000000000 0.999999999999951 1.249999999999944 0.000000000000256 4099.178857419667111 20.495893060540318
0.062200000000000 0.999999999999952 1.249999999999944 0.000000000000253 4099.178857419665292 20.495893178658097
0.062300000000000 0.999999999999952 1.249999999999944 0.000000000000246 4099.178857419668930 20.495893292061965
0.062400000000000 0.999999999999954 1.249999999999944 0.000000000000239 4099.178857419661654 20.495893400395257
0.062500000000000 0.999999999999954 1.249999999999941 0.000000000000233 4099.178857419668930 20.495893503332930
0.062600000000000 0.999999999999952 1.249999999999945 0.000000000000225 4099.178857419658016 20.495893600580779
0.062700000000000 0.999999999999955 1.249999999999944 0.000000000000219 4099.178857419661654 20.495893691881264
0.062800000000000 0.999999999999952 1.249999999999944 0.000000000000211 4099.178857419661654 20.495893777009734
0.062900000000000 0.999999999999953 1.249999999999944 0.000000000000202 4099.178857419658016 20.495893855778565
0.063000000000000 0.999999999999956 1.249999999999942 0.000000000000192 4099.178857419659835 20.495893928035958
0.063100000000000 0.999999999999955 1.249999999999945 0.000000000000187 4099.178857419652559 20.495893993667035
0.063200000000000 0.999999999999955 1.249999999999942 0.000000000000181 4099.178857419654378 20.495894052596508
0.063300000000000 0.999999999999952 1.249999999999944 0.000000000000176 4099.178857419659835 20.495894104782987
0.063400000000000 0.999999999999951 1.249999999999941 0.000000000000174 4099.178857419663473 20.495894150225698
0.063500000000000 0.999999999999953 1.249999999999943 0.000000000000170 4099.178857419656197 20.495894188958371
0.063600000000000 0.999999999999951 1.249999999999941 0.000000000000164 4099.178857419654378 20.495894221052620
0.063700000000000 0.999999999999953 1.249999999999942 0.000000000000161 4099.178857419655287 20.495894246614821
0.063800000000000 0.999999999999953 1.249999999999943 0.000000000000157 4099.178857419658016 20.495894265786262
0.063900000000000 0.999999999999951 1.249999999999944 0.000000000000150 4099.178857419657106 20.495894278741712
0.064000000000000 0.999999999999951 1.249999999999941 0.000000000000146 4099.178857419656197 20.495894285688674
0.064100000000000 0.999999999999954 1.249999999999944 0.000000000000142 4099.178857419661654 20.495894286863297
0.064200000000000 0.999999999999951 1.249999999999941 0.000000000000138 4099.178857419661654 20.495894282533406
0.064300000000000 0.999999999999953 1.249999999999941 0.000000000000133 4099.178857419652559 20.495894272991031
0.064400000000000 0.999999999999954 1.249999999999942 0.000000000000133 4099.178857419654378 20.495894258554706
0.064500000000000 0.999999999999951 1.249999999999941 0.000000000000125 4099.178857419654378 20.495894239566422
0.064600000000000 0.999999999999951 1.249999999999941 0.000000000000119 4099.178857419648921 20.495894216386443
0.064700000000000 0.999999999999954 1.249999999999940 0.000000000000113 4099.178857419654378 20.495894189395639
0.064800000000000 0.999999999999951 1.249999999999940 0.000000000000109 4099.178857419654378 20.495894158988964
0.064900000000000 0.999999999999952 1.249999999999941 0.000000000000104 4099.178857419653468 20.495894125574701
0.065000000000000 0.999999999999953 1.249999999999939 0.000000000000101 4099.178857419652559 20.495894089572385
0.065100000000000 0.999999999999951 1.249999999999939 0.000000000000098 4099.178857419647102 20.495894051408587
0.065200000000000 0.999999999999953 1.249999999999940 0.000000000000093 4099.178857419653468 20.495894011514235
0.065300000000000 0.999999999999953 1.249999999999941 0.000000000000090 4099.178857419658016 20.495893970323856
0.065400000000000 0.999999999999955 1.249999999999939 0.000000000000086 4099.178857419651649 20.495893928270927
0.065500000000000 0.999999999999953 1.249999999999940 0.000000000000078 4099.178857419655287 20.495893885784646
0.065600000000000 0.999999999999954 1.249999999999938 0.000000000000076 4099.178857419654378 20.495893843290087
0.065700000000000 0.999999999999952 1.249999999999938 0.000000000000073 4099.178857419651649 20.495893801201440
0.065800000000000 0.999999999999953 1.249999999999940 0.000000000000072 4099.178857419648011 20.495893759922744
0.065900000000000 0.999999999999952 1.249999999999939 0.000000000000071 4099.178857419648921 20.495893719844350
0.066000000000000 0.999999999999952 1.249999999999939 0.000000000000068 4099.178857419656197 20.495893681339339
0.066100000000000 0.999999999999952 1.249999999999939 0.000000000000067 4099.178857419648921 20.495893644762425
0.066200000000000 0.999999999999950 1.249999999999939 0.000000000000065 4099.178857419647102 20.495893610447322
0.066300000000000 0.999999999999952 1.249999999999937 0.000000000000061 4099.178857419652559 20.495893578704628
0.066400000000000 0.999999999999949 1.249999999999939 0.000000000000060 4099.178857419650740 20.495893549818948
0.066500000000000 0.999999999999952 1.249999999999939 0.000000000000054 4099.178857419641645 20.495893524049183
0.066600000000000 0.999999999999952 1.249999999999938 0.000000000000050 4099.178857419650740 20.495893501625101
0.066700000000000 0.999999999999951 1.249999999999938 0.000000000000046 4099.178857419654378 20.495893482745856
0.066800000000000 0.999999999999950 1.249999999999938 0.000000000000042 4099.178857419647102 20.495893467579322
0.066900000000000 0.999999999999950 1.249999999999938 0.000000000000041 4099.178857419646192 20.495893456261303
0.067000000000000 0.999999999999952 1.249999999999936 0.000000000000038 4099.178857419650740 20.495893448893828
0.067100000000000 0.999999999999950 1.249999999999938 0.000000000000038 4099.178857419653468 20.495893445544002
0.067200000000000 0.999999999999951 1.249999999999937 0.000000000000034 4099.178857419641645 20.495893446245542
0.067300000000000 0.999999999999948 1.249999999999936 0.000000000000035 4099.178857419650740 20.495893450996231
0.067400000000000 0.999999999999949 1.249999999999937 0.000000000000032 4099.178857419643464 20.495893459758861
0.067500000000000 0.999999999999950 1.249999999999938 0.000000000000032 4099.178857419647102 20.495893472461809
0.067600000000000 0.999999999999951 1.249999999999938 0.000000000000026 4099.178857419647102 20.495893488998760
0.067700000000000 0.999999999999949 1.249999999999938 0.000000000000025 4099.178857419643464 20.495893509228843
0.067800000000000 0.999999999999950 1.249999999999938 0.000000000000023 4099.178857419648921 20.495893532978741
0.067900000000000 0.999999999999949 1.249999999999935 0.000000000000023 4099.178857419649830 20.495893560042290
0.068000000000000 0.999999999999950 1.249999999999937 0.000000000000024 4099.178857419650740 20.495893590182018
0.068100000000000 0.999999999999952 1.249999999999936 0.000000000000027 4099.178857419649830 20.495893623132261
0.068200000000000 0.999999999999949 1.249999999999935 0.000000000000025 4099.178857419645283 20.495893658597819
0.068300000000000 0.999999999999950 1.249999999999935 0.000000000000022 4099.178857419648921 20.495893696257490
0.068400000000000 0.999999999999950 1.249999999999933 0.000000000000019 4099.178857419641645 20.495893735766035
0.068500000000000 0.999999999999949 1.249999999999934 0.000000000000014 4099.178857419643464 20.495893776755704
0.068600000000000 0.999999999999948 1.249999999999936 0.000000000000019 4099.178857419645283 20.495893818838312
0.068700000000000 0.999999999999949 1.249999999999935 0.000000000000018 4099.178857419643464 20.495893861608813
0.068800000000000 0.999999999999948 1.249999999999934 0.000000000000020 4099.178857419642554 20.495893904646291
0.068900000000000 0.999999999999949 1.249999999999935 0.000000000000017 4099.178857419638007 20.495893947516851
0.069000000000000 0.999999999999949 1.249999999999936 0.000000000000019 4099.178857419643464 20.495893989777390
0.069100000000000 0.999999999999949 1.249999999999936 0.000000000000017 4099.178857419644373 20.495894030977357
0.069200000000000 0.999999999999949 1.249999999999934 0.000000000000019 4099.178857419639826 20.495894070661379
0.069300000000000 0.999999999999947 1.249999999999934 0.000000000000020 4099.178857419645283 20.495894108372784
0.069400000000000 0.999999999999948 1.249999999999934 0.000000000000022 4099.178857419638007 20.495894143656471
0.069500000000000 0.999999999999947 1.249999999999935 0.000000000000022 4099.178857419643464 20.495894176061398
0.069600000000000 0.999999999999950 1.249999999999935 0.000000000000020 4099.178857419645283 20.495894205143941
0.069700000000000 0.999999999999950 1.249999999999933 0.000000000000022 4099.178857419645283 20.495894230470686
0.069800000000000 0.999999999999950 1.249999999999933 0.000000000000022 4099.178857419648921 20.495894251620101
0.069900000000000 0.999999999999949 1.249999999999933 0.000000000000022 4099.178857419639826 20.495894268187236
0.070000000000000 0.999999999999948 1.249999999999934 0.000000000000024 4099.178857419640735 20.495894279785094
0.070100000000000 0.999999999999950 1.249999999999931 0.000000000000024 4099.178857419645283 20.495894286048809
0.070200000000000 0.999999999999950 1.249999999999934 0.000000000000027 4099.178857419639826 20.495894286634428
0.070300000000000 0.999999999999948 1.249999999999932 0.000000000000030 4099.178857419645283 20.495894281227059
0.070400000000000 0.999999999999949 1.249999999999932 0.000000000000033 4099.178857419641645 20.495894269537956
0.070500000000000 0.999999999999949 1.249999999999931 0.000000000000036 4099.178857419639826 20.495894251309497
0.070600000000000 0.999999999999948 1.249999999999933 0.000000000000038 4099.178857419636188 20.495894226315283
0.070700000000000 0.999999999999949 1.249999999999932 0.000000000000039 4099.178857419634369 20.495894194365007
0.070800000000000 0.999999999999947 1.249999999999931 0.000000000000039 4099.178857419636188 20.495894155301688
0.070900000000000 0.999999999999948 1.249999999999932 0.000000000000040 4099.178857419637097 20.495894109006660
0.071000000000000 0.999999999999949 1.249999999999930 0.000000000000041 4099.178857419632550 20.495894055399734
0.071100000000000 0.999999999999948 1.249999999999931 0.000000000000043 4099.178857419636188 20.495893994439047
0.071200000000000 0.999999999999947 1.249999999999932 0.000000000000043 4099.178857419631640 20.495893926123369
0.071300000000000 0.999999999999948 1.249999999999931 0.000000000000047 4099.178857419635278 20.495893850492202
0.071400000000000 0.999999999999947 1.249999999999930 0.000000000000047 4099.178857419632550 20.495893767625677
0.071500000000000 0.999999999999947 1.249999999999931 0.000000000000054 4099.178857419633459 20.495893677644709
0.071600000000000 0.999999999999948 1.249999999999930 0.000000000000055 4099.178857419637097 20.495893580711577
0.071700000000000 0.999999999999947 1.249999999999931 0.000000000000057 4099.178857419631640 20.495893477028648
0.071800000000000 0.999999999999946 1.249999999999930 0.000000000000061 4099.178857419634369 20.495893366838740
0.071900000000000 0.999999999999946 1.249999999999930 0.000000000000066 4099.178857419628912 20.495893250422853
0.072000000000000 0.999999999999947 1.249999999999928 0.000000000000064 4099.178857419632550 20.495893128101088
0.072100000000000 0.999999999999947 1.249999999999929 0.000000000000068 4099.178857419633459 20.495893000229295
0.072200000000000 0.999999999999949 1.249999999999928 0.000000000000068 4099.178857419627093 20.495892867199238
0.072300000000000 0.999999999999947 1.249999999999929 0.000000000000069 4099.178857419623455 20.495892729436019
0.072400000000000 0.999999999999947 1.249999999999927 0.000000000000072 4099.178857419628912 20.495892587396778
0.072500000000000 0.999999999999945 1.249999999999929 0.000000000000076 4099.178857419628002 20.495892441567037
0.072600000000000 0.999999999999945 1.249999999999928 0.000000000000077 4099.178857419628912 20.495892292461278
0.072700000000000 0.999999999999944 1.249999999999928 0.000000000000084 4099.178857419628912 20.495892140617567
0.072800000000000 0.999999999999946 1.249999999999928 0.000000000000085 4099.178857419631640 20.495891986597183
0.072900000000000 0.999999999999945 1.249999999999927 0.000000000000087 4099.178857419628912 20.495891830980348
0.073000000000000 0.999999999999946 1.249999999999925 0.000000000000092 4099.178857419627093 20.495891674364170
0.073100000000000 0.999999999999945 1.249999999999927 0.000000000000095 4099.178857419621636 20.495891517359073
0.073200000000000 0.999999999999946 1.249999999999928 0.000000000000096 4099.178857419634369 20.495891360587205
0.073300000000000 0.999999999999946 1.249999999999927 0.000000000000103 4099.178857419620726 20.495891204677804
0.073400000000000 0.999999999999947 1.249999999999926 0.000000000000105 4099.178857419621636 20.495891050264159
0.073500000000000 0.999999999999946 1.249999999999929 0.000000000000107 4099.178857419628002 20.495890897980566
0.073600000000000 0.999999999999946 1.249999999999926 0.000000000000112 4099.178857419632550 20.495890748460955
0.073700000000000 0.999999999999944 1.249999999999927 0.000000000000120 4099.178857419628912 20.495890602330803
0.073800000000000 0.999999999999945 1.249999999999926 0.000000000000122 4099.178857419627093 20.495890460209672
0.073900000000000 0.999999999999944 1.249999999999928 0.000000000000128 4099.178857419628912 20.495890322703609
0.074000000000000 0.999999999999943 1.249999999999927 0.000000000000133 4099.178857419630731 20.495890190405003
0.074100000000000 0.999999999999943 1.249999999999925 0.000000000000138 4099.178857419619817 20.495890063886968
0.074200000000000 0.999999999999946 1.249999999999927 0.000000000000141 4099.178857419625274 20.495889943701151
0.074300000000000 0.999999999999945 1.249999999999926 0.000000000000143 4099.178857419617998 20.495889830376868
0.074400000000000 0.999999999999943 1.249999999999925 0.000000000000145 4099.178857419616179 20.495889724414411
0.074500000000000 0.999999999999944 1.249999999999925 0.000000000000155 4099.178857419625274 20.495889626285390
0.074600000000000 0.999999999999945 1.249999999999925 0.000000000000159 4099.178857419621636 20.495889536429619
0.074700000000000 0.999999999999945 1.249999999999925 0.000000000000164 4099.178857419630731 20.495889455251373
0.074800000000000 0.999999999999944 1.249999999999924 0.000000000000167 4099.178857419619817 20.495889383119465
0.074900000000000 0.999999999999945 1.249999999999925 0.000000000000170 4099.178857419617088 20.495889320362597
0.075000000000000 0.999999999999944 1.249999999999926 0.000000000000177 4099.178857419627093 20.495889267269579
0.075100000000000 0.999999999999947 1.249999999999925 0.000000000000181 4099.178857419626183 20.495889224087474
0.075200000000000 0.999999999999943 1.249999999999925 0.000000000000186 4099.178857419617088 20.495889191018811
0.075300000000000 0.999999999999942 1.249999999999924 0.000000000000191 4099.178857419614360 20.495889168222593
0.075400000000000 0.999999999999945 1.249999999999925 0.000000000000197 4099.178857419627093 20.495889155810573
0.075500000000000 0.999999999999943 1.249999999999924 0.000000000000201 4099.178857419621636 20.495889153850030
0.075600000000000 0.999999999999944 1.249999999999926 0.000000000000205 4099.178857419621636 20.495889162359795
0.075700000000000 0.999999999999945 1.249999999999923 0.000000000000210 4099.178857419613450 20.495889181313348
0.075800000000000 0.999999999999944 1.249999999999925 0.000000000000216 4099.178857419621636 20.495889210635724
0.075900000000000 0.999999999999945 1.249999999999926 0.000000000000222 4099.178857419625274 20.495889250206719
0.076000000000000 0.999999999999944 1.249999999999924 0.000000000000226 4099.178857419617998 20.495889299859684
0.076100000000000 0.999999999999943 1.249999999999923 0.000000000000229 4099.178857419617998 20.495889359381778
0.076200000000000 0.999999999999942 1.249999999999925 0.000000000000236 4099.178857419625274 20.495889428517618
0.076300000000000 0.999999999999943 1.249999999999923 0.000000000000243 4099.178857419615269 20.495889506968172
0.076400000000000 0.999999999999944 1.249999999999924 0.000000000000246 4099.178857419617088 20.495889594392732
0.076500000000000 0.999999999999940 1.249999999999924 0.000000000000252 4099.178857419616179 20.495889690411236
0.076600000000000 0.999999999999941 1.249999999999923 0.000000000000258 4099.178857419624364 20.495889794606040
0.076700000000000 0.999999999999945 1.249999999999922 0.000000000000265 4099.178857419614360 20.495889906524098
0.076800000000000 0.999999999999943 1.249999999999925 0.000000000000270 4099.178857419612541 20.495890025678033
0.076900000000000 0.999999999999943 1.249999999999924 0.000000000000275 4099.178857419624364 20.495890151551730
0.077000000000000 0.999999999999942 1.249999999999923 0.000000000000281 4099.178857419612541 20.495890283598904
0.077100000000000 0.999999999999944 1.249999999999921 0.000000000000282 4099.178857419619817 20.495890421250223
0.077200000000000 0.999999999999944 1.249999999999924 0.000000000000288 4099.178857419608903 20.495890563911200
0.077300000000000 0.999999999999944 1.249999999999923 0.000000000000294 4099.178857419621636 20.495890710971530
0.077400000000000 0.999999999999943 1.249999999999922 0.000000000000296 4099.178857419619817 20.495890861802856
0.077500000000000 0.999999999999942 1.249999999999921 0.000000000000306 4099.178857419615269 20.495891015764087
0.077600000000000 0.999999999999941 1.249999999999921 0.000000000000312 4099.178857419618907 20.495891172205688
0.077700000000000 0.999999999999943 1.249999999999923 0.000000000000320 4099.178857419614360 20.495891330470673
0.077800000000000 0.999999999999941 1.249999999999924 0.000000000000327 4099.178857419614360 20.495891489900927
0.077900000000000 0.999999999999942 1.249999999999921 0.000000000000332 4099.178857419616179 20.495891649838683
0.078000000000000 0.999999999999941 1.249999999999922 0.000000000000341 4099.178857419610722 20.495891809629249
0.078100000000000 0.999999999999943 1.249999999999922 0.000000000000346 4099.178857419601627 20.495891968626818
0.078200000000000 0.999999999999941 1.249999999999922 0.000000000000353 4099.178857419610722 20.495892126195852
0.078300000000000 0.999999999999941 1.249999999999922 0.000000000000363 4099.178857419609812 20.495892281714621
0.078400000000000 0.999999999999940 1.249999999999921 0.000000000000368 4099.178857419617998 20.495892434578963
0.078500000000000 0.999999999999942 1.249999999999923 0.000000000000371 4099.178857419608903 20.495892584204920
0.078600000000000 0.999999999999942 1.249999999999922 0.000000000000379 4099.178857419610722 20.495892730032278
0.078700000000000 0.999999999999940 1.249999999999921 0.000000000000386 4099.178857419611631 20.495892871526511
0.078800000000000 0.999999999999941 1.249999999999922 0.000000000000394 4099.178857419610722 20.495893008181358
0.078900000000000 0.999999999999942 1.249999999999924 0.000000000000400 4099.178857419607084 20.495893139522430
0.079000000000000 0.999999999999943 1.249999999999921 0.000000000000403 4099.178857419606175 20.495893265109817
0.079100000000000 0.999999999999941 1.249999999999921 0.000000000000412 4099.178857419604356 20.495893384536988
0.079200000000000 0.999999999999941 1.249999999999921 0.000000000000419 4099.178857419607084 20.495893497436533
0.079300000000000 0.999999999999940 1.249999999999920 0.000000000000424 4099.178857419605265 20.495893603480216
0.079400000000000 0.999999999999941 1.249999999999922 0.000000000000431 4099.178857419603446 20.495893702380432
0.079500000000000 0.999999999999941 1.249999999999921 0.000000000000438 4099.178857419604356 20.495893793891600
0.079600000000000 0.999999999999941 1.249999999999921 0.000000000000445 4099.178857419599808 20.495893877811536
0.079700000000000 0.999999999999941 1.249999999999921 0.000000000000450 4099.178857419603446 20.495893953980676
0.079800000000000 0.999999999999941 1.249999999999920 0.000000000000457 4099.178857419602537 20.495894022285498
0.079900000000000 0.999999999999938 1.249999999999920 0.000000000000463 4099.178857419603446 20.495894082655184
0.080000000000000 0.999999999999939 1.249999999999920 0.000000000000472 4099.178857419605265 20.495894135065143
0.080100000000000 0.999999999999942 1.249999999999919 0.000000000000478 4099.178857419601627 20.495894179533924
0.080200000000000 0.999999999999941 1.249999999999920 0.000000000000485 4099.178857419604356 20.495894216123951
0.080300000000000 0.999999999999939 1.249999999999920 0.000000000000489 4099.178857419607994 20.495894244941297
0.080400000000000 0.999999999999938 1.249999999999919 0.000000000000499 4099.178857419597989 20.495894266134112
0.080500000000000 0.999999999999940 1.249999999999920 0.000000000000504 4099.178857419610722 20.495894279890180
0.080600000000000 0.999999999999939 1.249999999999920 0.000000000000511 4099.178857419606175 20.495894286438091
0.080700000000000 0.999999999999938 1.249999999999921 0.000000000000515 4099.178857419601627 20.495894286043104
0.080800000000000 0.999999999999941 1.249999999999917 0.000000000000526 4099.178857419602537 20.495894279007313
0.080900000000000 0.999999999999940 1.249999999999919 0.000000000000535 4099.178857419607084 20.495894265664372
0.081000000000000 0.999999999999940 1.249999999999921 0.000000000000544 4099.178857419608903 20.495894246381393
0.081100000000000 0.999999999999940 1.249999999999921 0.000000000000549 4099.178857419603446 20.495894221553872
0.081200000000000 0.999999999999937 1.249999999999921 0.000000000000551 4099.178857419607084 20.495894191602776
0.081300000000000 0.999999999999940 1.249999999999920 0.000000000000555 4099.178857419604356 20.495894156973193
0.081400000000000 0.999999999999939 1.249999999999920 0.000000000000565 4099.178857419604356 20.495894118130742
0.081500000000000 0.999999999999940 1.249999999999919 0.000000000000571 4099.178857419601627 20.495894075558031
0.081600000000000 0.999999999999939 1.249999999999917 0.000000000000575 4099.178857419603446 20.495894029752964
0.081700000000000 0.999999999999938 1.249999999999921 0.000000000000582 4099.178857419597989 20.495893981222917
0.081800000000000 0.999999999999939 1.249999999999917 0.000000000000587 4099.178857419603446 20.495893930486623
0.081900000000000 0.999999999999940 1.249999999999920 0.000000000000593 4099.178857419608903 20.495893878062894
0.082000000000000 0.999999999999940 1.249999999999920 0.000000000000599 4099.178857419605265 20.495893824475516
0.082100000000000 0.999999999999939 1.249999999999918 0.000000000000600 4099.178857419601627 20.495893770245466
0.082200000000000 0.999999999999939 1.249999999999919 0.000000000000606 4099.178857419597989 20.495893715886314
0.082300000000000 0.999999999999938 1.249999999999919 0.000000000000609 4099.178857419595261 20.495893661906432
0.082400000000000 0.999999999999938 1.249999999999919 0.000000000000613 4099.178857419597989 20.495893608799804
0.082500000000000 0.999999999999940 1.249999999999919 0.000000000000615 4099.178857419600718 20.495893557046536
0.082600000000000 0.999999999999939 1.249999999999919 0.000000000000622 4099.178857419598899 20.495893507108512
0.082700000000000 0.999999999999939 1.249999999999919 0.000000000000626 4099.178857419605265 20.495893459427332
0.082800000000000 0.999999999999940 1.249999999999920 0.000000000000631 4099.178857419601627 20.495893414419893
0.082900000000000 0.999999999999938 1.249999999999919 0.000000000000639 4099.178857419601627 20.495893372477784
0.083000000000000 0.999999999999940 1.249999999999919 0.000000000000646 4099.178857419605265 20.495893333962925
0.083100000000000 0.999999999999938 1.249999999999919 0.000000000000650 4099.178857419594351 20.495893299206511
0.083200000000000 0.999999999999939 1.249999999999918 0.000000000000652 4099.178857419596170 20.495893268506610
0.083300000000000 0.999999999999940 1.249999999999920 0.000000000000656 4099.178857419594351 20.495893242125216
0.083400000000000 0.999999999999938 1.249999999999919 0.000000000000662 4099.178857419596170 20.495893220289009
0.083500000000000 0.999999999999937 1.249999999999919 0.000000000000663 4099.178857419607084 20.495893203184380
0.083600000000000 0.999999999999938 1.249999999999919 0.000000000000665 4099.178857419603446 20.495893190959652
0.083700000000000 0.999999999999936 1.249999999999918 0.000000000000668 4099.178857419596170 20.495893183721311
0.083800000000000 0.999999999999937 1.249999999999921 0.000000000000673 4099.178857419593442 20.495893181534338
0.083900000000000 0.999999999999940 1.249999999999919 0.000000000000678 4099.178857419597989 20.495893184423700
0.084000000000000 0.999999999999937 1.249999999999920 0.000000000000682 4099.178857419597989 20.495893192369788
0.084100000000000 0.999999999999938 1.249999999999919 0.000000000000685 4099.178857419595261 20.495893205312061
0.084200000000000 0.999999999999939 1.249999999999920 0.000000000000689 4099.178857419592532 20.495893223147732
0.084300000000000 0.999999999999938 1.249999999999919 0.000000000000689 4099.178857419596170 20.495893245732724
0.084400000000000 0.999999999999938 1.249999999999919 0.000000000000697 4099.178857419593442 20.495893272882327
0.084500000000000 0.999999999999937 1.249999999999918 0.000000000000702 4099.178857419590713 20.495893304372132
0.084600000000000 0.999999999999936 1.249999999999919 0.000000000000705 4099.178857419597080 20.495893339939467
0.084700000000000 0.999999999999937 1.249999999999920 0.000000000000707 4099.178857419594351 20.495893379284915
0.084800000000000 0.999999999999939 1.249999999999919 0.000000000000711 4099.178857419597080 20.495893422074339
0.084900000000000 0.999999999999937 1.249999999999917 0.000000000000711 4099.178857419594351 20.495893467940324
0.085000000000000 0.999999999999937 1.249999999999919 0.000000000000712 4099.178857419582528 20.495893516483608
0.085100000000000 0.999999999999938 1.249999999999918 0.000000000000714 4099.178857419597989 20.495893567278756
0.085200000000000 0.999999999999937 1.249999999999916 0.000000000000713 4099.178857419592532 20.495893619872099
0.085300000000000 0.999999999999938 1.249999999999919 0.000000000000714 4099.178857419588894 20.495893673787432
0.085400000000000 0.999999999999936 1.249999999999919 0.000000000000720 4099.178857419597080 20.495893728529481
0.085500000000000 0.999999999999937 1.249999999999918 0.000000000000723 4099.178857419594351 20.495893783584656
0.085600000000000 0.999999999999937 1.249999999999919 0.000000000000722 4099.178857419597989 20.495893838425264
0.085700000000000 0.999999999999938 1.249999999999917 0.000000000000722 4099.178857419588894 20.495893892513450
0.085800000000000 0.999999999999935 1.249999999999919 0.000000000000722 4099.178857419599808 20.495893945302740
0.085900000000000 0.999999999999936 1.249999999999919 0.000000000000725 4099.178857419583437 20.495893996244149
0.086000000000000 0.999999999999938 1.249999999999919 0.000000000000723 4099.178857419594351 20.495894044786812
0.086100000000000 0.999999999999935 1.249999999999919 0.000000000000726 4099.178857419596170 20.495894090383704
0.086200000000000 0.999999999999936 1.249999999999919 0.000000000000727 4099.178857419588894 20.495894132493238
0.086300000000000 0.999999999999934 1.249999999999919 0.000000000000729 4099.178857419591623 20.495894170584819
0.086400000000000 0.999999999999938 1.249999999999917 0.000000000000733 4099.178857419594351 20.495894204140168
0.086500000000000 0.999999999999938 1.249999999999917 0.000000000000733 4099.178857419589804 20.495894232658017
0.086600000000000 0.999999999999936 1.249999999999919 0.000000000000733 4099.178857419590713 20.495894255657095
0.086700000000000 0.999999999999937 1.249999999999917 0.000000000000733 4099.178857419592532 20.495894272679983
0.086800000000000 0.999999999999936 1.249999999999918 0.000000000000732 4099.178857419590713 20.495894283294131
0.086900000000000 0.999999999999937 1.249999999999920 0.000000000000729 4099.178857419587075 20.495894287097524
0.087000000000000 0.999999999999935 1.249999999999917 0.000000000000731 4099.178857419585256 20.495894283720403
0.087100000000000 0.999999999999936 1.249999999999918 0.000000000000733 4099.178857419583437 20.495894272826142
0.087200000000000 0.999999999999934 1.249999999999917 0.000000000000727 4099.178857419590713 20.495894254116696
0.087300000000000 0.999999999999936 1.249999999999918 0.000000000000722 4099.178857419585256 20.495894227333327
0.087400000000000 0.999999999999936 1.249999999999918 0.000000000000722 4099.178857419590713 20.495894192258294
0.087500000000000 0.999999999999937 1.249999999999918 0.000000000000723 4099.178857419585256 20.495894148717504
0.087600000000000 0.999999999999935 1.249999999999918 0.000000000000725 4099.178857419589804 20.495894096582052
0.087700000000000 0.999999999999935 1.249999999999917 0.000000000000724 4099.178857419587985 20.495894035768785
0.087800000000000 0.999999999999937 1.249999999999917 0.000000000000724 4099.178857419583437 20.495893966242114
0.087900000000000 0.999999999999935 1.249999999999917 0.000000000000726 4099.178857419581618 20.495893888014411
0.088000000000000 0.999999999999935 1.249999999999917 0.000000000000724 4099.178857419585256 20.495893801146988
0.088100000000000 0.999999999999935 1.249999999999916 0.000000000000725 4099.178857419581618 20.495893705750099
0.088200000000000 0.999999999999934 1.249999999999917 0.000000000000726 4099.178857419575252 20.495893601982722
0.088300000000000 0.999999999999935 1.249999999999917 0.000000000000723 4099.178857419581618 20.495893490052779
0.088400000000000 0.999999999999935 1.249999999999916 0.000000000000720 4099.178857419576161 20.495893370216262
0.088500000000000 0.999999999999934 1.249999999999916 0.000000000000720 4099.178857419585256 20.495893242776098
0.088600000000000 0.999999999999934 1.249999999999916 0.000000000000719 4099.178857419583437 20.495893108081276
0.088700000000000 0.999999999999934 1.249999999999915 0.000000000000714 4099.178857419586166 20.495892966526366
0.088800000000000 0.999999999999934 1.249999999999915 0.000000000000711 4099.178857419582528 20.495892818548235
0.088900000000000 0.999999999999934 1.249999999999915 0.000000000000708 4099.178857419576161 20.495892664625359
0.089000000000000 0.999999999999934 1.249999999999917 0.000000000000703 4099.178857419583437 20.495892505274131
0.089100000000000 0.999999999999934 1.249999999999915 0.000000000000701 4099.178857419579799 20.495892341049874
0.089200000000000 0.999999999999936 1.249999999999915 0.000000000000696 4099.178857419576161 20.495892172539673
0.089300000000000 0.999999999999933 1.249999999999916 0.000000000000696 4099.178857419579799 20.495892000363259
0.089400000000000 0.999999999999935 1.249999999999916 0.000000000000693 4099.178857419577980 20.495891825167998
0.089500000000000 0.999999999999933 1.249999999999918 0.000000000000690 4099.178857419577980 20.495891647626411
0.089600000000000 0.999999999999933 1.249999999999915 0.000000000000688 4099.178857419576161 20.495891468433367
0.089700000000000 0.999999999999933 1.249999999999916 0.000000000000688 4099.178857419570704 20.495891288300577
0.089800000000000 0.999999999999934 1.249999999999915 0.000000000000685 4099.178857419571614 20.495891107955647
0.089900000000000 0.999999999999933 1.249999999999917 0.000000000000682 4099.178857419573433 20.495890928136475
0.090000000000000 0.999999999999933 1.249999999999915 0.000000000000678 4099.178857419577980 20.495890749589009
0.090100000000000 0.999999999999935 1.249999999999916 0.000000000000676 4099.178857419574342 20.495890573061164
0.090200000000000 0.999999999999932 1.249999999999916 0.000000000000674 4099.178857419577071 20.495890399301235
0.090300000000000 0.999999999999932 1.249999999999917 0.000000000000671 4099.178857419577071 20.495890229052662
0.090400000000000 0.999999999999934 1.249999999999916 0.000000000000665 4099.178857419587075 20.495890063050787
0.090500000000000 0.999999999999933 1.249999999999915 0.000000000000666 4099.178857419575252 20.495889902018536
0.090600000000000 0.999999999999933 1.249999999999914 0.000000000000661 4099.178857419575252 20.495889746662257
0.090700000000000 0.999999999999932 1.249999999999914 0.000000000000655 4099.178857419572523 20.495889597669144
0.090800000000000 0.999999999999931 1.249999999999915 0.000000000000653 4099.178857419576161 20.495889455702642
0.090900000000000 0.999999999999931 1.249999999999915 0.000000000000649 4099.178857419568885 20.495889321398948
0.091000000000000 0.999999999999932 1.249999999999916 0.000000000000650 4099.178857419574342 20.495889195363819
0.091100000000000 0.999999999999932 1.249999999999916 0.000000000000644 4099.178857419576161 20.495889078169441
0.091200000000000 0.999999999999931 1.249999999999916 0.000000000000642 4099.178857419574342 20.495888970351057
0.091300000000000 0.999999999999932 1.249999999999913 0.000000000000635 4099.178857419579799 20.495888872403949
0.091400000000000 0.999999999999931 1.249999999999915 0.000000000000630 4099.178857419573433 20.495888784779950
0.091500000000000 0.999999999999931 1.249999999999916 0.000000000000622 4099.178857419571614 20.495888707887424
0.091600000000000 0.999999999999931 1.249999999999915 0.000000000000617 4099.178857419563428 20.495888642087422
0.091700000000000 0.999999999999930 1.249999999999915 0.000000000000609 4099.178857419561609 20.495888587689752
0.091800000000000 0.999999999999932 1.249999999999915 0.000000000000600 4099.178857419566157 20.495888544954951
0.091900000000000 0.999999999999932 1.249999999999913 0.000000000000595 4099.178857419567976 20.495888514091003
0.092000000000000 0.999999999999931 1.249999999999913 0.000000000000589 4099.178857419568885 20.495888495250323
0.092100000000000 0.999999999999932 1.249999999999917 0.000000000000579 4099.178857419570704 20.495888488532298
0.092200000000000 0.999999999999932 1.249999999999915 0.000000000000573 4099.178857419567066 20.495888493980946
0.092300000000000 0.999999999999933 1.249999999999915 0.000000000000567 4099.178857419568885 20.495888511583459
0.092400000000000 0.999999999999930 1.249999999999915 0.000000000000561 4099.178857419571614 20.495888541272524
0.092500000000000 0.999999999999931 1.249999999999914 0.000000000000554 4099.178857419566157 20.495888582924742
0.092600000000000 0.999999999999931 1.249999999999913 0.000000000000550 4099.178857419563428 20.495888636361766
0.092700000000000 0.999999999999931 1.249999999999915 0.000000000000544 4099.178857419567066 20.495888701351337
0.092800000000000 0.999999999999931 1.249999999999913 0.000000000000537 4099.178857419565247 20.495888777608307
0.092900000000000 0.999999999999932 1.249999999999914 0.000000000000532 4099.178857419571614 20.495888864796253
0.093000000000000 0.999999999999930 1.249999999999915 0.000000000000525 4099.178857419568885 20.495888962528650
0.093100000000000 0.999999999999931 1.249999999999914 0.000000000000516 4099.178857419561609 20.495889070371465
0.093200000000000 0.999999999999930 1.249999999999915 0.000000000000505 4099.178857419564338 20.495889187845471
0.093300000000000 0.999999999999931 1.249999999999915 0.000000000000498 4099.178857419563428 20.495889314427323
0.093400000000000 0.999999999999932 1.249999999999915 0.000000000000492 4099.178857419577980 20.495889449554618
0.093500000000000 0.999999999999931 1.249999999999913 0.000000000000486 4099.178857419560700 20.495889592626835
0.093600000000000 0.999999999999930 1.249999999999915 0.000000000000477 4099.178857419568885 20.495889743008874
0.093700000000000 0.999999999999931 1.249999999999914 0.000000000000471 4099.178857419563428 20.495889900035788
0.093800000000000 0.999999999999930 1.249999999999915 0.000000000000465 4099.178857419571614 20.495890063013942
0.093900000000000 0.999999999999933 1.249999999999914 0.000000000000459 4099.178857419556152 20.495890231227165
0.094000000000000 0.999999999999931 1.249999999999913 0.000000000000448 4099.178857419563428 20.495890403938294
0.094100000000000 0.999999999999930 1.249999999999913 0.000000000000444 4099.178857419559790 20.495890580394356
0.094200000000000 0.999999999999929 1.249999999999915 0.000000000000438 4099.178857419561609 20.495890759829528
0.094300000000000 0.999999999999930 1.249999999999915 0.000000000000430 4099.178857419570704 20.495890941471487
0.094400000000000 0.999999999999930 1.249999999999914 0.000000000000425 4099.178857419561609 20.495891124542290
0.094500000000000 0.999999999999929 1.249999999999915 0.000000000000419 4099.178857419562519 20.495891308263811
0.094600000000000 0.999999999999928 1.249999999999915 0.000000000000409 4099.178857419561609 20.495891491862899
0.094700000000000 0.999999999999932 1.249999999999914 0.000000000000400 4099.178857419556152 20.495891674573620
0.094800000000000 0.999999999999932 1.249999999999914 0.000000000000394 4099.178857419563428 20.495891855642796
0.094900000000000 0.999999999999931 1.249999999999912 0.000000000000384 4099.178857419564338 20.495892034332581
0.095000000000000 0.999999999999930 1.249999999999913 0.000000000000377 4099.178857419560700 20.495892209924651
0.095100000000000 0.999999999999929 1.249999999999914 0.000000000000370 4099.178857419556152 20.495892381725223
0.095200000000000 0.999999999999928 1.249999999999915 0.000000000000361 4099.178857419556152 20.495892549066905
0.095300000000000 0.999999999999929 1.249999999999915 0.000000000000353 4099.178857419552514 20.495892711312464
0.095400000000000 0.999999999999927 1.249999999999912 0.000000000000348 4099.178857419556152 20.495892867859464
0.095500000000000 0.999999999999929 1.249999999999913 0.000000000000343 4099.178857419554333 20.495893018140315
0.095600000000000 0.999999999999931 1.249999999999912 0.000000000000337 4099.178857419561609 20.495893161628711
0.095700000000000 0.999999999999928 1.249999999999911 0.000000000000329 4099.178857419559790 20.495893297839586
0.095800000000000 0.999999999999930 1.249999999999912 0.000000000000318 4099.178857419557971 20.495893426332337
0.095900000000000 0.999999999999930 1.249999999999912 0.000000000000311 4099.178857419559790 20.495893546713734
0.096000000000000 0.999999999999928 1.249999999999911 0.000000000000303 4099.178857419554333 20.495893658638373
0.096100000000000 0.999999999999927 1.249999999999913 0.000000000000296 4099.178857419559790 20.495893761810439
0.096200000000000 0.999999999999929 1.249999999999912 0.000000000000290 4099.178857419558881 20.495893855986292
0.096300000000000 0.999999999999930 1.249999999999912 0.000000000000281 4099.178857419554333 20.495893940973680
0.096400000000000 0.999999999999927 1.249999999999912 0.000000000000278 4099.178857419550695 20.495894016633542
0.096500000000000 0.999999999999928 1.249999999999911 0.000000000000275 4099.178857419553424 20.495894082880703
0.096600000000000 0.999999999999928 1.249999999999911 0.000000000000267 4099.178857419554333 20.495894139681781
0.096700000000000 0.999999999999926 1.249999999999912 0.000000000000261 4099.178857419552514 20.495894187057978
0.096800000000000 0.999999999999930 1.249999999999911 0.000000000000255 4099.178857419559790 20.495894225082310
0.096900000000000 0.999999999999928 1.249999999999912 0.000000000000248 4099.178857419559790 20.495894253879179
0.097000000000000 0.999999999999927 1.249999999999911 0.000000000000244 4099.178857419563428 20.495894273624401
0.097100000000000 0.999999999999929 1.249999999999911 0.000000000000240 4099.178857419555243 20.495894284542139
0.097200000000000 0.999999999999929 1.249999999999912 0.000000000000233 4099.178857419550695 20.495894286904324
0.097300000000000 0.999999999999928 1.249999999999910 0.000000000000226 4099.178857419562519 20.495894281028622
0.097400000000000 0.999999999999926 1.249999999999912 0.000000000000219 4099.178857419548876 20.495894267274529
0.097500000000000 0.999999999999928 1.249999999999910 0.000000000000210 4099.178857419551605 20.495894246044205
0.097600000000000 0.999999999999929 1.249999999999912 0.000000000000206 4099.178857419557971 20.495894217776009
0.097700000000000 0.999999999999928 1.249999999999912 0.000000000000202 4099.178857419550695 20.495894182944244
0.097800000000000 0.999999999999927 1.249999999999908 0.000000000000194 4099.178857419555243 20.495894142055835
0.097900000000000 0.999999999999928 1.249999999999912 0.000000000000189 4099.178857419559790 20.495894095643802
0.098000000000000 0.999999999999929 1.249999999999910 0.000000000000180 4099.178857419551605 20.495894044269232
0.098100000000000 0.999999999999927 1.249999999999911 0.000000000000171 4099.178857419554333 20.495893988512911
0.098200000000000 0.999999999999927 1.249999999999910 0.000000000000164 4099.178857419552514 20.495893928974194
0.098300000000000 0.999999999999926 1.249999999999911 0.000000000000161 4099.178857419550695 20.495893866265600
0.098400000000000 0.999999999999926 1.249999999999909 0.000000000000159 4099.178857419559790 20.495893801010961
0.098500000000000 0.999999999999927 1.249999999999910 0.000000000000153 4099.178857419557062 20.495893733838290
0.098600000000000 0.999999999999929 1.249999999999909 0.000000000000145 4099.178857419554333 20.495893665379779
0.098700000000000 0.999999999999926 1.249999999999910 0.000000000000138 4099.178857419554333 20.495893596264178
0.098800000000000 0.999999999999927 1.249999999999909 0.000000000000133 4099.178857419556152 20.495893527114976
0.098900000000000 0.999999999999925 1.249999999999909 0.000000000000130 4099.178857419554333 20.495893458545968
0.099000000000000 0.999999999999928 1.249999999999909 0.000000000000124 4099.178857419543419 20.495893391156788
0.099100000000000 0.999999999999927 1.249999999999908 0.000000000000123 4099.178857419552514 20.495893325529824
0.099200000000000 0.999999999999926 1.249999999999907 0.000000000000117 4099.178857419540691 20.495893262226300
0.099300000000000 0.999999999999927 1.249999999999908 0.000000000000113 4099.178857419547967 20.495893201782348
0.099400000000000 0.999999999999926 1.249999999999906 0.000000000000109 4099.178857419548876 20.495893144707068
0.099500000000000 0.999999999999925 1.249999999999907 0.000000000000107 4099.178857419549786 20.495893091476550
0.099600000000000 0.999999999999925 1.249999999999905 0.000000000000103 4099.178857419549786 20.495893042534075
0.099700000000000 0.999999999999926 1.249999999999906 0.000000000000098 4099.178857419546148 20.495892998284294
0.099800000000000 0.999999999999927 1.249999999999907 0.000000000000093 4099.178857419545238 20.495892959093197
0.099900000000000 0.999999999999927 1.249999999999905 0.000000000000091 4099.178857419549786 20.495892925284696
0.100000000000000 0.999999999999925 1.249999999999906 0.000000000000087 4099.178857419537962 20.495892897137022
0.100100000000000 0.999999999999927 1.249999999999907 0.000000000000083 4099.178857419548876 20.495892874883555
0.100200000000000 0.999999999999926 1.249999999999905 0.000000000000077 4099.178857419537053 20.495892858710175
0.100300000000000 0.999999999999924 1.249999999999906 0.000000000000074 4099.178857419541600 20.495892848752643
0.100400000000000 0.999999999999926 1.249999999999906 0.000000000000068 4099.178857419542510 20.495892845097952
0.100500000000000 0.999999999999926 1.249999999999907 0.000000000000066 4099.178857419543419 20.495892847781892
0.100600000000000 0.999999999999923 1.249999999999905 0.000000000000061 4099.178857419538872 20.495892856790320
0.100700000000000 0.999999999999925 1.249999999999904 0.000000000000058 4099.178857419542510 20.495892872056960
0.100800000000000 0.999999999999925 1.249999999999903 0.000000000000053 4099.178857419537962 20.495892893465602
0.100900000000000 0.999999999999926 1.249999999999905 0.000000000000048 4099.178857419543419 20.495892920849670
0.101000000000000 0.999999999999925 1.249999999999906 0.000000000000043 4099.178857419540691 20.495892953993621
0.101100000000000 0.999999999999923 1.249999999999906 0.000000000000039 4099.178857419534324 20.495892992634570
0.101200000000000 0.999999999999923 1.249999999999905 0.000000000000037 4099.178857419542510 20.495893036461901
0.101300000000000 0.999999999999925 1.249999999999906 0.000000000000035 4099.178857419539781 20.495893085121121
0.101400000000000 0.999999999999926 1.249999999999903 0.000000000000033 4099.178857419541600 20.495893138215692
0.101500000000000 0.999999999999925 1.249999999999905 0.000000000000029 4099.178857419537053 20.495893195306845
0.101600000000000 0.999999999999924 1.249999999999903 0.000000000000027 4099.178857419537962 20.495893255920908
0.101700000000000 0.999999999999923 1.249999999999903 0.000000000000028 4099.178857419541600 20.495893319546958
0.101800000000000 0.999999999999923 1.249999999999905 0.000000000000026 4099.178857419534324 20.495893385643313
0.101900000000000 0.999999999999924 1.249999999999903 0.000000000000023 4099.178857419539781 20.495893453640885
0.102000000000000 0.999999999999924 1.249999999999902 0.000000000000020 4099.178857419529777 20.495893522943600
0.102100000000000 0.999999999999924 1.249999999999902 0.000000000000020 4099.178857419534324 20.495893592935118
0.102200000000000 0.999999999999924 1.249999999999904 0.000000000000018 4099.178857419536143 20.495893662981260
0.102300000000000 0.999999999999922 1.249999999999904 0.000000000000018 4099.178857419534324 20.495893732434531
0.102400000000000 0.999999999999923 1.249999999999903 0.000000000000019 4099.178857419534324 20.495893800637464
0.102500000000000 0.999999999999924 1.249999999999902 0.000000000000016 4099.178857419532505 20.495893866926895
0.102600000000000 0.999999999999922 1.249999999999901 0.000000000000013 4099.178857419534324 20.495893930638399
0.102700000000000 0.999999999999924 1.249999999999901 0.000000000000015 4099.178857419535234 20.495893991110215
0.102800000000000 0.999999999999924 1.249999999999902 0.000000000000014 4099.178857419541600 20.495894047687585
0.102900000000000 0.999999999999923 1.249999999999901 0.000000000000014 4099.178857419536143 20.495894099727234
0.103000000000000 0.999999999999925 1.249999999999901 0.000000000000009 4099.178857419537962 20.495894146600495
0.103100000000000 0.999999999999922 1.249999999999902 0.000000000000009 4099.178857419536143 20.495894187698593
0.103200000000000 0.999999999999923 1.249999999999902 0.000000000000010 4099.178857419530686 20.495894222436068
0.103300000000000 0.999999999999924 1.249999999999900 0.000000000000010 4099.178857419537053 20.495894250254914
0.103400000000000 0.999999999999923 1.249999999999902 0.000000000000011 4099.178857419530686 20.495894270626856
0.103500000000000 0.999999999999926 1.249999999999901 0.000000000000012 4099.178857419537962 20.495894283059837
0.103600000000000 0.999999999999924 1.249999999999901 0.000000000000014 4099.178857419528867 20.495894287098679
0.103700000000000 0.999999999999925 1.249999999999901 0.000000000000014 4099.178857419530686 20.495894282329363
0.103800000000000 0.999999999999924 1.249999999999900 0.000000000000015 4099.178857419534324 20.495894268383147
0.103900000000000 0.999999999999921 1.249999999999899 0.000000000000017 4099.178857419537962 20.495894244936668
0.104000000000000 0.999999999999924 1.249999999999899 0.000000000000019 4099.178857419530686 20.495894211716447
0.104100000000000 0.999999999999922 1.249999999999900 0.000000000000021 4099.178857419530686 20.495894168500879
0.104200000000000 0.999999999999922 1.249999999999900 0.000000000000019 4099.178857419534324 20.495894115121871
0.104300000000000 0.999999999999924 1.249999999999900 0.000000000000018 4099.178857419537962 20.495894051466149
0.104400000000000 0.999999999999922 1.249999999999899 0.000000000000019 4099.178857419531596 20.495893977477216
0.104500000000000 0.999999999999922 1.249999999999897 0.000000000000018 4099.178857419532505 20.495893893156136
0.104600000000000 0.999999999999923 1.249999999999901 0.000000000000024 4099.178857419532505 20.495893798560481
0.104700000000000 0.999999999999922 1.249999999999899 0.000000000000027 4099.178857419534324 20.495893693809535
0.104800000000000 0.999999999999922 1.249999999999899 0.000000000000025 4099.178857419533415 20.495893579078135
0.104900000000000 0.999999999999923 1.249999999999899 0.000000000000027 4099.178857419535234 20.495893454600804
0.105000000000000 0.999999999999922 1.249999999999899 0.000000000000030 4099.178857419528867 20.495893320669349
0.105100000000000 0.999999999999922 1.249999999999899 0.000000000000033 4099.178857419528867 20.495893177631991
0.105200000000000 0.999999999999923 1.249999999999900 0.000000000000037 4099.178857419523410 20.495893025892556
0.105300000000000 0.999999999999923 1.249999999999898 0.000000000000039 4099.178857419530686 20.495892865908225
0.105400000000000 0.999999999999923 1.249999999999900 0.000000000000042 4099.178857419530686 20.495892698187223
0.105500000000000 0.999999999999921 1.249999999999896 0.000000000000046 4099.178857419527048 20.495892523288958
0.105600000000000 0.999999999999921 1.249999999999897 0.000000000000049 4099.178857419530686 20.495892341817100
0.105700000000000 0.999999999999922 1.249999999999898 0.000000000000056 4099.178857419523410 20.495892154421629
0.105800000000000 0.999999999999921 1.249999999999898 0.000000000000057 4099.178857419525229 20.495891961792406
0.105900000000000 0.999999999999920 1.249999999999897 0.000000000000059 4099.178857419523410 20.495891764656907
0.106000000000000 0.999999999999920 1.249999999999897 0.000000000000066 4099.178857419527048 20.495891563776667
0.106100000000000 0.999999999999921 1.249999999999897 0.000000000000064 4099.178857419523410 20.495891359942952
0.106200000000000 0.999999999999919 1.249999999999897 0.000000000000069 4099.178857419526139 20.495891153974267
0.106300000000000 0.999999999999921 1.249999999999895 0.000000000000075 4099.178857419527048 20.495890946710517
0.106400000000000 0.999999999999920 1.249999999999895 0.000000000000078 4099.178857419523410 20.495890739008878
0.106500000000000 0.999999999999921 1.249999999999895 0.000000000000087 4099.178857419523410 20.495890531740557
0.106600000000000 0.999999999999920 1.249999999999896 0.000000000000095 4099.178857419526139 20.495890325785215
0.106700000000000 0.999999999999920 1.249999999999896 0.000000000000097 4099.178857419527048 20.495890122026871
0.106800000000000 0.999999999999921 1.249999999999895 0.000000000000105 4099.178857419516135 20.495889921349114
0.106900000000000 0.999999999999919 1.249999999999896 0.000000000000110 4099.178857419525229 20.495889724629645
0.107000000000000 0.999999999999920 1.249999999999895 0.000000000000117 4099.178857419525229 20.495889532738037
0.107100000000000 0.999999999999920 1.249999999999896 0.000000000000123 4099.178857419530686 20.495889346527772
0.107200000000000 0.999999999999921 1.249999999999894 0.000000000000125 4099.178857419524320 20.495889166834004
0.107300000000000 0.999999999999921 1.249999999999896 0.000000000000131 4099.178857419525229 20.495888994468690
0.107400000000000 0.999999999999920 1.249999999999895 0.000000000000131 4099.178857419520682 20.495888830215424
0.107500000000000 0.999999999999920 1.249999999999894 0.000000000000136 4099.178857419521592 20.495888674826059
0.107600000000000 0.999999999999920 1.249999999999894 0.000000000000139 4099.178857419525229 20.495888529015598
0.107700000000000 0.999999999999921 1.249999999999897 0.000000000000148 4099.178857419521592 20.495888393459452
0.107800000000000 0.999999999999921 1.249999999999893 0.000000000000152 4099.178857419511587 20.495888268789912
0.107900000000000 0.999999999999920 1.249999999999893 0.000000000000159 4099.178857419519773 20.495888155589832
0.108000000000000 0.999999999999921 1.249999999999895 0.000000000000164 4099.178857419521592 20.495888054393500
0.108100000000000 0.999999999999918 1.249999999999894 0.000000000000171 4099.178857419519773 20.495887965681423
0.108200000000000 0.999999999999918 1.249999999999894 0.000000000000177 4099.178857419518863 20.495887889876446
0.108300000000000 0.999999999999920 1.249999999999893 0.000000000000184 4099.178857419521592 20.495887827344848
0.108400000000000 0.999999999999922 1.249999999999893 0.000000000000187 4099.178857419514316 20.495887778390223
0.108500000000000 0.999999999999918 1.249999999999892 0.000000000000190 4099.178857419521592 20.495887743255082
0.108600000000000 0.999999999999920 1.249999999999894 0.000000000000197 4099.178857419517954 20.495887722117178
0.108700000000000 0.999999999999919 1.249999999999893 0.000000000000206 4099.178857419517044 20.495887715090397
0.108800000000000 0.999999999999920 1.249999999999893 0.000000000000215 4099.178857419517954 20.495887722221703
0.108900000000000 0.999999999999920 1.249999999999892 0.000000000000221 4099.178857419517954 20.495887743492723
0.109000000000000 0.999999999999920 1.249999999999891 0.000000000000228 4099.178857419514316 20.495887778818396
0.109100000000000 0.999999999999920 1.249999999999892 0.000000000000234 4099.178857419522501 20.495887828048172
0.109200000000000 0.999999999999918 1.249999999999892 0.000000000000238 4099.178857419517954 20.495887890966834
0.109300000000000 0.999999999999918 1.249999999999893 0.000000000000248 4099.178857419520682 20.495887967294376
0.109400000000000 0.999999999999917 1.249999999999893 0.000000000000256 4099.178857419523410 20.495888056689054
0.109500000000000 0.999999999999919 1.249999999999896 0.000000000000262 4099.178857419517954 20.495888158747292
0.109600000000000 0.999999999999920 1.249999999999895 0.000000000000266 4099.178857419519773 20.495888273007552
0.109700000000000 0.999999999999918 1.249999999999894 0.000000000000270 4099.178857419517954 20.495888398951543
0.109800000000000 0.999999999999918 1.249999999999893 0.000000000000277 4099.178857419512497 20.495888536006746
0.109900000000000 0.999999999999918 1.249999999999892 0.000000000000284 4099.178857419514316 20.495888683550948
0.110000000000000 0.999999999999918 1.249999999999894 0.000000000000288 4099.178857419516135 20.495888840912805
0.110100000000000 0.999999999999918 1.249999999999892 0.000000000000297 4099.178857419519773 20.495889007379635
0.110200000000000 0.999999999999919 1.249999999999893 0.000000000000305 4099.178857419514316 20.495889182196155
0.110300000000000 0.999999999999917 1.249999999999891 0.000000000000312 4099.178857419512497 20.495889364572342
0.110400000000000 0.999999999999917 1.249999999999890 0.000000000000324 4099.178857419512497 20.495889553685803
0.110500000000000 0.999999999999918 1.249999999999892 0.000000000000332 4099.178857419510678 20.495889748685869
0.110600000000000 0.999999999999919 1.249999999999891 0.000000000000340 4099.178857419514316 20.495889948700565
0.110700000000000 0.999999999999919 1.249999999999891 0.000000000000344 4099.178857419511587 20.495890152837593
0.110800000000000 0.999999999999919 1.249999999999890 0.000000000000351 4099.178857419510678 20.495890360191819
0.110900000000000 0.999999999999917 1.249999999999890 0.000000000000358 4099.178857419514316 20.495890569849124
0.111000000000000 0.999999999999918 1.249999999999891 0.000000000000367 4099.178857419514316 20.495890780890992
0.111100000000000 0.999999999999918 1.249999999999890 0.000000000000375 4099.178857419516135 20.495890992400525
0.111200000000000 0.999999999999918 1.249999999999891 0.000000000000383 4099.178857419514316 20.495891203465334
0.111300000000000 0.999999999999917 1.249999999999893 0.000000000000391 4099.178857419515225 20.495891413183838
0.111400000000000 0.999999999999918 1.249999999999892 0.000000000000400 4099.178857419517954 20.495891620670861
0.111500000000000 0.999999999999919 1.249999999999892 0.000000000000407 4099.178857419505221 20.495891825059548
0.111600000000000 0.999999999999917 1.249999999999892 0.000000000000412 4099.178857419507040 20.495892025507899
0.111700000000000 0.999999999999918 1.249999999999890 0.000000000000419 4099.178857419507949 20.495892221203320
0.111800000000000 0.999999999999917 1.249999999999891 0.000000000000428 4099.178857419507040 20.495892411365023
0.111900000000000 0.999999999999918 1.249999999999891 0.000000000000434 4099.178857419508859 20.495892595250833
0.112000000000000 0.999999999999918 1.249999999999890 0.000000000000440 4099.178857419519773 20.495892772158726
0.112100000000000 0.999999999999917 1.249999999999892 0.000000000000446 4099.178857419507040 20.495892941430263
0.112200000000000 0.999999999999916 1.249999999999889 0.000000000000450 4099.178857419512497 20.495893102457210
0.112300000000000 0.999999999999916 1.249999999999892 0.000000000000458 4099.178857419515225 20.495893254679071
0.112400000000000 0.999999999999916 1.249999999999891 0.000000000000465 4099.178857419508859 20.495893397591747
0.112500000000000 0.999999999999917 1.249999999999889 0.000000000000469 4099.178857419507040 20.495893530745995
0.112600000000000 0.999999999999917 1.249999999999890 0.000000000000474 4099.178857419507949 20.495893653750134
0.112700000000000 0.999999999999917 1.249999999999890 0.000000000000480 4099.178857419511587 20.495893766273799
0.112800000000000 0.999999999999918 1.249999999999890 0.000000000000490 4099.178857419509768 20.495893868047126
0.112900000000000 0.999999999999917 1.249999999999890 0.000000000000496 4099.178857419505221 20.495893958863110
0.113000000000000 0.999999999999915 1.249999999999889 0.000000000000500 4099.178857419514316 20.495894038577802
0.113100000000000 0.999999999999916 1.249999999999889 0.000000000000507 4099.178857419503402 20.495894107111113
0.113200000000000 0.999999999999915 1.249999999999889 0.000000000000515 4099.178857419504311 20.495894164446309
0.113300000000000 0.999999999999914 1.249999999999887 0.000000000000519 4099.178857419511587 20.495894210630226
0.113400000000000 0.999999999999916 1.249999999999888 0.000000000000524 4099.178857419499764 20.495894245771595
0.113500000000000 0.999999999999917 1.249999999999889 0.000000000000534 4099.178857419503402 20.495894270040896
0.113600000000000 0.999999999999917 1.249999999999889 0.000000000000539 4099.178857419502492 20.495894283668946
0.113700000000000 0.999999999999915 1.249999999999887 0.000000000000545 4099.178857419500673 20.495894286944562
0.113800000000000 0.999999999999914 1.249999999999887 0.000000000000553 4099.178857419503402 20.495894280211932
0.113900000000000 0.999999999999915 1.249999999999889 0.000000000000555 4099.178857419501583 20.495894263869491
0.114000000000000 0.999999999999915 1.249999999999887 0.000000000000560 4099.178857419498854 20.495894238366986
0.114100000000000 0.999999999999916 1.249999999999889 0.000000000000568 4099.178857419501583 20.495894204200653
0.114200000000000 0.999999999999916 1.249999999999889 0.000000000000574 4099.178857419501583 20.495894161912716
0.114300000000000 0.999999999999914 1.249999999999890 0.000000000000583 4099.178857419507949 20.495894112085651
0.114400000000000 0.999999999999916 1.249999999999890 0.000000000000587 4099.178857419497035 20.495894055339001
0.114500000000000 0.999999999999917 1.249999999999888 0.000000000000588 4099.178857419502492 20.495893992325879
0.114600000000000 0.999999999999917 1.249999999999889 0.000000000000596 4099.178857419496126 20.495893923726896
0.114700000000000 0.999999999999914 1.249999999999890 0.000000000000602 4099.178857419501583 20.495893850249519
0.114800000000000 0.999999999999914 1.249999999999890 0.000000000000606 4099.178857419503402 20.495893772619464
0.114900000000000 0.999999999999916 1.249999999999887 0.000000000000610 4099.178857419503402 20.495893691579180
0.115000000000000 0.999999999999914 1.249999999999889 0.000000000000611 4099.178857419507040 20.495893607880063
0.115100000000000 0.999999999999914 1.249999999999890 0.000000000000614 4099.178857419505221 20.495893522281051
0.115200000000000 0.999999999999915 1.249999999999889 0.000000000000619 4099.178857419505221 20.495893435542008
0.115300000000000 0.999999999999913 1.249999999999887 0.000000000000628 4099.178857419499764 20.495893348419258
0.115400000000000 0.999999999999916 1.249999999999889 0.000000000000632 4099.178857419494307 20.495893261659173
0.115500000000000 0.999999999999916 1.249999999999889 0.000000000000637 4099.178857419507040 20.495893175997733
0.115600000000000 0.999999999999914 1.249999999999890 0.000000000000637 4099.178857419506130 20.495893092151153
0.115700000000000 0.999999999999915 1.249999999999889 0.000000000000640 4099.178857419492488 20.495893010814868
0.115800000000000 0.999999999999916 1.249999999999889 0.000000000000645 4099.178857419504311 20.495892932656041
0.115900000000000 0.999999999999915 1.249999999999890 0.000000000000653 4099.178857419490669 20.495892858312509
0.116000000000000 0.999999999999916 1.249999999999889 0.000000000000656 4099.178857419503402 20.495892788387046
0.116100000000000 0.999999999999912 1.249999999999888 0.000000000000661 4099.178857419500673 20.495892723443529
0.116200000000000 0.999999999999916 1.249999999999890 0.000000000000666 4099.178857419497945 20.495892664002820
0.116300000000000 0.999999999999915 1.249999999999890 0.000000000000670 4099.178857419501583 20.495892610541954
0.116400000000000 0.999999999999914 1.249999999999889 0.000000000000674 4099.178857419501583 20.495892563488084
0.116500000000000 0.999999999999917 1.249999999999891 0.000000000000679 4099.178857419497945 20.495892523217467
0.116600000000000 0.999999999999914 1.249999999999891 0.000000000000682 4099.178857419503402 20.495892490052888
0.116700000000000 0.999999999999915 1.249999999999890 0.000000000000688 4099.178857419499764 20.495892464260777
0.116800000000000 0.999999999999912 1.249999999999888 0.000000000000691 4099.178857419501583 20.495892446050210
0.116900000000000 0.999999999999914 1.249999999999890 0.000000000000690 4099.178857419499764 20.495892435570216
0.117000000000000 0.999999999999915 1.249999999999890 0.000000000000691 4099.178857419501583 20.495892432911514
0.117100000000000 0.999999999999915 1.249999999999889 0.000000000000693 4099.178857419498854 20.495892438102501
0.117200000000000 0.999999999999916 1.249999999999887 0.000000000000696 4099.178857419503402 20.495892451111285
0.117300000000000 0.999999999999915 1.249999999999887 0.000000000000696 4099.178857419499764 20.495892471843788
0.117400000000000 0.999999999999915 1.249999999999891 0.000000000000700 4099.178857419492488 20.495892500145569
0.117500000000000 0.999999999999914 1.249999999999889 0.000000000000702 4099.178857419499764 20.495892535804344
0.117600000000000 0.999999999999916 1.249999999999890 0.000000000000703 4099.178857419497945 20.495892578545948
0.117700000000000 0.999999999999911 1.249999999999891 0.000000000000702 4099.178857419494307 20.495892628041108
0.117800000000000 0.999999999999913 1.249999999999888 0.000000000000703 4099.178857419497945 20.495892683904813
0.117900000000000 0.999999999999913 1.249999999999889 0.000000000000706 4099.178857419499764 20.495892745697859
0.118000000000000 0.999999999999915 1.249999999999889 0.000000000000708 4099.178857419496126 20.495892812932567
0.118100000000000 0.999999999999911 1.249999999999891 0.000000000000711 4099.178857419494307 20.495892885071715
0.118200000000000 0.999999999999914 1.249999999999888 0.000000000000711 4099.178857419493397 20.495892961535223
0.118300000000000 0.999999999999914 1.249999999999888 0.000000000000713 4099.178857419497945 20.495893041701219
0.118400000000000 0.999999999999913 1.249999999999889 0.000000000000711 4099.178857419491578 20.495893124910125
0.118500000000000 0.999999999999913 1.249999999999890 0.000000000000710 4099.178857419494307 20.495893210470264
0.118600000000000 0.999999999999913 1.249999999999889 0.000000000000707 4099.178857419492488 20.495893297660700
0.118700000000000 0.999999999999914 1.249999999999891 0.000000000000709 4099.178857419496126 20.495893385734885
0.118800000000000 0.999999999999912 1.249999999999890 0.000000000000707 4099.178857419488850 20.495893473927463
0.118900000000000 0.999999999999913 1.249999999999889 0.000000000000707 4099.178857419489759 20.495893561456992
0.119000000000000 0.999999999999915 1.249999999999888 0.000000000000710 4099.178857419493397 20.495893647531965
0.119100000000000 0.999999999999911 1.249999999999889 0.000000000000708 4099.178857419493397 20.495893731354535
0.119200000000000 0.999999999999913 1.249999999999888 0.000000000000708 4099.178857419489759 20.495893812127328
0.119300000000000 0.999999999999911 1.249999999999887 0.000000000000707 4099.178857419493397 20.495893889056664
0.119400000000000 0.999999999999913 1.249999999999890 0.000000000000703 4099.178857419491578 20.495893961357847
0.119500000000000 0.999999999999912 1.249999999999888 0.000000000000703 4099.178857419487031 20.495894028262313
0.119600000000000 0.999999999999912 1.249999999999890 0.000000000000701 4099.178857419490669 20.495894089019149
0.119700000000000 0.999999999999913 1.249999999999889 0.000000000000700 4099.178857419497945 20.495894142902454
0.119800000000000 0.999999999999913 1.249999999999889 0.000000000000697 4099.178857419488850 20.495894189215061
0.119900000000000 0.999999999999912 1.249999999999887 0.000000000000696 4099.178857419485212 20.495894227293892
0.120000000000000 0.999999999999912 1.249999999999887 0.000000000000693 4099.178857419494307 20.495894256512624
0.120100000000000 0.999999999999912 1.249999999999889 0.000000000000692 4099.178857419488850 20.495894276288258
0.120200000000000 0.999999999999910 1.249999999999887 0.000000000000691 4099.178857419487031 20.495894286083693
0.120300000000000 0.999999999999911 1.249999999999887 0.000000000000686 4099.178857419492488 20.495894285411545
0.120400000000000 0.999999999999913 1.249999999999889 0.000000000000683 4099.178857419488850 20.495894273837809
0.120500000000000 0.999999999999912 1.249999999999889 0.000000000000680 4099.178857419492488 20.495894250985799
0.120600000000000 0.999999999999913 1.249999999999889 0.000000000000676 4099.178857419490669 20.495894216537490
0.120700000000000 0.999999999999911 1.249999999999891 0.000000000000676 4099.178857419483393 20.495894170237118
0.120800000000000 0.999999999999911 1.249999999999888 0.000000000000671 4099.178857419487031 20.495894111894120
0.120900000000000 0.999999999999912 1.249999999999887 0.000000000000667 4099.178857419479755 20.495894041382584
0.121000000000000 0.999999999999912 1.249999999999890 0.000000000000664 4099.178857419487940 20.495893958644601
0.121100000000000 0.999999999999910 1.249999999999890 0.000000000000661 4099.178857419485212 20.495893863691617
0.121200000000000 0.999999999999911 1.249999999999888 0.000000000000659 4099.178857419485212 20.495893756604239
0.121300000000000 0.999999999999909 1.249999999999889 0.000000000000655 4099.178857419476117 20.495893637532383
0.121400000000000 0.999999999999912 1.249999999999888 0.000000000000651 4099.178857419479755 20.495893506695264
0.121500000000000 0.999999999999911 1.249999999999889 0.000000000000648 4099.178857419485212 20.495893364381903
0.121600000000000 0.999999999999912 1.249999999999888 0.000000000000642 4099.178857419479755 20.495893210949198
0.121700000000000 0.999999999999908 1.249999999999888 0.000000000000638 4099.178857419483393 20.495893046820882
0.121800000000000 0.999999999999911 1.249999999999887 0.000000000000631 4099.178857419481574 20.495892872485850
0.121900000000000 0.999999999999912 1.249999999999889 0.000000000000627 4099.178857419490669 20.495892688495950
0.122000000000000 0.999999999999909 1.249999999999887 0.000000000000622 4099.178857419479755 20.495892495464602
0.122100000000000 0.999999999999912 1.249999999999887 0.000000000000618 4099.178857419485212 20.495892294061456
0.122200000000000 0.999999999999909 1.249999999999889 0.000000000000610 4099.178857419481574 20.495892085012603
0.122300000000000 0.999999999999912 1.249999999999887 0.000000000000602 4099.178857419485212 20.495891869094525
0.122400000000000 0.999999999999913 1.249999999999885 0.000000000000599 4099.178857419485212 20.495891647131021
0.122500000000000 0.999999999999909 1.249999999999889 0.000000000000593 4099.178857419483393 20.495891419988887
0.122600000000000 0.999999999999909 1.249999999999890 0.000000000000590 4099.178857419477936 20.495891188575531
0.122700000000000 0.999999999999911 1.249999999999888 0.000000000000583 4099.178857419479755 20.495890953831523
0.122800000000000 0.999999999999910 1.249999999999890 0.000000000000578 4099.178857419479755 20.495890716726603
0.122900000000000 0.999999999999912 1.249999999999887 0.000000000000575 4099.178857419476117 20.495890478257149
0.123000000000000 0.999999999999910 1.249999999999889 0.000000000000572 4099.178857419477936 20.495890239436036
0.123100000000000 0.999999999999909 1.249999999999887 0.000000000000565 4099.178857419484302 20.495890001293148
0.123200000000000 0.999999999999908 1.249999999999888 0.000000000000563 4099.178857419478845 20.495889764864526
0.123300000000000 0.999999999999909 1.249999999999886 0.000000000000557 4099.178857419481574 20.495889531192052
0.123400000000000 0.999999999999909 1.249999999999887 0.000000000000552 4099.178857419479755 20.495889301312648
0.123500000000000 0.999999999999911 1.249999999999887 0.000000000000547 4099.178857419479755 20.495889076257289
0.123600000000000 0.999999999999909 1.249999999999887 0.000000000000545 4099.178857419481574 20.495888857042900
0.123700000000000 0.999999999999908 1.249999999999886 0.000000000000540 4099.178857419477936 20.495888644667474
0.123800000000000 0.999999999999912 1.249999999999887 0.000000000000537 4099.178857419481574 20.495888440104466
0.123900000000000 0.999999999999909 1.249999999999887 0.000000000000532 4099.178857419479755 20.495888244298246
0.124000000000000 0.999999999999909 1.249999999999887 0.000000000000526 4099.178857419483393 20.495888058158393
0.124100000000000 0.999999999999911 1.249999999999887 0.000000000000524 4099.178857419482483 20.495887882554335
0.124200000000000 0.999999999999910 1.249999999999887 0.000000000000516 4099.178857419476117 20.495887718311081
0.124300000000000 0.999999999999909 1.249999999999888 0.000000000000511 4099.178857419476117 20.495887566205063
0.124400000000000 0.999999999999908 1.249999999999889 0.000000000000504 4099.178857419475207 20.495887426958916
0.124500000000000 0.999999999999908 1.249999999999887 0.000000000000498 4099.178857419482483 20.495887301238167
0.124600000000000 0.999999999999908 1.249999999999887 0.000000000000489 4099.178857419478845 20.495887189646997
0.124700000000000 0.999999999999908 1.249999999999887 0.000000000000480 4099.178857419475207 20.495887092724711
0.124800000000000 0.999999999999909 1.249999999999886 0.000000000000473 4099.178857419474298 20.495887010944180
0.124900000000000 0.999999999999909 1.249999999999886 0.000000000000467 4099.178857419481574 20.495886944706605
0.125000000000000 0.999999999999908 1.249999999999887 0.000000000000461 4099.178857419477026 20.495886894341300
0.125100000000000 0.999999999999907 1.249999999999885 0.000000000000456 4099.178857419472479 20.495886860103393
0.125200000000000 0.999999999999910 1.249999999999886 0.000000000000445 4099.178857419472479 20.495886842171057
0.125300000000000 0.999999999999908 1.249999999999885 0.000000000000438 4099.178857419477936 20.495886840646484
0.125400000000000 0.999999999999910 1.249999999999887 0.000000000000431 4099.178857419477936 20.495886855552648
0.125500000000000 0.999999999999908 1.249999999999885 0.000000000000425 4099.178857419476117 20.495886886835844
0.125600000000000 0.999999999999908 1.249999999999885 0.000000000000417 4099.178857419471569 20.495886934362801
0.125700000000000 0.999999999999908 1.249999999999885 0.000000000000410 4099.178857419479755 20.495886997924433
0.125800000000000 0.999999999999909 1.249999999999886 0.000000000000404 4099.178857419472479 20.495887077233760
0.125900000000000 0.999999999999907 1.249999999999884 0.000000000000397 4099.178857419474298 20.495887171931095
0.126000000000000 0.999999999999907 1.249999999999885 0.000000000000392 4099.178857419462474 20.495887281580430
0.126100000000000 0.999999999999907 1.249999999999887 0.000000000000387 4099.178857419473388 20.495887405677703
0.126200000000000 0.999999999999909 1.249999999999884 0.000000000000380 4099.178857419471569 20.495887543650298
0.126300000000000 0.999999999999909 1.249999999999884 0.000000000000373 4099.178857419474298 20.495887694858471
0.126400000000000 0.999999999999905 1.249999999999885 0.000000000000363 4099.178857419475207 20.495887858602121
0.126500000000000 0.999999999999908 1.249999999999885 0.000000000000359 4099.178857419476117 20.495888034123173
0.126600000000000 0.999999999999909 1.249999999999885 0.000000000000351 4099.178857419474298 20.495888220608858
0.126700000000000 0.999999999999909 1.249999999999885 0.000000000000344 4099.178857419468841 20.495888417196699
0.126800000000000 0.999999999999907 1.249999999999885 0.000000000000334 4099.178857419474298 20.495888622979063
0.126900000000000 0.999999999999908 1.249999999999884 0.000000000000327 4099.178857419467931 20.495888837008394
0.127000000000000 0.999999999999909 1.249999999999884 0.000000000000325 4099.178857419468841 20.495889058301312
0.127100000000000 0.999999999999908 1.249999999999887 0.000000000000319 4099.178857419470660 20.495889285844239
0.127200000000000 0.999999999999908 1.249999999999887 0.000000000000311 4099.178857419467022 20.495889518600311
0.127300000000000 0.999999999999907 1.249999999999886 0.000000000000304 4099.178857419470660 20.495889755512607
0.127400000000000 0.999999999999907 1.249999999999885 0.000000000000297 4099.178857419471569 20.495889995510765
0.127500000000000 0.999999999999907 1.249999999999884 0.000000000000290 4099.178857419472479 20.495890237517361
0.127600000000000 0.999999999999908 1.249999999999885 0.000000000000282 4099.178857419466112 20.495890480452275
0.127700000000000 0.999999999999905 1.249999999999887 0.000000000000279 4099.178857419471569 20.495890723240393
0.127800000000000 0.999999999999907 1.249999999999884 0.000000000000271 4099.178857419464293 20.495890964816503
0.127900000000000 0.999999999999906 1.249999999999885 0.000000000000267 4099.178857419457927 20.495891204128633
0.128000000000000 0.999999999999907 1.249999999999885 0.000000000000258 4099.178857419467022 20.495891440148082
0.128100000000000 0.999999999999905 1.249999999999886 0.000000000000250 4099.178857419470660 20.495891671871298
0.128200000000000 0.999999999999907 1.249999999999885 0.000000000000242 4099.178857419460655 20.495891898327340
0.128300000000000 0.999999999999907 1.249999999999885 0.000000000000235 4099.178857419462474 20.495892118580983
0.128400000000000 0.999999999999905 1.249999999999885 0.000000000000230 4099.178857419461565 20.495892331739341
0.128500000000000 0.999999999999905 1.249999999999883 0.000000000000227 4099.178857419462474 20.495892536956372
0.128600000000000 0.999999999999906 1.249999999999883 0.000000000000219 4099.178857419462474 20.495892733435763
0.128700000000000 0.999999999999904 1.249999999999882 0.000000000000216 4099.178857419467022 20.495892920437413
0.128800000000000 0.999999999999905 1.249999999999884 0.000000000000209 4099.178857419466112 20.495893097278348
0.128900000000000 0.999999999999906 1.249999999999885 0.000000000000202 4099.178857419466112 20.495893263339308
0.129000000000000 0.999999999999907 1.249999999999884 0.000000000000196 4099.178857419460655 20.495893418065780
0.129100000000000 0.999999999999905 1.249999999999883 0.000000000000193 4099.178857419465203 20.495893560970636
0.129200000000000 0.999999999999906 1.249999999999883 0.000000000000188 4099.178857419467022 20.495893691637079
0.129300000000000 0.999999999999905 1.249999999999882 0.000000000000185 4099.178857419461565 20.495893809720457
0.129400000000000 0.999999999999905 1.249999999999882 0.000000000000181 4099.178857419467022 20.495893914950692
0.129500000000000 0.999999999999907 1.249999999999881 0.000000000000172 4099.178857419461565 20.495894007131021
0.129600000000000 0.999999999999905 1.249999999999882 0.000000000000166 4099.178857419458836 20.495894086140510
0.129700000000000 0.999999999999907 1.249999999999881 0.000000000000162 4099.178857419456108 20.495894151934170
0.129800000000000 0.999999999999904 1.249999999999882 0.000000000000159 4099.178857419463384 20.495894204541649
0.129900000000000 0.999999999999905 1.249999999999881 0.000000000000150 4099.178857419457927 20.495894244067944
0.130000000000000 0.999999999999907 1.249999999999884 0.000000000000147 4099.178857419467931 20.495894270690322
0.130100000000000 0.999999999999905 1.249999999999883 0.000000000000139 4099.178857419457927 20.495894284659514
0.130200000000000 0.999999999999903 1.249999999999882 0.000000000000134 4099.178857419459746 20.495894286295517
0.130300000000000 0.999999999999905 1.249999999999881 0.000000000000131 4099.178857419457927 20.495894275985552
0.130400000000000 0.999999999999905 1.249999999999882 0.000000000000125 4099.178857419465203 20.495894254182534
0.130500000000000 0.999999999999906 1.249999999999881 0.000000000000114 4099.178857419457927 20.495894221401016
0.130600000000000 0.999999999999906 1.249999999999881 0.000000000000112 4099.178857419462474 20.495894178213714
0.130700000000000 0.999999999999906 1.249999999999880 0.000000000000105 4099.178857419458836 20.495894125248004
0.130800000000000 0.999999999999906 1.249999999999880 0.000000000000103 4099.178857419453379 20.495894063182131
0.130900000000000 0.999999999999903 1.249999999999881 0.000000000000101 4099.178857419459746 20.495893992739518
0.131000000000000 0.999999999999903 1.249999999999879 0.000000000000099 4099.178857419462474 20.495893914685844
0.131100000000000 0.999999999999905 1.249999999999880 0.000000000000093 4099.178857419456108 20.495893829822254
0.131200000000000 0.999999999999904 1.249999999999879 0.000000000000092 4099.178857419469750 20.495893738982534
0.131300000000000 0.999999999999905 1.249999999999879 0.000000000000086 4099.178857419457927 20.495893643025461
0.131400000000000 0.999999999999902 1.249999999999879 0.000000000000086 4099.178857419454289 20.495893542830771
0.131500000000000 0.999999999999905 1.249999999999878 0.000000000000087 4099.178857419457927 20.495893439293656
0.131600000000000 0.999999999999901 1.249999999999879 0.000000000000084 4099.178857419454289 20.495893333317486
0.131700000000000 0.999999999999903 1.249999999999878 0.000000000000083 4099.178857419458836 20.495893225811390
0.131800000000000 0.999999999999904 1.249999999999876 0.000000000000078 4099.178857419454289 20.495893117680886
0.131900000000000 0.999999999999904 1.249999999999877 0.000000000000077 4099.178857419450651 20.495893009823980
0.132000000000000 0.999999999999904 1.249999999999878 0.000000000000074 4099.178857419461565 20.495892903126311
0.132100000000000 0.999999999999905 1.249999999999876 0.000000000000071 4099.178857419454289 20.495892798454133
0.132200000000000 0.999999999999903 1.249999999999878 0.000000000000067 4099.178857419452470 20.495892696648717
0.132300000000000 0.999999999999906 1.249999999999878 0.000000000000063 4099.178857419456108 20.495892598523501
0.132400000000000 0.999999999999903 1.249999999999879 0.000000000000061 4099.178857419447922 20.495892504855693
0.132500000000000 0.999999999999903 1.249999999999877 0.000000000000061 4099.178857419456108 20.495892416383960
0.132600000000000 0.999999999999904 1.249999999999878 0.000000000000058 4099.178857419456108 20.495892333801688
0.132700000000000 0.999999999999903 1.249999999999877 0.000000000000055 4099.178857419454289 20.495892257754889
0.132800000000000 0.999999999999903 1.249999999999878 0.000000000000051 4099.178857419445194 20.495892188836070
0.132900000000000 0.999999999999903 1.249999999999879 0.000000000000049 4099.178857419456108 20.495892127581911
0.133000000000000 0.999999999999905 1.249999999999878 0.000000000000046 4099.178857419453379 20.495892074469005
0.133100000000000 0.999999999999904 1.249999999999879 0.000000000000042 4099.178857419454289 20.495892029910312
0.133200000000000 0.999999999999904 1.249999999999877 0.000000000000041 4099.178857419447013 20.495891994254489
0.133300000000000 0.999999999999903 1.249999999999877 0.000000000000039 4099.178857419448832 20.495891967781329
0.133400000000000 0.999999999999905 1.249999999999875 0.000000000000033 4099.178857419454289 20.495891950701516
0.133500000000000 0.999999999999903 1.249999999999877 0.000000000000030 4099.178857419447013 20.495891943152884
0.133600000000000 0.999999999999901 1.249999999999877 0.000000000000029 4099.178857419448832 20.495891945203660
0.133700000000000 0.999999999999900 1.249999999999876 0.000000000000028 4099.178857419448832 20.495891956847530
0.133800000000000 0.999999999999903 1.249999999999877 0.000000000000029 4099.178857419454289 20.495891978004877
0.133900000000000 0.999999999999901 1.249999999999877 0.000000000000031 4099.178857419448832 20.495892008525100
0.134000000000000 0.999999999999903 1.249999999999876 0.000000000000032 4099.178857419447922 20.495892048184427
0.134100000000000 0.999999999999903 1.249999999999877 0.000000000000031 4099.178857419450651 20.495892096688749
0.134200000000000 0.999999999999900 1.249999999999877 0.000000000000027 4099.178857419454289 20.495892153674806
0.134300000000000 0.999999999999902 1.249999999999878 0.000000000000025 4099.178857419452470 20.495892218712871
0.134400000000000 0.999999999999901 1.249999999999877 0.000000000000023 4099.178857419456108 20.495892291308571
0.134500000000000 0.999999999999902 1.249999999999876 0.000000000000027 4099.178857419448832 20.495892370905576
0.134600000000000 0.999999999999902 1.249999999999873 0.000000000000027 4099.178857419448832 20.495892456889973
0.134700000000000 0.999999999999904 1.249999999999875 0.000000000000027 4099.178857419440646 20.495892548591321
0.134800000000000 0.999999999999905 1.249999999999874 0.000000000000023 4099.178857419448832 20.495892645291327
0.134900000000000 0.999999999999902 1.249999999999875 0.000000000000025 4099.178857419446103 20.495892746223049
0.135000000000000 0.999999999999903 1.249999999999874 0.000000000000023 4099.178857419447922 20.495892850579473
0.135100000000000 0.999999999999902 1.249999999999873 0.000000000000021 4099.178857419446103 20.495892957515185
0.135200000000000 0.999999999999902 1.249999999999874 0.000000000000024 4099.178857419445194 20.495893066153393
0.135300000000000 0.999999999999902 1.249999999999872 0.000000000000024 4099.178857419441556 20.495893175592396
0.135400000000000 0.999999999999903 1.249999999999874 0.000000000000025 4099.178857419445194 20.495893284907350
0.135500000000000 0.999999999999903 1.249999999999874 0.000000000000030 4099.178857419445194 20.495893393160184
0.135600000000000 0.999999999999901 1.249999999999873 0.000000000000036 4099.178857419445194 20.495893499402513
0.135700000000000 0.999999999999900 1.249999999999871 0.000000000000040 4099.178857419448832 20.495893602683001
0.135800000000000 0.999999999999902 1.249999999999875 0.000000000000041 4099.178857419443375 20.495893702051593
0.135900000000000 0.999999999999901 1.249999999999875 0.000000000000041 4099.178857419441556 20.495893796568982
0.136000000000000 0.999999999999899 1.249999999999872 0.000000000000043 4099.178857419445194 20.495893885308366
0.136100000000000 0.999999999999899 1.249999999999871 0.000000000000042 4099.178857419447013 20.495893967363589
0.136200000000000 0.999999999999899 1.249999999999874 0.000000000000044 4099.178857419440646 20.495894041854562
0.136300000000000 0.999999999999900 1.249999999999873 0.000000000000044 4099.178857419444284 20.495894107934223
0.136400000000000 0.999999999999900 1.249999999999873 0.000000000000046 4099.178857419443375 20.495894164791185
0.136500000000000 0.999999999999901 1.249999999999873 0.000000000000049 4099.178857419437918 20.495894211657735
0.136600000000000 0.999999999999899 1.249999999999872 0.000000000000053 4099.178857419439737 20.495894247813279
0.136700000000000 0.999999999999901 1.249999999999871 0.000000000000057 4099.178857419443375 20.495894272590263
0.136800000000000 0.999999999999899 1.249999999999870 0.000000000000056 4099.178857419439737 20.495894285378277
0.136900000000000 0.999999999999900 1.249999999999870 0.000000000000062 4099.178857419437918 20.495894285627859
0.137000000000000 0.999999999999900 1.249999999999871 0.000000000000064 4099.178857419438827 20.495894272856294
0.137100000000000 0.999999999999902 1.249999999999871 0.000000000000066 4099.178857419444284 20.495894246647822
0.137200000000000 0.999999999999900 1.249999999999870 0.000000000000069 4099.178857419443375 20.495894206660680
0.137300000000000 0.999999999999901 1.249999999999869 0.000000000000075 4099.178857419437918 20.495894152626921
0.137400000000000 0.999999999999900 1.249999999999870 0.000000000000078 4099.178857419441556 20.495894084356394
0.137500000000000 0.999999999999898 1.249999999999869 0.000000000000083 4099.178857419441556 20.495894001737852
0.137600000000000 0.999999999999900 1.249999999999870 0.000000000000088 4099.178857419443375 20.495893904740825
0.137700000000000 0.999999999999900 1.249999999999870 0.000000000000094 4099.178857419434280 20.495893793416744
0.137800000000000 0.999999999999898 1.249999999999869 0.000000000000094 4099.178857419425185 20.495893667899342
0.137900000000000 0.999999999999900 1.249999999999869 0.000000000000101 4099.178857419434280 20.495893528403695
0.138000000000000 0.999999999999899 1.249999999999867 0.000000000000107 4099.178857419431552 20.495893375228405
0.138100000000000 0.999999999999900 1.249999999999867 0.000000000000112 4099.178857419434280 20.495893208751514
0.138200000000000 0.999999999999898 1.249999999999868 0.000000000000117 4099.178857419423366 20.495893029431407
0.138300000000000 0.999999999999900 1.249999999999870 0.000000000000122 4099.178857419437918 20.495892837804757
0.138400000000000 0.999999999999898 1.249999999999868 0.000000000000129 4099.178857419432461 20.495892634483475
0.138500000000000 0.999999999999898 1.249999999999869 0.000000000000135 4099.178857419434280 20.495892420151755
0.138600000000000 0.999999999999901 1.249999999999868 0.000000000000136 4099.178857419439737 20.495892195564291
0.138700000000000 0.999999999999901 1.249999999999866 0.000000000000139 4099.178857419428823 20.495891961541723
0.138800000000000 0.999999999999899 1.249999999999867 0.000000000000144 4099.178857419425185 20.495891718966174
0.138900000000000 0.999999999999898 1.249999999999869 0.000000000000146 4099.178857419428823 20.495891468777945
0.139000000000000 0.999999999999898 1.249999999999867 0.000000000000153 4099.178857419437009 20.495891211971756
0.139100000000000 0.999999999999898 1.249999999999869 0.000000000000162 4099.178857419432461 20.495890949587981
0.139200000000000 0.999999999999896 1.249999999999868 0.000000000000165 4099.178857419430642 20.495890682711575
0.139300000000000 0.999999999999899 1.249999999999869 0.000000000000173 4099.178857419432461 20.495890412464199
0.139400000000000 0.999999999999900 1.249999999999867 0.000000000000182 4099.178857419435190 20.495890139998558
0.139500000000000 0.999999999999898 1.249999999999868 0.000000000000191 4099.178857419432461 20.495889866492792
0.139600000000000 0.999999999999897 1.249999999999868 0.000000000000196 4099.178857419429733 20.495889593144117
0.139700000000000 0.999999999999896 1.249999999999869 0.000000000000202 4099.178857419428823 20.495889321162185
0.139800000000000 0.999999999999896 1.249999999999867 0.000000000000210 4099.178857419429733 20.495889051764308
0.139900000000000 0.999999999999898 1.249999999999867 0.000000000000217 4099.178857419436099 20.495888786165022
0.140000000000000 0.999999999999898 1.249999999999867 0.000000000000224 4099.178857419430642 20.495888525574660
0.140100000000000 0.999999999999898 1.249999999999867 0.000000000000232 4099.178857419425185 20.495888271188281
0.140200000000000 0.999999999999898 1.249999999999866 0.000000000000238 4099.178857419426095 20.495888024182520
0.140300000000000 0.999999999999896 1.249999999999866 0.000000000000243 4099.178857419432461 20.495887785706625
0.140400000000000 0.999999999999894 1.249999999999865 0.000000000000247 4099.178857419428823 20.495887556878237
0.140500000000000 0.999999999999897 1.249999999999866 0.000000000000254 4099.178857419436099 20.495887338775248
0.140600000000000 0.999999999999897 1.249999999999865 0.000000000000258 4099.178857419428823 20.495887132432522
0.140700000000000 0.999999999999897 1.249999999999862 0.000000000000265 4099.178857419428823 20.495886938833401
0.140800000000000 0.999999999999895 1.249999999999866 0.000000000000270 4099.178857419428823 20.495886758904593
0.140900000000000 0.999999999999896 1.249999999999867 0.000000000000276 4099.178857419427914 20.495886593513958
0.141000000000000 0.999999999999897 1.249999999999867 0.000000000000283 4099.178857419425185 20.495886443462499
0.141100000000000 0.999999999999897 1.249999999999864 0.000000000000293 4099.178857419427004 20.495886309480913
0.141200000000000 0.999999999999896 1.249999999999864 0.000000000000300 4099.178857419427914 20.495886192224987
0.141300000000000 0.999999999999897 1.249999999999866 0.000000000000304 4099.178857419426095 20.495886092272340
0.141400000000000 0.999999999999898 1.249999999999865 0.000000000000309 4099.178857419423366 20.495886010120469
0.141500000000000 0.999999999999898 1.249999999999865 0.000000000000317 4099.178857419423366 20.495885946180486
0.141600000000000 0.999999999999898 1.249999999999865 0.000000000000321 4099.178857419426095 20.495885900778575
0.141700000000000 0.999999999999898 1.249999999999863 0.000000000000331 4099.178857419427914 20.495885874150993
0.141800000000000 0.999999999999896 1.249999999999866 0.000000000000340 4099.178857419424276 20.495885866443775
0.141900000000000 0.999999999999897 1.249999999999866 0.000000000000343 4099.178857419427004 20.495885877712642
0.142000000000000 0.999999999999894 1.249999999999867 0.000000000000352 4099.178857419426095 20.495885907920929
0.142100000000000 0.999999999999898 1.249999999999865 0.000000000000358 4099.178857419417000 20.495885956941400
0.142200000000000 0.999999999999895 1.249999999999863 0.000000000000362 4099.178857419420638 20.495886024554697
0.142300000000000 0.999999999999896 1.249999999999864 0.000000000000368 4099.178857419419728 20.495886110451409
0.142400000000000 0.999999999999896 1.249999999999866 0.000000000000374 4099.178857419430642 20.495886214234915
0.142500000000000 0.999999999999894 1.249999999999866 0.000000000000378 4099.178857419413362 20.495886335421339
0.142600000000000 0.999999999999897 1.249999999999864 0.000000000000388 4099.178857419427004 20.495886473443829
0.142700000000000 0.999999999999896 1.249999999999864 0.000000000000394 4099.178857419424276 20.495886627653000
0.142800000000000 0.999999999999895 1.249999999999864 0.000000000000399 4099.178857419420638 20.495886797323514
0.142900000000000 0.999999999999898 1.249999999999864 0.000000000000406 4099.178857419423366 20.495886981655705
0.143000000000000 0.999999999999892 1.249999999999864 0.000000000000417 4099.178857419427004 20.495887179780976
0.143100000000000 0.999999999999896 1.249999999999864 0.000000000000424 4099.178857419421547 20.495887390765652
0.143200000000000 0.999999999999894 1.249999999999865 0.000000000000429 4099.178857419416090 20.495887613616695
0.143300000000000 0.999999999999896 1.249999999999863 0.000000000000431 4099.178857419425185 20.495887847286859
0.143400000000000 0.999999999999895 1.249999999999863 0.000000000000435 4099.178857419417909 20.495888090679721
0.143500000000000 0.999999999999895 1.249999999999863 0.000000000000444 4099.178857419424276 20.495888342656212
0.143600000000000 0.999999999999893 1.249999999999864 0.000000000000450 4099.178857419421547 20.495888602040939
0.143700000000000 0.999999999999893 1.249999999999862 0.000000000000457 4099.178857419419728 20.495888867628128
0.143800000000000 0.999999999999895 1.249999999999863 0.000000000000462 4099.178857419420638 20.495889138187962
0.143900000000000 0.999999999999894 1.249999999999864 0.000000000000470 4099.178857419421547 20.495889412473627
0.144000000000000 0.999999999999895 1.249999999999865 0.000000000000477 4099.178857419414271 20.495889689228004
0.144100000000000 0.999999999999895 1.249999999999864 0.000000000000479 4099.178857419419728 20.495889967190987
0.144200000000000 0.999999999999896 1.249999999999863 0.000000000000484 4099.178857419419728 20.495890245104420
0.144300000000000 0.999999999999897 1.249999999999861 0.000000000000493 4099.178857419421547 20.495890521720803
0.144400000000000 0.999999999999895 1.249999999999867 0.000000000000498 4099.178857419408814 20.495890795808410
0.144500000000000 0.999999999999896 1.249999999999864 0.000000000000506 4099.178857419417909 20.495891066161391
0.144600000000000 0.999999999999894 1.249999999999862 0.000000000000510 4099.178857419419728 20.495891331601090
0.144700000000000 0.999999999999895 1.249999999999861 0.000000000000515 4099.178857419412452 20.495891590985202
0.144800000000000 0.999999999999893 1.249999999999863 0.000000000000521 4099.178857419410633 20.495891843214284
0.144900000000000 0.999999999999895 1.249999999999863 0.000000000000527 4099.178857419419728 20.495892087237049
0.145000000000000 0.999999999999894 1.249999999999863 0.000000000000533 4099.178857419420638 20.495892322055248
0.145100000000000 0.999999999999894 1.249999999999864 0.000000000000538 4099.178857419412452 20.495892546729536
0.145200000000000 0.999999999999891 1.249999999999865 0.000000000000546 4099.178857419417909 20.495892760384312
0.145300000000000 0.999999999999894 1.249999999999864 0.000000000000554 4099.178857419412452 20.495892962212391
0.145400000000000 0.999999999999892 1.249999999999865 0.000000000000563 4099.178857419416090 20.495893151478068
0.145500000000000 0.999999999999894 1.249999999999864 0.000000000000568 4099.178857419417000 20.495893327523277
0.145600000000000 0.999999999999894 1.249999999999863 0.000000000000571 4099.178857419408814 20.495893489768012
0.145700000000000 0.999999999999895 1.249999999999862 0.000000000000581 4099.178857419411543 20.495893637714680
0.145800000000000 0.999999999999894 1.249999999999862 0.000000000000583 4099.178857419407905 20.495893770950389
0.145900000000000 0.999999999999892 1.249999999999863 0.000000000000586 4099.178857419417000 20.495893889148626
0.146000000000000 0.999999999999894 1.249999999999862 0.000000000000593 4099.178857419418819 20.495893992070748
0.146100000000000 0.999999999999896 1.249999999999861 0.000000000000598 4099.178857419406995 20.495894079566092
0.146200000000000 0.999999999999894 1.249999999999863 0.000000000000603 4099.178857419405176 20.495894151573367
0.146300000000000 0.999999999999893 1.249999999999863 0.000000000000606 4099.178857419411543 20.495894208120294
0.146400000000000 0.999999999999894 1.249999999999862 0.000000000000607 4099.178857419412452 20.495894249321818
0.146500000000000 0.999999999999893 1.249999999999861 0.000000000000610 4099.178857419409724 20.495894275380198
0.146600000000000 0.999999999999894 1.249999999999861 0.000000000000616 4099.178857419408814 20.495894286581969
0.146700000000000 0.999999999999890 1.249999999999863 0.000000000000619 4099.178857419410633 20.495894283297599
0.146800000000000 0.999999999999891 1.249999999999863 0.000000000000625 4099.178857419408814 20.495894265977608
0.146900000000000 0.999999999999893 1.249999999999861 0.000000000000630 4099.178857419407905 20.495894235149368
0.147000000000000 0.999999999999893 1.249999999999862 0.000000000000631 4099.178857419410633 20.495894191412802
0.147100000000000 0.999999999999893 1.249999999999863 0.000000000000638 4099.178857419406995 20.495894135438927
0.147200000000000 0.999999999999893 1.249999999999861 0.000000000000641 4099.178857419416090 20.495894067962812
0.147300000000000 0.999999999999892 1.249999999999862 0.000000000000645 4099.178857419409724 20.495893989779770
0.147400000000000 0.999999999999893 1.249999999999863 0.000000000000649 4099.178857419406995 20.495893901740224
0.147500000000000 0.999999999999891 1.249999999999860 0.000000000000654 4099.178857419409724 20.495893804744981
0.147600000000000 0.999999999999892 1.249999999999862 0.000000000000658 4099.178857419401538 20.495893699737181
0.147700000000000 0.999999999999892 1.249999999999862 0.000000000000659 4099.178857419406086 20.495893587699534
0.147800000000000 0.999999999999892 1.249999999999861 0.000000000000660 4099.178857419412452 20.495893469645793
0.147900000000000 0.999999999999893 1.249999999999860 0.000000000000665 4099.178857419414271 20.495893346614587
0.148000000000000 0.999999999999891 1.249999999999861 0.000000000000665 4099.178857419416090 20.495893219664058
0.148100000000000 0.999999999999893 1.249999999999861 0.000000000000667 4099.178857419408814 20.495893089863849
0.148200000000000 0.999999999999893 1.249999999999861 0.000000000000670 4099.178857419410633 20.495892958289247
0.148300000000000 0.999999999999892 1.249999999999859 0.000000000000669 4099.178857419409724 20.495892826014778
0.148400000000000 0.999999999999891 1.249999999999861 0.000000000000671 4099.178857419399719 20.495892694105898
0.148500000000000 0.999999999999891 1.249999999999862 0.000000000000673 4099.178857419406086 20.495892563613967
0.148600000000000 0.999999999999893 1.249999999999860 0.000000000000678 4099.178857419403357 20.495892435569740
0.148700000000000 0.999999999999891 1.249999999999861 0.000000000000680 4099.178857419406995 20.495892310975023
0.148800000000000 0.999999999999892 1.249999999999860 0.000000000000678 4099.178857419406995 20.495892190798656
0.148900000000000 0.999999999999893 1.249999999999860 0.000000000000678 4099.178857419403357 20.495892075968822
0.149000000000000 0.999999999999894 1.249999999999860 0.000000000000679 4099.178857419397900 20.495891967368202
0.149100000000000 0.999999999999891 1.249999999999861 0.000000000000677 4099.178857419403357 20.495891865828213
0.149200000000000 0.999999999999890 1.249999999999861 0.000000000000682 4099.178857419401538 20.495891772123674
0.149300000000000 0.999999999999890 1.249999999999861 0.000000000000684 4099.178857419396081 20.495891686967294
0.149400000000000 0.999999999999890 1.249999999999861 0.000000000000683 4099.178857419405176 20.495891611006645
0.149500000000000 0.999999999999890 1.249999999999861 0.000000000000684 4099.178857419406995 20.495891544819195
0.149600000000000 0.999999999999890 1.249999999999860 0.000000000000683 4099.178857419405176 20.495891488907862
0.149700000000000 0.999999999999889 1.249999999999860 0.000000000000686 4099.178857419401538 20.495891443698792
0.149800000000000 0.999999999999890 1.249999999999860 0.000000000000688 4099.178857419401538 20.495891409538608
0.149900000000000 0.999999999999892 1.249999999999862 0.000000000000687 4099.178857419403357 20.495891386691678
0.150000000000000 0.999999999999891 1.249999999999863 0.000000000000686 4099.178857419405176 20.495891375338374
0.150100000000000 0.999999999999890 1.249999999999860 0.000000000000689 4099.178857419397900 20.495891375574509
0.150200000000000 0.999999999999891 1.249999999999863 0.000000000000690 4099.178857419393353 20.495891387408026
0.150300000000000 0.999999999999888 1.249999999999861 0.000000000000689 4099.178857419397900 20.495891410763743
0.150400000000000 0.999999999999890 1.249999999999862 0.000000000000687 4099.178857419403357 20.495891445477280
0.150500000000000 0.999999999999889 1.249999999999861 0.000000000000687 4099.178857419403357 20.495891491302078
0.150600000000000 0.999999999999891 1.249999999999861 0.000000000000683 4099.178857419402448 20.495891547905266
0.150700000000000 0.999999999999890 1.249999999999863 0.000000000000683 4099.178857419398810 20.495891614873411
0.150800000000000 0.999999999999890 1.249999999999860 0.000000000000680 4099.178857419399719 20.495891691714693
0.150900000000000 0.999999999999888 1.249999999999860 0.000000000000678 4099.178857419401538 20.495891777857519
0.151000000000000 0.999999999999890 1.249999999999859 0.000000000000676 4099.178857419395172 20.495891872658987
0.151100000000000 0.999999999999891 1.249999999999859 0.000000000000679 4099.178857419397900 20.495891975406529
0.151200000000000 0.999999999999890 1.249999999999860 0.000000000000677 4099.178857419400629 20.495892085321373
0.151300000000000 0.999999999999889 1.249999999999859 0.000000000000678 4099.178857419394262 20.495892201564775
0.151400000000000 0.999999999999891 1.249999999999862 0.000000000000675 4099.178857419396991 20.495892323241076
0.151500000000000 0.999999999999889 1.249999999999859 0.000000000000674 4099.178857419402448 20.495892449406458
0.151600000000000 0.999999999999890 1.249999999999862 0.000000000000670 4099.178857419397900 20.495892579069711
0.151700000000000 0.999999999999890 1.249999999999860 0.000000000000666 4099.178857419393353 20.495892711203318
0.151800000000000 0.999999999999891 1.249999999999860 0.000000000000664 4099.178857419396081 20.495892844745711
0.151900000000000 0.999999999999889 1.249999999999860 0.000000000000665 4099.178857419392443 20.495892978610453
0.152000000000000 0.999999999999889 1.249999999999859 0.000000000000663 4099.178857419394262 20.495893111691529
0.152100000000000 0.999999999999891 1.249999999999861 0.000000000000659 4099.178857419397900 20.495893242869968
0.152200000000000 0.999999999999889 1.249999999999859 0.000000000000655 4099.178857419397900 20.495893371022568
0.152300000000000 0.999999999999891 1.249999999999862 0.000000000000652 4099.178857419401538 20.495893495026387
0.152400000000000 0.999999999999889 1.249999999999861 0.000000000000649 4099.178857419392443 20.495893613767986
0.152500000000000 0.999999999999890 1.249999999999861 0.000000000000646 4099.178857419396081 20.495893726148864
0.152600000000000 0.999999999999889 1.249999999999861 0.000000000000648 4099.178857419398810 20.495893831093756
0.152700000000000 0.999999999999889 1.249999999999862 0.000000000000647 4099.178857419397900 20.495893927555272
0.152800000000000 0.999999999999888 1.249999999999859 0.000000000000646 4099.178857419394262 20.495894014523824
0.152900000000000 0.999999999999886 1.249999999999861 0.000000000000642 4099.178857419391534 20.495894091030848
0.153000000000000 0.999999999999888 1.249999999999859 0.000000000000641 4099.178857419390624 20.495894156158219
0.153100000000000 0.999999999999887 1.249999999999859 0.000000000000639 4099.178857419392443 20.495894209041143
0.153200000000000 0.999999999999887 1.249999999999859 0.000000000000637 4099.178857419392443 20.495894248876901
0.153300000000000 0.999999999999888 1.249999999999857 0.000000000000632 4099.178857419390624 20.495894274928496
0.153400000000000 0.999999999999888 1.249999999999859 0.000000000000632 4099.178857419385167 20.495894286529236
0.153500000000000 0.999999999999888 1.249999999999858 0.000000000000633 4099.178857419381529 20.495894283089921
0.153600000000000 0.999999999999888 1.249999999999860 0.000000000000627 4099.178857419388805 20.495894264100293
0.153700000000000 0.999999999999888 1.249999999999861 0.000000000000626 4099.178857419390624 20.495894229134450
0.153800000000000 0.999999999999888 1.249999999999859 0.000000000000618 4099.178857419390624 20.495894177854915
0.153900000000000 0.999999999999886 1.249999999999859 0.000000000000615 4099.178857419381529 20.495894110011964
0.154000000000000 0.999999999999887 1.249999999999861 0.000000000000607 4099.178857419385167 20.495894025450315
0.154100000000000 0.999999999999886 1.249999999999861 0.000000000000605 4099.178857419383348 20.495893924108387
0.154200000000000 0.999999999999887 1.249999999999860 0.000000000000600 4099.178857419385167 20.495893806020607
0.154300000000000 0.999999999999887 1.249999999999857 0.000000000000597 4099.178857419382439 20.495893671317358
0.154400000000000 0.999999999999886 1.249999999999859 0.000000000000593 4099.178857419391534 20.495893520224268
0.154500000000000 0.999999999999885 1.249999999999858 0.000000000000586 4099.178857419383348 20.495893353065675
0.154600000000000 0.999999999999887 1.249999999999857 0.000000000000581 4099.178857419388805 20.495893170258665
0.154700000000000 0.999999999999888 1.249999999999858 0.000000000000575 4099.178857419388805 20.495892972315374
0.154800000000000 0.999999999999887 1.249999999999859 0.000000000000569 4099.178857419386986 20.495892759838416
0.154900000000000 0.999999999999888 1.249999999999858 0.000000000000563 4099.178857419392443 20.495892533520845
0.155000000000000 0.999999999999886 1.249999999999859 0.000000000000560 4099.178857419383348 20.495892294139960
0.155100000000000 0.999999999999887 1.249999999999858 0.000000000000552 4099.178857419376072 20.495892042556122
0.155200000000000 0.999999999999888 1.249999999999859 0.000000000000549 4099.178857419391534 20.495891779707463
0.155300000000000 0.999999999999886 1.249999999999859 0.000000000000546 4099.178857419387896 20.495891506605695
0.155400000000000 0.999999999999886 1.249999999999859 0.000000000000544 4099.178857419379710 20.495891224331196
0.155500000000000 0.999999999999886 1.249999999999861 0.000000000000539 4099.178857419388805 20.495890934026846
0.155600000000000 0.999999999999887 1.249999999999857 0.000000000000532 4099.178857419383348 20.495890636893897
0.155700000000000 0.999999999999888 1.249999999999858 0.000000000000528 4099.178857419381529 20.495890334181940
0.155800000000000 0.999999999999887 1.249999999999858 0.000000000000521 4099.178857419382439 20.495890027187983
0.155900000000000 0.999999999999888 1.249999999999859 0.000000000000519 4099.178857419385167 20.495889717244872
0.156000000000000 0.999999999999886 1.249999999999859 0.000000000000509 4099.178857419381529 20.495889405716667
0.156100000000000 0.999999999999885 1.249999999999859 0.000000000000506 4099.178857419386077 20.495889093990886
0.156200000000000 0.999999999999886 1.249999999999859 0.000000000000499 4099.178857419381529 20.495888783470416
0.156300000000000 0.999999999999885 1.249999999999857 0.000000000000494 4099.178857419379710 20.495888475566797
0.156400000000000 0.999999999999885 1.249999999999857 0.000000000000487 4099.178857419379710 20.495888171692574
0.156500000000000 0.999999999999886 1.249999999999857 0.000000000000482 4099.178857419383348 20.495887873253078
0.156600000000000 0.999999999999884 1.249999999999857 0.000000000000480 4099.178857419378801 20.495887581639362
0.156700000000000 0.999999999999884 1.249999999999857 0.000000000000474 4099.178857419380620 20.495887298219717
0.156800000000000 0.999999999999886 1.249999999999857 0.000000000000470 4099.178857419388805 20.495887024333797
0.156900000000000 0.999999999999884 1.249999999999858 0.000000000000465 4099.178857419386986 20.495886761282929
0.157000000000000 0.999999999999886 1.249999999999857 0.000000000000461 4099.178857419384258 20.495886510325754
0.157100000000000 0.999999999999886 1.249999999999857 0.000000000000452 4099.178857419380620 20.495886272667867
0.157200000000000 0.999999999999885 1.249999999999856 0.000000000000448 4099.178857419376072 20.495886049458690
0.157300000000000 0.999999999999886 1.249999999999857 0.000000000000443 4099.178857419376072 20.495885841781877
0.157400000000000 0.999999999999887 1.249999999999857 0.000000000000439 4099.178857419379710 20.495885650651527
0.157500000000000 0.999999999999884 1.249999999999857 0.000000000000434 4099.178857419382439 20.495885477005501
0.157600000000000 0.999999999999885 1.249999999999857 0.000000000000428 4099.178857419375163 20.495885321699948
0.157700000000000 0.999999999999883 1.249999999999855 0.000000000000422 4099.178857419374253 20.495885185505127
0.157800000000000 0.999999999999884 1.249999999999857 0.000000000000417 4099.178857419374253 20.495885069099941
0.157900000000000 0.999999999999885 1.249999999999857 0.000000000000411 4099.178857419378801 20.495884973069625
0.158000000000000 0.999999999999883 1.249999999999855 0.000000000000403 4099.178857419381529 20.495884897900890
0.158100000000000 0.999999999999885 1.249999999999856 0.000000000000397 4099.178857419377891 20.495884843978935
0.158200000000000 0.999999999999885 1.249999999999857 0.000000000000390 4099.178857419368796 20.495884811587331
0.158300000000000 0.999999999999884 1.249999999999855 0.000000000000384 4099.178857419376072 20.495884800904040
0.158400000000000 0.999999999999883 1.249999999999855 0.000000000000378 4099.178857419373344 20.495884812000778
0.158500000000000 0.999999999999884 1.249999999999854 0.000000000000372 4099.178857419374253 20.495884844843033
0.158600000000000 0.999999999999883 1.249999999999855 0.000000000000366 4099.178857419372434 20.495884899289059
0.158700000000000 0.999999999999884 1.249999999999854 0.000000000000364 4099.178857419374253 20.495884975092263
0.158800000000000 0.999999999999884 1.249999999999855 0.000000000000359 4099.178857419361520 20.495885071900169
0.158900000000000 0.999999999999881 1.249999999999855 0.000000000000350 4099.178857419370615 20.495885189258100
0.159000000000000 0.999999999999883 1.249999999999855 0.000000000000348 4099.178857419366068 20.495885326610473
0.159100000000000 0.999999999999883 1.249999999999856 0.000000000000343 4099.178857419366977 20.495885483303731
0.159200000000000 0.999999999999882 1.249999999999854 0.000000000000338 4099.178857419371525 20.495885658590772
0.159300000000000 0.999999999999883 1.249999999999853 0.000000000000332 4099.178857419370615 20.495885851633261
0.159400000000000 0.999999999999880 1.249999999999855 0.000000000000324 4099.178857419366068 20.495886061506898
0.159500000000000 0.999999999999883 1.249999999999855 0.000000000000321 4099.178857419365158 20.495886287208560
0.159600000000000 0.999999999999881 1.249999999999855 0.000000000000317 4099.178857419370615 20.495886527657234
0.159700000000000 0.999999999999883 1.249999999999854 0.000000000000311 4099.178857419372434 20.495886781703913
0.159800000000000 0.999999999999882 1.249999999999853 0.000000000000305 4099.178857419366977 20.495887048135458
0.159900000000000 0.999999999999883 1.249999999999854 0.000000000000302 4099.178857419373344 20.495887325682389
0.160000000000000 0.999999999999882 1.249999999999853 0.000000000000300 4099.178857419363339 20.495887613025189
0.160100000000000 0.999999999999884 1.249999999999853 0.000000000000292 4099.178857419369706 20.495887908801219
0.160200000000000 0.999999999999879 1.249999999999855 0.000000000000288 4099.178857419363339 20.495888211613174
0.160300000000000 0.999999999999884 1.249999999999854 0.000000000000281 4099.178857419372434 20.495888520036409
0.160400000000000 0.999999999999882 1.249999999999852 0.000000000000279 4099.178857419367887 20.495888832625127
0.160500000000000 0.999999999999881 1.249999999999854 0.000000000000273 4099.178857419372434 20.495889147921957
0.160600000000000 0.999999999999880 1.249999999999854 0.000000000000269 4099.178857419365158 20.495889464465812
0.160700000000000 0.999999999999882 1.249999999999854 0.000000000000265 4099.178857419369706 20.495889780799072
0.160800000000000 0.999999999999882 1.249999999999852 0.000000000000255 4099.178857419366977 20.495890095476053
0.160900000000000 0.999999999999881 1.249999999999855 0.000000000000250 4099.178857419366977 20.495890407069076
0.161000000000000 0.999999999999882 1.249999999999854 0.000000000000246 4099.178857419360611 20.495890714180845
0.161100000000000 0.999999999999881 1.249999999999853 0.000000000000241 4099.178857419361520 20.495891015446038
0.161200000000000 0.999999999999880 1.249999999999853 0.000000000000235 4099.178857419362430 20.495891309542532
0.161300000000000 0.999999999999881 1.249999999999853 0.000000000000230 4099.178857419363339 20.495891595197527
0.161400000000000 0.999999999999880 1.249999999999853 0.000000000000222 4099.178857419366068 20.495891871193969
0.161500000000000 0.999999999999880 1.249999999999852 0.000000000000214 4099.178857419356973 20.495892136377893
0.161600000000000 0.999999999999882 1.249999999999852 0.000000000000208 4099.178857419359701 20.495892389663677
0.161700000000000 0.999999999999880 1.249999999999852 0.000000000000202 4099.178857419363339 20.495892630040313
0.161800000000000 0.999999999999882 1.249999999999851 0.000000000000195 4099.178857419363339 20.495892856575974
0.161900000000000 0.999999999999881 1.249999999999851 0.000000000000185 4099.178857419355154 20.495893068424223
0.162000000000000 0.999999999999881 1.249999999999852 0.000000000000179 4099.178857419364249 20.495893264826268
0.162100000000000 0.999999999999880 1.249999999999851 0.000000000000172 4099.178857419357882 20.495893445117684
0.162200000000000 0.999999999999879 1.249999999999852 0.000000000000170 4099.178857419363339 20.495893608728224
0.162300000000000 0.999999999999881 1.249999999999852 0.000000000000162 4099.178857419361520 20.495893755187911
0.162400000000000 0.999999999999882 1.249999999999851 0.000000000000157 4099.178857419362430 20.495893884126431
0.162500000000000 0.999999999999881 1.249999999999851 0.000000000000154 4099.178857419363339 20.495893995276589
0.162600000000000 0.999999999999880 1.249999999999852 0.000000000000150 4099.178857419358792 20.495894088473481
0.162700000000000 0.999999999999881 1.249999999999852 0.000000000000145 4099.178857419352425 20.495894163657411
0.162800000000000 0.999999999999882 1.249999999999850 0.000000000000141 4099.178857419356063 20.495894220871715
0.162900000000000 0.999999999999881 1.249999999999850 0.000000000000135 4099.178857419354244 20.495894260261458
0.163000000000000 0.999999999999880 1.249999999999850 0.000000000000132 4099.178857419361520 20.495894282074154
0.163100000000000 0.999999999999880 1.249999999999851 0.000000000000128 4099.178857419364249 20.495894286655638
0.163200000000000 0.999999999999882 1.249999999999851 0.000000000000124 4099.178857419360611 20.495894274449000
0.163300000000000 0.999999999999879 1.249999999999851 0.000000000000118 4099.178857419357882 20.495894245990954
0.163400000000000 0.999999999999881 1.249999999999851 0.000000000000115 4099.178857419350607 20.495894201907159
0.163500000000000 0.999999999999879 1.249999999999849 0.000000000000111 4099.178857419361520 20.495894142909666
0.163600000000000 0.999999999999878 1.249999999999849 0.000000000000105 4099.178857419351516 20.495894069790886
0.163700000000000 0.999999999999878 1.249999999999850 0.000000000000101 4099.178857419366977 20.495893983418938
0.163800000000000 0.999999999999880 1.249999999999849 0.000000000000093 4099.178857419352425 20.495893884732638
0.163900000000000 0.999999999999881 1.249999999999849 0.000000000000087 4099.178857419361520 20.495893774734331
0.164000000000000 0.999999999999880 1.249999999999850 0.000000000000083 4099.178857419353335 20.495893654483424
0.164100000000000 0.999999999999880 1.249999999999849 0.000000000000079 4099.178857419352425 20.495893525091812
0.164200000000000 0.999999999999880 1.249999999999851 0.000000000000075 4099.178857419358792 20.495893387713600
0.164300000000000 0.999999999999879 1.249999999999849 0.000000000000075 4099.178857419361520 20.495893243541627
0.164400000000000 0.999999999999881 1.249999999999848 0.000000000000071 4099.178857419358792 20.495893093795363
0.164500000000000 0.999999999999881 1.249999999999847 0.000000000000065 4099.178857419353335 20.495892939717471
0.164600000000000 0.999999999999878 1.249999999999849 0.000000000000065 4099.178857419357882 20.495892782563779
0.164700000000000 0.999999999999880 1.249999999999849 0.000000000000063 4099.178857419352425 20.495892623596756
0.164800000000000 0.999999999999880 1.249999999999847 0.000000000000062 4099.178857419352425 20.495892464076366
0.164900000000000 0.999999999999876 1.249999999999850 0.000000000000059 4099.178857419357882 20.495892305252138
0.165000000000000 0.999999999999879 1.249999999999847 0.000000000000057 4099.178857419355154 20.495892148357608
0.165100000000000 0.999999999999879 1.249999999999848 0.000000000000050 4099.178857419346969 20.495891994599639
0.165200000000000 0.999999999999880 1.249999999999845 0.000000000000043 4099.178857419351516 20.495891845153100
0.165300000000000 0.999999999999879 1.249999999999846 0.000000000000041 4099.178857419356063 20.495891701151884
0.165400000000000 0.999999999999880 1.249999999999847 0.000000000000039 4099.178857419350607 20.495891563683667
0.165500000000000 0.999999999999880 1.249999999999845 0.000000000000039 4099.178857419350607 20.495891433782408
0.165600000000000 0.999999999999878 1.249999999999847 0.000000000000038 4099.178857419348788 20.495891312420135
0.165700000000000 0.999999999999879 1.249999999999847 0.000000000000035 4099.178857419354244 20.495891200503870
0.165800000000000 0.999999999999880 1.249999999999845 0.000000000000035 4099.178857419344240 20.495891098867880
0.165900000000000 0.999999999999878 1.249999999999846 0.000000000000031 4099.178857419352425 20.495891008268288
0.166000000000000 0.999999999999878 1.249999999999846 0.000000000000028 4099.178857419347878 20.495890929380483
0.166100000000000 0.999999999999880 1.249999999999846 0.000000000000026 4099.178857419356063 20.495890862791637
0.166200000000000 0.999999999999878 1.249999999999844 0.000000000000027 4099.178857419356063 20.495890808999704
0.166300000000000 0.999999999999877 1.249999999999845 0.000000000000023 4099.178857419350607 20.495890768408259
0.166400000000000 0.999999999999879 1.249999999999846 0.000000000000024 4099.178857419353335 20.495890741325681
0.166500000000000 0.999999999999879 1.249999999999844 0.000000000000021 4099.178857419354244 20.495890727961594
0.166600000000000 0.999999999999879 1.249999999999845 0.000000000000020 4099.178857419350607 20.495890728424953
0.166700000000000 0.999999999999878 1.249999999999848 0.000000000000014 4099.178857419352425 20.495890742725297
0.166800000000000 0.999999999999880 1.249999999999847 0.000000000000015 4099.178857419348788 20.495890770771254
0.166900000000000 0.999999999999878 1.249999999999845 0.000000000000017 4099.178857419350607 20.495890812370320
0.167000000000000 0.999999999999878 1.249999999999846 0.000000000000022 4099.178857419346969 20.495890867230028
0.167100000000000 0.999999999999878 1.249999999999845 0.000000000000024 4099.178857419352425 20.495890934960943
0.167200000000000 0.999999999999874 1.249999999999845 0.000000000000024 4099.178857419356063 20.495891015077113
0.167300000000000 0.999999999999878 1.249999999999845 0.000000000000026 4099.178857419341512 20.495891106999867
0.167400000000000 0.999999999999878 1.249999999999845 0.000000000000030 4099.178857419346969 20.495891210060694
0.167500000000000 0.999999999999877 1.249999999999845 0.000000000000035 4099.178857419350607 20.495891323505486
0.167600000000000 0.999999999999877 1.249999999999843 0.000000000000034 4099.178857419345150 20.495891446498899
0.167700000000000 0.999999999999876 1.249999999999843 0.000000000000036 4099.178857419352425 20.495891578127903
0.167800000000000 0.999999999999877 1.249999999999843 0.000000000000036 4099.178857419348788 20.495891717410306
0.167900000000000 0.999999999999878 1.249999999999843 0.000000000000036 4099.178857419345150 20.495891863298006
0.168000000000000 0.999999999999877 1.249999999999843 0.000000000000040 4099.178857419348788 20.495892014683726
0.168100000000000 0.999999999999876 1.249999999999843 0.000000000000041 4099.178857419356063 20.495892170408879
0.168200000000000 0.999999999999878 1.249999999999844 0.000000000000040 4099.178857419346969 20.495892329269193
0.168300000000000 0.999999999999877 1.249999999999843 0.000000000000045 4099.178857419339693 20.495892490022978
0.168400000000000 0.999999999999876 1.249999999999843 0.000000000000045 4099.178857419346059 20.495892651397760
0.168500000000000 0.999999999999879 1.249999999999843 0.000000000000049 4099.178857419348788 20.495892812099285
0.168600000000000 0.999999999999877 1.249999999999843 0.000000000000051 4099.178857419345150 20.495892970818815
0.168700000000000 0.999999999999875 1.249999999999844 0.000000000000055 4099.178857419348788 20.495893126240741
0.168800000000000 0.999999999999877 1.249999999999843 0.000000000000058 4099.178857419345150 20.495893277052097
0.168900000000000 0.999999999999877 1.249999999999843 0.000000000000061 4099.178857419350607 20.495893421949336
0.169000000000000 0.999999999999876 1.249999999999842 0.000000000000061 4099.178857419348788 20.495893559647037
0.169100000000000 0.999999999999876 1.249999999999842 0.000000000000063 4099.178857419345150 20.495893688886397
0.169200000000000 0.999999999999877 1.249999999999842 0.000000000000066 4099.178857419346969 20.495893808442197
0.169300000000000 0.999999999999877 1.249999999999842 0.000000000000068 4099.178857419348788 20.495893917132211
0.169400000000000 0.999999999999877 1.249999999999842 0.000000000000070 4099.178857419339693 20.495894013823271
0.169500000000000 0.999999999999878 1.249999999999843 0.000000000000075 4099.178857419345150 20.495894097439617
0.169600000000000 0.999999999999879 1.249999999999841 0.000000000000074 4099.178857419346969 20.495894166969162
0.169700000000000 0.999999999999877 1.249999999999841 0.000000000000078 4099.178857419346969 20.495894221470596
0.169800000000000 0.999999999999877 1.249999999999842 0.000000000000076 4099.178857419345150 20.495894260079783
0.169900000000000 0.999999999999879 1.249999999999839 0.000000000000081 4099.178857419346969 20.495894282016028
0.170000000000000 0.999999999999877 1.249999999999841 0.000000000000083 4099.178857419339693 20.495894286585592
0.170100000000000 0.999999999999876 1.249999999999842 0.000000000000091 4099.178857419349697 20.495894273190164
0.170200000000000 0.999999999999874 1.249999999999840 0.000000000000095 4099.178857419343331 20.495894241327267
0.170300000000000 0.999999999999876 1.249999999999841 0.000000000000095 4099.178857419341512 20.495894190597003
0.170400000000000 0.999999999999875 1.249999999999842 0.000000000000101 4099.178857419341512 20.495894120704421
0.170500000000000 0.999999999999875 1.249999999999842 0.000000000000105 4099.178857419343331 20.495894031461532
0.170600000000000 0.999999999999875 1.249999999999841 0.000000000000113 4099.178857419345150 20.495893922790735
0.170700000000000 0.999999999999876 1.249999999999842 0.000000000000119 4099.178857419342421 20.495893794724548
0.170800000000000 0.999999999999877 1.249999999999841 0.000000000000122 4099.178857419343331 20.495893647408504
0.170900000000000 0.999999999999877 1.249999999999841 0.000000000000124 4099.178857419341512 20.495893481099696
0.171000000000000 0.999999999999875 1.249999999999839 0.000000000000127 4099.178857419338783 20.495893296166692
0.171100000000000 0.999999999999876 1.249999999999840 0.000000000000135 4099.178857419341512 20.495893093088071
0.171200000000000 0.999999999999876 1.249999999999840 0.000000000000137 4099.178857419341512 20.495892872452249
0.171300000000000 0.999999999999876 1.249999999999841 0.000000000000142 4099.178857419338783 20.495892634952298
0.171400000000000 0.999999999999876 1.249999999999841 0.000000000000144 4099.178857419343331 20.495892381385772
0.171500000000000 0.999999999999876 1.249999999999841 0.000000000000146 4099.178857419337874 20.495892112649166
0.171600000000000 0.999999999999877 1.249999999999839 0.000000000000152 4099.178857419337874 20.495891829734092
0.171700000000000 0.999999999999874 1.249999999999840 0.000000000000156 4099.178857419339693 20.495891533721984
0.171800000000000 0.999999999999875 1.249999999999838 0.000000000000167 4099.178857419346969 20.495891225780912
0.171900000000000 0.999999999999874 1.249999999999839 0.000000000000170 4099.178857419336055 20.495890907156227
0.172000000000000 0.999999999999876 1.249999999999840 0.000000000000176 4099.178857419334236 20.495890579167064
0.172100000000000 0.999999999999876 1.249999999999839 0.000000000000180 4099.178857419342421 20.495890243198964
0.172200000000000 0.999999999999875 1.249999999999840 0.000000000000182 4099.178857419337874 20.495889900694472
0.172300000000000 0.999999999999876 1.249999999999842 0.000000000000189 4099.178857419334236 20.495889553149041
0.172400000000000 0.999999999999877 1.249999999999839 0.000000000000194 4099.178857419339693 20.495889202101267
0.172500000000000 0.999999999999874 1.249999999999837 0.000000000000203 4099.178857419341512 20.495888849123006
0.172600000000000 0.999999999999875 1.249999999999837 0.000000000000210 4099.178857419337874 20.495888495814107
0.172700000000000 0.999999999999875 1.249999999999838 0.000000000000217 4099.178857419336055 20.495888143792179
0.172800000000000 0.999999999999876 1.249999999999839 0.000000000000220 4099.178857419332417 20.495887794683952
0.172900000000000 0.999999999999874 1.249999999999838 0.000000000000227 4099.178857419341512 20.495887450117092
0.173000000000000 0.999999999999875 1.249999999999836 0.000000000000233 4099.178857419339693 20.495887111709898
0.173100000000000 0.999999999999875 1.249999999999837 0.000000000000239 4099.178857419339693 20.495886781062900
0.173200000000000 0.999999999999874 1.249999999999838 0.000000000000247 4099.178857419336055 20.495886459751890
0.173300000000000 0.999999999999874 1.249999999999837 0.000000000000252 4099.178857419339693 20.495886149316583
0.173400000000000 0.999999999999875 1.249999999999838 0.000000000000257 4099.178857419336964 20.495885851253771
0.173500000000000 0.999999999999874 1.249999999999838 0.000000000000260 4099.178857419336055 20.495885567008180
0.173600000000000 0.999999999999875 1.249999999999838 0.000000000000265 4099.178857419336964 20.495885297965067
0.173700000000000 0.999999999999874 1.249999999999837 0.000000000000273 4099.178857419336964 20.495885045441923
0.173800000000000 0.999999999999875 1.249999999999838 0.000000000000278 4099.178857419336964 20.495884810681098
0.173900000000000 0.999999999999874 1.249999999999839 0.000000000000285 4099.178857419331507 20.495884594843190
0.174000000000000 0.999999999999873 1.249999999999839 0.000000000000292 4099.178857419330598 20.495884399000264
0.174100000000000 0.999999999999873 1.249999999999836 0.000000000000299 4099.178857419343331 20.495884224130556
0.174200000000000 0.999999999999874 1.249999999999836 0.000000000000308 4099.178857419332417 20.495884071110360
0.174300000000000 0.999999999999873 1.249999999999837 0.000000000000315 4099.178857419331507 20.495883940711810
0.174400000000000 0.999999999999874 1.249999999999837 0.000000000000320 4099.178857419326960 20.495883833597794
0.174500000000000 0.999999999999873 1.249999999999835 0.000000000000324 4099.178857419332417 20.495883750317283
0.174600000000000 0.999999999999875 1.249999999999835 0.000000000000328 4099.178857419332417 20.495883691301888
0.174700000000000 0.999999999999876 1.249999999999836 0.000000000000334 4099.178857419327869 20.495883656864361
0.174800000000000 0.999999999999872 1.249999999999836 0.000000000000342 4099.178857419333326 20.495883647197221
0.174900000000000 0.999999999999874 1.249999999999835 0.000000000000347 4099.178857419330598 20.495883662368946
0.175000000000000 0.999999999999873 1.249999999999835 0.000000000000350 4099.178857419336964 20.495883702325312
0.175100000000000 0.999999999999872 1.249999999999836 0.000000000000355 4099.178857419327869 20.495883766889243
0.175200000000000 0.999999999999875 1.249999999999835 0.000000000000361 4099.178857419331507 20.495883855762195
0.175300000000000 0.999999999999874 1.249999999999835 0.000000000000365 4099.178857419330598 20.495883968523735
0.175400000000000 0.999999999999873 1.249999999999835 0.000000000000371 4099.178857419327869 20.495884104635632
0.175500000000000 0.999999999999873 1.249999999999835 0.000000000000377 4099.178857419330598 20.495884263443283
0.175600000000000 0.999999999999873 1.249999999999836 0.000000000000381 4099.178857419331507 20.495884444180643
0.175700000000000 0.999999999999873 1.249999999999836 0.000000000000388 4099.178857419332417 20.495884645973177
0.175800000000000 0.999999999999871 1.249999999999834 0.000000000000395 4099.178857419328779 20.495884867842737
0.175900000000000 0.999999999999873 1.249999999999835 0.000000000000400 4099.178857419326050 20.495885108712297
0.176000000000000 0.999999999999872 1.249999999999835 0.000000000000406 4099.178857419332417 20.495885367413720
0.176100000000000 0.999999999999871 1.249999999999835 0.000000000000411 4099.178857419327869 20.495885642692162
0.176200000000000 0.999999999999872 1.249999999999836 0.000000000000414 4099.178857419325141 20.495885933213373
0.176300000000000 0.999999999999871 1.249999999999836 0.000000000000416 4099.178857419323322 20.495886237571668
0.176400000000000 0.999999999999871 1.249999999999834 0.000000000000422 4099.178857419327869 20.495886554297059
0.176500000000000 0.999999999999870 1.249999999999835 0.000000000000426 4099.178857419320593 20.495886881862408
0.176600000000000 0.999999999999873 1.249999999999835 0.000000000000432 4099.178857419324231 20.495887218694030
0.176700000000000 0.999999999999872 1.249999999999833 0.000000000000438 4099.178857419324231 20.495887563178460
0.176800000000000 0.999999999999873 1.249999999999835 0.000000000000442 4099.178857419326960 20.495887913670835
0.176900000000000 0.999999999999871 1.249999999999835 0.000000000000449 4099.178857419325141 20.495888268506562
0.177000000000000 0.999999999999872 1.249999999999835 0.000000000000451 4099.178857419326050 20.495888626007531
0.177100000000000 0.999999999999873 1.249999999999835 0.000000000000458 4099.178857419320593 20.495888984493174
0.177200000000000 0.999999999999873 1.249999999999836 0.000000000000461 4099.178857419321503 20.495889342288134
0.177300000000000 0.999999999999872 1.249999999999834 0.000000000000465 4099.178857419325141 20.495889697733503
0.177400000000000 0.999999999999872 1.249999999999836 0.000000000000468 4099.178857419323322 20.495890049192862
0.177500000000000 0.999999999999873 1.249999999999835 0.000000000000470 4099.178857419319684 20.495890395064816
0.177600000000000 0.999999999999872 1.249999999999835 0.000000000000475 4099.178857419325141 20.495890733788666
0.177700000000000 0.999999999999872 1.249999999999834 0.000000000000481 4099.178857419323322 20.495891063854490
0.177800000000000 0.999999999999870 1.249999999999836 0.000000000000484 4099.178857419325141 20.495891383810090
0.177900000000000 0.999999999999871 1.249999999999835 0.000000000000488 4099.178857419326960 20.495891692271179
0.178000000000000 0.999999999999871 1.249999999999835 0.000000000000491 4099.178857419317865 20.495891987925528
0.178100000000000 0.999999999999874 1.249999999999835 0.000000000000498 4099.178857419325141 20.495892269542910
0.178200000000000 0.999999999999869 1.249999999999833 0.000000000000505 4099.178857419319684 20.495892535979710
0.178300000000000 0.999999999999872 1.249999999999835 0.000000000000511 4099.178857419323322 20.495892786185497
0.178400000000000 0.999999999999872 1.249999999999836 0.000000000000516 4099.178857419315136 20.495893019209056
0.178500000000000 0.999999999999872 1.249999999999833 0.000000000000520 4099.178857419323322 20.495893234203557
0.178600000000000 0.999999999999870 1.249999999999834 0.000000000000521 4099.178857419326050 20.495893430428186
0.178700000000000 0.999999999999871 1.249999999999834 0.000000000000527 4099.178857419316046 20.495893607255571
0.178800000000000 0.999999999999871 1.249999999999834 0.000000000000532 4099.178857419320593 20.495893764172664
0.178900000000000 0.999999999999870 1.249999999999835 0.000000000000537 4099.178857419317865 20.495893900783219
0.179000000000000 0.999999999999871 1.249999999999834 0.000000000000541 4099.178857419313317 20.495894016809554
0.179100000000000 0.999999999999871 1.249999999999835 0.000000000000549 4099.178857419319684 20.495894112094390
0.179200000000000 0.999999999999871 1.249999999999833 0.000000000000553 4099.178857419317865 20.495894186600186
0.179300000000000 0.999999999999871 1.249999999999833 0.000000000000556 4099.178857419321503 20.495894240408209
0.179400000000000 0.999999999999868 1.249999999999834 0.000000000000560 4099.178857419317865 20.495894273719532
0.179500000000000 0.999999999999868 1.249999999999833 0.000000000000561 4099.178857419324231 20.495894286850977
0.179600000000000 0.999999999999870 1.249999999999836 0.000000000000563 4099.178857419320593 20.495894280234456
0.179700000000000 0.999999999999870 1.249999999999834 0.000000000000567 4099.178857419316046 20.495894254412072
0.179800000000000 0.999999999999870 1.249999999999833 0.000000000000572 4099.178857419319684 20.495894210034479
0.179900000000000 0.999999999999869 1.249999999999837 0.000000000000576 4099.178857419317865 20.495894147853154
0.180000000000000 0.999999999999870 1.249999999999835 0.000000000000582 4099.178857419319684 20.495894068720549
0.180100000000000 0.999999999999871 1.249999999999834 0.000000000000587 4099.178857419314227 20.495893973578941
0.180200000000000 0.999999999999870 1.249999999999833 0.000000000000592 4099.178857419314227 20.495893863457685
0.180300000000000 0.999999999999871 1.249999999999834 0.000000000000594 4099.178857419317865 20.495893739466155
0.180400000000000 0.999999999999869 1.249999999999831 0.000000000000598 4099.178857419318774 20.495893602786111
0.180500000000000 0.999999999999870 1.249999999999833 0.000000000000603 4099.178857419314227 20.495893454663520
0.180600000000000 0.999999999999870 1.249999999999832 0.000000000000604 4099.178857419312408 20.495893296403384
0.180700000000000 0.999999999999871 1.249999999999833 0.000000000000606 4099.178857419315136 20.495893129358148
0.180800000000000 0.999999999999869 1.249999999999833 0.000000000000611 4099.178857419314227 20.495892954921388
0.180900000000000 0.999999999999867 1.249999999999836 0.000000000000615 4099.178857419312408 20.495892774518946
0.181000000000000 0.999999999999872 1.249999999999833 0.000000000000619 4099.178857419317865 20.495892589599578
0.181100000000000 0.999999999999869 1.249999999999833 0.000000000000621 4099.178857419321503 20.495892401625095
0.181200000000000 0.999999999999871 1.249999999999834 0.000000000000622 4099.178857419323322 20.495892212062660
0.181300000000000 0.999999999999870 1.249999999999833 0.000000000000623 4099.178857419315136 20.495892022375752
0.181400000000000 0.999999999999869 1.249999999999833 0.000000000000623 4099.178857419310589 20.495891834013765
0.181500000000000 0.999999999999867 1.249999999999833 0.000000000000625 4099.178857419310589 20.495891648403784
0.181600000000000 0.999999999999868 1.249999999999834 0.000000000000627 4099.178857419306041 20.495891466942282
0.181700000000000 0.999999999999871 1.249999999999833 0.000000000000628 4099.178857419314227 20.495891290985647
0.181800000000000 0.999999999999869 1.249999999999834 0.000000000000631 4099.178857419308770 20.495891121840955
0.181900000000000 0.999999999999869 1.249999999999832 0.000000000000633 4099.178857419317865 20.495890960760892
0.182000000000000 0.999999999999870 1.249999999999832 0.000000000000637 4099.178857419308770 20.495890808931971
0.182100000000000 0.999999999999871 1.249999999999832 0.000000000000638 4099.178857419318774 20.495890667469617
0.182200000000000 0.999999999999868 1.249999999999833 0.000000000000640 4099.178857419310589 20.495890537411732
0.182300000000000 0.999999999999871 1.249999999999832 0.000000000000641 4099.178857419316046 20.495890419709784
0.182400000000000 0.999999999999870 1.249999999999832 0.000000000000642 4099.178857419317865 20.495890315224578
0.182500000000000 0.999999999999869 1.249999999999833 0.000000000000645 4099.178857419312408 20.495890224720672
0.182600000000000 0.999999999999870 1.249999999999833 0.000000000000646 4099.178857419306041 20.495890148860912
0.182700000000000 0.999999999999868 1.249999999999831 0.000000000000645 4099.178857419310589 20.495890088203346
0.182800000000000 0.999999999999868 1.249999999999833 0.000000000000646 4099.178857419312408 20.495890043194965
0.182900000000000 0.999999999999869 1.249999999999835 0.000000000000648 4099.178857419317865 20.495890014172939
0.183000000000000 0.999999999999869 1.249999999999833 0.000000000000649 4099.178857419316046 20.495890001358823
0.183100000000000 0.999999999999869 1.249999999999831 0.000000000000646 4099.178857419306951 20.495890004858019
0.183200000000000 0.999999999999867 1.249999999999831 0.000000000000645 4099.178857419316046 20.495890024659314
0.183300000000000 0.999999999999870 1.249999999999831 0.000000000000645 4099.178857419306951 20.495890060634547
0.183400000000000 0.999999999999869 1.249999999999834 0.000000000000647 4099.178857419311498 20.495890112538927
0.183500000000000 0.999999999999868 1.249999999999831 0.000000000000649 4099.178857419305132 20.495890180013443
0.183600000000000 0.999999999999869 1.249999999999834 0.000000000000645 4099.178857419308770 20.495890262584091
0.183700000000000 0.999999999999868 1.249999999999833 0.000000000000644 4099.178857419306951 20.495890359668500
0.183800000000000 0.999999999999868 1.249999999999833 0.000000000000643 4099.178857419306951 20.495890470575212
0.183900000000000 0.999999999999868 1.249999999999832 0.000000000000646 4099.178857419312408 20.495890594510410
0.184000000000000 0.999999999999869 1.249999999999834 0.000000000000648 4099.178857419305132 20.495890730581927
0.184100000000000 0.999999999999868 1.249999999999833 0.000000000000651 4099.178857419306951 20.495890877804491
0.184200000000000 0.999999999999868 1.249999999999832 0.000000000000654 4099.178857419308770 20.495891035104336
0.184300000000000 0.999999999999869 1.249999999999832 0.000000000000653 4099.178857419308770 20.495891201327979
0.184400000000000 0.999999999999867 1.249999999999833 0.000000000000654 4099.178857419305132 20.495891375246604
0.184500000000000 0.999999999999868 1.249999999999832 0.000000000000655 4099.178857419311498 20.495891555565855
0.184600000000000 0.999999999999869 1.249999999999831 0.000000000000649 4099.178857419312408 20.495891740931743
0.184700000000000 0.999999999999868 1.249999999999833 0.000000000000647 4099.178857419303313 20.495891929938853
0.184800000000000 0.999999999999867 1.249999999999832 0.000000000000647 4099.178857419304222 20.495892121141654
0.184900000000000 0.999999999999868 1.249999999999832 0.000000000000644 4099.178857419308770 20.495892313059208
0.185000000000000 0.999999999999866 1.249999999999831 0.000000000000644 4099.178857419301494 20.495892504187541
0.185100000000000 0.999999999999866 1.249999999999832 0.000000000000640 4099.178857419305132 20.495892693006603
0.185200000000000 0.999999999999869 1.249999999999832 0.000000000000638 4099.178857419303313 20.495892877991100
0.185300000000000 0.999999999999867 1.249999999999831 0.000000000000639 4099.178857419306041 20.495893057620012
0.185400000000000 0.999999999999867 1.249999999999830 0.000000000000636 4099.178857419297856 20.495893230384706
0.185500000000000 0.999999999999868 1.249999999999832 0.000000000000632 4099.178857419306041 20.495893394799271
0.185600000000000 0.999999999999867 1.249999999999831 0.000000000000630 4099.178857419306951 20.495893549410706
0.185700000000000 0.999999999999867 1.249999999999831 0.000000000000627 4099.178857419303313 20.495893692805975
0.185800000000000 0.999999999999867 1.249999999999832 0.000000000000622 4099.178857419303313 20.495893823622485
0.185900000000000 0.999999999999866 1.249999999999832 0.000000000000625 4099.178857419303313 20.495893940557441
0.186000000000000 0.999999999999867 1.249999999999832 0.000000000000620 4099.178857419295127 20.495894042373664
0.186100000000000 0.999999999999868 1.249999999999832 0.000000000000619 4099.178857419299675 20.495894127911242
0.186200000000000 0.999999999999867 1.249999999999831 0.000000000000614 4099.178857419296037 20.495894196091893
0.186300000000000 0.999999999999865 1.249999999999832 0.000000000000612 4099.178857419297856 20.495894245927310
0.186400000000000 0.999999999999867 1.249999999999830 0.000000000000610 4099.178857419305132 20.495894276527792
0.186500000000000 0.999999999999865 1.249999999999830 0.000000000000608 4099.178857419299675 20.495894287104452
0.186600000000000 0.999999999999867 1.249999999999831 0.000000000000608 4099.178857419302403 20.495894276978387
0.186700000000000 0.999999999999866 1.249999999999831 0.000000000000609 4099.178857419295127 20.495894245583997
0.186800000000000 0.999999999999865 1.249999999999832 0.000000000000609 4099.178857419299675 20.495894192473163
0.186900000000000 0.999999999999863 1.249999999999831 0.000000000000605 4099.178857419297856 20.495894117320255
0.187000000000000 0.999999999999867 1.249999999999829 0.000000000000603 4099.178857419300584 20.495894019923082
0.187100000000000 0.999999999999864 1.249999999999833 0.000000000000603 4099.178857419301494 20.495893900205918
0.187200000000000 0.999999999999866 1.249999999999830 0.000000000000603 4099.178857419301494 20.495893758223215
0.187300000000000 0.999999999999864 1.249999999999831 0.000000000000599 4099.178857419299675 20.495893594156271
0.187400000000000 0.999999999999865 1.249999999999830 0.000000000000593 4099.178857419300584 20.495893408316217
0.187500000000000 0.999999999999866 1.249999999999831 0.000000000000594 4099.178857419288761 20.495893201142447
0.187600000000000 0.999999999999866 1.249999999999830 0.000000000000593 4099.178857419296037 20.495892973201371
0.187700000000000 0.999999999999865 1.249999999999829 0.000000000000592 4099.178857419294218 20.495892725183698
0.187800000000000 0.999999999999864 1.249999999999828 0.000000000000589 4099.178857419294218 20.495892457901640
0.187900000000000 0.999999999999865 1.249999999999831 0.000000000000587 4099.178857419294218 20.495892172284822
0.188000000000000 0.999999999999865 1.249999999999830 0.000000000000586 4099.178857419294218 20.495891869377967
0.188100000000000 0.999999999999865 1.249999999999830 0.000000000000583 4099.178857419294218 20.495891550332960
0.188200000000000 0.999999999999865 1.249999999999829 0.000000000000576 4099.178857419296946 20.495891216404871
0.188300000000000 0.999999999999865 1.249999999999830 0.000000000000571 4099.178857419289670 20.495890868944844
0.188400000000000 0.999999999999864 1.249999999999831 0.000000000000567 4099.178857419296037 20.495890509393980
0.188500000000000 0.999999999999865 1.249999999999830 0.000000000000564 4099.178857419287851 20.495890139275964
0.188600000000000 0.999999999999864 1.249999999999830 0.000000000000562 4099.178857419296037 20.495889760187548
0.188700000000000 0.999999999999865 1.249999999999830 0.000000000000560 4099.178857419290580 20.495889373791876
0.188800000000000 0.999999999999864 1.249999999999829 0.000000000000557 4099.178857419296037 20.495888981808591
0.188900000000000 0.999999999999865 1.249999999999830 0.000000000000552 4099.178857419291489 20.495888586005574
0.189000000000000 0.999999999999866 1.249999999999828 0.000000000000547 4099.178857419299675 20.495888188188690
0.189100000000000 0.999999999999865 1.249999999999829 0.000000000000542 4099.178857419296037 20.495887790191620
0.189200000000000 0.999999999999864 1.249999999999830 0.000000000000542 4099.178857419296037 20.495887393867527
0.189300000000000 0.999999999999865 1.249999999999830 0.000000000000536 4099.178857419296037 20.495887001077623
0.189400000000000 0.999999999999864 1.249999999999830 0.000000000000534 4099.178857419293308 20.495886613681005
0.189500000000000 0.999999999999861 1.249999999999828 0.000000000000526 4099.178857419294218 20.495886233524924
0.189600000000000 0.999999999999864 1.249999999999830 0.000000000000521 4099.178857419292399 20.495885862434402
0.189700000000000 0.999999999999865 1.249999999999829 0.000000000000517 4099.178857419296037 20.495885502202544
0.189800000000000 0.999999999999862 1.249999999999831 0.000000000000516 4099.178857419294218 20.495885154578893
0.189900000000000 0.999999999999862 1.249999999999829 0.000000000000511 4099.178857419291489 20.495884821263289
0.190000000000000 0.999999999999863 1.249999999999830 0.000000000000508 4099.178857419287851 20.495884503891126
0.190100000000000 0.999999999999864 1.249999999999829 0.000000000000499 4099.178857419290580 20.495884204029441
0.190200000000000 0.999999999999863 1.249999999999829 0.000000000000494 4099.178857419288761 20.495883923164822
0.190300000000000 0.999999999999865 1.249999999999830 0.000000000000491 4099.178857419286942 20.495883662695633
0.190400000000000 0.999999999999862 1.249999999999829 0.000000000000484 4099.178857419288761 20.495883423925491
0.190500000000000 0.999999999999862 1.249999999999828 0.000000000000477 4099.178857419282394 20.495883208053655
0.190600000000000 0.999999999999861 1.249999999999830 0.000000000000474 4099.178857419286942 20.495883016169866
0.190700000000000 0.999999999999864 1.249999999999827 0.000000000000473 4099.178857419284213 20.495882849248275
0.190800000000000 0.999999999999861 1.249999999999828 0.000000000000468 4099.178857419292399 20.495882708139561
0.190900000000000 0.999999999999863 1.249999999999826 0.000000000000467 4099.178857419283304 20.495882593568904
0.191000000000000 0.999999999999863 1.249999999999828 0.000000000000465 4099.178857419286032 20.495882506129536
0.191100000000000 0.999999999999863 1.249999999999826 0.000000000000459 4099.178857419284213 20.495882446281428
0.191200000000000 0.999999999999864 1.249999999999828 0.000000000000453 4099.178857419284213 20.495882414345104
0.191300000000000 0.999999999999861 1.249999999999827 0.000000000000445 4099.178857419283304 20.495882410503935
0.191400000000000 0.999999999999862 1.249999999999826 0.000000000000441 4099.178857419288761 20.495882434799629
0.191500000000000 0.999999999999863 1.249999999999828 0.000000000000434 4099.178857419286942 20.495882487132576
0.191600000000000 0.999999999999862 1.249999999999828 0.000000000000428 4099.178857419286942 20.495882567263340
0.191700000000000 0.999999999999863 1.249999999999829 0.000000000000422 4099.178857419286032 20.495882674812581
0.191800000000000 0.999999999999863 1.249999999999827 0.000000000000417 4099.178857419286942 20.495882809263627
0.191900000000000 0.999999999999863 1.249999999999828 0.000000000000410 4099.178857419283304 20.495882969963716
0.192000000000000 0.999999999999861 1.249999999999828 0.000000000000404 4099.178857419283304 20.495883156130450
0.192100000000000 0.999999999999863 1.249999999999828 0.000000000000398 4099.178857419286942 20.495883366852969
0.192200000000000 0.999999999999861 1.249999999999829 0.000000000000394 4099.178857419286942 20.495883601098004
0.192300000000000 0.999999999999860 1.249999999999828 0.000000000000387 4099.178857419285123 20.495883857716500
0.192400000000000 0.999999999999861 1.249999999999828 0.000000000000380 4099.178857419285123 20.495884135447373
0.192500000000000 0.999999999999862 1.249999999999829 0.000000000000375 4099.178857419279666 20.495884432926861
0.192600000000000 0.999999999999862 1.249999999999826 0.000000000000373 4099.178857419276028 20.495884748695257
0.192700000000000 0.999999999999862 1.249999999999826 0.000000000000367 4099.178857419284213 20.495885081203376
0.192800000000000 0.999999999999863 1.249999999999828 0.000000000000357 4099.178857419281485 20.495885428823303
0.192900000000000 0.999999999999861 1.249999999999827 0.000000000000353 4099.178857419286032 20.495885789856384
0.193000000000000 0.999999999999862 1.249999999999828 0.000000000000346 4099.178857419283304 20.495886162542014
0.193100000000000 0.999999999999861 1.249999999999825 0.000000000000341 4099.178857419279666 20.495886545068267
0.193200000000000 0.999999999999860 1.249999999999827 0.000000000000337 4099.178857419278756 20.495886935580330
0.193300000000000 0.999999999999861 1.249999999999826 0.000000000000332 4099.178857419286032 20.495887332193842
0.193400000000000 0.999999999999860 1.249999999999826 0.000000000000326 4099.178857419276937 20.495887733000803
0.193500000000000 0.999999999999859 1.249999999999827 0.000000000000321 4099.178857419274209 20.495888136084183
0.193600000000000 0.999999999999860 1.249999999999827 0.000000000000314 4099.178857419275118 20.495888539526483
0.193700000000000 0.999999999999860 1.249999999999827 0.000000000000310 4099.178857419277847 20.495888941420041
0.193800000000000 0.999999999999861 1.249999999999827 0.000000000000306 4099.178857419280575 20.495889339878431
0.193900000000000 0.999999999999859 1.249999999999826 0.000000000000303 4099.178857419274209 20.495889733046358
0.194000000000000 0.999999999999860 1.249999999999826 0.000000000000296 4099.178857419276028 20.495890119109252
0.194100000000000 0.999999999999859 1.249999999999827 0.000000000000294 4099.178857419276028 20.495890496304501
0.194200000000000 0.999999999999862 1.249999999999825 0.000000000000289 4099.178857419277847 20.495890862930562
0.194300000000000 0.999999999999862 1.249999999999827 0.000000000000285 4099.178857419276028 20.495891217354508
0.194400000000000 0.999999999999860 1.249999999999823 0.000000000000280 4099.178857419283304 20.495891558024638
0.194500000000000 0.999999999999860 1.249999999999827 0.000000000000274 4099.178857419272390 20.495891883473760
0.194600000000000 0.999999999999861 1.249999999999826 0.000000000000266 4099.178857419274209 20.495892192332555
0.194700000000000 0.999999999999859 1.249999999999825 0.000000000000262 4099.178857419276028 20.495892483332852
0.194800000000000 0.999999999999860 1.249999999999826 0.000000000000255 4099.178857419274209 20.495892755315694
0.194900000000000 0.999999999999860 1.249999999999826 0.000000000000246 4099.178857419281485 20.495893007237580
0.195000000000000 0.999999999999859 1.249999999999826 0.000000000000242 4099.178857419274209 20.495893238175977
0.195100000000000 0.999999999999858 1.249999999999825 0.000000000000234 4099.178857419277847 20.495893447333444
0.195200000000000 0.999999999999860 1.249999999999826 0.000000000000228 4099.178857419281485 20.495893634041625
0.195300000000000 0.999999999999861 1.249999999999828 0.000000000000224 4099.178857419280575 20.495893797765525
0.195400000000000 0.999999999999857 1.249999999999826 0.000000000000220 4099.178857419276028 20.495893938104995
0.195500000000000 0.999999999999860 1.249999999999824 0.000000000000213 4099.178857419279666 20.495894054796224
0.195600000000000 0.999999999999861 1.249999999999826 0.000000000000209 4099.178857419277847 20.495894147712612
0.195700000000000 0.999999999999862 1.249999999999827 0.000000000000209 4099.178857419274209 20.495894216866450
0.195800000000000 0.999999999999859 1.249999999999826 0.000000000000201 4099.178857419272390 20.495894262405898
0.195900000000000 0.999999999999859 1.249999999999825 0.000000000000198 4099.178857419266023 20.495894284614810
0.196000000000000 0.999999999999858 1.249999999999824 0.000000000000191 4099.178857419270571 20.495894283910260
0.196100000000000 0.999999999999859 1.249999999999823 0.000000000000184 4099.178857419276028 20.495894260838774
0.196200000000000 0.999999999999858 1.249999999999824 0.000000000000179 4099.178857419270571 20.495894216073381
0.196300000000000 0.999999999999861 1.249999999999827 0.000000000000172 4099.178857419274209 20.495894150407775
0.196400000000000 0.999999999999860 1.249999999999826 0.000000000000170 4099.178857419270571 20.495894064753944
0.196500000000000 0.999999999999862 1.249999999999823 0.000000000000165 4099.178857419272390 20.495893960132339
0.196600000000000 0.999999999999858 1.249999999999824 0.000000000000164 4099.178857419277847 20.495893837666664
0.196700000000000 0.999999999999859 1.249999999999822 0.000000000000159 4099.178857419276028 20.495893698578620
0.196800000000000 0.999999999999859 1.249999999999825 0.000000000000153 4099.178857419276028 20.495893544176848
0.196900000000000 0.999999999999857 1.249999999999824 0.000000000000150 4099.178857419271480 20.495893375852241
0.197000000000000 0.999999999999858 1.249999999999824 0.000000000000147 4099.178857419274209 20.495893195065737
0.197100000000000 0.999999999999858 1.249999999999823 0.000000000000144 4099.178857419273299 20.495893003341720
0.197200000000000 0.999999999999859 1.249999999999822 0.000000000000140 4099.178857419272390 20.495892802256570
0.197300000000000 0.999999999999860 1.249999999999824 0.000000000000136 4099.178857419272390 20.495892593430003
0.197400000000000 0.999999999999859 1.249999999999823 0.000000000000130 4099.178857419270571 20.495892378515666
0.197500000000000 0.999999999999859 1.249999999999823 0.000000000000132 4099.178857419268752 20.495892159188092
0.197600000000000 0.999999999999859 1.249999999999824 0.000000000000128 4099.178857419278756 20.495891937136154
0.197700000000000 0.999999999999860 1.249999999999823 0.000000000000124 4099.178857419265114 20.495891714049336
0.197800000000000 0.999999999999858 1.249999999999822 0.000000000000119 4099.178857419268752 20.495891491608692
0.197900000000000 0.999999999999858 1.249999999999822 0.000000000000116 4099.178857419262386 20.495891271476264
0.198000000000000 0.999999999999858 1.249999999999821 0.000000000000113 4099.178857419268752 20.495891055285394
0.198100000000000 0.999999999999858 1.249999999999824 0.000000000000111 4099.178857419270571 20.495890844628725
0.198200000000000 0.999999999999860 1.249999999999823 0.000000000000108 4099.178857419274209 20.495890641051233
0.198300000000000 0.999999999999859 1.249999999999822 0.000000000000102 4099.178857419265114 20.495890446038189
0.198400000000000 0.999999999999859 1.249999999999822 0.000000000000099 4099.178857419270571 20.495890261006583
0.198500000000000 0.999999999999858 1.249999999999820 0.000000000000094 4099.178857419271480 20.495890087296921
0.198600000000000 0.999999999999860 1.249999999999820 0.000000000000088 4099.178857419269661 20.495889926164391
0.198700000000000 0.999999999999858 1.249999999999823 0.000000000000085 4099.178857419265114 20.495889778770827
0.198800000000000 0.999999999999858 1.249999999999820 0.000000000000085 4099.178857419264205 20.495889646179364
0.198900000000000 0.999999999999857 1.249999999999821 0.000000000000085 4099.178857419271480 20.495889529343678
0.199000000000000 0.999999999999859 1.249999999999821 0.000000000000082 4099.178857419268752 20.495889429106555
0.199100000000000 0.999999999999859 1.249999999999819 0.000000000000081 4099.178857419261476 20.495889346191746
0.199200000000000 0.999999999999858 1.249999999999822 0.000000000000075 4099.178857419259657 20.495889281199471
0.199300000000000 0.999999999999857 1.249999999999823 0.000000000000070 4099.178857419266933 20.495889234604487
0.199400000000000 0.999999999999857 1.249999999999821 0.000000000000067 4099.178857419261476 20.495889206751119
0.199500000000000 0.999999999999857 1.249999999999820 0.000000000000065 4099.178857419268752 20.495889197850644
0.199600000000000 0.999999999999857 1.249999999999820 0.000000000000065 4099.178857419267842 20.495889207981623
0.199700000000000 0.999999999999856 1.249999999999819 0.000000000000067 4099.178857419256019 20.495889237087589
0.199800000000000 0.999999999999857 1.249999999999818 0.000000000000065 4099.178857419263295 20.495889284977771
0.199900000000000 0.999999999999856 1.249999999999818 0.000000000000060 4099.178857419266023 20.495889351328159
0.200000000000000 0.999999999999856 1.249999999999818 0.000000000000056 4099.178857419261476 20.495889435683349
0.200100000000000 0.999999999999854 1.249999999999819 0.000000000000053 4099.178857419259657 20.495889537457607
0.200200000000000 0.999999999999857 1.249999999999820 0.000000000000052 4099.178857419263295 20.495889655940520
0.200300000000000 0.999999999999854 1.249999999999819 0.000000000000048 4099.178857419265114 20.495889790299827
0.200400000000000 0.999999999999857 1.249999999999820 0.000000000000047 4099.178857419262386 20.495889939585485
0.200500000000000 0.999999999999856 1.249999999999819 0.000000000000049 4099.178857419256019 20.495890102737388
0.200600000000000 0.999999999999855 1.249999999999819 0.000000000000051 4099.178857419256019 20.495890278588771
0.200700000000000 0.999999999999856 1.249999999999819 0.000000000000051 4099.178857419263295 20.495890465876837
0.200800000000000 0.999999999999854 1.249999999999817 0.000000000000051 4099.178857419256929 20.495890663246506
0.200900000000000 0.999999999999857 1.249999999999818 0.000000000000050 4099.178857419262386 20.495890869260606
0.201000000000000 0.999999999999855 1.249999999999816 0.000000000000050 4099.178857419257838 20.495891082408725
0.201100000000000 0.999999999999857 1.249999999999818 0.000000000000054 4099.178857419257838 20.495891301114895
0.201200000000000 0.999999999999856 1.249999999999817 0.000000000000055 4099.178857419252381 20.495891523749176
0.201300000000000 0.999999999999855 1.249999999999815 0.000000000000058 4099.178857419263295 20.495891748635181
0.201400000000000 0.999999999999856 1.249999999999816 0.000000000000055 4099.178857419266023 20.495891974061628
0.201500000000000 0.999999999999855 1.249999999999817 0.000000000000054 4099.178857419252381 20.495892198293280
0.201600000000000 0.999999999999856 1.249999999999817 0.000000000000053 4099.178857419256019 20.495892419580265
0.201700000000000 0.999999999999855 1.249999999999818 0.000000000000058 4099.178857419256019 20.495892636170332
0.201800000000000 0.999999999999856 1.249999999999815 0.000000000000054 4099.178857419252381 20.495892846318725
0.201900000000000 0.999999999999854 1.249999999999816 0.000000000000051 4099.178857419259657 20.495893048298218
0.202000000000000 0.999999999999856 1.249999999999817 0.000000000000053 4099.178857419248743 20.495893240412219
0.202100000000000 0.999999999999857 1.249999999999817 0.000000000000056 4099.178857419258748 20.495893421002755
0.202200000000000 0.999999999999853 1.249999999999817 0.000000000000057 4099.178857419250562 20.495893588463840
0.202300000000000 0.999999999999854 1.249999999999814 0.000000000000058 4099.178857419251472 20.495893741248992
0.202400000000000 0.999999999999855 1.249999999999816 0.000000000000058 4099.178857419251472 20.495893877881883
0.202500000000000 0.999999999999854 1.249999999999816 0.000000000000057 4099.178857419259657 20.495893996967087
0.202600000000000 0.999999999999854 1.249999999999814 0.000000000000058 4099.178857419255110 20.495894097197787
0.202700000000000 0.999999999999855 1.249999999999816 0.000000000000064 4099.178857419256929 20.495894177364526
0.202800000000000 0.999999999999854 1.249999999999814 0.000000000000065 4099.178857419252381 20.495894236364254
0.202900000000000 0.999999999999855 1.249999999999815 0.000000000000068 4099.178857419247834 20.495894273206115
0.203000000000000 0.999999999999854 1.249999999999814 0.000000000000071 4099.178857419254200 20.495894287020239
0.203100000000000 0.999999999999852 1.249999999999813 0.000000000000075 4099.178857419259657 20.495894277061602
0.203200000000000 0.999999999999852 1.249999999999815 0.000000000000072 4099.178857419251472 20.495894242717590
0.203300000000000 0.999999999999852 1.249999999999815 0.000000000000080 4099.178857419248743 20.495894183511538
0.203400000000000 0.999999999999854 1.249999999999813 0.000000000000077 4099.178857419254200 20.495894099107108
0.203500000000000 0.999999999999853 1.249999999999814 0.000000000000080 4099.178857419245105 20.495893989310360
0.203600000000000 0.999999999999854 1.249999999999813 0.000000000000082 4099.178857419246924 20.495893854073902
0.203700000000000 0.999999999999852 1.249999999999812 0.000000000000085 4099.178857419254200 20.495893693496257
0.203800000000000 0.999999999999855 1.249999999999813 0.000000000000087 4099.178857419249653 20.495893507823652
0.203900000000000 0.999999999999853 1.249999999999812 0.000000000000092 4099.178857419245105 20.495893297449992
0.204000000000000 0.999999999999851 1.249999999999810 0.000000000000096 4099.178857419243286 20.495893062914789
0.204100000000000 0.999999999999853 1.249999999999811 0.000000000000099 4099.178857419248743 20.495892804901477
0.204200000000000 0.999999999999854 1.249999999999811 0.000000000000101 4099.178857419254200 20.495892524234815
0.204300000000000 0.999999999999852 1.249999999999811 0.000000000000107 4099.178857419248743 20.495892221877551
0.204400000000000 0.999999999999852 1.249999999999810 0.000000000000109 4099.178857419243286 20.495891898924814
0.204500000000000 0.999999999999853 1.249999999999810 0.000000000000112 4099.178857419251472 20.495891556599755
0.204600000000000 0.999999999999852 1.249999999999812 0.000000000000118 4099.178857419250562 20.495891196246625
0.204700000000000 0.999999999999852 1.249999999999812 0.000000000000120 4099.178857419248743 20.495890819325911
0.204800000000000 0.999999999999851 1.249999999999811 0.000000000000124 4099.178857419245105 20.495890427404877
0.204900000000000 0.999999999999854 1.249999999999811 0.000000000000130 4099.178857419246015 20.495890022149545
0.205000000000000 0.999999999999852 1.249999999999812 0.000000000000135 4099.178857419246924 20.495889605317242
0.205100000000000 0.999999999999854 1.249999999999811 0.000000000000140 4099.178857419245105 20.495889178746928
0.205200000000000 0.999999999999852 1.249999999999810 0.000000000000147 4099.178857419247834 20.495888744348711
0.205300000000000 0.999999999999854 1.249999999999811 0.000000000000151 4099.178857419245105 20.495888304093278
0.205400000000000 0.999999999999855 1.249999999999809 0.000000000000155 4099.178857419241467 20.495887860004085
0.205500000000000 0.999999999999853 1.249999999999811 0.000000000000155 4099.178857419248743 20.495887414141922
0.205600000000000 0.999999999999852 1.249999999999810 0.000000000000161 4099.178857419249653 20.495886968597798
0.205700000000000 0.999999999999853 1.249999999999811 0.000000000000167 4099.178857419246924 20.495886525479186
0.205800000000000 0.999999999999853 1.249999999999810 0.000000000000175 4099.178857419244196 20.495886086899485
0.205900000000000 0.999999999999852 1.249999999999809 0.000000000000178 4099.178857419244196 20.495885654965466
0.206000000000000 0.999999999999853 1.249999999999810 0.000000000000184 4099.178857419244196 20.495885231765715
0.206100000000000 0.999999999999853 1.249999999999810 0.000000000000190 4099.178857419243286 20.495884819360974
0.206200000000000 0.999999999999851 1.249999999999809 0.000000000000198 4099.178857419243286 20.495884419770064
0.206300000000000 0.999999999999851 1.249999999999809 0.000000000000205 4099.178857419246015 20.495884034959385
0.206400000000000 0.999999999999854 1.249999999999810 0.000000000000209 4099.178857419240558 20.495883666833041
0.206500000000000 0.999999999999851 1.249999999999808 0.000000000000215 4099.178857419247834 20.495883317221075
0.206600000000000 0.999999999999853 1.249999999999809 0.000000000000219 4099.178857419248743 20.495882987868661
0.206700000000000 0.999999999999851 1.249999999999808 0.000000000000225 4099.178857419235101 20.495882680428455
0.206800000000000 0.999999999999850 1.249999999999808 0.000000000000231 4099.178857419241467 20.495882396448390
0.206900000000000 0.999999999999851 1.249999999999807 0.000000000000231 4099.178857419241467 20.495882137364934
0.207000000000000 0.999999999999851 1.249999999999807 0.000000000000238 4099.178857419242377 20.495881904493991
0.207100000000000 0.999999999999850 1.249999999999807 0.000000000000246 4099.178857419236010 20.495881699023773
0.207200000000000 0.999999999999853 1.249999999999808 0.000000000000253 4099.178857419241467 20.495881522007636
0.207300000000000 0.999999999999850 1.249999999999807 0.000000000000255 4099.178857419238739 20.495881374358415
0.207400000000000 0.999999999999850 1.249999999999808 0.000000000000258 4099.178857419236010 20.495881256842267
0.207500000000000 0.999999999999853 1.249999999999808 0.000000000000262 4099.178857419232372 20.495881170075155
0.207600000000000 0.999999999999851 1.249999999999807 0.000000000000265 4099.178857419229644 20.495881114519239
0.207700000000000 0.999999999999850 1.249999999999809 0.000000000000265 4099.178857419235101 20.495881090477781
0.207800000000000 0.999999999999853 1.249999999999807 0.000000000000273 4099.178857419236010 20.495881098098025
0.207900000000000 0.999999999999850 1.249999999999806 0.000000000000276 4099.178857419234191 20.495881137364051
0.208000000000000 0.999999999999850 1.249999999999807 0.000000000000281 4099.178857419234191 20.495881208101309
0.208100000000000 0.999999999999851 1.249999999999809 0.000000000000287 4099.178857419234191 20.495881309975609
0.208200000000000 0.999999999999849 1.249999999999807 0.000000000000292 4099.178857419230553 20.495881442495900
0.208300000000000 0.999999999999849 1.249999999999808 0.000000000000299 4099.178857419237829 20.495881605013633
0.208400000000000 0.999999999999852 1.249999999999806 0.000000000000307 4099.178857419234191 20.495881796731300
0.208500000000000 0.999999999999849 1.249999999999807 0.000000000000314 4099.178857419234191 20.495882016700715
0.208600000000000 0.999999999999850 1.249999999999807 0.000000000000321 4099.178857419237829 20.495882263834044
0.208700000000000 0.999999999999851 1.249999999999807 0.000000000000327 4099.178857419230553 20.495882536905683
0.208800000000000 0.999999999999848 1.249999999999806 0.000000000000335 4099.178857419236920 20.495882834559435
0.208900000000000 0.999999999999848 1.249999999999806 0.000000000000341 4099.178857419239648 20.495883155318356
0.209000000000000 0.999999999999850 1.249999999999804 0.000000000000347 4099.178857419235101 20.495883497589787
0.209100000000000 0.999999999999851 1.249999999999807 0.000000000000354 4099.178857419236010 20.495883859675857
0.209200000000000 0.999999999999851 1.249999999999805 0.000000000000364 4099.178857419229644 20.495884239783297
0.209300000000000 0.999999999999848 1.249999999999806 0.000000000000373 4099.178857419236010 20.495884636031224
0.209400000000000 0.999999999999849 1.249999999999806 0.000000000000376 4099.178857419236920 20.495885046463435
0.209500000000000 0.999999999999851 1.249999999999805 0.000000000000381 4099.178857419234191 20.495885469058702
0.209600000000000 0.999999999999850 1.249999999999806 0.000000000000390 4099.178857419230553 20.495885901741524
0.209700000000000 0.999999999999850 1.249999999999805 0.000000000000399 4099.178857419230553 20.495886342393959
0.209800000000000 0.999999999999848 1.249999999999805 0.000000000000406 4099.178857419227825 20.495886788867075
0.209900000000000 0.999999999999851 1.249999999999806 0.000000000000413 4099.178857419231463 20.495887238993415
0.210000000000000 0.999999999999848 1.249999999999806 0.000000000000421 4099.178857419232372 20.495887690598284
0.210100000000000 0.999999999999850 1.249999999999806 0.000000000000425 4099.178857419229644 20.495888141512307
0.210200000000000 0.999999999999847 1.249999999999804 0.000000000000432 4099.178857419230553 20.495888589583050
0.210300000000000 0.999999999999849 1.249999999999806 0.000000000000435 4099.178857419230553 20.495889032686119
0.210400000000000 0.999999999999848 1.249999999999805 0.000000000000440 4099.178857419228734 20.495889468739719
0.210500000000000 0.999999999999848 1.249999999999805 0.000000000000444 4099.178857419228734 20.495889895712011
0.210600000000000 0.999999999999848 1.249999999999805 0.000000000000444 4099.178857419230553 20.495890311635321
0.210700000000000 0.999999999999848 1.249999999999805 0.000000000000447 4099.178857419223277 20.495890714616230
0.210800000000000 0.999999999999848 1.249999999999805 0.000000000000454 4099.178857419228734 20.495891102844933
0.210900000000000 0.999999999999848 1.249999999999802 0.000000000000459 4099.178857419226915 20.495891474606580
0.211000000000000 0.999999999999850 1.249999999999804 0.000000000000470 4099.178857419228734 20.495891828288347
0.211100000000000 0.999999999999847 1.249999999999806 0.000000000000477 4099.178857419226915 20.495892162390881
0.211200000000000 0.999999999999849 1.249999999999806 0.000000000000480 4099.178857419228734 20.495892475534838
0.211300000000000 0.999999999999847 1.249999999999804 0.000000000000484 4099.178857419226915 20.495892766468273
0.211400000000000 0.999999999999847 1.249999999999805 0.000000000000492 4099.178857419226915 20.495893034072143
0.211500000000000 0.999999999999849 1.249999999999804 0.000000000000498 4099.178857419219639 20.495893277369159
0.211600000000000 0.999999999999847 1.249999999999805 0.000000000000506 4099.178857419222368 20.495893495525358
0.211700000000000 0.999999999999849 1.249999999999806 0.000000000000512 4099.178857419223277 20.495893687856803
0.211800000000000 0.999999999999848 1.249999999999804 0.000000000000519 4099.178857419225096 20.495893853831685
0.211900000000000 0.999999999999848 1.249999999999802 0.000000000000528 4099.178857419232372 20.495893993072396
0.212000000000000 0.999999999999845 1.249999999999804 0.000000000000533 4099.178857419215092 20.495894105357042
0.212100000000000 0.999999999999847 1.249999999999805 0.000000000000540 4099.178857419229644 20.495894190622153
0.212200000000000 0.999999999999849 1.249999999999805 0.000000000000546 4099.178857419223277 20.495894248959210
0.212300000000000 0.999999999999844 1.249999999999805 0.000000000000548 4099.178857419223277 20.495894280615222
0.212400000000000 0.999999999999846 1.249999999999803 0.000000000000556 4099.178857419222368 20.495894285990445
0.212500000000000 0.999999999999847 1.249999999999803 0.000000000000558 4099.178857419221458 20.495894265634622
0.212600000000000 0.999999999999846 1.249999999999805 0.000000000000562 4099.178857419219639 20.495894220243496
0.212700000000000 0.999999999999845 1.249999999999803 0.000000000000567 4099.178857419216001 20.495894150654877
0.212800000000000 0.999999999999848 1.249999999999803 0.000000000000572 4099.178857419216001 20.495894057841067
0.212900000000000 0.999999999999847 1.249999999999803 0.000000000000572 4099.178857419222368 20.495893942904608
0.213000000000000 0.999999999999846 1.249999999999803 0.000000000000575 4099.178857419220549 20.495893807069148
0.213100000000000 0.999999999999845 1.249999999999803 0.000000000000580 4099.178857419221458 20.495893651674116
0.213200000000000 0.999999999999848 1.249999999999803 0.000000000000582 4099.178857419221458 20.495893478162824
0.213300000000000 0.999999999999847 1.249999999999801 0.000000000000585 4099.178857419218730 20.495893288077333
0.213400000000000 0.999999999999846 1.249999999999803 0.000000000000590 4099.178857419219639 20.495893083044351
0.213500000000000 0.999999999999846 1.249999999999803 0.000000000000593 4099.178857419217820 20.495892864769001
0.213600000000000 0.999999999999845 1.249999999999803 0.000000000000598 4099.178857419212363 20.495892635022187
0.213700000000000 0.999999999999846 1.249999999999801 0.000000000000603 4099.178857419217820 20.495892395629728
0.213800000000000 0.999999999999846 1.249999999999801 0.000000000000610 4099.178857419218730 20.495892148460719
0.213900000000000 0.999999999999845 1.249999999999801 0.000000000000617 4099.178857419216911 20.495891895417149
0.214000000000000 0.999999999999844 1.249999999999801 0.000000000000618 4099.178857419215092 20.495891638421060
0.214100000000000 0.999999999999846 1.249999999999803 0.000000000000621 4099.178857419221458 20.495891379402739
0.214200000000000 0.999999999999843 1.249999999999802 0.000000000000628 4099.178857419217820 20.495891120289983
0.214300000000000 0.999999999999847 1.249999999999802 0.000000000000631 4099.178857419216911 20.495890862994671
0.214400000000000 0.999999999999845 1.249999999999801 0.000000000000639 4099.178857419217820 20.495890609400575
0.214500000000000 0.999999999999846 1.249999999999803 0.000000000000641 4099.178857419207816 20.495890361354110
0.214600000000000 0.999999999999848 1.249999999999800 0.000000000000649 4099.178857419218730 20.495890120651655
0.214700000000000 0.999999999999846 1.249999999999803 0.000000000000652 4099.178857419216911 20.495889889026241
0.214800000000000 0.999999999999847 1.249999999999801 0.000000000000656 4099.178857419221458 20.495889668141924
0.214900000000000 0.999999999999847 1.249999999999801 0.000000000000663 4099.178857419209635 20.495889459577743
0.215000000000000 0.999999999999845 1.249999999999800 0.000000000000667 4099.178857419212363 20.495889264822452
0.215100000000000 0.999999999999844 1.249999999999800 0.000000000000673 4099.178857419212363 20.495889085262831
0.215200000000000 0.999999999999846 1.249999999999801 0.000000000000678 4099.178857419219639 20.495888922175734
0.215300000000000 0.999999999999844 1.249999999999801 0.000000000000680 4099.178857419205087 20.495888776720218
0.215400000000000 0.999999999999845 1.249999999999801 0.000000000000684 4099.178857419206906 20.495888649930158
0.215500000000000 0.999999999999846 1.249999999999802 0.000000000000690 4099.178857419209635 20.495888542708006
0.215600000000000 0.999999999999843 1.249999999999801 0.000000000000695 4099.178857419212363 20.495888455818406
0.215700000000000 0.999999999999845 1.249999999999801 0.000000000000701 4099.178857419203268 20.495888389884009
0.215800000000000 0.999999999999844 1.249999999999802 0.000000000000704 4099.178857419208725 20.495888345381552
0.215900000000000 0.999999999999843 1.249999999999802 0.000000000000706 4099.178857419205997 20.495888322637239
0.216000000000000 0.999999999999845 1.249999999999801 0.000000000000708 4099.178857419216001 20.495888321827309
0.216100000000000 0.999999999999842 1.249999999999800 0.000000000000709 4099.178857419206906 20.495888342973338
0.216200000000000 0.999999999999844 1.249999999999802 0.000000000000708 4099.178857419201449 20.495888385944291
0.216300000000000 0.999999999999843 1.249999999999801 0.000000000000715 4099.178857419211454 20.495888450456860
0.216400000000000 0.999999999999844 1.249999999999802 0.000000000000715 4099.178857419206906 20.495888536075654
0.216500000000000 0.999999999999845 1.249999999999800 0.000000000000713 4099.178857419210544 20.495888642216695
0.216600000000000 0.999999999999843 1.249999999999801 0.000000000000711 4099.178857419203268 20.495888768149662
0.216700000000000 0.999999999999843 1.249999999999802 0.000000000000715 4099.178857419208725 20.495888913003515
0.216800000000000 0.999999999999844 1.249999999999802 0.000000000000716 4099.178857419203268 20.495889075770847
0.216900000000000 0.999999999999844 1.249999999999803 0.000000000000718 4099.178857419206906 20.495889255313248
0.217000000000000 0.999999999999843 1.249999999999801 0.000000000000714 4099.178857419203268 20.495889450369081
0.217100000000000 0.999999999999842 1.249999999999802 0.000000000000715 4099.178857419200540 20.495889659559531
0.217200000000000 0.999999999999843 1.249999999999800 0.000000000000717 4099.178857419208725 20.495889881398519
0.217300000000000 0.999999999999841 1.249999999999802 0.000000000000716 4099.178857419204178 20.495890114299897
0.217400000000000 0.999999999999843 1.249999999999802 0.000000000000717 4099.178857419205087 20.495890356588863
0.217500000000000 0.999999999999844 1.249999999999803 0.000000000000720 4099.178857419205087 20.495890606510081
0.217600000000000 0.999999999999844 1.249999999999802 0.000000000000720 4099.178857419210544 20.495890862239506
0.217700000000000 0.999999999999842 1.249999999999801 0.000000000000720 4099.178857419201449 20.495891121895074
0.217800000000000 0.999999999999843 1.249999999999802 0.000000000000722 4099.178857419212363 20.495891383547779
0.217900000000000 0.999999999999843 1.249999999999802 0.000000000000720 4099.178857419206906 20.495891645234465
0.218000000000000 0.999999999999843 1.249999999999801 0.000000000000719 4099.178857419203268 20.495891904968232
0.218100000000000 0.999999999999845 1.249999999999802 0.000000000000718 4099.178857419207816 20.495892160752533
0.218200000000000 0.999999999999841 1.249999999999801 0.000000000000719 4099.178857419204178 20.495892410591878
0.218300000000000 0.999999999999842 1.249999999999801 0.000000000000716 4099.178857419201449 20.495892652504768
0.218400000000000 0.999999999999843 1.249999999999799 0.000000000000713 4099.178857419202359 20.495892884536342
0.218500000000000 0.999999999999843 1.249999999999799 0.000000000000712 4099.178857419205087 20.495893104769721
0.218600000000000 0.999999999999844 1.249999999999802 0.000000000000714 4099.178857419205087 20.495893311338619
0.218700000000000 0.999999999999842 1.249999999999799 0.000000000000713 4099.178857419206906 20.495893502440044
0.218800000000000 0.999999999999840 1.249999999999801 0.000000000000715 4099.178857419198721 20.495893676342597
0.218900000000000 0.999999999999840 1.249999999999799 0.000000000000711 4099.178857419204178 20.495893831401837
0.219000000000000 0.999999999999843 1.249999999999802 0.000000000000708 4099.178857419198721 20.495893966066426
0.219100000000000 0.999999999999841 1.249999999999799 0.000000000000709 4099.178857419202359 20.495894078892665
0.219200000000000 0.999999999999842 1.249999999999800 0.000000000000709 4099.178857419193264 20.495894168549405
0.219300000000000 0.999999999999843 1.249999999999799 0.000000000000707 4099.178857419201449 20.495894233831038
0.219400000000000 0.999999999999841 1.249999999999799 0.000000000000705 4099.178857419205087 20.495894273662397
0.219500000000000 0.999999999999844 1.249999999999800 0.000000000000701 4099.178857419199630 20.495894287108282
0.219600000000000 0.999999999999840 1.249999999999801 0.000000000000703 4099.178857419196902 20.495894273379260
0.219700000000000 0.999999999999841 1.249999999999801 0.000000000000700 4099.178857419200540 20.495894231837259
0.219800000000000 0.999999999999841 1.249999999999801 0.000000000000697 4099.178857419203268 20.495894162000798
0.219900000000000 0.999999999999840 1.249999999999801 0.000000000000691 4099.178857419199630 20.495894063548672
0.220000000000000 0.999999999999841 1.249999999999799 0.000000000000689 4099.178857419203268 20.495893936324205
0.220100000000000 0.999999999999842 1.249999999999801 0.000000000000685 4099.178857419199630 20.495893780334733
0.220200000000000 0.999999999999842 1.249999999999799 0.000000000000684 4099.178857419196902 20.495893595756527
0.220300000000000 0.999999999999840 1.249999999999803 0.000000000000681 4099.178857419192354 20.495893382931143
0.220400000000000 0.999999999999841 1.249999999999800 0.000000000000679 4099.178857419195992 20.495893142368462
0.220500000000000 0.999999999999839 1.249999999999800 0.000000000000675 4099.178857419192354 20.495892874740917
0.220600000000000 0.999999999999840 1.249999999999800 0.000000000000670 4099.178857419195992 20.495892580884600
0.220700000000000 0.999999999999839 1.249999999999800 0.000000000000666 4099.178857419194173 20.495892261792648
0.220800000000000 0.999999999999840 1.249999999999800 0.000000000000662 4099.178857419199630 20.495891918612557
0.220900000000000 0.999999999999841 1.249999999999801 0.000000000000656 4099.178857419188716 20.495891552639620
0.221000000000000 0.999999999999840 1.249999999999799 0.000000000000653 4099.178857419194173 20.495891165311452
0.221100000000000 0.999999999999840 1.249999999999799 0.000000000000650 4099.178857419190535 20.495890758199256
0.221200000000000 0.999999999999839 1.249999999999799 0.000000000000648 4099.178857419190535 20.495890333001643
0.221300000000000 0.999999999999840 1.249999999999798 0.000000000000649 4099.178857419192354 20.495889891534233
0.221400000000000 0.999999999999840 1.249999999999798 0.000000000000644 4099.178857419190535 20.495889435721388
0.221500000000000 0.999999999999839 1.249999999999799 0.000000000000639 4099.178857419197811 20.495888967584758
0.221600000000000 0.999999999999840 1.249999999999800 0.000000000000636 4099.178857419186897 20.495888489233518
0.221700000000000 0.999999999999839 1.249999999999800 0.000000000000631 4099.178857419201449 20.495888002853121
0.221800000000000 0.999999999999841 1.249999999999800 0.000000000000628 4099.178857419189626 20.495887510692462
0.221900000000000 0.999999999999841 1.249999999999798 0.000000000000622 4099.178857419201449 20.495887015052734
0.222000000000000 0.999999999999840 1.249999999999799 0.000000000000620 4099.178857419192354 20.495886518273366
0.222100000000000 0.999999999999838 1.249999999999799 0.000000000000617 4099.178857419193264 20.495886022721614
0.222200000000000 0.999999999999839 1.249999999999800 0.000000000000618 4099.178857419192354 20.495885530777471
0.222300000000000 0.999999999999838 1.249999999999799 0.000000000000613 4099.178857419191445 20.495885044820870
0.222400000000000 0.999999999999839 1.249999999999799 0.000000000000605 4099.178857419189626 20.495884567219459
0.222500000000000 0.999999999999839 1.249999999999798 0.000000000000601 4099.178857419190535 20.495884100314434
0.222600000000000 0.999999999999839 1.249999999999801 0.000000000000595 4099.178857419196902 20.495883646407052
0.222700000000000 0.999999999999839 1.249999999999798 0.000000000000589 4099.178857419191445 20.495883207748879
0.222800000000000 0.999999999999840 1.249999999999800 0.000000000000583 4099.178857419197811 20.495882786523431
0.222900000000000 0.999999999999838 1.249999999999798 0.000000000000576 4099.178857419187807 20.495882384840062
0.223000000000000 0.999999999999841 1.249999999999798 0.000000000000568 4099.178857419192354 20.495882004717679
0.223100000000000 0.999999999999837 1.249999999999798 0.000000000000566 4099.178857419189626 20.495881648075752
0.223200000000000 0.999999999999836 1.249999999999797 0.000000000000558 4099.178857419187807 20.495881316722357
0.223300000000000 0.999999999999838 1.249999999999798 0.000000000000548 4099.178857419185078 20.495881012343066
0.223400000000000 0.999999999999838 1.249999999999800 0.000000000000543 4099.178857419185078 20.495880736493824
0.223500000000000 0.999999999999838 1.249999999999799 0.000000000000540 4099.178857419192354 20.495880490590341
0.223600000000000 0.999999999999839 1.249999999999799 0.000000000000534 4099.178857419186897 20.495880275899516
0.223700000000000 0.999999999999836 1.249999999999800 0.000000000000528 4099.178857419187807 20.495880093532683
0.223800000000000 0.999999999999838 1.249999999999799 0.000000000000520 4099.178857419186897 20.495879944440059
0.223900000000000 0.999999999999838 1.249999999999797 0.000000000000518 4099.178857419190535 20.495879829403961
0.224000000000000 0.999999999999840 1.249999999999796 0.000000000000515 4099.178857419185988 20.495879749034451
0.224100000000000 0.999999999999841 1.249999999999796 0.000000000000506 4099.178857419185988 20.495879703765862
0.224200000000000 0.999999999999838 1.249999999999798 0.000000000000503 4099.178857419189626 20.495879693854050
0.224300000000000 0.999999999999838 1.249999999999798 0.000000000000499 4099.178857419183259 20.495879719375434
0.224400000000000 0.999999999999837 1.249999999999798 0.000000000000494 4099.178857419185988 20.495879780224698
0.224500000000000 0.999999999999838 1.249999999999797 0.000000000000490 4099.178857419186897 20.495879876116600
0.224600000000000 0.999999999999840 1.249999999999798 0.000000000000480 4099.178857419185078 20.495880006586322
0.224700000000000 0.999999999999838 1.249999999999798 0.000000000000471 4099.178857419185988 20.495880170993061
0.224800000000000 0.999999999999837 1.249999999999797 0.000000000000467 4099.178857419185988 20.495880368522702
0.224900000000000 0.999999999999837 1.249999999999798 0.000000000000462 4099.178857419189626 20.495880598191448
0.225000000000000 0.999999999999840 1.249999999999799 0.000000000000458 4099.178857419186897 20.495880858852026
0.225100000000000 0.999999999999838 1.249999999999800 0.000000000000454 4099.178857419182350 20.495881149200297
0.225200000000000 0.999999999999835 1.249999999999799 0.000000000000447 4099.178857419187807 20.495881467782151
0.225300000000000 0.999999999999839 1.249999999999798 0.000000000000441 4099.178857419185078 20.495881813000079
0.225400000000000 0.999999999999839 1.249999999999797 0.000000000000433 4099.178857419185988 20.495882183123538
0.225500000000000 0.999999999999838 1.249999999999798 0.000000000000429 4099.178857419186897 20.495882576298197
0.225600000000000 0.999999999999838 1.249999999999798 0.000000000000421 4099.178857419184169 20.495882990555842
0.225700000000000 0.999999999999838 1.249999999999797 0.000000000000416 4099.178857419177803 20.495883423825941
0.225800000000000 0.999999999999837 1.249999999999796 0.000000000000413 4099.178857419176893 20.495883873946131
0.225900000000000 0.999999999999837 1.249999999999798 0.000000000000406 4099.178857419177803 20.495884338674234
0.226000000000000 0.999999999999836 1.249999999999797 0.000000000000401 4099.178857419182350 20.495884815702404
0.226100000000000 0.999999999999836 1.249999999999798 0.000000000000397 4099.178857419183259 20.495885302667627
0.226200000000000 0.999999999999835 1.249999999999798 0.000000000000394 4099.178857419182350 20.495885797166196
0.226300000000000 0.999999999999835 1.249999999999798 0.000000000000386 4099.178857419183259 20.495886296767509
0.226400000000000 0.999999999999838 1.249999999999796 0.000000000000377 4099.178857419181440 20.495886799025538
0.226500000000000 0.999999999999836 1.249999999999798 0.000000000000370 4099.178857419182350 20.495887301494310
0.226600000000000 0.999999999999836 1.249999999999797 0.000000000000362 4099.178857419180531 20.495887801740803
0.226700000000000 0.999999999999836 1.249999999999797 0.000000000000355 4099.178857419177803 20.495888297358817
0.226800000000000 0.999999999999836 1.249999999999797 0.000000000000352 4099.178857419174165 20.495888785981276
0.226900000000000 0.999999999999836 1.249999999999793 0.000000000000347 4099.178857419175984 20.495889265294526
0.227000000000000 0.999999999999835 1.249999999999797 0.000000000000342 4099.178857419175984 20.495889733048816
0.227100000000000 0.999999999999836 1.249999999999795 0.000000000000332 4099.178857419172346 20.495890187075734
0.227200000000000 0.999999999999834 1.249999999999795 0.000000000000328 4099.178857419172346 20.495890625293612
0.227300000000000 0.999999999999836 1.249999999999796 0.000000000000322 4099.178857419175074 20.495891045723809
0.227400000000000 0.999999999999836 1.249999999999794 0.000000000000317 4099.178857419175074 20.495891446499428
0.227500000000000 0.999999999999834 1.249999999999795 0.000000000000311 4099.178857419176893 20.495891825875105
0.227600000000000 0.999999999999836 1.249999999999796 0.000000000000304 4099.178857419174165 20.495892182237682
0.227700000000000 0.999999999999834 1.249999999999795 0.000000000000299 4099.178857419175074 20.495892514115443
0.227800000000000 0.999999999999836 1.249999999999794 0.000000000000294 4099.178857419170527 20.495892820182291
0.227900000000000 0.999999999999836 1.249999999999794 0.000000000000292 4099.178857419172346 20.495893099269470
0.228000000000000 0.999999999999835 1.249999999999795 0.000000000000288 4099.178857419170527 20.495893350368362
0.228100000000000 0.999999999999835 1.249999999999795 0.000000000000281 4099.178857419172346 20.495893572637151
0.228200000000000 0.999999999999834 1.249999999999794 0.000000000000279 4099.178857419166889 20.495893765404350
0.228300000000000 0.999999999999837 1.249999999999795 0.000000000000273 4099.178857419175984 20.495893928171604
0.228400000000000 0.999999999999834 1.249999999999795 0.000000000000271 4099.178857419172346 20.495894060617388
0.228500000000000 0.999999999999835 1.249999999999792 0.000000000000262 4099.178857419172346 20.495894162596390
0.228600000000000 0.999999999999835 1.249999999999793 0.000000000000258 4099.178857419173255 20.495894234139389
0.228700000000000 0.999999999999833 1.249999999999793 0.000000000000253 4099.178857419168708 20.495894275455036
0.228800000000000 0.999999999999834 1.249999999999793 0.000000000000246 4099.178857419170527 20.495894286925104
0.228900000000000 0.999999999999834 1.249999999999795 0.000000000000241 4099.178857419172346 20.495894269101989
0.229000000000000 0.999999999999832 1.249999999999792 0.000000000000237 4099.178857419172346 20.495894222706497
0.229100000000000 0.999999999999834 1.249999999999792 0.000000000000233 4099.178857419163251 20.495894148619922
0.229200000000000 0.999999999999833 1.249999999999794 0.000000000000224 4099.178857419175074 20.495894047880594
0.229300000000000 0.999999999999834 1.249999999999794 0.000000000000218 4099.178857419166889 20.495893921676522
0.229400000000000 0.999999999999835 1.249999999999793 0.000000000000211 4099.178857419165979 20.495893771337261
0.229500000000000 0.999999999999832 1.249999999999791 0.000000000000205 4099.178857419171436 20.495893598325452
0.229600000000000 0.999999999999832 1.249999999999793 0.000000000000202 4099.178857419166889 20.495893404226653
0.229700000000000 0.999999999999834 1.249999999999791 0.000000000000193 4099.178857419170527 20.495893190742159
0.229800000000000 0.999999999999834 1.249999999999792 0.000000000000185 4099.178857419170527 20.495892959675274
0.229900000000000 0.999999999999833 1.249999999999793 0.000000000000182 4099.178857419166889 20.495892712921137
0.230000000000000 0.999999999999831 1.249999999999792 0.000000000000177 4099.178857419166889 20.495892452455994
0.230100000000000 0.999999999999833 1.249999999999793 0.000000000000174 4099.178857419163251 20.495892180323136
0.230200000000000 0.999999999999833 1.249999999999793 0.000000000000172 4099.178857419155975 20.495891898620716
0.230300000000000 0.999999999999834 1.249999999999791 0.000000000000169 4099.178857419163251 20.495891609490183
0.230400000000000 0.999999999999833 1.249999999999790 0.000000000000165 4099.178857419165979 20.495891315101236
0.230500000000000 0.999999999999835 1.249999999999792 0.000000000000165 4099.178857419165070 20.495891017638503
0.230600000000000 0.999999999999832 1.249999999999791 0.000000000000163 4099.178857419166889 20.495890719290166
0.230700000000000 0.999999999999834 1.249999999999789 0.000000000000161 4099.178857419172346 20.495890422232410
0.230800000000000 0.999999999999832 1.249999999999790 0.000000000000156 4099.178857419159613 20.495890128615802
0.230900000000000 0.999999999999832 1.249999999999790 0.000000000000157 4099.178857419165070 20.495889840554163
0.231000000000000 0.999999999999834 1.249999999999791 0.000000000000151 4099.178857419161432 20.495889560109536
0.231100000000000 0.999999999999833 1.249999999999790 0.000000000000147 4099.178857419165979 20.495889289280562
0.231200000000000 0.999999999999834 1.249999999999791 0.000000000000138 4099.178857419166889 20.495889029989247
0.231300000000000 0.999999999999834 1.249999999999790 0.000000000000138 4099.178857419171436 20.495888784070832
0.231400000000000 0.999999999999833 1.249999999999789 0.000000000000135 4099.178857419157794 20.495888553259675
0.231500000000000 0.999999999999831 1.249999999999789 0.000000000000132 4099.178857419165070 20.495888339181192
0.231600000000000 0.999999999999832 1.249999999999788 0.000000000000128 4099.178857419161432 20.495888143340867
0.231700000000000 0.999999999999831 1.249999999999789 0.000000000000122 4099.178857419159613 20.495887967113912
0.231800000000000 0.999999999999831 1.249999999999788 0.000000000000117 4099.178857419162341 20.495887811738704
0.231900000000000 0.999999999999832 1.249999999999790 0.000000000000115 4099.178857419160522 20.495887678306158
0.232000000000000 0.999999999999832 1.249999999999788 0.000000000000113 4099.178857419157794 20.495887567757308
0.232100000000000 0.999999999999832 1.249999999999786 0.000000000000111 4099.178857419159613 20.495887480872074
0.232200000000000 0.999999999999833 1.249999999999788 0.000000000000105 4099.178857419161432 20.495887418267312
0.232300000000000 0.999999999999833 1.249999999999789 0.000000000000107 4099.178857419159613 20.495887380393686
0.232400000000000 0.999999999999831 1.249999999999788 0.000000000000102 4099.178857419167798 20.495887367530194
0.232500000000000 0.999999999999833 1.249999999999787 0.000000000000098 4099.178857419163251 20.495887379783831
0.232600000000000 0.999999999999833 1.249999999999789 0.000000000000097 4099.178857419155975 20.495887417087296
0.232700000000000 0.999999999999831 1.249999999999788 0.000000000000097 4099.178857419154156 20.495887479201734
0.232800000000000 0.999999999999831 1.249999999999787 0.000000000000093 4099.178857419161432 20.495887565714554
0.232900000000000 0.999999999999829 1.249999999999789 0.000000000000088 4099.178857419159613 20.495887676043587
0.233000000000000 0.999999999999831 1.249999999999785 0.000000000000084 4099.178857419157794 20.495887809441474
0.233100000000000 0.999999999999829 1.249999999999786 0.000000000000078 4099.178857419158703 20.495887964996307
0.233200000000000 0.999999999999831 1.249999999999788 0.000000000000074 4099.178857419150518 20.495888141640382
0.233300000000000 0.999999999999830 1.249999999999788 0.000000000000075 4099.178857419151427 20.495888338155680
0.233400000000000 0.999999999999831 1.249999999999788 0.000000000000071 4099.178857419157794 20.495888553179427
0.233500000000000 0.999999999999828 1.249999999999788 0.000000000000067 4099.178857419161432 20.495888785213857
0.233600000000000 0.999999999999829 1.249999999999787 0.000000000000066 4099.178857419156884 20.495889032634899
0.233700000000000 0.999999999999832 1.249999999999788 0.000000000000061 4099.178857419155975 20.495889293700007
0.233800000000000 0.999999999999831 1.249999999999786 0.000000000000059 4099.178857419152337 20.495889566561921
0.233900000000000 0.999999999999830 1.249999999999788 0.000000000000057 4099.178857419160522 20.495889849276100
0.234000000000000 0.999999999999830 1.249999999999786 0.000000000000060 4099.178857419157794 20.495890139815963
0.234100000000000 0.999999999999830 1.249999999999786 0.000000000000061 4099.178857419161432 20.495890436082043
0.234200000000000 0.999999999999831 1.249999999999785 0.000000000000057 4099.178857419157794 20.495890735916024
0.234300000000000 0.999999999999829 1.249999999999785 0.000000000000061 4099.178857419159613 20.495891037114635
0.234400000000000 0.999999999999830 1.249999999999786 0.000000000000060 4099.178857419159613 20.495891337442107
0.234500000000000 0.999999999999828 1.249999999999787 0.000000000000064 4099.178857419154156 20.495891634644614
0.234600000000000 0.999999999999831 1.249999999999784 0.000000000000062 4099.178857419152337 20.495891926462203
0.234700000000000 0.999999999999831 1.249999999999785 0.000000000000062 4099.178857419145970 20.495892210644215
0.234800000000000 0.999999999999830 1.249999999999785 0.000000000000061 4099.178857419150518 20.495892484964170
0.234900000000000 0.999999999999830 1.249999999999784 0.000000000000061 4099.178857419145970 20.495892747231604
0.235000000000000 0.999999999999829 1.249999999999786 0.000000000000062 4099.178857419149608 20.495892995306331
0.235100000000000 0.999999999999830 1.249999999999784 0.000000000000066 4099.178857419154156 20.495893227113271
0.235200000000000 0.999999999999831 1.249999999999784 0.000000000000066 4099.178857419154156 20.495893440652242
0.235300000000000 0.999999999999829 1.249999999999784 0.000000000000063 4099.178857419151427 20.495893634014884
0.235400000000000 0.999999999999829 1.249999999999785 0.000000000000065 4099.178857419157794 20.495893805392452
0.235500000000000 0.999999999999830 1.249999999999786 0.000000000000069 4099.178857419145970 20.495893953091560
0.235600000000000 0.999999999999831 1.249999999999783 0.000000000000068 4099.178857419144151 20.495894075542662
0.235700000000000 0.999999999999828 1.249999999999784 0.000000000000069 4099.178857419152337 20.495894171309875
0.235800000000000 0.999999999999830 1.249999999999784 0.000000000000076 4099.178857419155065 20.495894239102572
0.235900000000000 0.999999999999828 1.249999999999786 0.000000000000077 4099.178857419152337 20.495894277782437
0.236000000000000 0.999999999999829 1.249999999999784 0.000000000000082 4099.178857419147789 20.495894286373389
0.236100000000000 0.999999999999828 1.249999999999784 0.000000000000083 4099.178857419155065 20.495894264065392
0.236200000000000 0.999999999999829 1.249999999999781 0.000000000000087 4099.178857419152337 20.495894210223330
0.236300000000000 0.999999999999828 1.249999999999782 0.000000000000091 4099.178857419144151 20.495894124389483
0.236400000000000 0.999999999999830 1.249999999999784 0.000000000000092 4099.178857419150518 20.495894006290403
0.236500000000000 0.999999999999828 1.249999999999783 0.000000000000094 4099.178857419145970 20.495893855837707
0.236600000000000 0.999999999999829 1.249999999999782 0.000000000000097 4099.178857419151427 20.495893673130066
0.236700000000000 0.999999999999830 1.249999999999782 0.000000000000100 4099.178857419150518 20.495893458454528
0.236800000000000 0.999999999999831 1.249999999999784 0.000000000000100 4099.178857419144151 20.495893212285278
0.236900000000000 0.999999999999829 1.249999999999782 0.000000000000101 4099.178857419149608 20.495892935284683
0.237000000000000 0.999999999999828 1.249999999999782 0.000000000000105 4099.178857419146880 20.495892628296513
0.237100000000000 0.999999999999828 1.249999999999781 0.000000000000102 4099.178857419146880 20.495892292346241
0.237200000000000 0.999999999999828 1.249999999999780 0.000000000000105 4099.178857419145970 20.495891928633995
0.237300000000000 0.999999999999826 1.249999999999780 0.000000000000106 4099.178857419146880 20.495891538529811
0.237400000000000 0.999999999999827 1.249999999999782 0.000000000000111 4099.178857419141423 20.495891123566405
0.237500000000000 0.999999999999830 1.249999999999782 0.000000000000115 4099.178857419142332 20.495890685432457
0.237600000000000 0.999999999999828 1.249999999999782 0.000000000000116 4099.178857419148699 20.495890225962150
0.237700000000000 0.999999999999829 1.249999999999782 0.000000000000119 4099.178857419143242 20.495889747127460
0.237800000000000 0.999999999999828 1.249999999999781 0.000000000000121 4099.178857419143242 20.495889251026657
0.237900000000000 0.999999999999829 1.249999999999779 0.000000000000124 4099.178857419143242 20.495888739873312
0.238000000000000 0.999999999999828 1.249999999999781 0.000000000000128 4099.178857419148699 20.495888215984685
0.238100000000000 0.999999999999828 1.249999999999781 0.000000000000130 4099.178857419142332 20.495887681769648
0.238200000000000 0.999999999999826 1.249999999999778 0.000000000000131 4099.178857419143242 20.495887139715279
0.238300000000000 0.999999999999829 1.249999999999781 0.000000000000131 4099.178857419146880 20.495886592371942
0.238400000000000 0.999999999999827 1.249999999999780 0.000000000000133 4099.178857419143242 20.495886042342693
0.238500000000000 0.999999999999827 1.249999999999782 0.000000000000140 4099.178857419143242 20.495885492265085
0.238600000000000 0.999999999999826 1.249999999999778 0.000000000000146 4099.178857419141423 20.495884944799858
0.238700000000000 0.999999999999827 1.249999999999779 0.000000000000151 4099.178857419145970 20.495884402613271
0.238800000000000 0.999999999999827 1.249999999999780 0.000000000000157 4099.178857419148699 20.495883868364551
0.238900000000000 0.999999999999828 1.249999999999781 0.000000000000163 4099.178857419144151 20.495883344690885
0.239000000000000 0.999999999999827 1.249999999999780 0.000000000000169 4099.178857419141423 20.495882834191324
0.239100000000000 0.999999999999829 1.249999999999779 0.000000000000173 4099.178857419141423 20.495882339413050
0.239200000000000 0.999999999999827 1.249999999999780 0.000000000000177 4099.178857419146880 20.495881862836516
0.239300000000000 0.999999999999828 1.249999999999779 0.000000000000181 4099.178857419140513 20.495881406863461
0.239400000000000 0.999999999999826 1.249999999999780 0.000000000000187 4099.178857419142332 20.495880973799945
0.239500000000000 0.999999999999827 1.249999999999779 0.000000000000193 4099.178857419144151 20.495880565847024
0.239600000000000 0.999999999999825 1.249999999999779 0.000000000000196 4099.178857419137785 20.495880185084033
0.239700000000000 0.999999999999829 1.249999999999777 0.000000000000201 4099.178857419141423 20.495879833461686
0.239800000000000 0.999999999999825 1.249999999999779 0.000000000000203 4099.178857419141423 20.495879512785610
0.239900000000000 0.999999999999827 1.249999999999778 0.000000000000209 4099.178857419141423 20.495879224711242
0.240000000000000 0.999999999999827 1.249999999999778 0.000000000000214 4099.178857419132328 20.495878970730093
0.240100000000000 0.999999999999828 1.249999999999778 0.000000000000220 4099.178857419139604 20.495878752163435
0.240200000000000 0.999999999999827 1.249999999999779 0.000000000000228 4099.178857419140513 20.495878570153632
0.240300000000000 0.999999999999826 1.249999999999777 0.000000000000233 4099.178857419140513 20.495878425658855
0.240400000000000 0.999999999999827 1.249999999999778 0.000000000000235 4099.178857419138694 20.495878319445175
0.240500000000000 0.999999999999828 1.249999999999777 0.000000000000241 4099.178857419141423 20.495878252083990
0.240600000000000 0.999999999999828 1.249999999999778 0.000000000000249 4099.178857419130509 20.495878223947198
0.240700000000000 0.999999999999826 1.249999999999778 0.000000000000255 4099.178857419137785 20.495878235206515
0.240800000000000 0.999999999999825 1.249999999999776 0.000000000000259 4099.178857419145061 20.495878285830582
0.240900000000000 0.999999999999825 1.249999999999776 0.000000000000267 4099.178857419136875 20.495878375584955
0.241000000000000 0.999999999999826 1.249999999999776 0.000000000000272 4099.178857419139604 20.495878504034675
0.241100000000000 0.999999999999826 1.249999999999776 0.000000000000280 4099.178857419137785 20.495878670545505
0.241200000000000 0.999999999999826 1.249999999999776 0.000000000000283 4099.178857419134147 20.495878874286660
0.241300000000000 0.999999999999825 1.249999999999777 0.000000000000285 4099.178857419137785 20.495879114236164
0.241400000000000 0.999999999999825 1.249999999999776 0.000000000000293 4099.178857419135966 20.495879389186964
0.241500000000000 0.999999999999824 1.249999999999778 0.000000000000298 4099.178857419135966 20.495879697751089
0.241600000000000 0.999999999999825 1.249999999999777 0.000000000000304 4099.178857419135966 20.495880038369720
0.241700000000000 0.999999999999823 1.249999999999775 0.000000000000312 4099.178857419137785 20.495880409321728
0.241800000000000 0.999999999999825 1.249999999999777 0.000000000000318 4099.178857419141423 20.495880808730114
0.241900000000000 0.999999999999825 1.249999999999776 0.000000000000328 4099.178857419134147 20.495881234576935
0.242000000000000 0.999999999999824 1.249999999999776 0.000000000000333 4099.178857419131418 20.495881684710689
0.242100000000000 0.999999999999825 1.249999999999776 0.000000000000338 4099.178857419134147 20.495882156860201
0.242200000000000 0.999999999999825 1.249999999999776 0.000000000000344 4099.178857419128690 20.495882648646941
0.242300000000000 0.999999999999826 1.249999999999778 0.000000000000351 4099.178857419134147 20.495883157597557
0.242400000000000 0.999999999999826 1.249999999999776 0.000000000000356 4099.178857419135966 20.495883681159444
0.242500000000000 0.999999999999826 1.249999999999775 0.000000000000360 4099.178857419131418 20.495884216712081
0.242600000000000 0.999999999999824 1.249999999999776 0.000000000000367 4099.178857419134147 20.495884761583767
0.242700000000000 0.999999999999825 1.249999999999776 0.000000000000372 4099.178857419132328 20.495885313066744
0.242800000000000 0.999999999999824 1.249999999999775 0.000000000000376 4099.178857419130509 20.495885868430850
0.242900000000000 0.999999999999825 1.249999999999774 0.000000000000387 4099.178857419132328 20.495886424939574
0.243000000000000 0.999999999999824 1.249999999999777 0.000000000000393 4099.178857419133237 20.495886979864295
0.243100000000000 0.999999999999825 1.249999999999776 0.000000000000400 4099.178857419133237 20.495887530502589
0.243200000000000 0.999999999999825 1.249999999999776 0.000000000000403 4099.178857419134147 20.495888074188009
0.243300000000000 0.999999999999824 1.249999999999774 0.000000000000411 4099.178857419125052 20.495888608309670
0.243400000000000 0.999999999999826 1.249999999999776 0.000000000000418 4099.178857419133237 20.495889130324073
0.243500000000000 0.999999999999824 1.249999999999776 0.000000000000425 4099.178857419135056 20.495889637770851
0.243600000000000 0.999999999999825 1.249999999999775 0.000000000000435 4099.178857419128690 20.495890128284206
0.243700000000000 0.999999999999822 1.249999999999776 0.000000000000443 4099.178857419132328 20.495890599608170
0.243800000000000 0.999999999999826 1.249999999999775 0.000000000000452 4099.178857419127780 20.495891049607234
0.243900000000000 0.999999999999825 1.249999999999776 0.000000000000459 4099.178857419125961 20.495891476279475
0.244000000000000 0.999999999999824 1.249999999999774 0.000000000000467 4099.178857419127780 20.495891877766486
0.244100000000000 0.999999999999825 1.249999999999775 0.000000000000476 4099.178857419125052 20.495892252363330
0.244200000000000 0.999999999999822 1.249999999999773 0.000000000000481 4099.178857419121414 20.495892598528574
0.244300000000000 0.999999999999824 1.249999999999775 0.000000000000490 4099.178857419131418 20.495892914891503
0.244400000000000 0.999999999999823 1.249999999999772 0.000000000000496 4099.178857419130509 20.495893200260682
0.244500000000000 0.999999999999823 1.249999999999775 0.000000000000498 4099.178857419121414 20.495893453627595
0.244600000000000 0.999999999999823 1.249999999999773 0.000000000000504 4099.178857419124142 20.495893674175726
0.244700000000000 0.999999999999823 1.249999999999774 0.000000000000512 4099.178857419125052 20.495893861279292
0.244800000000000 0.999999999999824 1.249999999999775 0.000000000000520 4099.178857419128690 20.495894014511123
0.244900000000000 0.999999999999826 1.249999999999772 0.000000000000526 4099.178857419123233 20.495894133641659
0.245000000000000 0.999999999999823 1.249999999999774 0.000000000000532 4099.178857419123233 20.495894218638881
0.245100000000000 0.999999999999823 1.249999999999775 0.000000000000538 4099.178857419128690 20.495894269670494
0.245200000000000 0.999999999999821 1.249999999999773 0.000000000000541 4099.178857419125052 20.495894287099809
0.245300000000000 0.999999999999823 1.249999999999772 0.000000000000543 4099.178857419125052 20.495894271482758
0.245400000000000 0.999999999999820 1.249999999999773 0.000000000000546 4099.178857419119595 20.495894223565070
0.245500000000000 0.999999999999823 1.249999999999771 0.000000000000552 4099.178857419118685 20.495894144276800
0.245600000000000 0.999999999999824 1.249999999999773 0.000000000000556 4099.178857419121414 20.495894034725183
0.245700000000000 0.999999999999823 1.249999999999773 0.000000000000558 4099.178857419123233 20.495893896188964
0.245800000000000 0.999999999999822 1.249999999999773 0.000000000000564 4099.178857419122323 20.495893730108541
0.245900000000000 0.999999999999823 1.249999999999772 0.000000000000571 4099.178857419118685 20.495893538077716
0.246000000000000 0.999999999999823 1.249999999999773 0.000000000000574 4099.178857419116866 20.495893321832607
0.246100000000000 0.999999999999824 1.249999999999772 0.000000000000578 4099.178857419117776 20.495893083242692
0.246200000000000 0.999999999999822 1.249999999999771 0.000000000000583 4099.178857419132328 20.495892824296160
0.246300000000000 0.999999999999822 1.249999999999773 0.000000000000589 4099.178857419124142 20.495892547090275
0.246400000000000 0.999999999999822 1.249999999999773 0.000000000000600 4099.178857419123233 20.495892253816645
0.246500000000000 0.999999999999822 1.249999999999772 0.000000000000604 4099.178857419123233 20.495891946748685
0.246600000000000 0.999999999999823 1.249999999999772 0.000000000000610 4099.178857419125961 20.495891628226115
0.246700000000000 0.999999999999824 1.249999999999773 0.000000000000617 4099.178857419121414 20.495891300642207
0.246800000000000 0.999999999999823 1.249999999999773 0.000000000000621 4099.178857419115957 20.495890966427904
0.246900000000000 0.999999999999821 1.249999999999773 0.000000000000628 4099.178857419124142 20.495890628037213
0.247000000000000 0.999999999999821 1.249999999999772 0.000000000000634 4099.178857419117776 20.495890287931999
0.247100000000000 0.999999999999822 1.249999999999773 0.000000000000638 4099.178857419123233 20.495889948566287
0.247200000000000 0.999999999999823 1.249999999999771 0.000000000000645 4099.178857419119595 20.495889612373809
0.247300000000000 0.999999999999822 1.249999999999772 0.000000000000647 4099.178857419115957 20.495889281748237
0.247400000000000 0.999999999999822 1.249999999999774 0.000000000000651 4099.178857419116866 20.495888959033305
0.247500000000000 0.999999999999822 1.249999999999772 0.000000000000657 4099.178857419116866 20.495888646506337
0.247600000000000 0.999999999999823 1.249999999999774 0.000000000000664 4099.178857419117776 20.495888346362456
0.247700000000000 0.999999999999822 1.249999999999772 0.000000000000666 4099.178857419124142 20.495888060705678
0.247800000000000 0.999999999999821 1.249999999999774 0.000000000000672 4099.178857419117776 20.495887791530254
0.247900000000000 0.999999999999821 1.249999999999771 0.000000000000678 4099.178857419121414 20.495887540713618
0.248000000000000 0.999999999999823 1.249999999999773 0.000000000000679 4099.178857419117776 20.495887310000640
0.248100000000000 0.999999999999821 1.249999999999773 0.000000000000685 4099.178857419115957 20.495887100996377
0.248200000000000 0.999999999999821 1.249999999999772 0.000000000000690 4099.178857419115957 20.495886915153356
0.248300000000000 0.999999999999821 1.249999999999772 0.000000000000693 4099.178857419113228 20.495886753763394
0.248400000000000 0.999999999999820 1.249999999999772 0.000000000000695 4099.178857419116866 20.495886617950347
0.248500000000000 0.999999999999822 1.249999999999773 0.000000000000699 4099.178857419115047 20.495886508661787
0.248600000000000 0.999999999999821 1.249999999999773 0.000000000000702 4099.178857419115957 20.495886426664285
0.248700000000000 0.999999999999822 1.249999999999773 0.000000000000708 4099.178857419121414 20.495886372536926
0.248800000000000 0.999999999999822 1.249999999999772 0.000000000000714 4099.178857419121414 20.495886346669515
0.248900000000000 0.999999999999821 1.249999999999773 0.000000000000719 4099.178857419120504 20.495886349257148
0.249000000000000 0.999999999999821 1.249999999999771 0.000000000000729 4099.178857419117776 20.495886380302526
0.249100000000000 0.999999999999823 1.249999999999772 0.000000000000731 4099.178857419115957 20.495886439611741
0.249200000000000 0.999999999999820 1.249999999999772 0.000000000000737 4099.178857419113228 20.495886526797754
0.249300000000000 0.999999999999821 1.249999999999772 0.000000000000741 4099.178857419111409 20.495886641281921
0.249400000000000 0.999999999999819 1.249999999999771 0.000000000000745 4099.178857419115047 20.495886782296228
0.249500000000000 0.999999999999819 1.249999999999769 0.000000000000745 4099.178857419118685 20.495886948889030
0.249600000000000 0.999999999999818 1.249999999999770 0.000000000000744 4099.178857419108681 20.495887139929280
0.249700000000000 0.999999999999818 1.249999999999772 0.000000000000748 4099.178857419108681 20.495887354114103
0.249800000000000 0.999999999999823 1.249999999999770 0.000000000000747 4099.178857419117776 20.495887589976928
0.249900000000000 0.999999999999823 1.249999999999771 0.000000000000749 4099.178857419111409 20.495887845893282
0.250000000000000 0.999999999999819 1.249999999999772 0.000000000000750 4099.178857419113228 20.495888120094317
0.250100000000000 0.999999999999820 1.249999999999770 0.000000000000752 4099.178857419108681 20.495888410675210
0.250200000000000 0.999999999999819 1.249999999999773 0.000000000000754 4099.178857419108681 20.495888715605293
0.250300000000000 0.999999999999819 1.249999999999771 0.000000000000755 4099.178857419106862 20.495889032744067
0.250400000000000 0.999999999999820 1.249999999999770 0.000000000000756 4099.178857419106862 20.495889359849642
0.250500000000000 0.999999999999819 1.249999999999772 0.000000000000757 4099.178857419112319 20.495889694595210
0.250600000000000 0.999999999999820 1.249999999999772 0.000000000000759 4099.178857419107771 20.495890034582395
0.250700000000000 0.999999999999820 1.249999999999771 0.000000000000759 4099.178857419106862 20.495890377355959
0.250800000000000 0.999999999999820 1.249999999999770 0.000000000000764 4099.178857419108681 20.495890720416995
0.250900000000000 0.999999999999819 1.249999999999771 0.000000000000766 4099.178857419102314 20.495891061240624
0.251000000000000 0.999999999999817 1.249999999999771 0.000000000000764 4099.178857419101405 20.495891397290464
0.251100000000000 0.999999999999816 1.249999999999772 0.000000000000762 4099.178857419109590 20.495891726033896
0.251200000000000 0.999999999999818 1.249999999999771 0.000000000000763 4099.178857419109590 20.495892044957465
0.251300000000000 0.999999999999819 1.249999999999771 0.000000000000763 4099.178857419108681 20.495892351583176
0.251400000000000 0.999999999999818 1.249999999999771 0.000000000000763 4099.178857419108681 20.495892643483746
0.251500000000000 0.999999999999817 1.249999999999768 0.000000000000759 4099.178857419101405 20.495892918297265
0.251600000000000 0.999999999999819 1.249999999999770 0.000000000000756 4099.178857419106862 20.495893173741372
0.251700000000000 0.999999999999818 1.249999999999770 0.000000000000756 4099.178857419106862 20.495893407629683
0.251800000000000 0.999999999999819 1.249999999999772 0.000000000000756 4099.178857419105043 20.495893617883542
0.251900000000000 0.999999999999817 1.249999999999770 0.000000000000755 4099.178857419103224 20.495893802547407
0.252000000000000 0.999999999999817 1.249999999999771 0.000000000000755 4099.178857419108681 20.495893959798217
0.252100000000000 0.999999999999817 1.249999999999769 0.000000000000751 4099.178857419106862 20.495894087961055
0.252200000000000 0.999999999999819 1.249999999999769 0.000000000000746 4099.178857419103224 20.495894185516875
0.252300000000000 0.999999999999819 1.249999999999768 0.000000000000741 4099.178857419103224 20.495894251115040
0.252400000000000 0.999999999999818 1.249999999999770 0.000000000000740 4099.178857419106862 20.495894283580327
0.252500000000000 0.999999999999819 1.249999999999770 0.000000000000739 4099.178857419106862 20.495894281923803
0.252600000000000 0.999999999999817 1.249999999999771 0.000000000000738 4099.178857419099586 20.495894245346935
0.252700000000000 0.999999999999815 1.249999999999771 0.000000000000740 4099.178857419098676 20.495894173250871
0.252800000000000 0.999999999999815 1.249999999999770 0.000000000000735 4099.178857419101405 20.495894065237373
0.252900000000000 0.999999999999815 1.249999999999771 0.000000000000730 4099.178857419105043 20.495893921115336
0.253000000000000 0.999999999999816 1.249999999999771 0.000000000000731 4099.178857419103224 20.495893740903654
0.253100000000000 0.999999999999815 1.249999999999772 0.000000000000728 4099.178857419097767 20.495893524829764
0.253200000000000 0.999999999999817 1.249999999999772 0.000000000000727 4099.178857419095948 20.495893273332396
0.253300000000000 0.999999999999816 1.249999999999770 0.000000000000727 4099.178857419096857 20.495892987059428
0.253400000000000 0.999999999999817 1.249999999999772 0.000000000000723 4099.178857419105043 20.495892666864076
0.253500000000000 0.999999999999818 1.249999999999770 0.000000000000720 4099.178857419095038 20.495892313804475
0.253600000000000 0.999999999999817 1.249999999999771 0.000000000000719 4099.178857419103224 20.495891929135304
0.253700000000000 0.999999999999818 1.249999999999771 0.000000000000716 4099.178857419095038 20.495891514304578
0.253800000000000 0.999999999999818 1.249999999999769 0.000000000000711 4099.178857419105043 20.495891070945000
0.253900000000000 0.999999999999817 1.249999999999769 0.000000000000706 4099.178857419095038 20.495890600865653
0.254000000000000 0.999999999999818 1.249999999999771 0.000000000000702 4099.178857419094129 20.495890106043717
0.254100000000000 0.999999999999819 1.249999999999769 0.000000000000697 4099.178857419090491 20.495889588614066
0.254200000000000 0.999999999999818 1.249999999999768 0.000000000000692 4099.178857419097767 20.495889050856679
0.254300000000000 0.999999999999817 1.249999999999770 0.000000000000690 4099.178857419101405 20.495888495185632
0.254400000000000 0.999999999999817 1.249999999999772 0.000000000000687 4099.178857419098676 20.495887924136305
0.254500000000000 0.999999999999815 1.249999999999771 0.000000000000683 4099.178857419092310 20.495887340351739
0.254600000000000 0.999999999999816 1.249999999999771 0.000000000000679 4099.178857419096857 20.495886746566445
0.254700000000000 0.999999999999816 1.249999999999772 0.000000000000673 4099.178857419098676 20.495886145594078
0.254800000000000 0.999999999999817 1.249999999999770 0.000000000000668 4099.178857419096857 20.495885540311011
0.254900000000000 0.999999999999817 1.249999999999770 0.000000000000665 4099.178857419093220 20.495884933638614
0.255000000000000 0.999999999999818 1.249999999999772 0.000000000000661 4099.178857419100495 20.495884328530490
0.255100000000000 0.999999999999816 1.249999999999769 0.000000000000652 4099.178857419091401 20.495883727954354
0.255200000000000 0.999999999999816 1.249999999999772 0.000000000000649 4099.178857419096857 20.495883134873445
0.255300000000000 0.999999999999816 1.249999999999771 0.000000000000645 4099.178857419093220 20.495882552234729
0.255400000000000 0.999999999999814 1.249999999999770 0.000000000000639 4099.178857419095948 20.495881982948077
0.255500000000000 0.999999999999816 1.249999999999769 0.000000000000633 4099.178857419101405 20.495881429871570
0.255600000000000 0.999999999999817 1.249999999999769 0.000000000000631 4099.178857419096857 20.495880895795771
0.255700000000000 0.999999999999815 1.249999999999772 0.000000000000620 4099.178857419094129 20.495880383426886
0.255800000000000 0.999999999999815 1.249999999999770 0.000000000000615 4099.178857419097767 20.495879895373587
0.255900000000000 0.999999999999817 1.249999999999771 0.000000000000607 4099.178857419096857 20.495879434129005
0.256000000000000 0.999999999999816 1.249999999999770 0.000000000000598 4099.178857419097767 20.495879002059581
0.256100000000000 0.999999999999815 1.249999999999772 0.000000000000593 4099.178857419094129 20.495878601388860
0.256200000000000 0.999999999999815 1.249999999999769 0.000000000000588 4099.178857419102314 20.495878234188222
0.256300000000000 0.999999999999815 1.249999999999770 0.000000000000580 4099.178857419095038 20.495877902360302
0.256400000000000 0.999999999999815 1.249999999999768 0.000000000000575 4099.178857419090491 20.495877607633382
0.256500000000000 0.999999999999817 1.249999999999770 0.000000000000569 4099.178857419092310 20.495877351546426
0.256600000000000 0.999999999999815 1.249999999999770 0.000000000000565 4099.178857419097767 20.495877135444378
0.256700000000000 0.999999999999815 1.249999999999772 0.000000000000560 4099.178857419092310 20.495876960466941
0.256800000000000 0.999999999999817 1.249999999999770 0.000000000000555 4099.178857419094129 20.495876827544670
0.256900000000000 0.999999999999816 1.249999999999768 0.000000000000549 4099.178857419094129 20.495876737391040
0.257000000000000 0.999999999999814 1.249999999999769 0.000000000000542 4099.178857419095948 20.495876690499113
0.257100000000000 0.999999999999815 1.249999999999768 0.000000000000538 4099.178857419092310 20.495876687140175
0.257200000000000 0.999999999999816 1.249999999999770 0.000000000000532 4099.178857419092310 20.495876727358738
0.257300000000000 0.999999999999813 1.249999999999768 0.000000000000528 4099.178857419090491 20.495876810974416
0.257400000000000 0.999999999999818 1.249999999999771 0.000000000000520 4099.178857419089582 20.495876937581350
0.257500000000000 0.999999999999816 1.249999999999770 0.000000000000514 4099.178857419091401 20.495877106552264
0.257600000000000 0.999999999999813 1.249999999999769 0.000000000000509 4099.178857419092310 20.495877317038598
0.257700000000000 0.999999999999815 1.249999999999769 0.000000000000503 4099.178857419088672 20.495877567977804
0.257800000000000 0.999999999999814 1.249999999999773 0.000000000000495 4099.178857419093220 20.495877858097220
0.257900000000000 0.999999999999814 1.249999999999768 0.000000000000485 4099.178857419089582 20.495878185924045
0.258000000000000 0.999999999999814 1.249999999999770 0.000000000000479 4099.178857419092310 20.495878549787456
0.258100000000000 0.999999999999814 1.249999999999769 0.000000000000475 4099.178857419094129 20.495878947835141
0.258200000000000 0.999999999999814 1.249999999999770 0.000000000000465 4099.178857419092310 20.495879378038136
0.258300000000000 0.999999999999814 1.249999999999771 0.000000000000459 4099.178857419086853 20.495879838205205
0.258400000000000 0.999999999999815 1.249999999999770 0.000000000000453 4099.178857419087763 20.495880325992918
0.258500000000000 0.999999999999814 1.249999999999768 0.000000000000443 4099.178857419092310 20.495880838919991
0.258600000000000 0.999999999999813 1.249999999999769 0.000000000000434 4099.178857419086853 20.495881374379902
0.258700000000000 0.999999999999815 1.249999999999769 0.000000000000428 4099.178857419085034 20.495881929657756
0.258800000000000 0.999999999999815 1.249999999999770 0.000000000000424 4099.178857419080487 20.495882501942688
0.258900000000000 0.999999999999812 1.249999999999769 0.000000000000413 4099.178857419087763 20.495883088345852
0.259000000000000 0.999999999999815 1.249999999999769 0.000000000000406 4099.178857419083215 20.495883685914279
0.259100000000000 0.999999999999816 1.249999999999770 0.000000000000400 4099.178857419091401 20.495884291649592
0.259200000000000 0.999999999999813 1.249999999999767 0.000000000000394 4099.178857419089582 20.495884902524136
0.259300000000000 0.999999999999813 1.249999999999768 0.000000000000386 4099.178857419086853 20.495885515495544
0.259400000000000 0.999999999999811 1.249999999999767 0.000000000000375 4099.178857419084125 20.495886127528628
0.259500000000000 0.999999999999813 1.249999999999769 0.000000000000365 4099.178857419079577 20.495886735606849
0.259600000000000 0.999999999999816 1.249999999999769 0.000000000000360 4099.178857419084125 20.495887336753679
0.259700000000000 0.999999999999813 1.249999999999767 0.000000000000349 4099.178857419085034 20.495887928046233
0.259800000000000 0.999999999999813 1.249999999999768 0.000000000000345 4099.178857419079577 20.495888506632351
0.259900000000000 0.999999999999812 1.249999999999766 0.000000000000339 4099.178857419081396 20.495889069747488
0.260000000000000 0.999999999999813 1.249999999999767 0.000000000000331 4099.178857419082306 20.495889614727865
0.260100000000000 0.999999999999811 1.249999999999768 0.000000000000324 4099.178857419081396 20.495890139027797
0.260200000000000 0.999999999999813 1.249999999999768 0.000000000000318 4099.178857419079577 20.495890640232158
0.260300000000000 0.999999999999812 1.249999999999767 0.000000000000313 4099.178857419079577 20.495891116069476
0.260400000000000 0.999999999999812 1.249999999999765 0.000000000000306 4099.178857419074120 20.495891564425335
0.260500000000000 0.999999999999811 1.249999999999766 0.000000000000300 4099.178857419075939 20.495891983352276
0.260600000000000 0.999999999999813 1.249999999999767 0.000000000000290 4099.178857419074120 20.495892371082910
0.260700000000000 0.999999999999811 1.249999999999767 0.000000000000283 4099.178857419074120 20.495892726037379
0.260800000000000 0.999999999999810 1.249999999999766 0.000000000000277 4099.178857419085034 20.495893046831643
0.260900000000000 0.999999999999810 1.249999999999766 0.000000000000268 4099.178857419079577 20.495893332286350
0.261000000000000 0.999999999999813 1.249999999999767 0.000000000000265 4099.178857419083215 20.495893581430987
0.261100000000000 0.999999999999812 1.249999999999767 0.000000000000255 4099.178857419083215 20.495893793509961
0.261200000000000 0.999999999999811 1.249999999999766 0.000000000000248 4099.178857419074120 20.495893967986323
0.261300000000000 0.999999999999811 1.249999999999765 0.000000000000240 4099.178857419072301 20.495894104542266
0.261400000000000 0.999999999999811 1.249999999999766 0.000000000000235 4099.178857419070482 20.495894203082436
0.261500000000000 0.999999999999812 1.249999999999765 0.000000000000225 4099.178857419077758 20.495894263732197
0.261600000000000 0.999999999999812 1.249999999999766 0.000000000000222 4099.178857419075939 20.495894286836112
0.261700000000000 0.999999999999810 1.249999999999765 0.000000000000215 4099.178857419074120 20.495894272956356
0.261800000000000 0.999999999999812 1.249999999999764 0.000000000000207 4099.178857419074120 20.495894222866575
0.261900000000000 0.999999999999810 1.249999999999763 0.000000000000195 4099.178857419076849 20.495894137547879
0.262000000000000 0.999999999999811 1.249999999999766 0.000000000000193 4099.178857419079577 20.495894018181634
0.262100000000000 0.999999999999812 1.249999999999764 0.000000000000184 4099.178857419066844 20.495893866143085
0.262200000000000 0.999999999999812 1.249999999999766 0.000000000000179 4099.178857419072301 20.495893682989639
0.262300000000000 0.999999999999812 1.249999999999764 0.000000000000173 4099.178857419075939 20.495893470454600
0.262400000000000 0.999999999999811 1.249999999999767 0.000000000000165 4099.178857419075030 20.495893230432202
0.262500000000000 0.999999999999811 1.249999999999764 0.000000000000158 4099.178857419070482 20.495892964969666
0.262600000000000 0.999999999999812 1.249999999999765 0.000000000000151 4099.178857419072301 20.495892676250538
0.262700000000000 0.999999999999809 1.249999999999764 0.000000000000143 4099.178857419075030 20.495892366584425
0.262800000000000 0.999999999999811 1.249999999999765 0.000000000000139 4099.178857419072301 20.495892038390263
0.262900000000000 0.999999999999812 1.249999999999764 0.000000000000131 4099.178857419072301 20.495891694183165
0.263000000000000 0.999999999999810 1.249999999999764 0.000000000000125 4099.178857419075030 20.495891336556976
0.263100000000000 0.999999999999812 1.249999999999766 0.000000000000120 4099.178857419071392 20.495890968169650
0.263200000000000 0.999999999999809 1.249999999999765 0.000000000000111 4099.178857419072301 20.495890591727527
0.263300000000000 0.999999999999812 1.249999999999766 0.000000000000105 4099.178857419067754 20.495890209966223
0.263400000000000 0.999999999999810 1.249999999999762 0.000000000000103 4099.178857419069573 20.495889825636311
0.263500000000000 0.999999999999810 1.249999999999763 0.000000000000096 4099.178857419074120 20.495889441484497
0.263600000000000 0.999999999999812 1.249999999999764 0.000000000000095 4099.178857419074120 20.495889060238426
0.263700000000000 0.999999999999810 1.249999999999764 0.000000000000091 4099.178857419067754 20.495888684589264
0.263800000000000 0.999999999999811 1.249999999999762 0.000000000000084 4099.178857419073211 20.495888317175339
0.263900000000000 0.999999999999809 1.249999999999762 0.000000000000079 4099.178857419075939 20.495887960564410
0.264000000000000 0.999999999999809 1.249999999999763 0.000000000000072 4099.178857419074120 20.495887617240776
0.264100000000000 0.999999999999811 1.249999999999764 0.000000000000066 4099.178857419074120 20.495887289588087
0.264200000000000 0.999999999999810 1.249999999999762 0.000000000000061 4099.178857419076849 20.495886979875241
0.264300000000000 0.999999999999810 1.249999999999760 0.000000000000057 4099.178857419068663 20.495886690241992
0.264400000000000 0.999999999999807 1.249999999999762 0.000000000000051 4099.178857419070482 20.495886422685505
0.264500000000000 0.999999999999810 1.249999999999762 0.000000000000046 4099.178857419074120 20.495886179050629
0.264600000000000 0.999999999999812 1.249999999999762 0.000000000000039 4099.178857419072301 20.495885961014420
0.264700000000000 0.999999999999810 1.249999999999762 0.000000000000035 4099.178857419071392 20.495885770079290
0.264800000000000 0.999999999999810 1.249999999999761 0.000000000000032 4099.178857419071392 20.495885607561057
0.264900000000000 0.999999999999811 1.249999999999760 0.000000000000029 4099.178857419072301 20.495885474582508
0.265000000000000 0.999999999999809 1.249999999999760 0.000000000000022 4099.178857419070482 20.495885372064969
0.265100000000000 0.999999999999811 1.249999999999761 0.000000000000020 4099.178857419072301 20.495885300724435
0.265200000000000 0.999999999999811 1.249999999999761 0.000000000000020 4099.178857419073211 20.495885261064341
0.265300000000000 0.999999999999808 1.249999999999760 0.000000000000018 4099.178857419065025 20.495885253374365
0.265400000000000 0.999999999999808 1.249999999999760 0.000000000000013 4099.178857419065025 20.495885277726419
0.265500000000000 0.999999999999808 1.249999999999762 0.000000000000009 4099.178857419061387 20.495885333976616
0.265600000000000 0.999999999999809 1.249999999999760 0.000000000000006 4099.178857419068663 20.495885421763457
0.265700000000000 0.999999999999810 1.249999999999762 0.000000000000005 4099.178857419072301 20.495885540509722
0.265800000000000 0.999999999999809 1.249999999999760 0.000000000000005 4099.178857419065025 20.495885689427922
0.265900000000000 0.999999999999807 1.249999999999760 -0.000000000000001 4099.178857419065935 20.495885867522158
0.266000000000000 0.999999999999808 1.249999999999760 -0.000000000000010 4099.178857419066844 20.495886073595511
0.266100000000000 0.999999999999810 1.249999999999759 -0.000000000000014 4099.178857419061387 20.495886306256885
0.266200000000000 0.999999999999808 1.249999999999759 -0.000000000000015 4099.178857419061387 20.495886563927726
0.266300000000000 0.999999999999811 1.249999999999759 -0.000000000000018 4099.178857419065935 20.495886844853153
0.266400000000000 0.999999999999808 1.249999999999758 -0.000000000000021 4099.178857419061387 20.495887147111702
0.266500000000000 0.999999999999807 1.249999999999760 -0.000000000000021 4099.178857419063206 20.495887468625458
0.266600000000000 0.999999999999809 1.249999999999760 -0.000000000000023 4099.178857419061387 20.495887807175567
0.266700000000000 0.999999999999808 1.249999999999758 -0.000000000000025 4099.178857419065935 20.495888160412182
0.266800000000000 0.999999999999808 1.249999999999757 -0.000000000000021 4099.178857419063206 20.495888525870075
0.266900000000000 0.999999999999808 1.249999999999759 -0.000000000000022 4099.178857419065025 20.495888900983044
0.267000000000000 0.999999999999808 1.249999999999757 -0.000000000000026 4099.178857419060478 20.495889283101263
0.267100000000000 0.999999999999808 1.249999999999756 -0.000000000000029 4099.178857419059568 20.495889669503658
0.267200000000000 0.999999999999807 1.249999999999758 -0.000000000000030 4099.178857419055930 20.495890057417391
0.267300000000000 0.999999999999809 1.249999999999757 -0.000000000000032 4099.178857419057749 20.495890444034732
0.267400000000000 0.999999999999807 1.249999999999758 -0.000000000000031 4099.178857419060478 20.495890826528012
0.267500000000000 0.999999999999806 1.249999999999756 -0.000000000000033 4099.178857419063206 20.495891202068613
0.267600000000000 0.999999999999807 1.249999999999758 -0.000000000000031 4099.178857419060478 20.495891567843451
0.267700000000000 0.999999999999807 1.249999999999757 -0.000000000000029 4099.178857419064116 20.495891921073852
0.267800000000000 0.999999999999809 1.249999999999757 -0.000000000000030 4099.178857419052292 20.495892259030686
0.267900000000000 0.999999999999806 1.249999999999754 -0.000000000000034 4099.178857419050473 20.495892579052835
0.268000000000000 0.999999999999808 1.249999999999756 -0.000000000000033 4099.178857419060478 20.495892878562259
0.268100000000000 0.999999999999807 1.249999999999755 -0.000000000000031 4099.178857419059568 20.495893155082193
0.268200000000000 0.999999999999805 1.249999999999754 -0.000000000000029 4099.178857419061387 20.495893406250651
0.268300000000000 0.999999999999807 1.249999999999758 -0.000000000000028 4099.178857419054111 20.495893629836722
0.268400000000000 0.999999999999808 1.249999999999755 -0.000000000000025 4099.178857419055930 20.495893823755878
0.268500000000000 0.999999999999806 1.249999999999753 -0.000000000000024 4099.178857419059568 20.495893986079377
0.268600000000000 0.999999999999807 1.249999999999755 -0.000000000000021 4099.178857419055930 20.495894115050930
0.268700000000000 0.999999999999809 1.249999999999754 -0.000000000000020 4099.178857419054111 20.495894209097489
0.268800000000000 0.999999999999809 1.249999999999755 -0.000000000000019 4099.178857419054111 20.495894266837087
0.268900000000000 0.999999999999807 1.249999999999755 -0.000000000000019 4099.178857419052292 20.495894287092504
0.269000000000000 0.999999999999808 1.249999999999754 -0.000000000000016 4099.178857419060478 20.495894268895910
0.269100000000000 0.999999999999806 1.249999999999756 -0.000000000000016 4099.178857419055930 20.495894211497298
0.269200000000000 0.999999999999807 1.249999999999753 -0.000000000000015 4099.178857419055930 20.495894114371442
0.269300000000000 0.999999999999805 1.249999999999754 -0.000000000000014 4099.178857419055930 20.495893977220486
0.269400000000000 0.999999999999806 1.249999999999754 -0.000000000000011 4099.178857419057749 20.495893799977608
0.269500000000000 0.999999999999806 1.249999999999752 -0.000000000000009 4099.178857419061387 20.495893582810616
0.269600000000000 0.999999999999806 1.249999999999755 -0.000000000000005 4099.178857419049564 20.495893326118903
0.269700000000000 0.999999999999805 1.249999999999753 0.000000000000002 4099.178857419047745 20.495893030537644
0.269800000000000 0.999999999999804 1.249999999999753 0.000000000000005 4099.178857419048654 20.495892696929580
0.269900000000000 0.999999999999805 1.249999999999754 0.000000000000009 4099.178857419046835 20.495892326386262
0.270000000000000 0.999999999999806 1.249999999999752 0.000000000000012 4099.178857419046835 20.495891920221073
0.270100000000000 0.999999999999802 1.249999999999752 0.000000000000018 4099.178857419054111 20.495891479962282
0.270200000000000 0.999999999999805 1.249999999999750 0.000000000000019 4099.178857419048654 20.495891007347684
0.270300000000000 0.999999999999807 1.249999999999752 0.000000000000023 4099.178857419044107 20.495890504313184
0.270400000000000 0.999999999999805 1.249999999999752 0.000000000000029 4099.178857419055930 20.495889972984951
0.270500000000000 0.999999999999807 1.249999999999752 0.000000000000032 4099.178857419057749 20.495889415668255
0.270600000000000 0.999999999999804 1.249999999999750 0.000000000000036 4099.178857419048654 20.495888834833501
0.270700000000000 0.999999999999806 1.249999999999751 0.000000000000038 4099.178857419052292 20.495888233104168
0.270800000000000 0.999999999999806 1.249999999999751 0.000000000000045 4099.178857419055021 20.495887613243344
0.270900000000000 0.999999999999805 1.249999999999750 0.000000000000047 4099.178857419051383 20.495886978137861
0.271000000000000 0.999999999999804 1.249999999999750 0.000000000000048 4099.178857419048654 20.495886330782604
0.271100000000000 0.999999999999804 1.249999999999750 0.000000000000055 4099.178857419046835 20.495885674264414
0.271200000000000 0.999999999999803 1.249999999999751 0.000000000000060 4099.178857419044107 20.495885011745077
0.271300000000000 0.999999999999805 1.249999999999751 0.000000000000064 4099.178857419046835 20.495884346444086
0.271400000000000 0.999999999999804 1.249999999999752 0.000000000000069 4099.178857419045016 20.495883681620029
0.271500000000000 0.999999999999805 1.249999999999749 0.000000000000071 4099.178857419050473 20.495883020553585
0.271600000000000 0.999999999999804 1.249999999999749 0.000000000000077 4099.178857419045016 20.495882366526928
0.271700000000000 0.999999999999803 1.249999999999749 0.000000000000083 4099.178857419041378 20.495881722809337
0.271800000000000 0.999999999999805 1.249999999999750 0.000000000000091 4099.178857419049564 20.495881092634530
0.271900000000000 0.999999999999805 1.249999999999749 0.000000000000099 4099.178857419048654 20.495880479185878
0.272000000000000 0.999999999999805 1.249999999999751 0.000000000000107 4099.178857419050473 20.495879885575160
0.272100000000000 0.999999999999805 1.249999999999751 0.000000000000113 4099.178857419045926 20.495879314829029
0.272200000000000 0.999999999999806 1.249999999999750 0.000000000000116 4099.178857419043197 20.495878769868330
0.272300000000000 0.999999999999802 1.249999999999749 0.000000000000123 4099.178857419049564 20.495878253492418
0.272400000000000 0.999999999999803 1.249999999999750 0.000000000000126 4099.178857419048654 20.495877768364359
0.272500000000000 0.999999999999805 1.249999999999748 0.000000000000131 4099.178857419048654 20.495877316994868
0.272600000000000 0.999999999999804 1.249999999999749 0.000000000000140 4099.178857419050473 20.495876901727627
0.272700000000000 0.999999999999803 1.249999999999749 0.000000000000144 4099.178857419045926 20.495876524726292
0.272800000000000 0.999999999999804 1.249999999999750 0.000000000000151 4099.178857419045926 20.495876187962281
0.272900000000000 0.999999999999804 1.249999999999750 0.000000000000157 4099.178857419052292 20.495875893202985
0.273000000000000 0.999999999999803 1.249999999999749 0.000000000000164 4099.178857419045926 20.495875642001611
0.273100000000000 0.999999999999803 1.249999999999747 0.000000000000164 4099.178857419041378 20.495875435688323
0.273200000000000 0.999999999999803 1.249999999999748 0.000000000000176 4099.178857419047745 20.495875275361087
0.273300000000000 0.999999999999803 1.249999999999750 0.000000000000185 4099.178857419040469 20.495875161881994
0.273400000000000 0.999999999999803 1.249999999999747 0.000000000000193 4099.178857419041378 20.495875095870396
0.273500000000000 0.999999999999804 1.249999999999750 0.000000000000200 4099.178857419039559 20.495875077697299
0.273600000000000 0.999999999999802 1.249999999999746 0.000000000000211 4099.178857419045016 20.495875107487752
0.273700000000000 0.999999999999805 1.249999999999748 0.000000000000219 4099.178857419045016 20.495875185114031
0.273800000000000 0.999999999999804 1.249999999999747 0.000000000000228 4099.178857419044107 20.495875310201203
0.273900000000000 0.999999999999803 1.249999999999747 0.000000000000235 4099.178857419050473 20.495875482125872
0.274000000000000 0.999999999999805 1.249999999999746 0.000000000000244 4099.178857419042288 20.495875700020665
0.274100000000000 0.999999999999802 1.249999999999747 0.000000000000252 4099.178857419044107 20.495875962778449
0.274200000000000 0.999999999999803 1.249999999999749 0.000000000000257 4099.178857419042288 20.495876269058154
0.274300000000000 0.999999999999804 1.249999999999749 0.000000000000261 4099.178857419043197 20.495876617293717
0.274400000000000 0.999999999999802 1.249999999999750 0.000000000000272 4099.178857419043197 20.495877005700116
0.274500000000000 0.999999999999803 1.249999999999746 0.000000000000275 4099.178857419043197 20.495877432285504
0.274600000000000 0.999999999999805 1.249999999999748 0.000000000000282 4099.178857419040469 20.495877894859877
0.274700000000000 0.999999999999804 1.249999999999748 0.000000000000291 4099.178857419038650 20.495878391050532
0.274800000000000 0.999999999999801 1.249999999999748 0.000000000000297 4099.178857419042288 20.495878918312613
0.274900000000000 0.999999999999803 1.249999999999748 0.000000000000309 4099.178857419041378 20.495879473944161
0.275000000000000 0.999999999999804 1.249999999999747 0.000000000000317 4099.178857419038650 20.495880055101143
0.275100000000000 0.999999999999802 1.249999999999746 0.000000000000328 4099.178857419045926 20.495880658814336
0.275200000000000 0.999999999999802 1.249999999999746 0.000000000000338 4099.178857419042288 20.495881282003353
0.275300000000000 0.999999999999803 1.249999999999746 0.000000000000348 4099.178857419042288 20.495881921497400
0.275400000000000 0.999999999999805 1.249999999999747 0.000000000000357 4099.178857419039559 20.495882574050317
0.275500000000000 0.999999999999801 1.249999999999747 0.000000000000365 4099.178857419043197 20.495883236360328
0.275600000000000 0.999999999999804 1.249999999999748 0.000000000000375 4099.178857419045016 20.495883905087162
0.275700000000000 0.999999999999801 1.249999999999747 0.000000000000386 4099.178857419039559 20.495884576872538
0.275800000000000 0.999999999999800 1.249999999999747 0.000000000000391 4099.178857419039559 20.495885248356871
0.275900000000000 0.999999999999801 1.249999999999747 0.000000000000393 4099.178857419043197 20.495885916200173
0.276000000000000 0.999999999999804 1.249999999999747 0.000000000000398 4099.178857419036831 20.495886577099064
0.276100000000000 0.999999999999802 1.249999999999745 0.000000000000407 4099.178857419041378 20.495887227806627
0.276200000000000 0.999999999999801 1.249999999999745 0.000000000000414 4099.178857419036831 20.495887865149129
0.276300000000000 0.999999999999803 1.249999999999745 0.000000000000420 4099.178857419045016 20.495888486044826
0.276400000000000 0.999999999999801 1.249999999999748 0.000000000000428 4099.178857419036831 20.495889087520169
0.276500000000000 0.999999999999802 1.249999999999748 0.000000000000436 4099.178857419041378 20.495889666728168
0.276600000000000 0.999999999999802 1.249999999999748 0.000000000000443 4099.178857419037740 20.495890220961769
0.276700000000000 0.999999999999799 1.249999999999747 0.000000000000451 4099.178857419037740 20.495890747669922
0.276800000000000 0.999999999999803 1.249999999999744 0.000000000000461 4099.178857419038650 20.495891244472052
0.276900000000000 0.999999999999803 1.249999999999747 0.000000000000468 4099.178857419035921 20.495891709169115
0.277000000000000 0.999999999999801 1.249999999999747 0.000000000000476 4099.178857419039559 20.495892139759381
0.277100000000000 0.999999999999803 1.249999999999745 0.000000000000489 4099.178857419040469 20.495892534445247
0.277200000000000 0.999999999999800 1.249999999999746 0.000000000000498 4099.178857419042288 20.495892891645074
0.277300000000000 0.999999999999803 1.249999999999748 0.000000000000503 4099.178857419031374 20.495893210000649
0.277400000000000 0.999999999999803 1.249999999999746 0.000000000000511 4099.178857419035921 20.495893488385452
0.277500000000000 0.999999999999803 1.249999999999746 0.000000000000518 4099.178857419035921 20.495893725907671
0.277600000000000 0.999999999999801 1.249999999999748 0.000000000000526 4099.178857419039559 20.495893921917951
0.277700000000000 0.999999999999802 1.249999999999748 0.000000000000533 4099.178857419036831 20.495894076010245
0.277800000000000 0.999999999999801 1.249999999999747 0.000000000000537 4099.178857419037740 20.495894188023136
0.277900000000000 0.999999999999800 1.249999999999745 0.000000000000540 4099.178857419028645 20.495894258041215
0.278000000000000 0.999999999999803 1.249999999999745 0.000000000000545 4099.178857419036831 20.495894286391632
0.278100000000000 0.999999999999800 1.249999999999747 0.000000000000549 4099.178857419037740 20.495894273643451
0.278200000000000 0.999999999999800 1.249999999999746 0.000000000000556 4099.178857419027736 20.495894220602850
0.278300000000000 0.999999999999800 1.249999999999746 0.000000000000559 4099.178857419028645 20.495894128306468
0.278400000000000 0.999999999999800 1.249999999999747 0.000000000000568 4099.178857419042288 20.495893998014957
0.278500000000000 0.999999999999802 1.249999999999746 0.000000000000571 4099.178857419033193 20.495893831206040
0.278600000000000 0.999999999999800 1.249999999999746 0.000000000000576 4099.178857419035921 20.495893629562094
0.278700000000000 0.999999999999802 1.249999999999746 0.000000000000586 4099.178857419034102 20.495893394962142
0.278800000000000 0.999999999999801 1.249999999999747 0.000000000000590 4099.178857419028645 20.495893129469177
0.278900000000000 0.999999999999800 1.249999999999746 0.000000000000595 4099.178857419035921 20.495892835316795
0.279000000000000 0.999999999999800 1.249999999999745 0.000000000000603 4099.178857419028645 20.495892514894756
0.279100000000000 0.999999999999801 1.249999999999746 0.000000000000608 4099.178857419034102 20.495892170735488
0.279200000000000 0.999999999999801 1.249999999999748 0.000000000000611 4099.178857419031374 20.495891805497219
0.279300000000000 0.999999999999800 1.249999999999746 0.000000000000612 4099.178857419026826 20.495891421948617
0.279400000000000 0.999999999999803 1.249999999999744 0.000000000000614 4099.178857419034102 20.495891022950598
0.279500000000000 0.999999999999802 1.249999999999746 0.000000000000623 4099.178857419032283 20.495890611438401
0.279600000000000 0.999999999999800 1.249999999999745 0.000000000000629 4099.178857419035012 20.495890190406431
0.279700000000000 0.999999999999800 1.249999999999746 0.000000000000635 4099.178857419025917 20.495889762885820
0.279800000000000 0.999999999999799 1.249999999999744 0.000000000000642 4099.178857419025007 20.495889331929067
0.279900000000000 0.999999999999798 1.249999999999746 0.000000000000649 4099.178857419039559 20.495888900588945
0.280000000000000 0.999999999999800 1.249999999999745 0.000000000000652 4099.178857419031374 20.495888471902447
0.280100000000000 0.999999999999800 1.249999999999745 0.000000000000657 4099.178857419026826 20.495888048869165
0.280200000000000 0.999999999999800 1.249999999999745 0.000000000000662 4099.178857419034102 20.495887634435743
0.280300000000000 0.999999999999800 1.249999999999744 0.000000000000666 4099.178857419028645 20.495887231475535
0.280400000000000 0.999999999999799 1.249999999999744 0.000000000000674 4099.178857419027736 20.495886842772489
0.280500000000000 0.999999999999800 1.249999999999746 0.000000000000677 4099.178857419028645 20.495886471003303
0.280600000000000 0.999999999999799 1.249999999999744 0.000000000000679 4099.178857419028645 20.495886118722673
0.280700000000000 0.999999999999799 1.249999999999744 0.000000000000680 4099.178857419028645 20.495885788343930
0.280800000000000 0.999999999999800 1.249999999999744 0.000000000000684 4099.178857419035012 20.495885482128479
0.280900000000000 0.999999999999801 1.249999999999746 0.000000000000690 4099.178857419028645 20.495885202168989
0.281000000000000 0.999999999999800 1.249999999999745 0.000000000000695 4099.178857419021369 20.495884950378468
0.281100000000000 0.999999999999799 1.249999999999745 0.000000000000701 4099.178857419025917 20.495884728476202
0.281200000000000 0.999999999999799 1.249999999999745 0.000000000000705 4099.178857419026826 20.495884537979034
0.281300000000000 0.999999999999800 1.249999999999747 0.000000000000710 4099.178857419034102 20.495884380190766
0.281400000000000 0.999999999999800 1.249999999999747 0.000000000000715 4099.178857419031374 20.495884256195264
0.281500000000000 0.999999999999799 1.249999999999746 0.000000000000717 4099.178857419031374 20.495884166848207
0.281600000000000 0.999999999999798 1.249999999999746 0.000000000000724 4099.178857419028645 20.495884112771755
0.281700000000000 0.999999999999802 1.249999999999744 0.000000000000724 4099.178857419028645 20.495884094351680
0.281800000000000 0.999999999999801 1.249999999999744 0.000000000000726 4099.178857419019550 20.495884111733623
0.281900000000000 0.999999999999801 1.249999999999743 0.000000000000727 4099.178857419021369 20.495884164822300
0.282000000000000 0.999999999999796 1.249999999999746 0.000000000000728 4099.178857419026826 20.495884253281066
0.282100000000000 0.999999999999800 1.249999999999745 0.000000000000728 4099.178857419031374 20.495884376535585
0.282200000000000 0.999999999999799 1.249999999999744 0.000000000000729 4099.178857419027736 20.495884533774909
0.282300000000000 0.999999999999800 1.249999999999745 0.000000000000730 4099.178857419028645 20.495884723956074
0.282400000000000 0.999999999999798 1.249999999999744 0.000000000000737 4099.178857419028645 20.495884945812666
0.282500000000000 0.999999999999800 1.249999999999744 0.000000000000738 4099.178857419026826 20.495885197858371
0.282600000000000 0.999999999999798 1.249999999999745 0.000000000000735 4099.178857419032283 20.495885478399163
0.282700000000000 0.999999999999800 1.249999999999744 0.000000000000736 4099.178857419035012 20.495885785541454
0.282800000000000 0.999999999999800 1.249999999999744 0.000000000000738 4099.178857419021369 20.495886117202971
0.282900000000000 0.999999999999798 1.249999999999745 0.000000000000742 4099.178857419018641 20.495886471126212
0.283000000000000 0.999999999999798 1.249999999999746 0.000000000000744 4099.178857419023188 20.495886844891988
0.283100000000000 0.999999999999798 1.249999999999745 0.000000000000742 4099.178857419027736 20.495887235932905
0.283200000000000 0.999999999999799 1.249999999999746 0.000000000000745 4099.178857419026826 20.495887641548968
0.283300000000000 0.999999999999799 1.249999999999745 0.000000000000749 4099.178857419021369 20.495888058924823
0.283400000000000 0.999999999999798 1.249999999999748 0.000000000000748 4099.178857419024098 20.495888485144636
0.283500000000000 0.999999999999798 1.249999999999747 0.000000000000747 4099.178857419025007 20.495888917212792
0.283600000000000 0.999999999999798 1.249999999999746 0.000000000000745 4099.178857419022279 20.495889352069117
0.283700000000000 0.999999999999797 1.249999999999748 0.000000000000741 4099.178857419026826 20.495889786608100
0.283800000000000 0.999999999999798 1.249999999999744 0.000000000000739 4099.178857419024098 20.495890217700172
0.283900000000000 0.999999999999797 1.249999999999747 0.000000000000743 4099.178857419019550 20.495890642205818
0.284000000000000 0.999999999999797 1.249999999999745 0.000000000000743 4099.178857419023188 20.495891057002190
0.284100000000000 0.999999999999797 1.249999999999746 0.000000000000738 4099.178857419015912 20.495891458993405
0.284200000000000 0.999999999999798 1.249999999999746 0.000000000000738 4099.178857419021369 20.495891845137759
0.284300000000000 0.999999999999798 1.249999999999745 0.000000000000742 4099.178857419023188 20.495892212461111
0.284400000000000 0.999999999999795 1.249999999999746 0.000000000000739 4099.178857419020460 20.495892558077571
0.284500000000000 0.999999999999796 1.249999999999744 0.000000000000737 4099.178857419017731 20.495892879207730
0.284600000000000 0.999999999999798 1.249999999999744 0.000000000000736 4099.178857419025917 20.495893173194336
0.284700000000000 0.999999999999796 1.249999999999744 0.000000000000734 4099.178857419015912 20.495893437521584
0.284800000000000 0.999999999999799 1.249999999999744 0.000000000000731 4099.178857419017731 20.495893669829105
0.284900000000000 0.999999999999798 1.249999999999746 0.000000000000729 4099.178857419025007 20.495893867927176
0.285000000000000 0.999999999999797 1.249999999999747 0.000000000000731 4099.178857419023188 20.495894029812273
0.285100000000000 0.999999999999797 1.249999999999746 0.000000000000728 4099.178857419018641 20.495894153679487
0.285200000000000 0.999999999999798 1.249999999999745 0.000000000000724 4099.178857419019550 20.495894237932710
0.285300000000000 0.999999999999797 1.249999999999746 0.000000000000722 4099.178857419017731 20.495894281198467
0.285400000000000 0.999999999999800 1.249999999999745 0.000000000000717 4099.178857419026826 20.495894282333900
0.285500000000000 0.999999999999797 1.249999999999744 0.000000000000716 4099.178857419017731 20.495894240434097
0.285600000000000 0.999999999999798 1.249999999999745 0.000000000000713 4099.178857419010455 20.495894154839185
0.285700000000000 0.999999999999797 1.249999999999745 0.000000000000712 4099.178857419015003 20.495894025142864
0.285800000000000 0.999999999999797 1.249999999999745 0.000000000000709 4099.178857419019550 20.495893851190910
0.285900000000000 0.999999999999797 1.249999999999745 0.000000000000705 4099.178857419011365 20.495893633088183
0.286000000000000 0.999999999999795 1.249999999999745 0.000000000000700 4099.178857419014093 20.495893371196509
0.286100000000000 0.999999999999796 1.249999999999744 0.000000000000697 4099.178857419008636 20.495893066136162
0.286200000000000 0.999999999999796 1.249999999999743 0.000000000000692 4099.178857419008636 20.495892718782596
0.286300000000000 0.999999999999796 1.249999999999742 0.000000000000687 4099.178857419015912 20.495892330263160
0.286400000000000 0.999999999999796 1.249999999999744 0.000000000000683 4099.178857419015003 20.495891901952124
0.286500000000000 0.999999999999798 1.249999999999743 0.000000000000681 4099.178857419017731 20.495891435464134
0.286600000000000 0.999999999999796 1.249999999999744 0.000000000000677 4099.178857419011365 20.495890932646422
0.286700000000000 0.999999999999796 1.249999999999743 0.000000000000672 4099.178857419015912 20.495890395568569
0.286800000000000 0.999999999999798 1.249999999999745 0.000000000000670 4099.178857419015912 20.495889826512542
0.286900000000000 0.999999999999795 1.249999999999744 0.000000000000665 4099.178857419011365 20.495889227961644
0.287000000000000 0.999999999999797 1.249999999999745 0.000000000000661 4099.178857419008636 20.495888602585101
0.287100000000000 0.999999999999798 1.249999999999744 0.000000000000659 4099.178857419019550 20.495887953225886
0.287200000000000 0.999999999999796 1.249999999999743 0.000000000000654 4099.178857419015912 20.495887282884386
0.287300000000000 0.999999999999796 1.249999999999744 0.000000000000655 4099.178857419011365 20.495886594701993
0.287400000000000 0.999999999999794 1.249999999999745 0.000000000000650 4099.178857419010455 20.495885891944727
0.287500000000000 0.999999999999797 1.249999999999744 0.000000000000649 4099.178857419008636 20.495885177985024
0.287600000000000 0.999999999999795 1.249999999999743 0.000000000000647 4099.178857419014093 20.495884456282603
0.287700000000000 0.999999999999795 1.249999999999743 0.000000000000643 4099.178857419015912 20.495883730365048
0.287800000000000 0.999999999999796 1.249999999999745 0.000000000000641 4099.178857419012274 20.495883003809709
0.287900000000000 0.999999999999795 1.249999999999744 0.000000000000641 4099.178857419012274 20.495882280223157
0.288000000000000 0.999999999999795 1.249999999999744 0.000000000000633 4099.178857419012274 20.495881563219932
0.288100000000000 0.999999999999795 1.249999999999746 0.000000000000627 4099.178857419008636 20.495880856402984
0.288200000000000 0.999999999999794 1.249999999999744 0.000000000000622 4099.178857419014093 20.495880163344665
0.288300000000000 0.999999999999794 1.249999999999743 0.000000000000619 4099.178857419010455 20.495879487563951
0.288400000000000 0.999999999999794 1.249999999999742 0.000000000000615 4099.178857419015912 20.495878832509039
0.288500000000000 0.999999999999795 1.249999999999744 0.000000000000606 4099.178857419013184 20.495878201535771
0.288600000000000 0.999999999999795 1.249999999999744 0.000000000000597 4099.178857419014093 20.495877597891187
0.288700000000000 0.999999999999795 1.249999999999745 0.000000000000594 4099.178857419009546 20.495877024691506
0.288800000000000 0.999999999999796 1.249999999999744 0.000000000000590 4099.178857419004089 20.495876484908170
0.288900000000000 0.999999999999794 1.249999999999744 0.000000000000583 4099.178857419014093 20.495875981348149
0.289000000000000 0.999999999999795 1.249999999999742 0.000000000000576 4099.178857419010455 20.495875516638119
0.289100000000000 0.999999999999795 1.249999999999742 0.000000000000570 4099.178857419009546 20.495875093211076
0.289200000000000 0.999999999999793 1.249999999999744 0.000000000000569 4099.178857419009546 20.495874713290206
0.289300000000000 0.999999999999794 1.249999999999743 0.000000000000557 4099.178857419009546 20.495874378878138
0.289400000000000 0.999999999999792 1.249999999999742 0.000000000000548 4099.178857419014093 20.495874091743378
0.289500000000000 0.999999999999794 1.249999999999743 0.000000000000542 4099.178857419010455 20.495873853411290
0.289600000000000 0.999999999999795 1.249999999999742 0.000000000000537 4099.178857419006818 20.495873665155120
0.289700000000000 0.999999999999793 1.249999999999744 0.000000000000532 4099.178857419007727 20.495873527986802
0.289800000000000 0.999999999999793 1.249999999999744 0.000000000000526 4099.178857419009546 20.495873442653849
0.289900000000000 0.999999999999795 1.249999999999743 0.000000000000523 4099.178857419008636 20.495873409632861
0.290000000000000 0.999999999999793 1.249999999999746 0.000000000000515 4099.178857419004999 20.495873429125851
0.290100000000000 0.999999999999795 1.249999999999742 0.000000000000509 4099.178857419002270 20.495873501061631
0.290200000000000 0.999999999999792 1.249999999999741 0.000000000000500 4099.178857419011365 20.495873625092766
0.290300000000000 0.999999999999795 1.249999999999742 0.000000000000495 4099.178857419004999 20.495873800598634
0.290400000000000 0.999999999999796 1.249999999999742 0.000000000000488 4099.178857419001361 20.495874026689460
0.290500000000000 0.999999999999796 1.249999999999743 0.000000000000482 4099.178857419004999 20.495874302209984
0.290600000000000 0.999999999999793 1.249999999999744 0.000000000000476 4099.178857418999542 20.495874625746143
0.290700000000000 0.999999999999794 1.249999999999743 0.000000000000471 4099.178857419001361 20.495874995632672
0.290800000000000 0.999999999999794 1.249999999999744 0.000000000000461 4099.178857419008636 20.495875409962117
0.290900000000000 0.999999999999793 1.249999999999743 0.000000000000456 4099.178857419008636 20.495875866596496
0.291000000000000 0.999999999999793 1.249999999999742 0.000000000000449 4099.178857419000451 20.495876363177477
0.291100000000000 0.999999999999794 1.249999999999741 0.000000000000442 4099.178857419004999 20.495876897140491
0.291200000000000 0.999999999999793 1.249999999999742 0.000000000000432 4099.178857419006818 20.495877465729869
0.291300000000000 0.999999999999792 1.249999999999743 0.000000000000425 4099.178857418998632 20.495878066012413
0.291400000000000 0.999999999999793 1.249999999999741 0.000000000000416 4099.178857418999542 20.495878694895634
0.291500000000000 0.999999999999792 1.249999999999743 0.000000000000409 4099.178857418996813 20.495879349143554
0.291600000000000 0.999999999999792 1.249999999999743 0.000000000000399 4099.178857419004089 20.495880025396303
0.291700000000000 0.999999999999792 1.249999999999743 0.000000000000390 4099.178857419001361 20.495880720187788
0.291800000000000 0.999999999999794 1.249999999999742 0.000000000000382 4099.178857419000451 20.495881429965973
0.291900000000000 0.999999999999791 1.249999999999742 0.000000000000374 4099.178857419001361 20.495882151112202
0.292000000000000 0.999999999999792 1.249999999999744 0.000000000000366 4099.178857418995904 20.495882879961933
0.292100000000000 0.999999999999793 1.249999999999741 0.000000000000360 4099.178857418995904 20.495883612825978
0.292200000000000 0.999999999999792 1.249999999999742 0.000000000000353 4099.178857419001361 20.495884346009355
0.292300000000000 0.999999999999792 1.249999999999744 0.000000000000343 4099.178857419000451 20.495885075833606
0.292400000000000 0.999999999999793 1.249999999999744 0.000000000000339 4099.178857418997723 20.495885798657497
0.292500000000000 0.999999999999792 1.249999999999740 0.000000000000329 4099.178857418996813 20.495886510896813
0.292600000000000 0.999999999999793 1.249999999999743 0.000000000000323 4099.178857419003180 20.495887209043062
0.292700000000000 0.999999999999792 1.249999999999741 0.000000000000317 4099.178857418994085 20.495887889686770
0.292800000000000 0.999999999999793 1.249999999999742 0.000000000000311 4099.178857419005908 20.495888549533099
0.292900000000000 0.999999999999792 1.249999999999742 0.000000000000300 4099.178857418990447 20.495889185421117
0.293000000000000 0.999999999999792 1.249999999999740 0.000000000000293 4099.178857418995904 20.495889794342983
0.293100000000000 0.999999999999792 1.249999999999743 0.000000000000284 4099.178857418995904 20.495890373457385
0.293200000000000 0.999999999999792 1.249999999999742 0.000000000000275 4099.178857418997723 20.495890920109385
0.293300000000000 0.999999999999791 1.249999999999743 0.000000000000272 4099.178857418994085 20.495891431840565
0.293400000000000 0.999999999999791 1.249999999999742 0.000000000000265 4099.178857419001361 20.495891906406108
0.293500000000000 0.999999999999790 1.249999999999742 0.000000000000261 4099.178857418994085 20.495892341785108
0.293600000000000 0.999999999999791 1.249999999999740 0.000000000000254 4099.178857418997723 20.495892736192129
0.293700000000000 0.999999999999792 1.249999999999740 0.000000000000249 4099.178857418994085 20.495893088085595
0.293800000000000 0.999999999999792 1.249999999999740 0.000000000000241 4099.178857418988628 20.495893396177838
0.293900000000000 0.999999999999790 1.249999999999741 0.000000000000236 4099.178857418990447 20.495893659439986
0.294000000000000 0.999999999999791 1.249999999999740 0.000000000000228 4099.178857418989537 20.495893877107854
0.294100000000000 0.999999999999790 1.249999999999740 0.000000000000218 4099.178857418994085 20.495894048685031
0.294200000000000 0.999999999999791 1.249999999999740 0.000000000000212 4099.178857418996813 20.495894173945320
0.294300000000000 0.999999999999792 1.249999999999740 0.000000000000207 4099.178857418992266 20.495894252932601
0.294400000000000 0.999999999999792 1.249999999999740 0.000000000000198 4099.178857418991356 20.495894285959928
0.294500000000000 0.999999999999791 1.249999999999740 0.000000000000200 4099.178857418997723 20.495894273606801
0.294600000000000 0.999999999999790 1.249999999999739 0.000000000000192 4099.178857418992266 20.495894216714881
0.294700000000000 0.999999999999790 1.249999999999740 0.000000000000185 4099.178857418989537 20.495894116381326
0.294800000000000 0.999999999999790 1.249999999999740 0.000000000000181 4099.178857418990447 20.495893973952484
0.294900000000000 0.999999999999790 1.249999999999740 0.000000000000174 4099.178857418988628 20.495893791014705
0.295000000000000 0.999999999999792 1.249999999999738 0.000000000000166 4099.178857418992266 20.495893569383931
0.295100000000000 0.999999999999789 1.249999999999738 0.000000000000163 4099.178857418988628 20.495893311093869
0.295200000000000 0.999999999999792 1.249999999999739 0.000000000000157 4099.178857418990447 20.495893018384052
0.295300000000000 0.999999999999789 1.249999999999739 0.000000000000152 4099.178857418990447 20.495892693684759
0.295400000000000 0.999999999999790 1.249999999999739 0.000000000000149 4099.178857418990447 20.495892339602690
0.295500000000000 0.999999999999790 1.249999999999739 0.000000000000147 4099.178857418986809 20.495891958904398
0.295600000000000 0.999999999999791 1.249999999999738 0.000000000000143 4099.178857418990447 20.495891554498929
0.295700000000000 0.999999999999787 1.249999999999740 0.000000000000135 4099.178857418994994 20.495891129419739
0.295800000000000 0.999999999999792 1.249999999999739 0.000000000000126 4099.178857418981352 20.495890686807527
0.295900000000000 0.999999999999790 1.249999999999739 0.000000000000122 4099.178857418988628 20.495890229888715
0.296000000000000 0.999999999999788 1.249999999999738 0.000000000000120 4099.178857418993175 20.495889761957514
0.296100000000000 0.999999999999788 1.249999999999738 0.000000000000114 4099.178857418988628 20.495889286354373
0.296200000000000 0.999999999999788 1.249999999999739 0.000000000000106 4099.178857418977714 20.495888806445777
0.296300000000000 0.999999999999791 1.249999999999738 0.000000000000100 4099.178857418989537 20.495888325605328
0.296400000000000 0.999999999999791 1.249999999999737 0.000000000000092 4099.178857418990447 20.495887847190318
0.296500000000000 0.999999999999791 1.249999999999738 0.000000000000083 4099.178857418984990 20.495887374523384
0.296600000000000 0.999999999999790 1.249999999999736 0.000000000000079 4099.178857418986809 20.495886910871132
0.296700000000000 0.999999999999788 1.249999999999737 0.000000000000073 4099.178857418983171 20.495886459424739
0.296800000000000 0.999999999999790 1.249999999999736 0.000000000000066 4099.178857418986809 20.495886023280434
0.296900000000000 0.999999999999788 1.249999999999736 0.000000000000060 4099.178857418979533 20.495885605419879
0.297000000000000 0.999999999999788 1.249999999999735 0.000000000000061 4099.178857418985899 20.495885208692386
0.297100000000000 0.999999999999790 1.249999999999736 0.000000000000058 4099.178857418990447 20.495884835797455
0.297200000000000 0.999999999999789 1.249999999999735 0.000000000000052 4099.178857418982261 20.495884489268935
0.297300000000000 0.999999999999788 1.249999999999736 0.000000000000048 4099.178857418986809 20.495884171457938
0.297400000000000 0.999999999999788 1.249999999999736 0.000000000000039 4099.178857418981352 20.495883884519625
0.297500000000000 0.999999999999787 1.249999999999735 0.000000000000034 4099.178857418990447 20.495883630399494
0.297600000000000 0.999999999999790 1.249999999999735 0.000000000000029 4099.178857418979533 20.495883410821051
0.297700000000000 0.999999999999788 1.249999999999734 0.000000000000025 4099.178857418984990 20.495883227275563
0.297800000000000 0.999999999999790 1.249999999999735 0.000000000000021 4099.178857418983171 20.495883081012764
0.297900000000000 0.999999999999789 1.249999999999735 0.000000000000015 4099.178857418984080 20.495882973033098
0.298000000000000 0.999999999999790 1.249999999999736 0.000000000000011 4099.178857418979533 20.495882904080393
0.298100000000000 0.999999999999788 1.249999999999735 0.000000000000004 4099.178857418985899 20.495882874638355
0.298200000000000 0.999999999999788 1.249999999999733 -0.000000000000001 4099.178857418975895 20.495882884927092
0.298300000000000 0.999999999999791 1.249999999999735 -0.000000000000003 4099.178857418984080 20.495882934899427
0.298400000000000 0.999999999999790 1.249999999999735 -0.000000000000006 4099.178857418981352 20.495883024244741
0.298500000000000 0.999999999999789 1.249999999999736 -0.000000000000011 4099.178857418980442 20.495883152386931
0.298600000000000 0.999999999999787 1.249999999999735 -0.000000000000016 4099.178857418984990 20.495883318489803
0.298700000000000 0.999999999999788 1.249999999999736 -0.000000000000016 4099.178857418982261 20.495883521459692
0.298800000000000 0.999999999999787 1.249999999999734 -0.000000000000023 4099.178857418982261 20.495883759954786
0.298900000000000 0.999999999999787 1.249999999999732 -0.000000000000025 4099.178857418985899 20.495884032389529
0.299000000000000 0.999999999999790 1.249999999999734 -0.000000000000031 4099.178857418974076 20.495884336945920
0.299100000000000 0.999999999999789 1.249999999999735 -0.000000000000033 4099.178857418977714 20.495884671584662
0.299200000000000 0.999999999999789 1.249999999999734 -0.000000000000033 4099.178857418977714 20.495885034055533
0.299300000000000 0.999999999999786 1.249999999999731 -0.000000000000033 4099.178857418984990 20.495885421912241
0.299400000000000 0.999999999999789 1.249999999999734 -0.000000000000033 4099.178857418984080 20.495885832524753
0.299500000000000 0.999999999999787 1.249999999999734 -0.000000000000035 4099.178857418984080 20.495886263098658
0.299600000000000 0.999999999999787 1.249999999999734 -0.000000000000036 4099.178857418984080 20.495886710688868
0.299700000000000 0.999999999999789 1.249999999999732 -0.000000000000036 4099.178857418981352 20.495887172218175
0.299800000000000 0.999999999999788 1.249999999999733 -0.000000000000038 4099.178857418981352 20.495887644495681
0.299900000000000 0.999999999999788 1.249999999999733 -0.000000000000040 4099.178857418988628 20.495888124236203
0.300000000000000 0.999999999999787 1.249999999999733 -0.000000000000044 4099.178857418979533 20.495888608080705
0.300100000000000 0.999999999999790 1.249999999999734 -0.000000000000046 4099.178857418979533 20.495889092615382
0.300200000000000 0.999999999999787 1.249999999999734 -0.000000000000043 4099.178857418984990 20.495889574393463
0.300300000000000 0.999999999999787 1.249999999999733 -0.000000000000046 4099.178857418972257 20.495890049955975
0.300400000000000 0.999999999999787 1.249999999999734 -0.000000000000050 4099.178857418981352 20.495890515851716
0.300500000000000 0.999999999999789 1.249999999999734 -0.000000000000053 4099.178857418981352 20.495890968660689
0.300600000000000 0.999999999999789 1.249999999999735 -0.000000000000053 4099.178857418982261 20.495891405012959
0.300700000000000 0.999999999999790 1.249999999999733 -0.000000000000053 4099.178857418983171 20.495891821610847
0.300800000000000 0.999999999999787 1.249999999999730 -0.000000000000049 4099.178857418986809 20.495892215248599
0.300900000000000 0.999999999999788 1.249999999999731 -0.000000000000044 4099.178857418975895 20.495892582831406
0.301000000000000 0.999999999999789 1.249999999999732 -0.000000000000043 4099.178857418979533 20.495892921397459
0.301100000000000 0.999999999999787 1.249999999999733 -0.000000000000041 4099.178857418979533 20.495893228134435
0.301200000000000 0.999999999999785 1.249999999999730 -0.000000000000040 4099.178857418972257 20.495893500397717
0.301300000000000 0.999999999999787 1.249999999999730 -0.000000000000040 4099.178857418974076 20.495893735726547
0.301400000000000 0.999999999999789 1.249999999999730 -0.000000000000040 4099.178857418975895 20.495893931861477
0.301500000000000 0.999999999999789 1.249999999999730 -0.000000000000036 4099.178857418975895 20.495894086757676
0.301600000000000 0.999999999999788 1.249999999999730 -0.000000000000034 4099.178857418975895 20.495894198598911
0.301700000000000 0.999999999999787 1.249999999999731 -0.000000000000033 4099.178857418973166 20.495894265809230
0.301800000000000 0.999999999999788 1.249999999999729 -0.000000000000029 4099.178857418975895 20.495894287064797
0.301900000000000 0.999999999999787 1.249999999999730 -0.000000000000027 4099.178857418984990 20.495894261301110
0.302000000000000 0.999999999999786 1.249999999999730 -0.000000000000021 4099.178857418979533 20.495894187722804
0.302100000000000 0.999999999999788 1.249999999999730 -0.000000000000020 4099.178857418983171 20.495894065809630
0.302200000000000 0.999999999999786 1.249999999999727 -0.000000000000018 4099.178857418975895 20.495893895319917
0.302300000000000 0.999999999999787 1.249999999999729 -0.000000000000016 4099.178857418974076 20.495893676294013
0.302400000000000 0.999999999999786 1.249999999999729 -0.000000000000015 4099.178857418974985 20.495893409057160
0.302500000000000 0.999999999999786 1.249999999999729 -0.000000000000014 4099.178857418974076 20.495893094216413
0.302600000000000 0.999999999999785 1.249999999999728 -0.000000000000014 4099.178857418971347 20.495892732661797
0.302700000000000 0.999999999999783 1.249999999999730 -0.000000000000009 4099.178857418970438 20.495892325559826
0.302800000000000 0.999999999999785 1.249999999999729 -0.000000000000007 4099.178857418971347 20.495891874350455
0.302900000000000 0.999999999999785 1.249999999999727 -0.000000000000005 4099.178857418970438 20.495891380739369
0.303000000000000 0.999999999999784 1.249999999999729 -0.000000000000005 4099.178857418966800 20.495890846688106
0.303100000000000 0.999999999999784 1.249999999999728 -0.000000000000004 4099.178857418970438 20.495890274407923
0.303200000000000 0.999999999999786 1.249999999999728 -0.000000000000001 4099.178857418974076 20.495889666344048
0.303300000000000 0.999999999999786 1.249999999999727 0.000000000000003 4099.178857418975895 20.495889025165134
0.303400000000000 0.999999999999786 1.249999999999728 0.000000000000006 4099.178857418969528 20.495888353749407
0.303500000000000 0.999999999999786 1.249999999999727 0.000000000000008 4099.178857418968619 20.495887655168129
0.303600000000000 0.999999999999787 1.249999999999727 0.000000000000012 4099.178857418972257 20.495886932669141
0.303700000000000 0.999999999999784 1.249999999999725 0.000000000000017 4099.178857418970438 20.495886189660222
0.303800000000000 0.999999999999785 1.249999999999726 0.000000000000020 4099.178857418970438 20.495885429688585
0.303900000000000 0.999999999999786 1.249999999999724 0.000000000000023 4099.178857418966800 20.495884656423691
0.304000000000000 0.999999999999786 1.249999999999726 0.000000000000030 4099.178857418971347 20.495883873634085
0.304100000000000 0.999999999999784 1.249999999999728 0.000000000000034 4099.178857418965890 20.495883085169901
0.304200000000000 0.999999999999785 1.249999999999726 0.000000000000038 4099.178857418973166 20.495882294939154
0.304300000000000 0.999999999999786 1.249999999999727 0.000000000000042 4099.178857418973166 20.495881506885425
0.304400000000000 0.999999999999784 1.249999999999725 0.000000000000051 4099.178857418966800 20.495880724967829
0.304500000000000 0.999999999999784 1.249999999999726 0.000000000000057 4099.178857418964981 20.495879953136765
0.304600000000000 0.999999999999784 1.249999999999725 0.000000000000061 4099.178857418963162 20.495879195313712
0.304700000000000 0.999999999999783 1.249999999999725 0.000000000000068 4099.178857418964981 20.495878455366622
0.304800000000000 0.999999999999785 1.249999999999725 0.000000000000077 4099.178857418971347 20.495877737090222
0.304900000000000 0.999999999999785 1.249999999999724 0.000000000000080 4099.178857418964981 20.495877044183466
0.305000000000000 0.999999999999784 1.249999999999723 0.000000000000088 4099.178857418964981 20.495876380228484
0.305100000000000 0.999999999999785 1.249999999999725 0.000000000000098 4099.178857418966800 20.495875748669675
0.305200000000000 0.999999999999786 1.249999999999726 0.000000000000101 4099.178857418968619 20.495875152796042
0.305300000000000 0.999999999999784 1.249999999999726 0.000000000000106 4099.178857418971347 20.495874595720309
0.305400000000000 0.999999999999784 1.249999999999725 0.000000000000109 4099.178857418968619 20.495874080362050
0.305500000000000 0.999999999999784 1.249999999999724 0.000000000000112 4099.178857418964071 20.495873609429996
0.305600000000000 0.999999999999785 1.249999999999723 0.000000000000115 4099.178857418965890 20.495873185407827
0.305700000000000 0.999999999999784 1.249999999999725 0.000000000000120 4099.178857418966800 20.495872810538170
0.305800000000000 0.999999999999785 1.249999999999723 0.000000000000125 4099.178857418963162 20.495872486811987
0.305900000000000 0.999999999999784 1.249999999999724 0.000000000000131 4099.178857418963162 20.495872215953952
0.306000000000000 0.999999999999782 1.249999999999724 0.000000000000140 4099.178857418965890 20.495871999414696
0.306100000000000 0.999999999999785 1.249999999999723 0.000000000000146 4099.178857418966800 20.495871838362088
0.306200000000000 0.999999999999783 1.249999999999723 0.000000000000152 4099.178857418962252 20.495871733672221
0.306300000000000 0.999999999999783 1.249999999999722 0.000000000000158 4099.178857418964071 20.495871685926627
0.306400000000000 0.999999999999783 1.249999999999722 0.000000000000163 4099.178857418958614 20.495871695407484
0.306500000000000 0.999999999999784 1.249999999999723 0.000000000000173 4099.178857418959524 20.495871762095916
0.306600000000000 0.999999999999783 1.249999999999724 0.000000000000180 4099.178857418958614 20.495871885671583
0.306700000000000 0.999999999999784 1.249999999999722 0.000000000000186 4099.178857418962252 20.495872065514789
0.306800000000000 0.999999999999784 1.249999999999723 0.000000000000195 4099.178857418958614 20.495872300708644
0.306900000000000 0.999999999999784 1.249999999999723 0.000000000000200 4099.178857418953157 20.495872590044751
0.307000000000000 0.999999999999784 1.249999999999722 0.000000000000208 4099.178857418959524 20.495872932030444
0.307100000000000 0.999999999999782 1.249999999999721 0.000000000000216 4099.178857418959524 20.495873324895605
0.307200000000000 0.999999999999784 1.249999999999723 0.000000000000224 4099.178857418957705 20.495873766602575
0.307300000000000 0.999999999999783 1.249999999999722 0.000000000000230 4099.178857418962252 20.495874254859199
0.307400000000000 0.999999999999784 1.249999999999722 0.000000000000237 4099.178857418954067 20.495874787129569
0.307500000000000 0.999999999999783 1.249999999999723 0.000000000000243 4099.178857418950429 20.495875360648988
0.307600000000000 0.999999999999782 1.249999999999724 0.000000000000249 4099.178857418957705 20.495875972440107
0.307700000000000 0.999999999999782 1.249999999999722 0.000000000000257 4099.178857418961343 20.495876619328939
0.307800000000000 0.999999999999782 1.249999999999721 0.000000000000267 4099.178857418959524 20.495877297962181
0.307900000000000 0.999999999999783 1.249999999999721 0.000000000000275 4099.178857418961343 20.495878004826647
0.308000000000000 0.999999999999784 1.249999999999720 0.000000000000282 4099.178857418960433 20.495878736269844
0.308100000000000 0.999999999999783 1.249999999999719 0.000000000000289 4099.178857418954067 20.495879488519087
0.308200000000000 0.999999999999783 1.249999999999720 0.000000000000295 4099.178857418954976 20.495880257703384
0.308300000000000 0.999999999999782 1.249999999999721 0.000000000000302 4099.178857418952248 20.495881039875645
0.308400000000000 0.999999999999781 1.249999999999721 0.000000000000312 4099.178857418952248 20.495881831034204
0.308500000000000 0.999999999999782 1.249999999999720 0.000000000000321 4099.178857418954976 20.495882627145807
0.308600000000000 0.999999999999783 1.249999999999720 0.000000000000332 4099.178857418957705 20.495883424167612
0.308700000000000 0.999999999999781 1.249999999999720 0.000000000000337 4099.178857418958614 20.495884218071122
0.308800000000000 0.999999999999779 1.249999999999721 0.000000000000345 4099.178857418957705 20.495885004864107
0.308900000000000 0.999999999999780 1.249999999999720 0.000000000000352 4099.178857418954976 20.495885780613012
0.309000000000000 0.999999999999781 1.249999999999720 0.000000000000361 4099.178857418951338 20.495886541464589
0.309100000000000 0.999999999999780 1.249999999999721 0.000000000000370 4099.178857418954067 20.495887283669365
0.309200000000000 0.999999999999780 1.249999999999719 0.000000000000378 4099.178857418952248 20.495888003600299
0.309300000000000 0.999999999999781 1.249999999999717 0.000000000000388 4099.178857418944062 20.495888697774003
0.309400000000000 0.999999999999781 1.249999999999721 0.000000000000397 4099.178857418952248 20.495889362870273
0.309500000000000 0.999999999999780 1.249999999999721 0.000000000000404 4099.178857418947700 20.495889995751519
0.309600000000000 0.999999999999781 1.249999999999719 0.000000000000411 4099.178857418952248 20.495890593478350
0.309700000000000 0.999999999999781 1.249999999999720 0.000000000000420 4099.178857418946791 20.495891153325957
0.309800000000000 0.999999999999780 1.249999999999719 0.000000000000428 4099.178857418951338 20.495891672800909
0.309900000000000 0.999999999999780 1.249999999999719 0.000000000000435 4099.178857418944972 20.495892149652835
0.310000000000000 0.999999999999780 1.249999999999719 0.000000000000445 4099.178857418950429 20.495892581887404
0.310100000000000 0.999999999999781 1.249999999999719 0.000000000000455 4099.178857418952248 20.495892967776967
0.310200000000000 0.999999999999780 1.249999999999720 0.000000000000460 4099.178857418950429 20.495893305869519
0.310300000000000 0.999999999999781 1.249999999999720 0.000000000000469 4099.178857418955886 20.495893594997003
0.310400000000000 0.999999999999782 1.249999999999721 0.000000000000478 4099.178857418950429 20.495893834279276
0.310500000000000 0.999999999999781 1.249999999999720 0.000000000000488 4099.178857418954067 20.495894023130909
0.310600000000000 0.999999999999780 1.249999999999720 0.000000000000493 4099.178857418948610 20.495894161260470
0.310700000000000 0.999999999999781 1.249999999999719 0.000000000000500 4099.178857418944062 20.495894248674492
0.310800000000000 0.999999999999781 1.249999999999719 0.000000000000510 4099.178857418948610 20.495894285673856
0.310900000000000 0.999999999999780 1.249999999999721 0.000000000000513 4099.178857418946791 20.495894272852510
0.311000000000000 0.999999999999781 1.249999999999719 0.000000000000520 4099.178857418946791 20.495894211092612
0.311100000000000 0.999999999999779 1.249999999999720 0.000000000000530 4099.178857418946791 20.495894101557294
0.311200000000000 0.999999999999780 1.249999999999720 0.000000000000536 4099.178857418951338 20.495893945685587
0.311300000000000 0.999999999999779 1.249999999999718 0.000000000000542 4099.178857418947700 20.495893745180503
0.311400000000000 0.999999999999777 1.249999999999717 0.000000000000549 4099.178857418943153 20.495893501997617
0.311500000000000 0.999999999999781 1.249999999999719 0.000000000000559 4099.178857418947700 20.495893218335350
0.311600000000000 0.999999999999781 1.249999999999719 0.000000000000565 4099.178857418945881 20.495892896619306
0.311700000000000 0.999999999999782 1.249999999999718 0.000000000000574 4099.178857418939515 20.495892539487251
0.311800000000000 0.999999999999778 1.249999999999719 0.000000000000583 4099.178857418950429 20.495892149772331
0.311900000000000 0.999999999999779 1.249999999999719 0.000000000000592 4099.178857418944062 20.495891730486704
0.312000000000000 0.999999999999779 1.249999999999720 0.000000000000603 4099.178857418942243 20.495891284801520
0.312100000000000 0.999999999999779 1.249999999999718 0.000000000000610 4099.178857418944972 20.495890816029068
0.312200000000000 0.999999999999780 1.249999999999718 0.000000000000617 4099.178857418943153 20.495890327599433
0.312300000000000 0.999999999999781 1.249999999999719 0.000000000000621 4099.178857418946791 20.495889823043591
0.312400000000000 0.999999999999781 1.249999999999719 0.000000000000629 4099.178857418939515 20.495889305968234
0.312500000000000 0.999999999999779 1.249999999999720 0.000000000000637 4099.178857418946791 20.495888780035099
0.312600000000000 0.999999999999778 1.249999999999718 0.000000000000639 4099.178857418941334 20.495888248939593
0.312700000000000 0.999999999999776 1.249999999999719 0.000000000000644 4099.178857418943153 20.495887716385646
0.312800000000000 0.999999999999778 1.249999999999718 0.000000000000651 4099.178857418941334 20.495887186065250
0.312900000000000 0.999999999999777 1.249999999999719 0.000000000000655 4099.178857418939515 20.495886661635257
0.313000000000000 0.999999999999780 1.249999999999718 0.000000000000662 4099.178857418937696 20.495886146695533
0.313100000000000 0.999999999999779 1.249999999999720 0.000000000000667 4099.178857418952248 20.495885644765586
0.313200000000000 0.999999999999779 1.249999999999718 0.000000000000670 4099.178857418940424 20.495885159264507
0.313300000000000 0.999999999999779 1.249999999999718 0.000000000000676 4099.178857418947700 20.495884693489959
0.313400000000000 0.999999999999778 1.249999999999719 0.000000000000677 4099.178857418938605 20.495884250596685
0.313500000000000 0.999999999999780 1.249999999999717 0.000000000000679 4099.178857418937696 20.495883833579459
0.313600000000000 0.999999999999778 1.249999999999718 0.000000000000684 4099.178857418942243 20.495883445252542
0.313700000000000 0.999999999999779 1.249999999999720 0.000000000000687 4099.178857418941334 20.495883088233640
0.313800000000000 0.999999999999779 1.249999999999718 0.000000000000692 4099.178857418942243 20.495882764928314
0.313900000000000 0.999999999999779 1.249999999999717 0.000000000000693 4099.178857418936786 20.495882477513899
0.314000000000000 0.999999999999781 1.249999999999717 0.000000000000695 4099.178857418939515 20.495882227925765
0.314100000000000 0.999999999999778 1.249999999999716 0.000000000000703 4099.178857418943153 20.495882017848196
0.314200000000000 0.999999999999777 1.249999999999717 0.000000000000707 4099.178857418941334 20.495881848700662
0.314300000000000 0.999999999999778 1.249999999999717 0.000000000000707 4099.178857418941334 20.495881721630379
0.314400000000000 0.999999999999777 1.249999999999717 0.000000000000710 4099.178857418932239 20.495881637505427
0.314500000000000 0.999999999999777 1.249999999999718 0.000000000000714 4099.178857418935877 20.495881596908312
0.314600000000000 0.999999999999779 1.249999999999716 0.000000000000718 4099.178857418938605 20.495881600132893
0.314700000000000 0.999999999999779 1.249999999999717 0.000000000000719 4099.178857418938605 20.495881647181044
0.314800000000000 0.999999999999779 1.249999999999717 0.000000000000721 4099.178857418939515 20.495881737764179
0.314900000000000 0.999999999999777 1.249999999999717 0.000000000000728 4099.178857418935877 20.495881871302991
0.315000000000000 0.999999999999778 1.249999999999717 0.000000000000729 4099.178857418936786 20.495882046931484
0.315100000000000 0.999999999999776 1.249999999999716 0.000000000000730 4099.178857418935877 20.495882263501485
0.315200000000000 0.999999999999777 1.249999999999718 0.000000000000733 4099.178857418935877 20.495882519588946
0.315300000000000 0.999999999999778 1.249999999999718 0.000000000000735 4099.178857418935877 20.495882813504014
0.315400000000000 0.999999999999777 1.249999999999717 0.000000000000739 4099.178857418933148 20.495883143297828
0.315500000000000 0.999999999999776 1.249999999999716 0.000000000000744 4099.178857418932239 20.495883506776995
0.315600000000000 0.999999999999777 1.249999999999717 0.000000000000747 4099.178857418929510 20.495883901514269
0.315700000000000 0.999999999999775 1.249999999999717 0.000000000000744 4099.178857418934967 20.495884324864960
0.315800000000000 0.999999999999776 1.249999999999716 0.000000000000749 4099.178857418939515 20.495884773981075
0.315900000000000 0.999999999999776 1.249999999999717 0.000000000000749 4099.178857418928601 20.495885245828553
0.316000000000000 0.999999999999778 1.249999999999716 0.000000000000747 4099.178857418931329 20.495885737206599
0.316100000000000 0.999999999999777 1.249999999999718 0.000000000000752 4099.178857418934058 20.495886244764712
0.316200000000000 0.999999999999777 1.249999999999716 0.000000000000753 4099.178857418934967 20.495886765026707
0.316300000000000 0.999999999999777 1.249999999999717 0.000000000000756 4099.178857418932239 20.495887294405392
0.316400000000000 0.999999999999776 1.249999999999717 0.000000000000759 4099.178857418934058 20.495887829231236
0.316500000000000 0.999999999999776 1.249999999999717 0.000000000000763 4099.178857418930420 20.495888365768856
0.316600000000000 0.999999999999776 1.249999999999716 0.000000000000763 4099.178857418928601 20.495888900243916
0.316700000000000 0.999999999999777 1.249999999999718 0.000000000000766 4099.178857418925872 20.495889428862593
0.316800000000000 0.999999999999776 1.249999999999715 0.000000000000771 4099.178857418934058 20.495889947837899
0.316900000000000 0.999999999999775 1.249999999999716 0.000000000000773 4099.178857418931329 20.495890453409952
0.317000000000000 0.999999999999776 1.249999999999717 0.000000000000771 4099.178857418924053 20.495890941870648
0.317100000000000 0.999999999999775 1.249999999999717 0.000000000000771 4099.178857418928601 20.495891409586989
0.317200000000000 0.999999999999774 1.249999999999718 0.000000000000769 4099.178857418923144 20.495891853021366
0.317300000000000 0.999999999999775 1.249999999999715 0.000000000000768 4099.178857418930420 20.495892268756119
0.317400000000000 0.999999999999776 1.249999999999717 0.000000000000769 4099.178857418932239 20.495892653511955
0.317500000000000 0.999999999999776 1.249999999999716 0.000000000000770 4099.178857418928601 20.495893004171815
0.317600000000000 0.999999999999775 1.249999999999717 0.000000000000770 4099.178857418928601 20.495893317796899
0.317700000000000 0.999999999999776 1.249999999999716 0.000000000000769 4099.178857418931329 20.495893591648592
0.317800000000000 0.999999999999774 1.249999999999714 0.000000000000768 4099.178857418922235 20.495893823203172
0.317900000000000 0.999999999999775 1.249999999999717 0.000000000000766 4099.178857418928601 20.495894010169685
0.318000000000000 0.999999999999775 1.249999999999715 0.000000000000764 4099.178857418930420 20.495894150505482
0.318100000000000 0.999999999999777 1.249999999999717 0.000000000000763 4099.178857418924053 20.495894242426779
0.318200000000000 0.999999999999773 1.249999999999716 0.000000000000762 4099.178857418926782 20.495894284424889
0.318300000000000 0.999999999999776 1.249999999999714 0.000000000000762 4099.178857418932239 20.495894275272967
0.318400000000000 0.999999999999773 1.249999999999717 0.000000000000760 4099.178857418924963 20.495894214036117
0.318500000000000 0.999999999999777 1.249999999999716 0.000000000000760 4099.178857418926782 20.495894100080157
0.318600000000000 0.999999999999775 1.249999999999717 0.000000000000761 4099.178857418927691 20.495893933074143
0.318700000000000 0.999999999999774 1.249999999999716 0.000000000000759 4099.178857418929510 20.495893712996370
0.318800000000000 0.999999999999773 1.249999999999715 0.000000000000759 4099.178857418924053 20.495893440134321
0.318900000000000 0.999999999999773 1.249999999999716 0.000000000000755 4099.178857418916778 20.495893115085792
0.319000000000000 0.999999999999776 1.249999999999714 0.000000000000756 4099.178857418924963 20.495892738757586
0.319100000000000 0.999999999999774 1.249999999999717 0.000000000000753 4099.178857418926782 20.495892312359160
0.319200000000000 0.999999999999774 1.249999999999717 0.000000000000750 4099.178857418919506 20.495891837401839
0.319300000000000 0.999999999999774 1.249999999999715 0.000000000000742 4099.178857418928601 20.495891315686713
0.319400000000000 0.999999999999773 1.249999999999716 0.000000000000738 4099.178857418922235 20.495890749298336
0.319500000000000 0.999999999999773 1.249999999999717 0.000000000000736 4099.178857418921325 20.495890140594209
0.319600000000000 0.999999999999775 1.249999999999716 0.000000000000735 4099.178857418918597 20.495889492192127
0.319700000000000 0.999999999999773 1.249999999999716 0.000000000000732 4099.178857418921325 20.495888806955556
0.319800000000000 0.999999999999774 1.249999999999717 0.000000000000729 4099.178857418919506 20.495888087979420
0.319900000000000 0.999999999999773 1.249999999999716 0.000000000000726 4099.178857418925872 20.495887338573898
0.320000000000000 0.999999999999773 1.249999999999718 0.000000000000723 4099.178857418921325 20.495886562243907
0.320100000000000 0.999999999999774 1.249999999999714 0.000000000000720 4099.178857418924963 20.495885762674831
0.320200000000000 0.999999999999773 1.249999999999714 0.000000000000719 4099.178857418918597 20.495884943706326
0.320300000000000 0.999999999999773 1.249999999999715 0.000000000000713 4099.178857418917687 20.495884109315117
0.320400000000000 0.999999999999774 1.249999999999716 0.000000000000713 4099.178857418917687 20.495883263592791
0.320500000000000 0.999999999999773 1.249999999999714 0.000000000000715 4099.178857418919506 20.495882410721475
0.320600000000000 0.999999999999773 1.249999999999717 0.000000000000715 4099.178857418924053 20.495881554950785
0.320700000000000 0.999999999999773 1.249999999999716 0.000000000000712 4099.178857418916778 20.495880700575935
0.320800000000000 0.999999999999772 1.249999999999714 0.000000000000713 4099.178857418918597 20.495879851911109
0.320900000000000 0.999999999999773 1.249999999999714 0.000000000000706 4099.178857418917687 20.495879013266190
0.321000000000000 0.999999999999773 1.249999999999715 0.000000000000704 4099.178857418914959 20.495878188922592
0.321100000000000 0.999999999999773 1.249999999999714 0.000000000000702 4099.178857418919506 20.495877383109537
0.321200000000000 0.999999999999773 1.249999999999714 0.000000000000697 4099.178857418914049 20.495876599978793
0.321300000000000 0.999999999999772 1.249999999999716 0.000000000000690 4099.178857418914049 20.495875843581807
0.321400000000000 0.999999999999772 1.249999999999715 0.000000000000685 4099.178857418917687 20.495875117847927
0.321500000000000 0.999999999999773 1.249999999999716 0.000000000000679 4099.178857418913140 20.495874426558171
0.321600000000000 0.999999999999772 1.249999999999716 0.000000000000675 4099.178857418914049 20.495873773328835
0.321700000000000 0.999999999999771 1.249999999999716 0.000000000000668 4099.178857418921325 20.495873161586303
0.321800000000000 0.999999999999771 1.249999999999716 0.000000000000665 4099.178857418920416 20.495872594549503
0.321900000000000 0.999999999999773 1.249999999999715 0.000000000000658 4099.178857418917687 20.495872075211707
0.322000000000000 0.999999999999773 1.249999999999712 0.000000000000650 4099.178857418910411 20.495871606321998
0.322100000000000 0.999999999999772 1.249999999999716 0.000000000000642 4099.178857418906773 20.495871190369296
0.322200000000000 0.999999999999772 1.249999999999712 0.000000000000637 4099.178857418916778 20.495870829571107
0.322300000000000 0.999999999999773 1.249999999999716 0.000000000000633 4099.178857418920416 20.495870525854684
0.322400000000000 0.999999999999771 1.249999999999716 0.000000000000628 4099.178857418914049 20.495870280852152
0.322500000000000 0.999999999999770 1.249999999999715 0.000000000000621 4099.178857418914049 20.495870095886936
0.322600000000000 0.999999999999770 1.249999999999716 0.000000000000618 4099.178857418911321 20.495869971966339
0.322700000000000 0.999999999999773 1.249999999999714 0.000000000000612 4099.178857418914049 20.495869909777280
0.322800000000000 0.999999999999772 1.249999999999716 0.000000000000607 4099.178857418914049 20.495869909679591
0.322900000000000 0.999999999999771 1.249999999999713 0.000000000000598 4099.178857418916778 20.495869971706565
0.323000000000000 0.999999999999772 1.249999999999714 0.000000000000592 4099.178857418912230 20.495870095561273
0.323100000000000 0.999999999999771 1.249999999999717 0.000000000000587 4099.178857418914049 20.495870280619727
0.323200000000000 0.999999999999770 1.249999999999714 0.000000000000581 4099.178857418912230 20.495870525936080
0.323300000000000 0.999999999999771 1.249999999999716 0.000000000000580 4099.178857418910411 20.495870830242339
0.323400000000000 0.999999999999773 1.249999999999714 0.000000000000574 4099.178857418910411 20.495871191960948
0.323500000000000 0.999999999999771 1.249999999999715 0.000000000000567 4099.178857418916778 20.495871609209452
0.323600000000000 0.999999999999772 1.249999999999713 0.000000000000562 4099.178857418908592 20.495872079813527
0.323700000000000 0.999999999999772 1.249999999999714 0.000000000000556 4099.178857418919506 20.495872601317533
0.323800000000000 0.999999999999770 1.249999999999714 0.000000000000547 4099.178857418914049 20.495873170999204
0.323900000000000 0.999999999999770 1.249999999999714 0.000000000000542 4099.178857418912230 20.495873785884285
0.324000000000000 0.999999999999771 1.249999999999714 0.000000000000541 4099.178857418910411 20.495874442762993
0.324100000000000 0.999999999999769 1.249999999999714 0.000000000000532 4099.178857418909502 20.495875138209350
0.324200000000000 0.999999999999771 1.249999999999713 0.000000000000527 4099.178857418912230 20.495875868599438
0.324300000000000 0.999999999999771 1.249999999999714 0.000000000000521 4099.178857418914959 20.495876630130958
0.324400000000000 0.999999999999770 1.249999999999717 0.000000000000514 4099.178857418911321 20.495877418846849
0.324500000000000 0.999999999999769 1.249999999999716 0.000000000000503 4099.178857418906773 20.495878230656320
0.324600000000000 0.999999999999770 1.249999999999715 0.000000000000494 4099.178857418909502 20.495879061357488
0.324700000000000 0.999999999999770 1.249999999999715 0.000000000000484 4099.178857418908592 20.495879906662015
0.324800000000000 0.999999999999773 1.249999999999716 0.000000000000478 4099.178857418906773 20.495880762219105
0.324900000000000 0.999999999999772 1.249999999999712 0.000000000000468 4099.178857418906773 20.495881623639931
0.325000000000000 0.999999999999768 1.249999999999714 0.000000000000460 4099.178857418908592 20.495882486521410
0.325100000000000 0.999999999999769 1.249999999999715 0.000000000000453 4099.178857418910411 20.495883346472983
0.325200000000000 0.999999999999770 1.249999999999714 0.000000000000445 4099.178857418909502 20.495884199140630
0.325300000000000 0.999999999999771 1.249999999999713 0.000000000000443 4099.178857418906773 20.495885040230394
0.325400000000000 0.999999999999771 1.249999999999714 0.000000000000439 4099.178857418908592 20.495885865533086
0.325500000000000 0.999999999999771 1.249999999999713 0.000000000000430 4099.178857418908592 20.495886670949112
0.325600000000000 0.999999999999770 1.249999999999713 0.000000000000423 4099.178857418901316 20.495887452509297
0.325700000000000 0.999999999999768 1.249999999999714 0.000000000000417 4099.178857418904954 20.495888206399101
0.325800000000000 0.999999999999768 1.249999999999711 0.000000000000409 4099.178857418904045 20.495888928979518
0.325900000000000 0.999999999999771 1.249999999999712 0.000000000000402 4099.178857418897678 20.495889616805410
0.326000000000000 0.999999999999769 1.249999999999712 0.000000000000392 4099.178857418901316 20.495890266647812
0.326100000000000 0.999999999999770 1.249999999999714 0.000000000000383 4099.178857418904954 20.495890875509573
0.326200000000000 0.999999999999770 1.249999999999711 0.000000000000375 4099.178857418908592 20.495891440642968
0.326300000000000 0.999999999999769 1.249999999999712 0.000000000000371 4099.178857418904954 20.495891959563213
0.326400000000000 0.999999999999768 1.249999999999714 0.000000000000366 4099.178857418904045 20.495892430063989
0.326500000000000 0.999999999999767 1.249999999999713 0.000000000000357 4099.178857418903135 20.495892850229126
0.326600000000000 0.999999999999769 1.249999999999711 0.000000000000352 4099.178857418901316 20.495893218440894
0.326700000000000 0.999999999999767 1.249999999999711 0.000000000000349 4099.178857418901316 20.495893533389317
0.326800000000000 0.999999999999770 1.249999999999712 0.000000000000345 4099.178857418909502 20.495893794080171
0.326900000000000 0.999999999999770 1.249999999999712 0.000000000000337 4099.178857418900407 20.495893999838511
0.327000000000000 0.999999999999769 1.249999999999714 0.000000000000330 4099.178857418904954 20.495894150310981
0.327100000000000 0.999999999999768 1.249999999999711 0.000000000000323 4099.178857418906773 20.495894245469206
0.327200000000000 0.999999999999769 1.249999999999712 0.000000000000319 4099.178857418906773 20.495894285605246
0.327300000000000 0.999999999999769 1.249999999999714 0.000000000000311 4099.178857418896769 20.495894271332123
0.327400000000000 0.999999999999768 1.249999999999711 0.000000000000302 4099.178857418903135 20.495894203578821
0.327500000000000 0.999999999999768 1.249999999999712 0.000000000000297 4099.178857418904954 20.495894083580900
0.327600000000000 0.999999999999767 1.249999999999709 0.000000000000287 4099.178857418895859 20.495893912876344
0.327700000000000 0.999999999999768 1.249999999999712 0.000000000000280 4099.178857418900407 20.495893693290991
0.327800000000000 0.999999999999768 1.249999999999712 0.000000000000270 4099.178857418901316 20.495893426932128
0.327900000000000 0.999999999999769 1.249999999999711 0.000000000000261 4099.178857418892221 20.495893116170237
0.328000000000000 0.999999999999768 1.249999999999711 0.000000000000253 4099.178857418900407 20.495892763626774
0.328100000000000 0.999999999999767 1.249999999999710 0.000000000000245 4099.178857418894950 20.495892372156895
0.328200000000000 0.999999999999767 1.249999999999710 0.000000000000236 4099.178857418899497 20.495891944831637
0.328300000000000 0.999999999999768 1.249999999999710 0.000000000000231 4099.178857418895859 20.495891484919586
0.328400000000000 0.999999999999767 1.249999999999711 0.000000000000229 4099.178857418899497 20.495890995866262
0.328500000000000 0.999999999999768 1.249999999999712 0.000000000000221 4099.178857418902226 20.495890481272351
0.328600000000000 0.999999999999768 1.249999999999710 0.000000000000216 4099.178857418893131 20.495889944872847
0.328700000000000 0.999999999999768 1.249999999999710 0.000000000000210 4099.178857418894040 20.495889390512520
0.328800000000000 0.999999999999768 1.249999999999710 0.000000000000203 4099.178857418895859 20.495888822123728
0.328900000000000 0.999999999999767 1.249999999999710 0.000000000000200 4099.178857418899497 20.495888243702694
0.329000000000000 0.999999999999769 1.249999999999710 0.000000000000196 4099.178857418894040 20.495887659283078
0.329100000000000 0.999999999999768 1.249999999999709 0.000000000000190 4099.178857418895859 20.495887072914165
0.329200000000000 0.999999999999769 1.249999999999710 0.000000000000185 4099.178857418894040 20.495886488632539
0.329300000000000 0.999999999999768 1.249999999999709 0.000000000000180 4099.178857418894040 20.495885910442208
0.329400000000000 0.999999999999766 1.249999999999708 0.000000000000177 4099.178857418895859 20.495885342285270
0.329500000000000 0.999999999999768 1.249999999999709 0.000000000000168 4099.178857418894040 20.495884788021819
0.329600000000000 0.999999999999767 1.249999999999710 0.000000000000162 4099.178857418895859 20.495884251404021
0.329700000000000 0.999999999999767 1.249999999999707 0.000000000000156 4099.178857418898588 20.495883736054470
0.329800000000000 0.999999999999768 1.249999999999707 0.000000000000152 4099.178857418891312 20.495883245443228
0.329900000000000 0.999999999999766 1.249999999999708 0.000000000000151 4099.178857418892221 20.495882782867415
0.330000000000000 0.999999999999768 1.249999999999708 0.000000000000149 4099.178857418893131 20.495882351430716
0.330100000000000 0.999999999999767 1.249999999999707 0.000000000000144 4099.178857418891312 20.495881954024483
0.330200000000000 0.999999999999767 1.249999999999706 0.000000000000138 4099.178857418890402 20.495881593309871
0.330300000000000 0.999999999999766 1.249999999999706 0.000000000000133 4099.178857418889493 20.495881271701300
0.330400000000000 0.999999999999767 1.249999999999705 0.000000000000128 4099.178857418892221 20.495880991352614
0.330500000000000 0.999999999999765 1.249999999999705 0.000000000000121 4099.178857418885855 20.495880754142480
0.330600000000000 0.999999999999765 1.249999999999708 0.000000000000117 4099.178857418894040 20.495880561663103
0.330700000000000 0.999999999999763 1.249999999999707 0.000000000000115 4099.178857418884036 20.495880415212262
0.330800000000000 0.999999999999766 1.249999999999706 0.000000000000106 4099.178857418888583 20.495880315781431
0.330900000000000 0.999999999999765 1.249999999999706 0.000000000000101 4099.178857418884036 20.495880264052385
0.331000000000000 0.999999999999767 1.249999999999707 0.000000000000093 4099.178857418886764 20.495880260391779
0.331100000000000 0.999999999999766 1.249999999999707 0.000000000000090 4099.178857418886764 20.495880304848779
0.331200000000000 0.999999999999766 1.249999999999704 0.000000000000083 4099.178857418888583 20.495880397154778
0.331300000000000 0.999999999999767 1.249999999999705 0.000000000000077 4099.178857418892221 20.495880536722140
0.331400000000000 0.999999999999764 1.249999999999705 0.000000000000075 4099.178857418884036 20.495880722652057
0.331500000000000 0.999999999999765 1.249999999999706 0.000000000000075 4099.178857418886764 20.495880953735224
0.331600000000000 0.999999999999765 1.249999999999704 0.000000000000069 4099.178857418883126 20.495881228461741
0.331700000000000 0.999999999999764 1.249999999999705 0.000000000000067 4099.178857418887674 20.495881545027494
0.331800000000000 0.999999999999765 1.249999999999704 0.000000000000060 4099.178857418887674 20.495881901347126
0.331900000000000 0.999999999999766 1.249999999999703 0.000000000000057 4099.178857418889493 20.495882295064266
0.332000000000000 0.999999999999766 1.249999999999704 0.000000000000053 4099.178857418884036 20.495882723566243
0.332100000000000 0.999999999999765 1.249999999999705 0.000000000000050 4099.178857418878579 20.495883184000363
0.332200000000000 0.999999999999765 1.249999999999702 0.000000000000046 4099.178857418882217 20.495883673290081
0.332300000000000 0.999999999999763 1.249999999999705 0.000000000000046 4099.178857418878579 20.495884188151781
0.332400000000000 0.999999999999764 1.249999999999702 0.000000000000043 4099.178857418878579 20.495884725118799
0.332500000000000 0.999999999999763 1.249999999999705 0.000000000000042 4099.178857418884036 20.495885280556337
0.332600000000000 0.999999999999765 1.249999999999703 0.000000000000039 4099.178857418888583 20.495885850689493
0.332700000000000 0.999999999999763 1.249999999999704 0.000000000000042 4099.178857418879488 20.495886431619873
0.332800000000000 0.999999999999763 1.249999999999703 0.000000000000041 4099.178857418875850 20.495887019354143
0.332900000000000 0.999999999999763 1.249999999999705 0.000000000000040 4099.178857418885855 20.495887609825033
0.333000000000000 0.999999999999764 1.249999999999701 0.000000000000035 4099.178857418874031 20.495888198918127
0.333100000000000 0.999999999999764 1.249999999999702 0.000000000000035 4099.178857418880398 20.495888782493875
0.333200000000000 0.999999999999764 1.249999999999702 0.000000000000035 4099.178857418883126 20.495889356416384
0.333300000000000 0.999999999999764 1.249999999999703 0.000000000000031 4099.178857418888583 20.495889916576100
0.333400000000000 0.999999999999762 1.249999999999702 0.000000000000030 4099.178857418881307 20.495890458916293
0.333500000000000 0.999999999999764 1.249999999999702 0.000000000000030 4099.178857418874031 20.495890979456753
0.333600000000000 0.999999999999764 1.249999999999702 0.000000000000031 4099.178857418884945 20.495891474319063
0.333700000000000 0.999999999999764 1.249999999999702 0.000000000000029 4099.178857418872212 20.495891939751221
0.333800000000000 0.999999999999762 1.249999999999703 0.000000000000029 4099.178857418884945 20.495892372149768
0.333900000000000 0.999999999999763 1.249999999999702 0.000000000000032 4099.178857418881307 20.495892768082346
0.334000000000000 0.999999999999761 1.249999999999702 0.000000000000030 4099.178857418870393 20.495893124310118
0.334100000000000 0.999999999999764 1.249999999999703 0.000000000000029 4099.178857418877669 20.495893437807045
0.334200000000000 0.999999999999762 1.249999999999701 0.000000000000032 4099.178857418874941 20.495893705780407
0.334300000000000 0.999999999999763 1.249999999999700 0.000000000000030 4099.178857418879488 20.495893925687909
0.334400000000000 0.999999999999763 1.249999999999699 0.000000000000028 4099.178857418879488 20.495894095253263
0.334500000000000 0.999999999999762 1.249999999999700 0.000000000000028 4099.178857418879488 20.495894212483272
0.334600000000000 0.999999999999762 1.249999999999702 0.000000000000028 4099.178857418877669 20.495894275679461
0.334700000000000 0.999999999999764 1.249999999999701 0.000000000000028 4099.178857418875850 20.495894283451136
0.334800000000000 0.999999999999762 1.249999999999701 0.000000000000028 4099.178857418875850 20.495894234722936
0.334900000000000 0.999999999999761 1.249999999999701 0.000000000000028 4099.178857418870393 20.495894128745192
0.335000000000000 0.999999999999762 1.249999999999701 0.000000000000027 4099.178857418878579 20.495893965099118
0.335100000000000 0.999999999999762 1.249999999999701 0.000000000000029 4099.178857418877669 20.495893743700645
0.335200000000000 0.999999999999761 1.249999999999702 0.000000000000027 4099.178857418874031 20.495893464802915
0.335300000000000 0.999999999999761 1.249999999999701 0.000000000000027 4099.178857418878579 20.495893128997484
0.335400000000000 0.999999999999762 1.249999999999700 0.000000000000029 4099.178857418872212 20.495892737210877
0.335500000000000 0.999999999999762 1.249999999999699 0.000000000000030 4099.178857418882217 20.495892290702251
0.335600000000000 0.999999999999762 1.249999999999699 0.000000000000028 4099.178857418878579 20.495891791056760
0.335700000000000 0.999999999999762 1.249999999999700 0.000000000000027 4099.178857418872212 20.495891240178938
0.335800000000000 0.999999999999762 1.249999999999700 0.000000000000024 4099.178857418881307 20.495890640283029
0.335900000000000 0.999999999999763 1.249999999999698 0.000000000000026 4099.178857418868574 20.495889993881530
0.336000000000000 0.999999999999762 1.249999999999696 0.000000000000026 4099.178857418877669 20.495889303771520
0.336100000000000 0.999999999999763 1.249999999999698 0.000000000000026 4099.178857418870393 20.495888573019741
0.336200000000000 0.999999999999762 1.249999999999699 0.000000000000029 4099.178857418877669 20.495887804949021
0.336300000000000 0.999999999999761 1.249999999999699 0.000000000000030 4099.178857418874031 20.495887003116785
0.336400000000000 0.999999999999763 1.249999999999697 0.000000000000030 4099.178857418872212 20.495886171297766
0.336500000000000 0.999999999999762 1.249999999999698 0.000000000000036 4099.178857418872212 20.495885313461855
0.336600000000000 0.999999999999762 1.249999999999699 0.000000000000041 4099.178857418872212 20.495884433754295
0.336700000000000 0.999999999999763 1.249999999999698 0.000000000000046 4099.178857418871303 20.495883536471769
0.336800000000000 0.999999999999762 1.249999999999698 0.000000000000043 4099.178857418864936 20.495882626036995
0.336900000000000 0.999999999999759 1.249999999999696 0.000000000000040 4099.178857418869484 20.495881706977372
0.337000000000000 0.999999999999759 1.249999999999699 0.000000000000046 4099.178857418864936 20.495880783896041
0.337100000000000 0.999999999999761 1.249999999999699 0.000000000000051 4099.178857418871303 20.495879861449602
0.337200000000000 0.999999999999762 1.249999999999696 0.000000000000055 4099.178857418866755 20.495878944319514
0.337300000000000 0.999999999999759 1.249999999999698 0.000000000000055 4099.178857418863117 20.495878037185353
0.337400000000000 0.999999999999761 1.249999999999695 0.000000000000058 4099.178857418871303 20.495877144701311
0.337500000000000 0.999999999999761 1.249999999999695 0.000000000000060 4099.178857418868574 20.495876271466436
0.337600000000000 0.999999999999761 1.249999999999695 0.000000000000064 4099.178857418870393 20.495875421999994
0.337700000000000 0.999999999999762 1.249999999999695 0.000000000000069 4099.178857418868574 20.495874600717197
0.337800000000000 0.999999999999761 1.249999999999696 0.000000000000072 4099.178857418864936 20.495873811900317
0.337900000000000 0.999999999999761 1.249999999999695 0.000000000000077 4099.178857418866755 20.495873059679365
0.338000000000000 0.999999999999761 1.249999999999696 0.000000000000081 4099.178857418865846 20.495872348003211
0.338100000000000 0.999999999999761 1.249999999999696 0.000000000000082 4099.178857418865846 20.495871680620386
0.338200000000000 0.999999999999760 1.249999999999696 0.000000000000088 4099.178857418872212 20.495871061056288
0.338300000000000 0.999999999999759 1.249999999999697 0.000000000000093 4099.178857418868574 20.495870492593287
0.338400000000000 0.999999999999759 1.249999999999695 0.000000000000095 4099.178857418864936 20.495869978252070
0.338500000000000 0.999999999999758 1.249999999999695 0.000000000000096 4099.178857418858570 20.495869520772359
0.338600000000000 0.999999999999759 1.249999999999695 0.000000000000101 4099.178857418861298 20.495869122599967
0.338700000000000 0.999999999999759 1.249999999999692 0.000000000000105 4099.178857418866755 20.495868785869881
0.338800000000000 0.999999999999760 1.249999999999695 0.000000000000110 4099.178857418864936 20.495868512394967
0.338900000000000 0.999999999999758 1.249999999999696 0.000000000000114 4099.178857418870393 20.495868303656241
0.339000000000000 0.999999999999759 1.249999999999693 0.000000000000114 4099.178857418862208 20.495868160792700
0.339100000000000 0.999999999999760 1.249999999999694 0.000000000000121 4099.178857418861298 20.495868084593742
0.339200000000000 0.999999999999757 1.249999999999695 0.000000000000124 4099.178857418859479 20.495868075497274
0.339300000000000 0.999999999999758 1.249999999999694 0.000000000000125 4099.178857418861298 20.495868133584327
0.339400000000000 0.999999999999760 1.249999999999694 0.000000000000129 4099.178857418861298 20.495868258578888
0.339500000000000 0.999999999999759 1.249999999999692 0.000000000000138 4099.178857418859479 20.495868449849805
0.339600000000000 0.999999999999758 1.249999999999694 0.000000000000143 4099.178857418866755 20.495868706412619
0.339700000000000 0.999999999999758 1.249999999999694 0.000000000000149 4099.178857418866755 20.495869026937502
0.339800000000000 0.999999999999758 1.249999999999692 0.000000000000155 4099.178857418860389 20.495869409753496
0.339900000000000 0.999999999999759 1.249999999999693 0.000000000000160 4099.178857418858570 20.495869852859609
0.340000000000000 0.999999999999760 1.249999999999694 0.000000000000166 4099.178857418861298 20.495870353935242
0.340100000000000 0.999999999999758 1.249999999999694 0.000000000000172 4099.178857418859479 20.495870910353954
0.340200000000000 0.999999999999759 1.249999999999694 0.000000000000174 4099.178857418864936 20.495871519196776
0.340300000000000 0.999999999999758 1.249999999999693 0.000000000000180 4099.178857418855841 20.495872177270197
0.340400000000000 0.999999999999759 1.249999999999694 0.000000000000184 4099.178857418861298 20.495872881122477
0.340500000000000 0.999999999999759 1.249999999999692 0.000000000000191 4099.178857418861298 20.495873627064547
0.340600000000000 0.999999999999758 1.249999999999691 0.000000000000196 4099.178857418863117 20.495874411190094
0.340700000000000 0.999999999999758 1.249999999999691 0.000000000000198 4099.178857418856751 20.495875229397281
0.340800000000000 0.999999999999757 1.249999999999692 0.000000000000203 4099.178857418864027 20.495876077413165
0.340900000000000 0.999999999999757 1.249999999999692 0.000000000000210 4099.178857418864936 20.495876950816065
0.341000000000000 0.999999999999755 1.249999999999693 0.000000000000213 4099.178857418857660 20.495877845062026
0.341100000000000 0.999999999999759 1.249999999999691 0.000000000000218 4099.178857418857660 20.495878755510830
0.341200000000000 0.999999999999757 1.249999999999692 0.000000000000224 4099.178857418859479 20.495879677449349
0.341300000000000 0.999999999999758 1.249999999999693 0.000000000000232 4099.178857418858570 20.495880606122018
0.341400000000000 0.999999999999757 1.249999999999693 0.000000000000240 4099.178857418857660 20.495881536755508
0.341500000000000 0.999999999999758 1.249999999999690 0.000000000000249 4099.178857418862208 20.495882464585996
0.341600000000000 0.999999999999759 1.249999999999692 0.000000000000257 4099.178857418854022 20.495883384885300
0.341700000000000 0.999999999999756 1.249999999999692 0.000000000000262 4099.178857418859479 20.495884292990059
0.341800000000000 0.999999999999755 1.249999999999691 0.000000000000266 4099.178857418852203 20.495885184325722
0.341900000000000 0.999999999999757 1.249999999999692 0.000000000000271 4099.178857418855841 20.495886054432447
0.342000000000000 0.999999999999757 1.249999999999690 0.000000000000279 4099.178857418854022 20.495886898991511
0.342100000000000 0.999999999999755 1.249999999999690 0.000000000000285 4099.178857418854932 20.495887713848344
0.342200000000000 0.999999999999756 1.249999999999689 0.000000000000287 4099.178857418861298 20.495888495036290
0.342300000000000 0.999999999999757 1.249999999999692 0.000000000000291 4099.178857418854022 20.495889238798522
0.342400000000000 0.999999999999758 1.249999999999692 0.000000000000298 4099.178857418859479 20.495889941609995
0.342500000000000 0.999999999999756 1.249999999999689 0.000000000000305 4099.178857418851294 20.495890600195647
0.342600000000000 0.999999999999757 1.249999999999691 0.000000000000314 4099.178857418854022 20.495891211548212
0.342700000000000 0.999999999999756 1.249999999999691 0.000000000000319 4099.178857418848565 20.495891772947232
0.342800000000000 0.999999999999757 1.249999999999692 0.000000000000323 4099.178857418855841 20.495892281971333
0.342900000000000 0.999999999999757 1.249999999999690 0.000000000000325 4099.178857418850384 20.495892736512651
0.343000000000000 0.999999999999757 1.249999999999688 0.000000000000332 4099.178857418856751 20.495893134787593
0.343100000000000 0.999999999999757 1.249999999999692 0.000000000000336 4099.178857418848565 20.495893475345031
0.343200000000000 0.999999999999756 1.249999999999690 0.000000000000346 4099.178857418850384 20.495893757077987
0.343300000000000 0.999999999999757 1.249999999999691 0.000000000000351 4099.178857418846746 20.495893979223272
0.343400000000000 0.999999999999757 1.249999999999688 0.000000000000358 4099.178857418855841 20.495894141369163
0.343500000000000 0.999999999999758 1.249999999999690 0.000000000000361 4099.178857418846746 20.495894243453801
0.343600000000000 0.999999999999755 1.249999999999689 0.000000000000366 4099.178857418852203 20.495894285767640
0.343700000000000 0.999999999999755 1.249999999999688 0.000000000000373 4099.178857418849475 20.495894268947708
0.343800000000000 0.999999999999755 1.249999999999689 0.000000000000383 4099.178857418848565 20.495894193973932
0.343900000000000 0.999999999999756 1.249999999999690 0.000000000000389 4099.178857418844927 20.495894062162520
0.344000000000000 0.999999999999757 1.249999999999689 0.000000000000394 4099.178857418846746 20.495893875157655
0.344100000000000 0.999999999999757 1.249999999999690 0.000000000000399 4099.178857418848565 20.495893634918488
0.344200000000000 0.999999999999755 1.249999999999688 0.000000000000404 4099.178857418846746 20.495893343709913
0.344300000000000 0.999999999999756 1.249999999999691 0.000000000000411 4099.178857418854932 20.495893004084589
0.344400000000000 0.999999999999755 1.249999999999689 0.000000000000420 4099.178857418850384 20.495892618870531
0.344500000000000 0.999999999999755 1.249999999999689 0.000000000000427 4099.178857418846746 20.495892191150411
0.344600000000000 0.999999999999756 1.249999999999689 0.000000000000437 4099.178857418851294 20.495891724243965
0.344700000000000 0.999999999999758 1.249999999999687 0.000000000000444 4099.178857418843108 20.495891221687646
0.344800000000000 0.999999999999755 1.249999999999690 0.000000000000447 4099.178857418846746 20.495890687211300
0.344900000000000 0.999999999999756 1.249999999999687 0.000000000000451 4099.178857418844927 20.495890124717828
0.345000000000000 0.999999999999757 1.249999999999688 0.000000000000459 4099.178857418843108 20.495889538255888
0.345100000000000 0.999999999999758 1.249999999999689 0.000000000000465 4099.178857418846746 20.495888931998238
0.345200000000000 0.999999999999756 1.249999999999687 0.000000000000474 4099.178857418844927 20.495888310214546
0.345300000000000 0.999999999999755 1.249999999999688 0.000000000000483 4099.178857418849475 20.495887677245360
0.345400000000000 0.999999999999755 1.249999999999688 0.000000000000491 4099.178857418846746 20.495887037476368
0.345500000000000 0.999999999999755 1.249999999999689 0.000000000000497 4099.178857418846746 20.495886395311132
0.345600000000000 0.999999999999755 1.249999999999687 0.000000000000503 4099.178857418847656 20.495885755144663
0.345700000000000 0.999999999999753 1.249999999999688 0.000000000000504 4099.178857418842199 20.495885121335292
0.345800000000000 0.999999999999755 1.249999999999689 0.000000000000512 4099.178857418847656 20.495884498180754
0.345900000000000 0.999999999999754 1.249999999999687 0.000000000000518 4099.178857418846746 20.495883889890433
0.346000000000000 0.999999999999755 1.249999999999687 0.000000000000522 4099.178857418846746 20.495883300558351
0.346100000000000 0.999999999999753 1.249999999999687 0.000000000000528 4099.178857418838561 20.495882734141023
0.346200000000000 0.999999999999755 1.249999999999688 0.000000000000535 4099.178857418841289 20.495882194431665
0.346300000000000 0.999999999999753 1.249999999999686 0.000000000000542 4099.178857418843108 20.495881685038281
0.346400000000000 0.999999999999755 1.249999999999688 0.000000000000548 4099.178857418836742 20.495881209359016
0.346500000000000 0.999999999999755 1.249999999999686 0.000000000000559 4099.178857418846746 20.495880770565819
0.346600000000000 0.999999999999753 1.249999999999686 0.000000000000564 4099.178857418840380 20.495880371579982
0.346700000000000 0.999999999999754 1.249999999999689 0.000000000000573 4099.178857418844927 20.495880015057882
0.346800000000000 0.999999999999754 1.249999999999687 0.000000000000576 4099.178857418840380 20.495879703375007
0.346900000000000 0.999999999999753 1.249999999999686 0.000000000000579 4099.178857418844018 20.495879438606728
0.347000000000000 0.999999999999755 1.249999999999687 0.000000000000584 4099.178857418844927 20.495879222521339
0.347100000000000 0.999999999999753 1.249999999999688 0.000000000000589 4099.178857418839470 20.495879056565073
0.347200000000000 0.999999999999755 1.249999999999688 0.000000000000595 4099.178857418835833 20.495878941854645
0.347300000000000 0.999999999999753 1.249999999999688 0.000000000000599 4099.178857418834923 20.495878879170199
0.347400000000000 0.999999999999754 1.249999999999685 0.000000000000603 4099.178857418844018 20.495878868949923
0.347500000000000 0.999999999999756 1.249999999999686 0.000000000000612 4099.178857418843108 20.495878911285914
0.347600000000000 0.999999999999755 1.249999999999687 0.000000000000613 4099.178857418837651 20.495879005925733
0.347700000000000 0.999999999999755 1.249999999999686 0.000000000000615 4099.178857418843108 20.495879152272106
0.347800000000000 0.999999999999755 1.249999999999686 0.000000000000619 4099.178857418842199 20.495879349385365
0.347900000000000 0.999999999999754 1.249999999999688 0.000000000000621 4099.178857418839470 20.495879595990896
0.348000000000000 0.999999999999752 1.249999999999687 0.000000000000624 4099.178857418836742 20.495879890484620
0.348100000000000 0.999999999999755 1.249999999999687 0.000000000000630 4099.178857418837651 20.495880230943015
0.348200000000000 0.999999999999754 1.249999999999684 0.000000000000632 4099.178857418840380 20.495880615134531
0.348300000000000 0.999999999999752 1.249999999999686 0.000000000000640 4099.178857418834014 20.495881040531291
0.348400000000000 0.999999999999753 1.249999999999685 0.000000000000649 4099.178857418836742 20.495881504327546
0.348500000000000 0.999999999999753 1.249999999999686 0.000000000000655 4099.178857418831285 20.495882003451758
0.348600000000000 0.999999999999752 1.249999999999686 0.000000000000657 4099.178857418837651 20.495882534588485
0.348700000000000 0.999999999999751 1.249999999999682 0.000000000000661 4099.178857418829466 20.495883094196223
0.348800000000000 0.999999999999751 1.249999999999685 0.000000000000666 4099.178857418835833 20.495883678528369
0.348900000000000 0.999999999999752 1.249999999999685 0.000000000000667 4099.178857418834014 20.495884283658146
0.349000000000000 0.999999999999752 1.249999999999686 0.000000000000669 4099.178857418831285 20.495884905498745
0.349100000000000 0.999999999999752 1.249999999999686 0.000000000000670 4099.178857418831285 20.495885539830613
0.349200000000000 0.999999999999751 1.249999999999686 0.000000000000674 4099.178857418833104 20.495886182324877
0.349300000000000 0.999999999999752 1.249999999999685 0.000000000000679 4099.178857418829466 20.495886828571248
0.349400000000000 0.999999999999752 1.249999999999686 0.000000000000682 4099.178857418830376 20.495887474102794
0.349500000000000 0.999999999999752 1.249999999999686 0.000000000000686 4099.178857418836742 20.495888114425501
0.349600000000000 0.999999999999752 1.249999999999684 0.000000000000691 4099.178857418832195 20.495888745043004
0.349700000000000 0.999999999999752 1.249999999999686 0.000000000000689 4099.178857418828557 20.495889361485080
0.349800000000000 0.999999999999752 1.249999999999686 0.000000000000696 4099.178857418837651 20.495889959335951
0.349900000000000 0.999999999999750 1.249999999999686 0.000000000000698 4099.178857418828557 20.495890534259352
0.350000000000000 0.999999999999751 1.249999999999686 0.000000000000698 4099.178857418824919 20.495891082027214
0.350100000000000 0.999999999999752 1.249999999999688 0.000000000000700 4099.178857418826738 20.495891598543743
0.350200000000000 0.999999999999751 1.249999999999686 0.000000000000703 4099.178857418834014 20.495892079872842
0.350300000000000 0.999999999999753 1.249999999999686 0.000000000000703 4099.178857418834014 20.495892522260046
0.350400000000000 0.999999999999752 1.249999999999686 0.000000000000705 4099.178857418824009 20.495892922159047
0.350500000000000 0.999999999999752 1.249999999999686 0.000000000000706 4099.178857418830376 20.495893276251305
0.350600000000000 0.999999999999753 1.249999999999686 0.000000000000705 4099.178857418824919 20.495893581468579
0.350700000000000 0.999999999999751 1.249999999999686 0.000000000000708 4099.178857418826738 20.495893835012073
0.350800000000000 0.999999999999753 1.249999999999685 0.000000000000713 4099.178857418827647 20.495894034370433
0.350900000000000 0.999999999999751 1.249999999999686 0.000000000000714 4099.178857418832195 20.495894177336144
0.351000000000000 0.999999999999751 1.249999999999684 0.000000000000712 4099.178857418826738 20.495894262020247
0.351100000000000 0.999999999999750 1.249999999999685 0.000000000000715 4099.178857418826738 20.495894286865276
0.351200000000000 0.999999999999752 1.249999999999688 0.000000000000716 4099.178857418826738 20.495894250655216
0.351300000000000 0.999999999999750 1.249999999999686 0.000000000000716 4099.178857418825828 20.495894152526766
0.351400000000000 0.999999999999750 1.249999999999686 0.000000000000718 4099.178857418828557 20.495893991972988
0.351500000000000 0.999999999999750 1.249999999999685 0.000000000000717 4099.178857418825828 20.495893768850955
0.351600000000000 0.999999999999750 1.249999999999685 0.000000000000719 4099.178857418828557 20.495893483381899
0.351700000000000 0.999999999999751 1.249999999999685 0.000000000000718 4099.178857418828557 20.495893136154020
0.351800000000000 0.999999999999750 1.249999999999684 0.000000000000718 4099.178857418830376 20.495892728119383
0.351900000000000 0.999999999999749 1.249999999999684 0.000000000000717 4099.178857418824919 20.495892260590654
0.352000000000000 0.999999999999750 1.249999999999686 0.000000000000717 4099.178857418826738 20.495891735234927
0.352100000000000 0.999999999999751 1.249999999999686 0.000000000000717 4099.178857418826738 20.495891154066545
0.352200000000000 0.999999999999750 1.249999999999685 0.000000000000717 4099.178857418823100 20.495890519436099
0.352300000000000 0.999999999999748 1.249999999999685 0.000000000000713 4099.178857418819462 20.495889834018264
0.352400000000000 0.999999999999750 1.249999999999685 0.000000000000715 4099.178857418829466 20.495889100799527
0.352500000000000 0.999999999999747 1.249999999999686 0.000000000000715 4099.178857418824919 20.495888323059742
0.352600000000000 0.999999999999751 1.249999999999684 0.000000000000712 4099.178857418821281 20.495887504357437
0.352700000000000 0.999999999999747 1.249999999999685 0.000000000000713 4099.178857418827647 20.495886648508069
0.352800000000000 0.999999999999749 1.249999999999685 0.000000000000708 4099.178857418825828 20.495885759564686
0.352900000000000 0.999999999999750 1.249999999999687 0.000000000000707 4099.178857418815824 20.495884841795434
0.353000000000000 0.999999999999748 1.249999999999684 0.000000000000706 4099.178857418820371 20.495883899660502
0.353100000000000 0.999999999999750 1.249999999999685 0.000000000000703 4099.178857418817643 20.495882937785176
0.353200000000000 0.999999999999750 1.249999999999683 0.000000000000699 4099.178857418814005 20.495881960937890
0.353300000000000 0.999999999999748 1.249999999999686 0.000000000000696 4099.178857418819462 20.495880973999235
0.353400000000000 0.999999999999748 1.249999999999686 0.000000000000698 4099.178857418823100 20.495879981939019
0.353500000000000 0.999999999999748 1.249999999999684 0.000000000000690 4099.178857418817643 20.495878989785368
0.353600000000000 0.999999999999749 1.249999999999684 0.000000000000686 4099.178857418817643 20.495878002596651
0.353700000000000 0.999999999999749 1.249999999999683 0.000000000000682 4099.178857418814005 20.495877025434488
0.353800000000000 0.999999999999749 1.249999999999684 0.000000000000679 4099.178857418817643 20.495876063332911
0.353900000000000 0.999999999999748 1.249999999999683 0.000000000000679 4099.178857418815824 20.495875121272896
0.354000000000000 0.999999999999748 1.249999999999683 0.000000000000675 4099.178857418819462 20.495874204150297
0.354100000000000 0.999999999999748 1.249999999999684 0.000000000000672 4099.178857418816733 20.495873316750728
0.354200000000000 0.999999999999749 1.249999999999685 0.000000000000670 4099.178857418814005 20.495872463721664
0.354300000000000 0.999999999999749 1.249999999999684 0.000000000000668 4099.178857418815824 20.495871649544906
0.354400000000000 0.999999999999748 1.249999999999684 0.000000000000666 4099.178857418820371 20.495870878511621
0.354500000000000 0.999999999999746 1.249999999999685 0.000000000000664 4099.178857418811276 20.495870154698437
0.354600000000000 0.999999999999747 1.249999999999683 0.000000000000661 4099.178857418813095 20.495869481943050
0.354700000000000 0.999999999999748 1.249999999999684 0.000000000000655 4099.178857418816733 20.495868863820984
0.354800000000000 0.999999999999746 1.249999999999685 0.000000000000653 4099.178857418811276 20.495868303628132
0.354900000000000 0.999999999999748 1.249999999999683 0.000000000000648 4099.178857418814914 20.495867804359289
0.355000000000000 0.999999999999748 1.249999999999684 0.000000000000644 4099.178857418816733 20.495867368690959
0.355100000000000 0.999999999999749 1.249999999999686 0.000000000000642 4099.178857418812186 20.495866998965763
0.355200000000000 0.999999999999748 1.249999999999682 0.000000000000639 4099.178857418823100 20.495866697181196
0.355300000000000 0.999999999999748 1.249999999999685 0.000000000000632 4099.178857418812186 20.495866464972778
0.355400000000000 0.999999999999748 1.249999999999683 0.000000000000625 4099.178857418812186 20.495866303610647
0.355500000000000 0.999999999999747 1.249999999999683 0.000000000000617 4099.178857418817643 20.495866213986663
0.355600000000000 0.999999999999749 1.249999999999684 0.000000000000610 4099.178857418814005 20.495866196611633
0.355700000000000 0.999999999999748 1.249999999999685 0.000000000000607 4099.178857418818552 20.495866251612366
0.355800000000000 0.999999999999749 1.249999999999685 0.000000000000601 4099.178857418812186 20.495866378728888
0.355900000000000 0.999999999999746 1.249999999999684 0.000000000000596 4099.178857418817643 20.495866577316448
0.356000000000000 0.999999999999746 1.249999999999686 0.000000000000589 4099.178857418814914 20.495866846349688
0.356100000000000 0.999999999999745 1.249999999999684 0.000000000000583 4099.178857418812186 20.495867184426874
0.356200000000000 0.999999999999748 1.249999999999684 0.000000000000577 4099.178857418812186 20.495867589778172
0.356300000000000 0.999999999999747 1.249999999999686 0.000000000000569 4099.178857418810367 20.495868060275249
0.356400000000000 0.999999999999746 1.249999999999683 0.000000000000564 4099.178857418808548 20.495868593443753
0.356500000000000 0.999999999999747 1.249999999999683 0.000000000000561 4099.178857418807638 20.495869186475886
0.356600000000000 0.999999999999746 1.249999999999683 0.000000000000554 4099.178857418814005 20.495869836247660
0.356700000000000 0.999999999999745 1.249999999999684 0.000000000000545 4099.178857418813095 20.495870539335264
0.356800000000000 0.999999999999747 1.249999999999683 0.000000000000538 4099.178857418811276 20.495871292035783
0.356900000000000 0.999999999999746 1.249999999999684 0.000000000000530 4099.178857418806729 20.495872090385514
0.357000000000000 0.999999999999747 1.249999999999684 0.000000000000528 4099.178857418814005 20.495872930185822
0.357100000000000 0.999999999999746 1.249999999999681 0.000000000000520 4099.178857418807638 20.495873807023827
0.357200000000000 0.999999999999746 1.249999999999683 0.000000000000510 4099.178857418810367 20.495874716298548
0.357300000000000 0.999999999999745 1.249999999999684 0.000000000000505 4099.178857418809457 20.495875653247847
0.357400000000000 0.999999999999747 1.249999999999683 0.000000000000499 4099.178857418809457 20.495876612974072
0.357500000000000 0.999999999999746 1.249999999999680 0.000000000000494 4099.178857418804910 20.495877590472247
0.357600000000000 0.999999999999747 1.249999999999681 0.000000000000484 4099.178857418802181 20.495878580658232
0.357700000000000 0.999999999999746 1.249999999999684 0.000000000000474 4099.178857418812186 20.495879578397751
0.357800000000000 0.999999999999745 1.249999999999683 0.000000000000465 4099.178857418807638 20.495880578536482
0.357900000000000 0.999999999999747 1.249999999999684 0.000000000000456 4099.178857418809457 20.495881575926568
0.358000000000000 0.999999999999746 1.249999999999684 0.000000000000450 4099.178857418806729 20.495882565458448
0.358100000000000 0.999999999999746 1.249999999999682 0.000000000000445 4099.178857418805819 20.495883542088393
0.358200000000000 0.999999999999745 1.249999999999684 0.000000000000442 4099.178857418808548 20.495884500866275
0.358300000000000 0.999999999999745 1.249999999999683 0.000000000000432 4099.178857418805819 20.495885436966184
0.358400000000000 0.999999999999746 1.249999999999682 0.000000000000423 4099.178857418805819 20.495886345710787
0.358500000000000 0.999999999999744 1.249999999999682 0.000000000000421 4099.178857418808548 20.495887222598764
0.358600000000000 0.999999999999744 1.249999999999683 0.000000000000415 4099.178857418809457 20.495888063329815
0.358700000000000 0.999999999999745 1.249999999999681 0.000000000000406 4099.178857418806729 20.495888863830160
0.358800000000000 0.999999999999744 1.249999999999684 0.000000000000401 4099.178857418804910 20.495889620272518
0.358900000000000 0.999999999999746 1.249999999999684 0.000000000000393 4099.178857418803091 20.495890329100209
0.359000000000000 0.999999999999744 1.249999999999682 0.000000000000386 4099.178857418801272 20.495890987045986
0.359100000000000 0.999999999999746 1.249999999999681 0.000000000000377 4099.178857418801272 20.495891591148109
0.359200000000000 0.999999999999743 1.249999999999683 0.000000000000372 4099.178857418799453 20.495892138769307
0.359300000000000 0.999999999999746 1.249999999999682 0.000000000000362 4099.178857418803091 20.495892627610285
0.359400000000000 0.999999999999746 1.249999999999682 0.000000000000356 4099.178857418803091 20.495893055721186
0.359500000000000 0.999999999999747 1.249999999999682 0.000000000000348 4099.178857418804910 20.495893421512424
0.359600000000000 0.999999999999743 1.249999999999680 0.000000000000342 4099.178857418798543 20.495893723763416
0.359700000000000 0.999999999999745 1.249999999999681 0.000000000000333 4099.178857418803091 20.495893961627775
0.359800000000000 0.999999999999745 1.249999999999681 0.000000000000330 4099.178857418802181 20.495894134637311
0.359900000000000 0.999999999999742 1.249999999999680 0.000000000000322 4099.178857418796724 20.495894242704182
0.360000000000000 0.999999999999743 1.249999999999681 0.000000000000317 4099.178857418796724 20.495894286119174
0.360100000000000 0.999999999999744 1.249999999999681 0.000000000000312 4099.178857418797634 20.495894265550529
0.360200000000000 0.999999999999744 1.249999999999681 0.000000000000307 4099.178857418798543 20.495894182036931
0.360300000000000 0.999999999999744 1.249999999999681 0.000000000000301 4099.178857418797634 20.495894036981930
0.360400000000000 0.999999999999744 1.249999999999680 0.000000000000295 4099.178857418804910 20.495893832143270
0.360500000000000 0.999999999999743 1.249999999999680 0.000000000000291 4099.178857418796724 20.495893569622545
0.360600000000000 0.999999999999744 1.249999999999681 0.000000000000283 4099.178857418799453 20.495893251850649
0.360700000000000 0.999999999999745 1.249999999999679 0.000000000000276 4099.178857418797634 20.495892881574097
0.360800000000000 0.999999999999742 1.249999999999678 0.000000000000268 4099.178857418799453 20.495892461835513
0.360900000000000 0.999999999999744 1.249999999999680 0.000000000000265 4099.178857418802181 20.495891995955979
0.361000000000000 0.999999999999742 1.249999999999681 0.000000000000256 4099.178857418795815 20.495891487515120
0.361100000000000 0.999999999999741 1.249999999999680 0.000000000000254 4099.178857418795815 20.495890940327925
0.361200000000000 0.999999999999743 1.249999999999679 0.000000000000249 4099.178857418793086 20.495890358420585
0.361300000000000 0.999999999999742 1.249999999999679 0.000000000000242 4099.178857418800362 20.495889746007663
0.361400000000000 0.999999999999742 1.249999999999680 0.000000000000241 4099.178857418794905 20.495889107464510
0.361500000000000 0.999999999999743 1.249999999999677 0.000000000000237 4099.178857418802181 20.495888447303024
0.361600000000000 0.999999999999742 1.249999999999680 0.000000000000228 4099.178857418793996 20.495887770139372
0.361700000000000 0.999999999999742 1.249999999999678 0.000000000000220 4099.178857418793996 20.495887080672780
0.361800000000000 0.999999999999743 1.249999999999678 0.000000000000214 4099.178857418790358 20.495886383649257
0.361900000000000 0.999999999999745 1.249999999999678 0.000000000000207 4099.178857418790358 20.495885683838313
0.362000000000000 0.999999999999742 1.249999999999678 0.000000000000201 4099.178857418784901 20.495884986002160
0.362100000000000 0.999999999999744 1.249999999999679 0.000000000000196 4099.178857418791267 20.495884294866013
0.362200000000000 0.999999999999741 1.249999999999679 0.000000000000189 4099.178857418788539 20.495883615090673
0.362300000000000 0.999999999999743 1.249999999999676 0.000000000000184 4099.178857418788539 20.495882951243313
0.362400000000000 0.999999999999743 1.249999999999677 0.000000000000181 4099.178857418793086 20.495882307768905
0.362500000000000 0.999999999999744 1.249999999999678 0.000000000000169 4099.178857418790358 20.495881688965678
0.362600000000000 0.999999999999741 1.249999999999676 0.000000000000162 4099.178857418789448 20.495881098957408
0.362700000000000 0.999999999999743 1.249999999999678 0.000000000000158 4099.178857418789448 20.495880541667074
0.362800000000000 0.999999999999740 1.249999999999679 0.000000000000151 4099.178857418791267 20.495880020795873
0.362900000000000 0.999999999999742 1.249999999999675 0.000000000000147 4099.178857418793086 20.495879539799017
0.363000000000000 0.999999999999741 1.249999999999678 0.000000000000144 4099.178857418785810 20.495879101862904
0.363100000000000 0.999999999999742 1.249999999999677 0.000000000000136 4099.178857418792177 20.495878709890224
0.363200000000000 0.999999999999742 1.249999999999676 0.000000000000133 4099.178857418790358 20.495878366477058
0.363300000000000 0.999999999999740 1.249999999999676 0.000000000000127 4099.178857418788539 20.495878073900435
0.363400000000000 0.999999999999740 1.249999999999676 0.000000000000121 4099.178857418790358 20.495877834103204
0.363500000000000 0.999999999999741 1.249999999999677 0.000000000000116 4099.178857418787629 20.495877648681688
0.363600000000000 0.999999999999743 1.249999999999677 0.000000000000110 4099.178857418786720 20.495877518876096
0.363700000000000 0.999999999999744 1.249999999999676 0.000000000000108 4099.178857418788539 20.495877445562719
0.363800000000000 0.999999999999741 1.249999999999677 0.000000000000106 4099.178857418788539 20.495877429247514
0.363900000000000 0.999999999999741 1.249999999999676 0.000000000000107 4099.178857418786720 20.495877470064510
0.364000000000000 0.999999999999742 1.249999999999676 0.000000000000107 4099.178857418783991 20.495877567772570
0.364100000000000 0.999999999999742 1.249999999999674 0.000000000000105 4099.178857418792177 20.495877721758035
0.364200000000000 0.999999999999741 1.249999999999675 0.000000000000102 4099.178857418795815 20.495877931036528
0.364300000000000 0.999999999999741 1.249999999999676 0.000000000000099 4099.178857418786720 20.495878194260072
0.364400000000000 0.999999999999742 1.249999999999675 0.000000000000094 4099.178857418782172 20.495878509724502
0.364500000000000 0.999999999999741 1.249999999999675 0.000000000000091 4099.178857418783991 20.495878875378079
0.364600000000000 0.999999999999741 1.249999999999675 0.000000000000086 4099.178857418789448 20.495879288834960
0.364700000000000 0.999999999999739 1.249999999999676 0.000000000000081 4099.178857418786720 20.495879747388532
0.364800000000000 0.999999999999740 1.249999999999673 0.000000000000079 4099.178857418783082 20.495880248028403
0.364900000000000 0.999999999999739 1.249999999999673 0.000000000000080 4099.178857418783991 20.495880787455732
0.365000000000000 0.999999999999740 1.249999999999675 0.000000000000081 4099.178857418788539 20.495881362105887
0.365100000000000 0.999999999999740 1.249999999999675 0.000000000000079 4099.178857418789448 20.495881968168241
0.365200000000000 0.999999999999744 1.249999999999673 0.000000000000078 4099.178857418786720 20.495882601608837
0.365300000000000 0.999999999999741 1.249999999999675 0.000000000000078 4099.178857418788539 20.495883258193782
0.365400000000000 0.999999999999740 1.249999999999674 0.000000000000075 4099.178857418786720 20.495883933517703
0.365500000000000 0.999999999999740 1.249999999999674 0.000000000000073 4099.178857418784901 20.495884623025699
0.365600000000000 0.999999999999740 1.249999999999673 0.000000000000067 4099.178857418784901 20.495885322044792
0.365700000000000 0.999999999999739 1.249999999999673 0.000000000000065 4099.178857418785810 20.495886025809337
0.365800000000000 0.999999999999741 1.249999999999674 0.000000000000062 4099.178857418779444 20.495886729491524
0.365900000000000 0.999999999999740 1.249999999999673 0.000000000000059 4099.178857418779444 20.495887428229889
0.366000000000000 0.999999999999740 1.249999999999672 0.000000000000058 4099.178857418785810 20.495888117159371
0.366100000000000 0.999999999999739 1.249999999999671 0.000000000000053 4099.178857418779444 20.495888791439310
0.366200000000000 0.999999999999740 1.249999999999672 0.000000000000052 4099.178857418783082 20.495889446284856
0.366300000000000 0.999999999999737 1.249999999999673 0.000000000000049 4099.178857418786720 20.495890076996098
0.366400000000000 0.999999999999739 1.249999999999673 0.000000000000051 4099.178857418783082 20.495890678985468
0.366500000000000 0.999999999999738 1.249999999999675 0.000000000000046 4099.178857418772168 20.495891247806519
0.366600000000000 0.999999999999739 1.249999999999671 0.000000000000046 4099.178857418781263 20.495891779183793
0.366700000000000 0.999999999999741 1.249999999999670 0.000000000000044 4099.178857418787629 20.495892269034211
0.366800000000000 0.999999999999742 1.249999999999673 0.000000000000042 4099.178857418773987 20.495892713496850
0.366900000000000 0.999999999999740 1.249999999999672 0.000000000000041 4099.178857418775806 20.495893108956928
0.367000000000000 0.999999999999741 1.249999999999673 0.000000000000042 4099.178857418773987 20.495893452066330
0.367100000000000 0.999999999999739 1.249999999999672 0.000000000000038 4099.178857418789448 20.495893739766675
0.367200000000000 0.999999999999739 1.249999999999671 0.000000000000039 4099.178857418783082 20.495893969307279
0.367300000000000 0.999999999999740 1.249999999999671 0.000000000000043 4099.178857418782172 20.495894138265434
0.367400000000000 0.999999999999739 1.249999999999671 0.000000000000044 4099.178857418779444 20.495894244560176
0.367500000000000 0.999999999999741 1.249999999999671 0.000000000000042 4099.178857418786720 20.495894286467120
0.367600000000000 0.999999999999741 1.249999999999672 0.000000000000044 4099.178857418780353 20.495894262631403
0.367700000000000 0.999999999999740 1.249999999999670 0.000000000000045 4099.178857418779444 20.495894172075566
0.367800000000000 0.999999999999738 1.249999999999670 0.000000000000046 4099.178857418777625 20.495894014207718
0.367900000000000 0.999999999999738 1.249999999999670 0.000000000000044 4099.178857418779444 20.495893788828187
0.368000000000000 0.999999999999738 1.249999999999670 0.000000000000048 4099.178857418775806 20.495893496131323
0.368100000000000 0.999999999999738 1.249999999999671 0.000000000000048 4099.178857418772168 20.495893136705948
0.368200000000000 0.999999999999740 1.249999999999671 0.000000000000048 4099.178857418772168 20.495892711535088
0.368300000000000 0.999999999999738 1.249999999999672 0.000000000000049 4099.178857418775806 20.495892221990999
0.368400000000000 0.999999999999739 1.249999999999670 0.000000000000054 4099.178857418779444 20.495891669829497
0.368500000000000 0.999999999999739 1.249999999999670 0.000000000000058 4099.178857418773987 20.495891057181090
0.368600000000000 0.999999999999738 1.249999999999669 0.000000000000063 4099.178857418774896 20.495890386540623
0.368700000000000 0.999999999999738 1.249999999999671 0.000000000000062 4099.178857418777625 20.495889660754628
0.368800000000000 0.999999999999738 1.249999999999669 0.000000000000066 4099.178857418777625 20.495888883006636
0.368900000000000 0.999999999999738 1.249999999999669 0.000000000000068 4099.178857418781263 20.495888056798943
0.369000000000000 0.999999999999739 1.249999999999668 0.000000000000067 4099.178857418773987 20.495887185935413
0.369100000000000 0.999999999999739 1.249999999999666 0.000000000000070 4099.178857418770349 20.495886274500187
0.369200000000000 0.999999999999739 1.249999999999669 0.000000000000070 4099.178857418779444 20.495885326834340
0.369300000000000 0.999999999999736 1.249999999999668 0.000000000000076 4099.178857418775806 20.495884347514668
0.369400000000000 0.999999999999738 1.249999999999668 0.000000000000074 4099.178857418775806 20.495883341325378
0.369500000000000 0.999999999999738 1.249999999999669 0.000000000000074 4099.178857418773077 20.495882313233643
0.369600000000000 0.999999999999739 1.249999999999666 0.000000000000074 4099.178857418773987 20.495881268361892
0.369700000000000 0.999999999999735 1.249999999999667 0.000000000000077 4099.178857418777625 20.495880211956450
0.369800000000000 0.999999999999736 1.249999999999667 0.000000000000081 4099.178857418772168 20.495879149362054
0.369900000000000 0.999999999999738 1.249999999999668 0.000000000000085 4099.178857418773987 20.495878085988984
0.370000000000000 0.999999999999736 1.249999999999668 0.000000000000087 4099.178857418769439 20.495877027283491
0.370100000000000 0.999999999999739 1.249999999999668 0.000000000000092 4099.178857418772168 20.495875978697200
0.370200000000000 0.999999999999736 1.249999999999668 0.000000000000093 4099.178857418766711 20.495874945655700
0.370300000000000 0.999999999999739 1.249999999999670 0.000000000000095 4099.178857418773077 20.495873933527488
0.370400000000000 0.999999999999740 1.249999999999669 0.000000000000096 4099.178857418771258 20.495872947595608
0.370500000000000 0.999999999999738 1.249999999999668 0.000000000000098 4099.178857418773077 20.495871993023595
0.370600000000000 0.999999999999738 1.249999999999666 0.000000000000101 4099.178857418773987 20.495871074829818
0.370700000000000 0.999999999999739 1.249999999999667 0.000000000000104 4099.178857418768530 20.495870197855794
0.370800000000000 0.999999999999738 1.249999999999667 0.000000000000110 4099.178857418775806 20.495869366741161
0.370900000000000 0.999999999999736 1.249999999999668 0.000000000000116 4099.178857418766711 20.495868585894449
0.371000000000000 0.999999999999737 1.249999999999666 0.000000000000117 4099.178857418769439 20.495867859470330
0.371100000000000 0.999999999999738 1.249999999999666 0.000000000000125 4099.178857418772168 20.495867191342445
0.371200000000000 0.999999999999737 1.249999999999666 0.000000000000130 4099.178857418767620 20.495866585084475
0.371300000000000 0.999999999999735 1.249999999999666 0.000000000000133 4099.178857418773987 20.495866043947228
0.371400000000000 0.999999999999738 1.249999999999666 0.000000000000137 4099.178857418770349 20.495865570839797
0.371500000000000 0.999999999999736 1.249999999999666 0.000000000000142 4099.178857418768530 20.495865168314104
0.371600000000000 0.999999999999735 1.249999999999667 0.000000000000143 4099.178857418772168 20.495864838548947
0.371700000000000 0.999999999999737 1.249999999999666 0.000000000000150 4099.178857418772168 20.495864583337472
0.371800000000000 0.999999999999737 1.249999999999666 0.000000000000155 4099.178857418766711 20.495864404075522
0.371900000000000 0.999999999999734 1.249999999999667 0.000000000000164 4099.178857418766711 20.495864301755510
0.372000000000000 0.999999999999737 1.249999999999665 0.000000000000172 4099.178857418770349 20.495864276959203
0.372100000000000 0.999999999999737 1.249999999999666 0.000000000000179 4099.178857418771258 20.495864329852139
0.372200000000000 0.999999999999735 1.249999999999667 0.000000000000187 4099.178857418774896 20.495864460186905
0.372300000000000 0.999999999999735 1.249999999999666 0.000000000000195 4099.178857418769439 20.495864667299962
0.372400000000000 0.999999999999737 1.249999999999665 0.000000000000202 4099.178857418773987 20.495864950116548
0.372500000000000 0.999999999999737 1.249999999999665 0.000000000000207 4099.178857418771258 20.495865307157196
0.372600000000000 0.999999999999739 1.249999999999664 0.000000000000213 4099.178857418763073 20.495865736544932
0.372700000000000 0.999999999999735 1.249999999999666 0.000000000000217 4099.178857418773987 20.495866236016109
0.372800000000000 0.999999999999737 1.249999999999663 0.000000000000222 4099.178857418772168 20.495866802933666
0.372900000000000 0.999999999999736 1.249999999999664 0.000000000000224 4099.178857418770349 20.495867434299132
0.373000000000000 0.999999999999737 1.249999999999664 0.000000000000229 4099.178857418765801 20.495868126774045
0.373100000000000 0.999999999999735 1.249999999999665 0.000000000000235 4099.178857418768530 20.495868876694825
0.373200000000000 0.999999999999734 1.249999999999666 0.000000000000242 4099.178857418771258 20.495869680095218
0.373300000000000 0.999999999999736 1.249999999999666 0.000000000000250 4099.178857418769439 20.495870532728887
0.373400000000000 0.999999999999735 1.249999999999665 0.000000000000255 4099.178857418765801 20.495871430091963
0.373500000000000 0.999999999999736 1.249999999999664 0.000000000000259 4099.178857418764892 20.495872367450303
0.373600000000000 0.999999999999736 1.249999999999663 0.000000000000263 4099.178857418763982 20.495873339865430
0.373700000000000 0.999999999999735 1.249999999999665 0.000000000000270 4099.178857418761254 20.495874342221818
0.373800000000000 0.999999999999736 1.249999999999664 0.000000000000274 4099.178857418767620 20.495875369258659
0.373900000000000 0.999999999999736 1.249999999999664 0.000000000000278 4099.178857418766711 20.495876415595479
0.374000000000000 0.999999999999736 1.249999999999662 0.000000000000283 4099.178857418764892 20.495877475767074
0.374100000000000 0.999999999999735 1.249999999999666 0.000000000000289 4099.178857418763073 20.495878544249901
0.374200000000000 0.999999999999736 1.249999999999663 0.000000000000292 4099.178857418764892 20.495879615499131
0.374300000000000 0.999999999999735 1.249999999999662 0.000000000000294 4099.178857418763073 20.495880683973741
0.374400000000000 0.999999999999735 1.249999999999664 0.000000000000300 4099.178857418769439 20.495881744172671
0.374500000000000 0.999999999999736 1.249999999999664 0.000000000000306 4099.178857418763982 20.495882790664094
0.374600000000000 0.999999999999735 1.249999999999662 0.000000000000311 4099.178857418762163 20.495883818116575
0.374700000000000 0.999999999999734 1.249999999999663 0.000000000000314 4099.178857418760344 20.495884821327675
0.374800000000000 0.999999999999735 1.249999999999662 0.000000000000320 4099.178857418764892 20.495885795256399
0.374900000000000 0.999999999999734 1.249999999999664 0.000000000000327 4099.178857418760344 20.495886735048018
0.375000000000000 0.999999999999734 1.249999999999663 0.000000000000333 4099.178857418763982 20.495887636065401
0.375100000000000 0.999999999999736 1.249999999999663 0.000000000000337 4099.178857418761254 20.495888493910694
0.375200000000000 0.999999999999735 1.249999999999662 0.000000000000342 4099.178857418759435 20.495889304453208
0.375300000000000 0.999999999999733 1.249999999999663 0.000000000000345 4099.178857418763073 20.495890063850460
0.375400000000000 0.999999999999735 1.249999999999662 0.000000000000352 4099.178857418754887 20.495890768571922
0.375500000000000 0.999999999999733 1.249999999999663 0.000000000000362 4099.178857418759435 20.495891415415127
0.375600000000000 0.999999999999732 1.249999999999664 0.000000000000365 4099.178857418763073 20.495892001526599
0.375700000000000 0.999999999999734 1.249999999999661 0.000000000000371 4099.178857418756706 20.495892524415549
0.375800000000000 0.999999999999733 1.249999999999662 0.000000000000375 4099.178857418766711 20.495892981966662
0.375900000000000 0.999999999999734 1.249999999999662 0.000000000000383 4099.178857418758525 20.495893372454169
0.376000000000000 0.999999999999732 1.249999999999660 0.000000000000390 4099.178857418755797 20.495893694547640
0.376100000000000 0.999999999999733 1.249999999999662 0.000000000000392 4099.178857418759435 20.495893947319860
0.376200000000000 0.999999999999732 1.249999999999662 0.000000000000401 4099.178857418757616 20.495894130252115
0.376300000000000 0.999999999999733 1.249999999999662 0.000000000000409 4099.178857418758525 20.495894243234247
0.376400000000000 0.999999999999733 1.249999999999661 0.000000000000415 4099.178857418761254 20.495894286564958
0.376500000000000 0.999999999999735 1.249999999999662 0.000000000000418 4099.178857418755797 20.495894260948717
0.376600000000000 0.999999999999733 1.249999999999662 0.000000000000425 4099.178857418752159 20.495894167491439
0.376700000000000 0.999999999999735 1.249999999999662 0.000000000000433 4099.178857418759435 20.495894007690676
0.376800000000000 0.999999999999733 1.249999999999663 0.000000000000439 4099.178857418753978 20.495893783427547
0.376900000000000 0.999999999999734 1.249999999999660 0.000000000000445 4099.178857418753068 20.495893496954210
0.377000000000000 0.999999999999731 1.249999999999663 0.000000000000450 4099.178857418754887 20.495893150877585
0.377100000000000 0.999999999999734 1.249999999999660 0.000000000000458 4099.178857418759435 20.495892748146712
0.377200000000000 0.999999999999733 1.249999999999661 0.000000000000465 4099.178857418757616 20.495892292029680
0.377300000000000 0.999999999999732 1.249999999999661 0.000000000000467 4099.178857418751249 20.495891786097275
0.377400000000000 0.999999999999734 1.249999999999660 0.000000000000475 4099.178857418758525 20.495891234198222
0.377500000000000 0.999999999999733 1.249999999999662 0.000000000000478 4099.178857418752159 20.495890640436304
0.377600000000000 0.999999999999733 1.249999999999660 0.000000000000481 4099.178857418763073 20.495890009146954
0.377700000000000 0.999999999999733 1.249999999999661 0.000000000000487 4099.178857418756706 20.495889344866079
0.377800000000000 0.999999999999732 1.249999999999662 0.000000000000495 4099.178857418757616 20.495888652307240
0.377900000000000 0.999999999999731 1.249999999999660 0.000000000000496 4099.178857418758525 20.495887936330970
0.378000000000000 0.999999999999734 1.249999999999662 0.000000000000497 4099.178857418755797 20.495887201912844
0.378100000000000 0.999999999999733 1.249999999999662 0.000000000000501 4099.178857418750340 20.495886454117894
0.378200000000000 0.999999999999733 1.249999999999659 0.000000000000507 4099.178857418753978 20.495885698065361
0.378300000000000 0.999999999999733 1.249999999999661 0.000000000000515 4099.178857418753978 20.495884938899753
0.378400000000000 0.999999999999734 1.249999999999660 0.000000000000521 4099.178857418759435 20.495884181759909
0.378500000000000 0.999999999999734 1.249999999999659 0.000000000000529 4099.178857418750340 20.495883431746126
0.378600000000000 0.999999999999732 1.249999999999661 0.000000000000535 4099.178857418751249 20.495882693890490
0.378700000000000 0.999999999999732 1.249999999999660 0.000000000000541 4099.178857418750340 20.495881973127037
0.378800000000000 0.999999999999733 1.249999999999660 0.000000000000547 4099.178857418750340 20.495881274258885
0.378900000000000 0.999999999999734 1.249999999999661 0.000000000000553 4099.178857418754887 20.495880601932015
0.379000000000000 0.999999999999732 1.249999999999661 0.000000000000560 4099.178857418763073 20.495879960605834
0.379100000000000 0.999999999999731 1.249999999999660 0.000000000000566 4099.178857418757616 20.495879354526007
0.379200000000000 0.999999999999731 1.249999999999658 0.000000000000565 4099.178857418751249 20.495878787699251
0.379300000000000 0.999999999999732 1.249999999999660 0.000000000000575 4099.178857418754887 20.495878263867322
0.379400000000000 0.999999999999732 1.249999999999661 0.000000000000577 4099.178857418751249 20.495877786486677
0.379500000000000 0.999999999999733 1.249999999999660 0.000000000000581 4099.178857418751249 20.495877358706160
0.379600000000000 0.999999999999732 1.249999999999660 0.000000000000587 4099.178857418758525 20.495876983346182
0.379700000000000 0.999999999999733 1.249999999999661 0.000000000000592 4099.178857418754887 20.495876662884278
0.379800000000000 0.999999999999732 1.249999999999659 0.000000000000596 4099.178857418749431 20.495876399438131
0.379900000000000 0.999999999999732 1.249999999999660 0.000000000000603 4099.178857418746702 20.495876194752530
0.380000000000000 0.999999999999732 1.249999999999661 0.000000000000607 4099.178857418747612 20.495876050189139
0.380100000000000 0.999999999999734 1.249999999999661 0.000000000000615 4099.178857418753978 20.495875966717971
0.380200000000000 0.999999999999733 1.249999999999660 0.000000000000621 4099.178857418755797 20.495875944910690
0.380300000000000 0.999999999999730 1.249999999999661 0.000000000000624 4099.178857418753978 20.495875984936163
0.380400000000000 0.999999999999731 1.249999999999660 0.000000000000630 4099.178857418747612 20.495876086561204
0.380500000000000 0.999999999999733 1.249999999999659 0.000000000000635 4099.178857418750340 20.495876249149770
0.380600000000000 0.999999999999731 1.249999999999662 0.000000000000639 4099.178857418749431 20.495876471665682
0.380700000000000 0.999999999999732 1.249999999999660 0.000000000000643 4099.178857418750340 20.495876752682562
0.380800000000000 0.999999999999733 1.249999999999658 0.000000000000649 4099.178857418750340 20.495877090386362
0.380900000000000 0.999999999999731 1.249999999999660 0.000000000000651 4099.178857418743064 20.495877482589410
0.381000000000000 0.999999999999729 1.249999999999661 0.000000000000656 4099.178857418746702 20.495877926744324
0.381100000000000 0.999999999999732 1.249999999999660 0.000000000000661 4099.178857418747612 20.495878419955289
0.381200000000000 0.999999999999732 1.249999999999661 0.000000000000663 4099.178857418757616 20.495878958997469
0.381300000000000 0.999999999999734 1.249999999999660 0.000000000000668 4099.178857418753978 20.495879540337057
0.381400000000000 0.999999999999733 1.249999999999659 0.000000000000672 4099.178857418753978 20.495880160149358
0.381500000000000 0.999999999999730 1.249999999999659 0.000000000000675 4099.178857418748521 20.495880814343895
0.381600000000000 0.999999999999730 1.249999999999659 0.000000000000679 4099.178857418744883 20.495881498588002
0.381700000000000 0.999999999999730 1.249999999999658 0.000000000000679 4099.178857418747612 20.495882208333434
0.381800000000000 0.999999999999731 1.249999999999659 0.000000000000679 4099.178857418746702 20.495882938841792
0.381900000000000 0.999999999999729 1.249999999999659 0.000000000000681 4099.178857418743064 20.495883685216061
0.382000000000000 0.999999999999731 1.249999999999658 0.000000000000687 4099.178857418746702 20.495884442426547
0.382100000000000 0.999999999999730 1.249999999999657 0.000000000000692 4099.178857418745793 20.495885205343626
0.382200000000000 0.999999999999731 1.249999999999660 0.000000000000694 4099.178857418743064 20.495885968767549
0.382300000000000 0.999999999999731 1.249999999999658 0.000000000000696 4099.178857418743974 20.495886727461137
0.382400000000000 0.999999999999730 1.249999999999660 0.000000000000699 4099.178857418734879 20.495887476180041
0.382500000000000 0.999999999999731 1.249999999999659 0.000000000000701 4099.178857418741245 20.495888209705235
0.382600000000000 0.999999999999731 1.249999999999659 0.000000000000702 4099.178857418739426 20.495888922875210
0.382700000000000 0.999999999999728 1.249999999999658 0.000000000000705 4099.178857418739426 20.495889610616455
0.382800000000000 0.999999999999731 1.249999999999658 0.000000000000704 4099.178857418743064 20.495890267976158
0.382900000000000 0.999999999999731 1.249999999999657 0.000000000000702 4099.178857418741245 20.495890890150918
0.383000000000000 0.999999999999729 1.249999999999656 0.000000000000704 4099.178857418741245 20.495891472517684
0.383100000000000 0.999999999999729 1.249999999999657 0.000000000000704 4099.178857418738517 20.495892010660597
0.383200000000000 0.999999999999730 1.249999999999658 0.000000000000706 4099.178857418743974 20.495892500401261
0.383300000000000 0.999999999999729 1.249999999999660 0.000000000000710 4099.178857418741245 20.495892937821917
0.383400000000000 0.999999999999729 1.249999999999657 0.000000000000711 4099.178857418743064 20.495893319293206
0.383500000000000 0.999999999999729 1.249999999999657 0.000000000000715 4099.178857418737607 20.495893641493023
0.383600000000000 0.999999999999726 1.249999999999658 0.000000000000715 4099.178857418741245 20.495893901431238
0.383700000000000 0.999999999999728 1.249999999999657 0.000000000000718 4099.178857418734879 20.495894096468732
0.383800000000000 0.999999999999728 1.249999999999660 0.000000000000721 4099.178857418736698 20.495894224331870
0.383900000000000 0.999999999999729 1.249999999999658 0.000000000000724 4099.178857418733969 20.495894283132174
0.384000000000000 0.999999999999729 1.249999999999659 0.000000000000724 4099.178857418744883 20.495894271374333
0.384100000000000 0.999999999999729 1.249999999999657 0.000000000000723 4099.178857418740336 20.495894187970865
0.384200000000000 0.999999999999729 1.249999999999656 0.000000000000724 4099.178857418732150 20.495894032248575
0.384300000000000 0.999999999999729 1.249999999999658 0.000000000000724 4099.178857418740336 20.495893803953916
0.384400000000000 0.999999999999729 1.249999999999657 0.000000000000720 4099.178857418733969 20.495893503258699
0.384500000000000 0.999999999999728 1.249999999999658 0.000000000000723 4099.178857418735788 20.495893130758482
0.384600000000000 0.999999999999727 1.249999999999659 0.000000000000727 4099.178857418733969 20.495892687472164
0.384700000000000 0.999999999999729 1.249999999999658 0.000000000000727 4099.178857418740336 20.495892174839149
0.384800000000000 0.999999999999729 1.249999999999658 0.000000000000723 4099.178857418733969 20.495891594709931
0.384900000000000 0.999999999999728 1.249999999999658 0.000000000000725 4099.178857418741245 20.495890949339699
0.385000000000000 0.999999999999729 1.249999999999660 0.000000000000721 4099.178857418735788 20.495890241375633
0.385100000000000 0.999999999999729 1.249999999999657 0.000000000000721 4099.178857418735788 20.495889473845597
0.385200000000000 0.999999999999727 1.249999999999659 0.000000000000719 4099.178857418733969 20.495888650137168
0.385300000000000 0.999999999999727 1.249999999999656 0.000000000000715 4099.178857418733969 20.495887773986325
0.385400000000000 0.999999999999727 1.249999999999659 0.000000000000719 4099.178857418734879 20.495886849450439
0.385500000000000 0.999999999999729 1.249999999999657 0.000000000000720 4099.178857418733060 20.495885880892668
0.385600000000000 0.999999999999726 1.249999999999657 0.000000000000718 4099.178857418735788 20.495884872953294
0.385700000000000 0.999999999999730 1.249999999999659 0.000000000000715 4099.178857418726693 20.495883830525745
0.385800000000000 0.999999999999728 1.249999999999659 0.000000000000714 4099.178857418737607 20.495882758730858
0.385900000000000 0.999999999999728 1.249999999999658 0.000000000000713 4099.178857418735788 20.495881662886404
0.386000000000000 0.999999999999728 1.249999999999658 0.000000000000709 4099.178857418735788 20.495880548477814
0.386100000000000 0.999999999999729 1.249999999999658 0.000000000000704 4099.178857418733969 20.495879421128791
0.386200000000000 0.999999999999728 1.249999999999659 0.000000000000705 4099.178857418731241 20.495878286568118
0.386300000000000 0.999999999999725 1.249999999999658 0.000000000000701 4099.178857418733060 20.495877150598016
0.386400000000000 0.999999999999730 1.249999999999656 0.000000000000697 4099.178857418730331 20.495876019061537
0.386500000000000 0.999999999999725 1.249999999999658 0.000000000000693 4099.178857418734879 20.495874897808562
0.386600000000000 0.999999999999726 1.249999999999657 0.000000000000691 4099.178857418737607 20.495873792664479
0.386700000000000 0.999999999999726 1.249999999999657 0.000000000000691 4099.178857418730331 20.495872709395066
0.386800000000000 0.999999999999728 1.249999999999657 0.000000000000689 4099.178857418730331 20.495871653674829
0.386900000000000 0.999999999999727 1.249999999999660 0.000000000000686 4099.178857418726693 20.495870631053517
0.387000000000000 0.999999999999728 1.249999999999659 0.000000000000684 4099.178857418734879 20.495869646926611
0.387100000000000 0.999999999999727 1.249999999999658 0.000000000000678 4099.178857418736698 20.495868706501543
0.387200000000000 0.999999999999728 1.249999999999658 0.000000000000675 4099.178857418724874 20.495867814769611
0.387300000000000 0.999999999999728 1.249999999999659 0.000000000000668 4099.178857418730331 20.495866976476805
0.387400000000000 0.999999999999727 1.249999999999657 0.000000000000666 4099.178857418726693 20.495866196097040
0.387500000000000 0.999999999999728 1.249999999999658 0.000000000000660 4099.178857418726693 20.495865477805275
0.387600000000000 0.999999999999727 1.249999999999657 0.000000000000655 4099.178857418733969 20.495864825454316
0.387700000000000 0.999999999999727 1.249999999999656 0.000000000000653 4099.178857418728512 20.495864242552265
0.387800000000000 0.999999999999726 1.249999999999660 0.000000000000650 4099.178857418735788 20.495863732241290
0.387900000000000 0.999999999999728 1.249999999999658 0.000000000000643 4099.178857418730331 20.495863297281883
0.388000000000000 0.999999999999727 1.249999999999658 0.000000000000638 4099.178857418733969 20.495862940032943
0.388100000000000 0.999999999999728 1.249999999999659 0.000000000000631 4099.178857418733060 20.495862662441379
0.388200000000000 0.999999999999726 1.249999999999656 0.000000000000626 4099.178857418726693 20.495862466028999
0.388300000000000 0.999999999999726 1.249999999999657 0.000000000000621 4099.178857418724874 20.495862351882824
0.388400000000000 0.999999999999726 1.249999999999659 0.000000000000616 4099.178857418730331 20.495862320649991
0.388500000000000 0.999999999999727 1.249999999999658 0.000000000000606 4099.178857418724874 20.495862372533828
0.388600000000000 0.999999999999726 1.249999999999658 0.000000000000601 4099.178857418728512 20.495862507290113
0.388700000000000 0.999999999999725 1.249999999999658 0.000000000000592 4099.178857418723965 20.495862724230715
0.388800000000000 0.999999999999724 1.249999999999658 0.000000000000586 4099.178857418722146 20.495863022225031
0.388900000000000 0.999999999999726 1.249999999999655 0.000000000000581 4099.178857418724874 20.495863399708462
0.389000000000000 0.999999999999727 1.249999999999656 0.000000000000573 4099.178857418725784 20.495863854688228
0.389100000000000 0.999999999999726 1.249999999999658 0.000000000000564 4099.178857418731241 20.495864384756302
0.389200000000000 0.999999999999728 1.249999999999656 0.000000000000556 4099.178857418723055 20.495864987104287
0.389300000000000 0.999999999999725 1.249999999999656 0.000000000000551 4099.178857418726693 20.495865658534274
0.389400000000000 0.999999999999725 1.249999999999658 0.000000000000544 4099.178857418728512 20.495866395482505
0.389500000000000 0.999999999999725 1.249999999999659 0.000000000000537 4099.178857418717598 20.495867194035810
0.389600000000000 0.999999999999726 1.249999999999655 0.000000000000531 4099.178857418724874 20.495868049955813
0.389700000000000 0.999999999999724 1.249999999999658 0.000000000000524 4099.178857418720327 20.495868958700136
0.389800000000000 0.999999999999724 1.249999999999657 0.000000000000520 4099.178857418722146 20.495869915452108
0.389900000000000 0.999999999999723 1.249999999999658 0.000000000000518 4099.178857418721236 20.495870915144895
0.390000000000000 0.999999999999725 1.249999999999656 0.000000000000515 4099.178857418714870 20.495871952491257
0.390100000000000 0.999999999999726 1.249999999999655 0.000000000000508 4099.178857418727603 20.495873022014159
0.390200000000000 0.999999999999725 1.249999999999657 0.000000000000500 4099.178857418723965 20.495874118076404
0.390300000000000 0.999999999999726 1.249999999999659 0.000000000000494 4099.178857418722146 20.495875234914823
0.390400000000000 0.999999999999725 1.249999999999655 0.000000000000487 4099.178857418719417 20.495876366671816
0.390500000000000 0.999999999999725 1.249999999999657 0.000000000000475 4099.178857418716689 20.495877507426929
0.390600000000000 0.999999999999722 1.249999999999656 0.000000000000466 4099.178857418722146 20.495878651233895
0.390700000000000 0.999999999999724 1.249999999999658 0.000000000000457 4099.178857418723055 20.495879792151598
0.390800000000000 0.999999999999724 1.249999999999656 0.000000000000451 4099.178857418722146 20.495880924279820
0.390900000000000 0.999999999999723 1.249999999999657 0.000000000000444 4099.178857418721236 20.495882041790146
0.391000000000000 0.999999999999723 1.249999999999656 0.000000000000437 4099.178857418724874 20.495883138962565
0.391100000000000 0.999999999999724 1.249999999999658 0.000000000000429 4099.178857418714870 20.495884210213518
0.391200000000000 0.999999999999725 1.249999999999657 0.000000000000424 4099.178857418719417 20.495885250132293
0.391300000000000 0.999999999999722 1.249999999999657 0.000000000000418 4099.178857418717598 20.495886253506590
0.391400000000000 0.999999999999724 1.249999999999657 0.000000000000411 4099.178857418719417 20.495887215356188
0.391500000000000 0.999999999999723 1.249999999999654 0.000000000000402 4099.178857418720327 20.495888130958193
0.391600000000000 0.999999999999723 1.249999999999656 0.000000000000394 4099.178857418722146 20.495888995873841
0.391700000000000 0.999999999999723 1.249999999999658 0.000000000000389 4099.178857418722146 20.495889805974912
0.391800000000000 0.999999999999723 1.249999999999656 0.000000000000384 4099.178857418713960 20.495890557466264
0.391900000000000 0.999999999999723 1.249999999999656 0.000000000000378 4099.178857418710322 20.495891246904485
0.392000000000000 0.999999999999724 1.249999999999657 0.000000000000374 4099.178857418719417 20.495891871219587
0.392100000000000 0.999999999999726 1.249999999999656 0.000000000000366 4099.178857418713051 20.495892427731398
0.392200000000000 0.999999999999722 1.249999999999655 0.000000000000356 4099.178857418710322 20.495892914162731
0.392300000000000 0.999999999999725 1.249999999999653 0.000000000000344 4099.178857418712141 20.495893328652560
0.392400000000000 0.999999999999722 1.249999999999654 0.000000000000334 4099.178857418712141 20.495893669765081
0.392500000000000 0.999999999999722 1.249999999999655 0.000000000000327 4099.178857418713960 20.495893936497719
0.392600000000000 0.999999999999722 1.249999999999656 0.000000000000320 4099.178857418713960 20.495894128285201
0.392700000000000 0.999999999999723 1.249999999999655 0.000000000000309 4099.178857418712141 20.495894245001761
0.392800000000000 0.999999999999722 1.249999999999655 0.000000000000301 4099.178857418704865 20.495894286959977
0.392900000000000 0.999999999999723 1.249999999999655 0.000000000000295 4099.178857418710322 20.495894254909235
0.393000000000000 0.999999999999721 1.249999999999658 0.000000000000285 4099.178857418713960 20.495894150028299
0.393100000000000 0.999999999999723 1.249999999999656 0.000000000000278 4099.178857418715779 20.495893973919053
0.393200000000000 0.999999999999723 1.249999999999654 0.000000000000274 4099.178857418712141 20.495893728593696
0.393300000000000 0.999999999999724 1.249999999999655 0.000000000000263 4099.178857418712141 20.495893416463431
0.393400000000000 0.999999999999722 1.249999999999655 0.000000000000256 4099.178857418706684 20.495893040322674
0.393500000000000 0.999999999999722 1.249999999999655 0.000000000000249 4099.178857418709413 20.495892603330837
0.393600000000000 0.999999999999721 1.249999999999656 0.000000000000245 4099.178857418717598 20.495892108993321
0.393700000000000 0.999999999999723 1.249999999999656 0.000000000000240 4099.178857418712141 20.495891561139448
0.393800000000000 0.999999999999722 1.249999999999654 0.000000000000234 4099.178857418704865 20.495890963898599
0.393900000000000 0.999999999999724 1.249999999999655 0.000000000000226 4099.178857418718508 20.495890321674608
0.394000000000000 0.999999999999722 1.249999999999653 0.000000000000220 4099.178857418708503 20.495889639119863
0.394100000000000 0.999999999999722 1.249999999999653 0.000000000000212 4099.178857418719417 20.495888921104886
0.394200000000000 0.999999999999720 1.249999999999654 0.000000000000210 4099.178857418708503 20.495888172690378
0.394300000000000 0.999999999999721 1.249999999999655 0.000000000000202 4099.178857418714870 20.495887399095476
0.394400000000000 0.999999999999724 1.249999999999654 0.000000000000197 4099.178857418711232 20.495886605666438
0.394500000000000 0.999999999999723 1.249999999999653 0.000000000000190 4099.178857418708503 20.495885797843254
0.394600000000000 0.999999999999720 1.249999999999653 0.000000000000186 4099.178857418713960 20.495884981126935
0.394700000000000 0.999999999999721 1.249999999999652 0.000000000000180 4099.178857418709413 20.495884161046931
0.394800000000000 0.999999999999723 1.249999999999653 0.000000000000176 4099.178857418708503 20.495883343126316
0.394900000000000 0.999999999999721 1.249999999999653 0.000000000000169 4099.178857418710322 20.495882532848967
0.395000000000000 0.999999999999722 1.249999999999654 0.000000000000161 4099.178857418712141 20.495881735626622
0.395100000000000 0.999999999999722 1.249999999999653 0.000000000000151 4099.178857418709413 20.495880956765347
0.395200000000000 0.999999999999722 1.249999999999654 0.000000000000144 4099.178857418707594 20.495880201432982
0.395300000000000 0.999999999999723 1.249999999999654 0.000000000000139 4099.178857418711232 20.495879474629284
0.395400000000000 0.999999999999721 1.249999999999654 0.000000000000129 4099.178857418702137 20.495878781154332
0.395500000000000 0.999999999999723 1.249999999999654 0.000000000000120 4099.178857418709413 20.495878125579768
0.395600000000000 0.999999999999721 1.249999999999653 0.000000000000116 4099.178857418715779 20.495877512221345
0.395700000000000 0.999999999999722 1.249999999999650 0.000000000000112 4099.178857418705775 20.495876945112030
0.395800000000000 0.999999999999722 1.249999999999653 0.000000000000109 4099.178857418709413 20.495876427976853
0.395900000000000 0.999999999999724 1.249999999999651 0.000000000000101 4099.178857418713051 20.495875964213475
0.396000000000000 0.999999999999720 1.249999999999651 0.000000000000097 4099.178857418708503 20.495875556867048
0.396100000000000 0.999999999999722 1.249999999999651 0.000000000000093 4099.178857418706684 20.495875208614759
0.396200000000000 0.999999999999722 1.249999999999651 0.000000000000086 4099.178857418703956 20.495874921747436
0.396300000000000 0.999999999999722 1.249999999999653 0.000000000000083 4099.178857418709413 20.495874698156715
0.396400000000000 0.999999999999722 1.249999999999650 0.000000000000077 4099.178857418704865 20.495874539323509
0.396500000000000 0.999999999999721 1.249999999999651 0.000000000000073 4099.178857418707594 20.495874446306559
0.396600000000000 0.999999999999721 1.249999999999651 0.000000000000070 4099.178857418713960 20.495874419738442
0.396700000000000 0.999999999999722 1.249999999999651 0.000000000000066 4099.178857418701227 20.495874459819831
0.396800000000000 0.999999999999721 1.249999999999651 0.000000000000061 4099.178857418706684 20.495874566318225
0.396900000000000 0.999999999999720 1.249999999999651 0.000000000000056 4099.178857418702137 20.495874738568748
0.397000000000000 0.999999999999721 1.249999999999651 0.000000000000049 4099.178857418699408 20.495874975478575
0.397100000000000 0.999999999999721 1.249999999999650 0.000000000000046 4099.178857418702137 20.495875275531837
0.397200000000000 0.999999999999721 1.249999999999649 0.000000000000047 4099.178857418700318 20.495875636799401
0.397300000000000 0.999999999999721 1.249999999999650 0.000000000000042 4099.178857418699408 20.495876056949719
0.397400000000000 0.999999999999719 1.249999999999649 0.000000000000042 4099.178857418708503 20.495876533262663
0.397500000000000 0.999999999999720 1.249999999999649 0.000000000000040 4099.178857418701227 20.495877062644951
0.397600000000000 0.999999999999721 1.249999999999651 0.000000000000034 4099.178857418703046 20.495877641649287
0.397700000000000 0.999999999999719 1.249999999999650 0.000000000000035 4099.178857418704865 20.495878266494433
0.397800000000000 0.999999999999721 1.249999999999650 0.000000000000032 4099.178857418704865 20.495878933087248
0.397900000000000 0.999999999999720 1.249999999999649 0.000000000000029 4099.178857418699408 20.495879637047999
0.398000000000000 0.999999999999722 1.249999999999650 0.000000000000028 4099.178857418706684 20.495880373734618
0.398100000000000 0.999999999999721 1.249999999999648 0.000000000000024 4099.178857418702137 20.495881138273877
0.398200000000000 0.999999999999719 1.249999999999650 0.000000000000021 4099.178857418703046 20.495881925586037
0.398300000000000 0.999999999999720 1.249999999999649 0.000000000000018 4099.178857418702137 20.495882730420036
0.398400000000000 0.999999999999720 1.249999999999650 0.000000000000015 4099.178857418704865 20.495883547381208
0.398500000000000 0.999999999999719 1.249999999999649 0.000000000000011 4099.178857418699408 20.495884370966181
0.398600000000000 0.999999999999719 1.249999999999648 0.000000000000008 4099.178857418701227 20.495885195594465
0.398700000000000 0.999999999999719 1.249999999999648 0.000000000000002 4099.178857418703046 20.495886015643386
0.398800000000000 0.999999999999720 1.249999999999647 0.000000000000005 4099.178857418697589 20.495886825481996
0.398900000000000 0.999999999999720 1.249999999999648 0.000000000000004 4099.178857418703046 20.495887619503883
0.399000000000000 0.999999999999720 1.249999999999649 0.000000000000002 4099.178857418699408 20.495888392164161
0.399100000000000 0.999999999999721 1.249999999999646 -0.000000000000001 4099.178857418699408 20.495889138009900
0.399200000000000 0.999999999999721 1.249999999999648 -0.000000000000002 4099.178857418701227 20.495889851715070
0.399300000000000 0.999999999999718 1.249999999999648 0.000000000000001 4099.178857418693042 20.495890528113907
0.399400000000000 0.999999999999719 1.249999999999648 0.000000000000002 4099.178857418699408 20.495891162231949
0.399500000000000 0.999999999999719 1.249999999999648 -0.000000000000002 4099.178857418699408 20.495891749316300
0.399600000000000 0.999999999999718 1.249999999999646 -0.000000000000004 4099.178857418693951 20.495892284866176
0.399700000000000 0.999999999999720 1.249999999999647 -0.000000000000001 4099.178857418699408 20.495892764659377
0.399800000000000 0.999999999999720 1.249999999999645 0.000000000000003 4099.178857418702137 20.495893184781156
0.399900000000000 0.999999999999719 1.249999999999645 0.000000000000002 4099.178857418695770 20.495893541646588
0.400000000000000 0.999999999999719 1.249999999999644 -0.000000000000003 4099.178857418697589 20.495893832025178
0.400100000000000 0.999999999999719 1.249999999999645 -0.000000000000002 4099.178857418692132 20.495894053059942
0.400200000000000 0.999999999999717 1.249999999999647 -0.000000000000000 4099.178857418699408 20.495894202288014
0.400300000000000 0.999999999999718 1.249999999999645 -0.000000000000001 4099.178857418696680 20.495894277655868
0.400400000000000 0.999999999999719 1.249999999999645 0.000000000000003 4099.178857418692132 20.495894277532582
0.400500000000000 0.999999999999719 1.249999999999645 0.000000000000002 4099.178857418695770 20.495894200722770
0.400600000000000 0.999999999999719 1.249999999999645 0.000000000000002 4099.178857418699408 20.495894046475360
0.400700000000000 0.999999999999719 1.249999999999645 0.000000000000008 4099.178857418694861 20.495893814489328
0.400800000000000 0.999999999999719 1.249999999999646 0.000000000000008 4099.178857418690313 20.495893504917682
0.400900000000000 0.999999999999717 1.249999999999643 0.000000000000009 4099.178857418699408 20.495893118369697
0.401000000000000 0.999999999999719 1.249999999999644 0.000000000000011 4099.178857418685766 20.495892655906253
0.401100000000000 0.999999999999717 1.249999999999645 0.000000000000008 4099.178857418692132 20.495892119040068
0.401200000000000 0.999999999999719 1.249999999999643 0.000000000000009 4099.178857418686675 20.495891509725336
0.401300000000000 0.999999999999718 1.249999999999644 0.000000000000015 4099.178857418686675 20.495890830349186
0.401400000000000 0.999999999999718 1.249999999999645 0.000000000000015 4099.178857418695770 20.495890083720607
0.401500000000000 0.999999999999716 1.249999999999644 0.000000000000015 4099.178857418693951 20.495889273054740
0.401600000000000 0.999999999999716 1.249999999999645 0.000000000000015 4099.178857418685766 20.495888401956257
0.401700000000000 0.999999999999717 1.249999999999642 0.000000000000019 4099.178857418691223 20.495887474400963
0.401800000000000 0.999999999999718 1.249999999999643 0.000000000000021 4099.178857418685766 20.495886494711812
0.401900000000000 0.999999999999717 1.249999999999641 0.000000000000025 4099.178857418684856 20.495885467539360
0.402000000000000 0.999999999999716 1.249999999999642 0.000000000000028 4099.178857418691223 20.495884397832068
0.402100000000000 0.999999999999719 1.249999999999643 0.000000000000033 4099.178857418692132 20.495883290811729
0.402200000000000 0.999999999999716 1.249999999999641 0.000000000000037 4099.178857418690313 20.495882151944325
0.402300000000000 0.999999999999717 1.249999999999642 0.000000000000043 4099.178857418683947 20.495880986907327
0.402400000000000 0.999999999999716 1.249999999999642 0.000000000000043 4099.178857418689404 20.495879801561024
0.402500000000000 0.999999999999715 1.249999999999640 0.000000000000047 4099.178857418683037 20.495878601913454
0.402600000000000 0.999999999999717 1.249999999999641 0.000000000000046 4099.178857418683947 20.495877394086815
0.402700000000000 0.999999999999714 1.249999999999641 0.000000000000050 4099.178857418683037 20.495876184284594
0.402800000000000 0.999999999999719 1.249999999999642 0.000000000000051 4099.178857418683947 20.495874978754220
0.402900000000000 0.999999999999716 1.249999999999641 0.000000000000054 4099.178857418683037 20.495873783753407
0.403000000000000 0.999999999999715 1.249999999999640 0.000000000000057 4099.178857418677580 20.495872605513085
0.403100000000000 0.999999999999716 1.249999999999640 0.000000000000060 4099.178857418684856 20.495871450203172
0.403200000000000 0.999999999999718 1.249999999999640 0.000000000000063 4099.178857418683947 20.495870323896906
0.403300000000000 0.999999999999716 1.249999999999642 0.000000000000063 4099.178857418678490 20.495869232535522
0.403400000000000 0.999999999999715 1.249999999999640 0.000000000000068 4099.178857418684856 20.495868181896565
0.403500000000000 0.999999999999715 1.249999999999638 0.000000000000072 4099.178857418687585 20.495867177557379
0.403600000000000 0.999999999999715 1.249999999999641 0.000000000000077 4099.178857418679399 20.495866224864422
0.403700000000000 0.999999999999716 1.249999999999639 0.000000000000079 4099.178857418684856 20.495865328905282
0.403800000000000 0.999999999999715 1.249999999999639 0.000000000000084 4099.178857418686675 20.495864494474574
0.403900000000000 0.999999999999716 1.249999999999638 0.000000000000088 4099.178857418687585 20.495863726050121
0.404000000000000 0.999999999999717 1.249999999999639 0.000000000000090 4099.178857418683037 20.495863027764017
0.404100000000000 0.999999999999717 1.249999999999639 0.000000000000098 4099.178857418691223 20.495862403382802
0.404200000000000 0.999999999999717 1.249999999999640 0.000000000000104 4099.178857418681218 20.495861856280328
0.404300000000000 0.999999999999716 1.249999999999640 0.000000000000111 4099.178857418681218 20.495861389422856
0.404400000000000 0.999999999999715 1.249999999999638 0.000000000000116 4099.178857418684856 20.495861005349351
0.404500000000000 0.999999999999714 1.249999999999637 0.000000000000123 4099.178857418679399 20.495860706155835
0.404600000000000 0.999999999999716 1.249999999999639 0.000000000000128 4099.178857418687585 20.495860493485285
0.404700000000000 0.999999999999715 1.249999999999641 0.000000000000132 4099.178857418678490 20.495860368516482
0.404800000000000 0.999999999999716 1.249999999999639 0.000000000000138 4099.178857418683037 20.495860331957868
0.404900000000000 0.999999999999715 1.249999999999638 0.000000000000143 4099.178857418689404 20.495860384041030
0.405000000000000 0.999999999999714 1.249999999999639 0.000000000000145 4099.178857418681218 20.495860524521433
0.405100000000000 0.999999999999713 1.249999999999637 0.000000000000149 4099.178857418682128 20.495860752678290
0.405200000000000 0.999999999999714 1.249999999999639 0.000000000000156 4099.178857418681218 20.495861067317289
0.405300000000000 0.999999999999715 1.249999999999639 0.000000000000166 4099.178857418686675 20.495861466780660
0.405400000000000 0.999999999999716 1.249999999999640 0.000000000000172 4099.178857418677580 20.495861948951603
0.405500000000000 0.999999999999715 1.249999999999637 0.000000000000180 4099.178857418683037 20.495862511270289
0.405600000000000 0.999999999999715 1.249999999999638 0.000000000000185 4099.178857418678490 20.495863150744384
0.405700000000000 0.999999999999713 1.249999999999637 0.000000000000192 4099.178857418683037 20.495863863969795
0.405800000000000 0.999999999999715 1.249999999999637 0.000000000000199 4099.178857418681218 20.495864647146465
0.405900000000000 0.999999999999713 1.249999999999638 0.000000000000202 4099.178857418680309 20.495865496101889
0.406000000000000 0.999999999999715 1.249999999999637 0.000000000000205 4099.178857418672123 20.495866406314505
0.406100000000000 0.999999999999714 1.249999999999636 0.000000000000208 4099.178857418676671 20.495867372938676
0.406200000000000 0.999999999999713 1.249999999999636 0.000000000000212 4099.178857418675761 20.495868390831994
0.406300000000000 0.999999999999714 1.249999999999636 0.000000000000218 4099.178857418675761 20.495869454585755
0.406400000000000 0.999999999999714 1.249999999999637 0.000000000000221 4099.178857418676671 20.495870558554234
0.406500000000000 0.999999999999714 1.249999999999637 0.000000000000227 4099.178857418673942 20.495871696888130
0.406600000000000 0.999999999999714 1.249999999999637 0.000000000000234 4099.178857418675761 20.495872863567232
0.406700000000000 0.999999999999713 1.249999999999636 0.000000000000242 4099.178857418680309 20.495874052433987
0.406800000000000 0.999999999999713 1.249999999999636 0.000000000000246 4099.178857418676671 20.495875257229336
0.406900000000000 0.999999999999713 1.249999999999636 0.000000000000250 4099.178857418675761 20.495876471628129
0.407000000000000 0.999999999999714 1.249999999999636 0.000000000000254 4099.178857418670304 20.495877689275346
0.407100000000000 0.999999999999713 1.249999999999636 0.000000000000262 4099.178857418673033 20.495878903821716
0.407200000000000 0.999999999999714 1.249999999999636 0.000000000000269 4099.178857418674852 20.495880108960190
0.407300000000000 0.999999999999714 1.249999999999635 0.000000000000274 4099.178857418673942 20.495881298461089
0.407400000000000 0.999999999999711 1.249999999999636 0.000000000000279 4099.178857418675761 20.495882466208492
0.407500000000000 0.999999999999714 1.249999999999634 0.000000000000286 4099.178857418677580 20.495883606234177
0.407600000000000 0.999999999999711 1.249999999999636 0.000000000000289 4099.178857418677580 20.495884712751419
0.407700000000000 0.999999999999713 1.249999999999633 0.000000000000295 4099.178857418670304 20.495885780188072
0.407800000000000 0.999999999999711 1.249999999999635 0.000000000000300 4099.178857418673033 20.495886803217157
0.407900000000000 0.999999999999711 1.249999999999634 0.000000000000305 4099.178857418673942 20.495887776788962
0.408000000000000 0.999999999999713 1.249999999999635 0.000000000000311 4099.178857418666666 20.495888696155927
0.408100000000000 0.999999999999712 1.249999999999633 0.000000000000315 4099.178857418670304 20.495889556903212
0.408200000000000 0.999999999999712 1.249999999999635 0.000000000000322 4099.178857418670304 20.495890354969500
0.408300000000000 0.999999999999713 1.249999999999635 0.000000000000330 4099.178857418668485 20.495891086672700
0.408400000000000 0.999999999999712 1.249999999999634 0.000000000000334 4099.178857418665757 20.495891748729051
0.408500000000000 0.999999999999710 1.249999999999634 0.000000000000336 4099.178857418671214 20.495892338269972
0.408600000000000 0.999999999999711 1.249999999999631 0.000000000000342 4099.178857418671214 20.495892852859871
0.408700000000000 0.999999999999712 1.249999999999633 0.000000000000348 4099.178857418668485 20.495893290506004
0.408800000000000 0.999999999999710 1.249999999999634 0.000000000000354 4099.178857418664848 20.495893649673125
0.408900000000000 0.999999999999711 1.249999999999633 0.000000000000358 4099.178857418671214 20.495893929288233
0.409000000000000 0.999999999999712 1.249999999999632 0.000000000000367 4099.178857418663938 20.495894128745203
0.409100000000000 0.999999999999711 1.249999999999634 0.000000000000376 4099.178857418672123 20.495894247908701
0.409200000000000 0.999999999999709 1.249999999999635 0.000000000000384 4099.178857418673942 20.495894287113764
0.409300000000000 0.999999999999712 1.249999999999632 0.000000000000391 4099.178857418667576 20.495894247161498
0.409400000000000 0.999999999999711 1.249999999999632 0.000000000000396 4099.178857418667576 20.495894129312102
0.409500000000000 0.999999999999711 1.249999999999634 0.000000000000404 4099.178857418663029 20.495893935279163
0.409600000000000 0.999999999999710 1.249999999999634 0.000000000000409 4099.178857418659391 20.495893667216251
0.409700000000000 0.999999999999710 1.249999999999633 0.000000000000412 4099.178857418662119 20.495893327703872
0.409800000000000 0.999999999999711 1.249999999999633 0.000000000000420 4099.178857418672123 20.495892919731396
0.409900000000000 0.999999999999712 1.249999999999633 0.000000000000426 4099.178857418657572 20.495892446680315
0.410000000000000 0.999999999999709 1.249999999999633 0.000000000000430 4099.178857418664848 20.495891912302771
0.410100000000000 0.999999999999709 1.249999999999632 0.000000000000436 4099.178857418659391 20.495891320696586
0.410200000000000 0.999999999999712 1.249999999999632 0.000000000000443 4099.178857418657572 20.495890676281661
0.410300000000000 0.999999999999711 1.249999999999632 0.000000000000449 4099.178857418655753 20.495889983772599
0.410400000000000 0.999999999999709 1.249999999999633 0.000000000000456 4099.178857418659391 20.495889248149005
0.410500000000000 0.999999999999709 1.249999999999632 0.000000000000462 4099.178857418667576 20.495888474626017
0.410600000000000 0.999999999999709 1.249999999999632 0.000000000000469 4099.178857418664848 20.495887668620959
0.410700000000000 0.999999999999708 1.249999999999632 0.000000000000478 4099.178857418661210 20.495886835722324
0.410800000000000 0.999999999999709 1.249999999999632 0.000000000000480 4099.178857418662119 20.495885981653846
0.410900000000000 0.999999999999709 1.249999999999632 0.000000000000485 4099.178857418655753 20.495885112241027
0.411000000000000 0.999999999999712 1.249999999999634 0.000000000000493 4099.178857418662119 20.495884233375229
0.411100000000000 0.999999999999711 1.249999999999633 0.000000000000500 4099.178857418663938 20.495883350978520
0.411200000000000 0.999999999999711 1.249999999999633 0.000000000000505 4099.178857418658481 20.495882470966031
0.411300000000000 0.999999999999710 1.249999999999632 0.000000000000511 4099.178857418661210 20.495881599212378
0.411400000000000 0.999999999999710 1.249999999999632 0.000000000000515 4099.178857418661210 20.495880741514025
0.411500000000000 0.999999999999710 1.249999999999631 0.000000000000523 4099.178857418659391 20.495879903556045
0.411600000000000 0.999999999999711 1.249999999999632 0.000000000000528 4099.178857418670304 20.495879090876105
0.411700000000000 0.999999999999710 1.249999999999633 0.000000000000535 4099.178857418657572 20.495878308831372
0.411800000000000 0.999999999999711 1.249999999999632 0.000000000000542 4099.178857418660300 20.495877562567301
0.411900000000000 0.999999999999708 1.249999999999632 0.000000000000550 4099.178857418662119 20.495876856983791
0.412000000000000 0.999999999999712 1.249999999999633 0.000000000000556 4099.178857418663029 20.495876196708004
0.412100000000000 0.999999999999710 1.249999999999632 0.000000000000561 4099.178857418662119 20.495875586064567
0.412200000000000 0.999999999999711 1.249999999999630 0.000000000000569 4099.178857418666666 20.495875029050925
0.412300000000000 0.999999999999711 1.249999999999632 0.000000000000577 4099.178857418661210 20.495874529310314
0.412400000000000 0.999999999999710 1.249999999999632 0.000000000000583 4099.178857418660300 20.495874090113080
0.412500000000000 0.999999999999710 1.249999999999630 0.000000000000590 4099.178857418662119 20.495873714334287
0.412600000000000 0.999999999999710 1.249999999999632 0.000000000000596 4099.178857418663029 20.495873404435539
0.412700000000000 0.999999999999710 1.249999999999632 0.000000000000600 4099.178857418660300 20.495873162452554
0.412800000000000 0.999999999999710 1.249999999999632 0.000000000000608 4099.178857418663029 20.495872989980576
0.412900000000000 0.999999999999709 1.249999999999632 0.000000000000610 4099.178857418652115 20.495872888164122
0.413000000000000 0.999999999999709 1.249999999999633 0.000000000000613 4099.178857418653934 20.495872857690827
0.413100000000000 0.999999999999708 1.249999999999632 0.000000000000621 4099.178857418654843 20.495872898787532
0.413200000000000 0.999999999999709 1.249999999999632 0.000000000000627 4099.178857418660300 20.495873011215561
0.413300000000000 0.999999999999708 1.249999999999631 0.000000000000632 4099.178857418650296 20.495873194275323
0.413400000000000 0.999999999999709 1.249999999999630 0.000000000000634 4099.178857418653934 20.495873446807920
0.413500000000000 0.999999999999710 1.249999999999632 0.000000000000642 4099.178857418650296 20.495873767202134
0.413600000000000 0.999999999999708 1.249999999999632 0.000000000000644 4099.178857418653024 20.495874153404664
0.413700000000000 0.999999999999709 1.249999999999631 0.000000000000649 4099.178857418656662 20.495874602930755
0.413800000000000 0.999999999999706 1.249999999999631 0.000000000000653 4099.178857418654843 20.495875112879339
0.413900000000000 0.999999999999709 1.249999999999632 0.000000000000654 4099.178857418652115 20.495875679950398
0.414000000000000 0.999999999999708 1.249999999999632 0.000000000000654 4099.178857418653934 20.495876300464094
0.414100000000000 0.999999999999705 1.249999999999631 0.000000000000661 4099.178857418649386 20.495876970383030
0.414200000000000 0.999999999999709 1.249999999999634 0.000000000000661 4099.178857418646658 20.495877685334943
0.414300000000000 0.999999999999708 1.249999999999631 0.000000000000664 4099.178857418652115 20.495878440641139
0.414400000000000 0.999999999999707 1.249999999999630 0.000000000000668 4099.178857418649386 20.495879231341913
0.414500000000000 0.999999999999708 1.249999999999631 0.000000000000671 4099.178857418646658 20.495880052227108
0.414600000000000 0.999999999999710 1.249999999999629 0.000000000000673 4099.178857418651205 20.495880897868481
0.414700000000000 0.999999999999709 1.249999999999631 0.000000000000677 4099.178857418644839 20.495881762649795
0.414800000000000 0.999999999999706 1.249999999999629 0.000000000000681 4099.178857418646658 20.495882640803845
0.414900000000000 0.999999999999706 1.249999999999632 0.000000000000687 4099.178857418648477 20.495883526443084
0.415000000000000 0.999999999999707 1.249999999999632 0.000000000000685 4099.178857418649386 20.495884413599068
0.415100000000000 0.999999999999708 1.249999999999632 0.000000000000687 4099.178857418652115 20.495885296256457
0.415200000000000 0.999999999999706 1.249999999999632 0.000000000000691 4099.178857418650296 20.495886168389092
0.415300000000000 0.999999999999706 1.249999999999629 0.000000000000693 4099.178857418646658 20.495887023997845
0.415400000000000 0.999999999999707 1.249999999999630 0.000000000000694 4099.178857418643020 20.495887857145412
0.415500000000000 0.999999999999706 1.249999999999629 0.000000000000693 4099.178857418646658 20.495888661994556
0.415600000000000 0.999999999999705 1.249999999999628 0.000000000000699 4099.178857418645748 20.495889432842205
0.415700000000000 0.999999999999706 1.249999999999629 0.000000000000700 4099.178857418646658 20.495890164154837
0.415800000000000 0.999999999999708 1.249999999999630 0.000000000000703 4099.178857418648477 20.495890850602514
0.415900000000000 0.999999999999708 1.249999999999630 0.000000000000703 4099.178857418646658 20.495891487091605
0.416000000000000 0.999999999999704 1.249999999999628 0.000000000000702 4099.178857418648477 20.495892068797353
0.416100000000000 0.999999999999707 1.249999999999628 0.000000000000703 4099.178857418643929 20.495892591191321
0.416200000000000 0.999999999999706 1.249999999999628 0.000000000000705 4099.178857418639382 20.495893050072826
0.416300000000000 0.999999999999706 1.249999999999629 0.000000000000709 4099.178857418644839 20.495893441593179
0.416400000000000 0.999999999999706 1.249999999999629 0.000000000000708 4099.178857418638472 20.495893762281558
0.416500000000000 0.999999999999706 1.249999999999629 0.000000000000710 4099.178857418642110 20.495894009066426
0.416600000000000 0.999999999999705 1.249999999999630 0.000000000000712 4099.178857418641201 20.495894179295604
0.416700000000000 0.999999999999705 1.249999999999628 0.000000000000711 4099.178857418641201 20.495894270754253
0.416800000000000 0.999999999999709 1.249999999999628 0.000000000000712 4099.178857418644839 20.495894281678837
0.416900000000000 0.999999999999705 1.249999999999628 0.000000000000717 4099.178857418646658 20.495894210770775
0.417000000000000 0.999999999999703 1.249999999999628 0.000000000000718 4099.178857418645748 20.495894057205813
0.417100000000000 0.999999999999705 1.249999999999629 0.000000000000718 4099.178857418643929 20.495893820639662
0.417200000000000 0.999999999999704 1.249999999999628 0.000000000000718 4099.178857418643929 20.495893501214113
0.417300000000000 0.999999999999704 1.249999999999628 0.000000000000723 4099.178857418645748 20.495893099556710
0.417400000000000 0.999999999999704 1.249999999999629 0.000000000000722 4099.178857418633925 20.495892616779919
0.417500000000000 0.999999999999705 1.249999999999629 0.000000000000720 4099.178857418637563 20.495892054476123
0.417600000000000 0.999999999999704 1.249999999999627 0.000000000000717 4099.178857418639382 20.495891414710886
0.417700000000000 0.999999999999706 1.249999999999627 0.000000000000716 4099.178857418646658 20.495890700012382
0.417800000000000 0.999999999999703 1.249999999999626 0.000000000000716 4099.178857418639382 20.495889913358909
0.417900000000000 0.999999999999703 1.249999999999629 0.000000000000719 4099.178857418639382 20.495889058163083
0.418000000000000 0.999999999999704 1.249999999999631 0.000000000000717 4099.178857418636653 20.495888138254806
0.418100000000000 0.999999999999702 1.249999999999630 0.000000000000717 4099.178857418638472 20.495887157859734
0.418200000000000 0.999999999999703 1.249999999999628 0.000000000000716 4099.178857418643020 20.495886121576397
0.418300000000000 0.999999999999702 1.249999999999628 0.000000000000713 4099.178857418641201 20.495885034350607
0.418400000000000 0.999999999999705 1.249999999999626 0.000000000000712 4099.178857418630287 20.495883901450188
0.418500000000000 0.999999999999703 1.249999999999627 0.000000000000705 4099.178857418633015 20.495882728433855
0.418600000000000 0.999999999999702 1.249999999999626 0.000000000000698 4099.178857418630287 20.495881521121632
0.418700000000000 0.999999999999702 1.249999999999626 0.000000000000695 4099.178857418633925 20.495880285561153
0.418800000000000 0.999999999999703 1.249999999999627 0.000000000000696 4099.178857418633015 20.495879027994850
0.418900000000000 0.999999999999703 1.249999999999627 0.000000000000693 4099.178857418635744 20.495877754824704
0.419000000000000 0.999999999999704 1.249999999999628 0.000000000000692 4099.178857418633015 20.495876472574899
0.419100000000000 0.999999999999703 1.249999999999628 0.000000000000693 4099.178857418635744 20.495875187857330
0.419200000000000 0.999999999999705 1.249999999999628 0.000000000000690 4099.178857418633925 20.495873907331767
0.419300000000000 0.999999999999703 1.249999999999628 0.000000000000684 4099.178857418632106 20.495872637669379
0.419400000000000 0.999999999999703 1.249999999999628 0.000000000000683 4099.178857418635744 20.495871385514356
0.419500000000000 0.999999999999701 1.249999999999627 0.000000000000680 4099.178857418633925 20.495870157446507
0.419600000000000 0.999999999999703 1.249999999999627 0.000000000000676 4099.178857418632106 20.495868959942353
0.419700000000000 0.999999999999702 1.249999999999629 0.000000000000671 4099.178857418636653 20.495867799340132
0.419800000000000 0.999999999999701 1.249999999999629 0.000000000000667 4099.178857418633925 20.495866681802330
0.419900000000000 0.999999999999704 1.249999999999630 0.000000000000665 4099.178857418630287 20.495865613279456
0.420000000000000 0.999999999999702 1.249999999999628 0.000000000000665 4099.178857418634834 20.495864599478235
0.420100000000000 0.999999999999703 1.249999999999627 0.000000000000661 4099.178857418630287 20.495863645826045
0.420200000000000 0.999999999999701 1.249999999999628 0.000000000000657 4099.178857418632106 20.495862757441454
0.420300000000000 0.999999999999703 1.249999999999629 0.000000000000655 4099.178857418629377 20.495861939103836
0.420400000000000 0.999999999999702 1.249999999999629 0.000000000000653 4099.178857418631196 20.495861195226908
0.420500000000000 0.999999999999703 1.249999999999629 0.000000000000648 4099.178857418632106 20.495860529831454
0.420600000000000 0.999999999999702 1.249999999999627 0.000000000000647 4099.178857418634834 20.495859946523204
0.420700000000000 0.999999999999703 1.249999999999629 0.000000000000643 4099.178857418633925 20.495859448470448
0.420800000000000 0.999999999999703 1.249999999999628 0.000000000000639 4099.178857418628468 20.495859038388293
0.420900000000000 0.999999999999703 1.249999999999627 0.000000000000636 4099.178857418635744 20.495858718519543
0.421000000000000 0.999999999999704 1.249999999999627 0.000000000000632 4099.178857418634834 20.495858490623199
0.421100000000000 0.999999999999704 1.249999999999629 0.000000000000627 4099.178857418630287 20.495858355963747
0.421200000000000 0.999999999999700 1.249999999999628 0.000000000000624 4099.178857418625739 20.495858315304417
0.421300000000000 0.999999999999700 1.249999999999627 0.000000000000618 4099.178857418624830 20.495858368900002
0.421400000000000 0.999999999999703 1.249999999999627 0.000000000000612 4099.178857418628468 20.495858516497528
0.421500000000000 0.999999999999700 1.249999999999629 0.000000000000607 4099.178857418628468 20.495858757335508
0.421600000000000 0.999999999999703 1.249999999999628 0.000000000000602 4099.178857418623011 20.495859090150255
0.421700000000000 0.999999999999702 1.249999999999628 0.000000000000595 4099.178857418632106 20.495859513179873
0.421800000000000 0.999999999999701 1.249999999999626 0.000000000000589 4099.178857418631196 20.495860024175990
0.421900000000000 0.999999999999703 1.249999999999629 0.000000000000581 4099.178857418624830 20.495860620415357
0.422000000000000 0.999999999999702 1.249999999999627 0.000000000000577 4099.178857418630287 20.495861298716907
0.422100000000000 0.999999999999703 1.249999999999629 0.000000000000573 4099.178857418633925 20.495862055456385
0.422200000000000 0.999999999999702 1.249999999999627 0.000000000000568 4099.178857418628468 20.495862886590384
0.422300000000000 0.999999999999704 1.249999999999628 0.000000000000567 4099.178857418630287 20.495863787676321
0.422400000000000 0.999999999999701 1.249999999999629 0.000000000000565 4099.178857418626649 20.495864753899863
0.422500000000000 0.999999999999702 1.249999999999628 0.000000000000561 4099.178857418634834 20.495865780101230
0.422600000000000 0.999999999999701 1.249999999999628 0.000000000000551 4099.178857418632106 20.495866860803840
0.422700000000000 0.999999999999702 1.249999999999628 0.000000000000543 4099.178857418626649 20.495867990247401
0.422800000000000 0.999999999999702 1.249999999999628 0.000000000000534 4099.178857418623011 20.495869162418508
0.422900000000000 0.999999999999704 1.249999999999626 0.000000000000528 4099.178857418621192 20.495870371086305
0.423000000000000 0.999999999999699 1.249999999999629 0.000000000000523 4099.178857418624830 20.495871609837007
0.423100000000000 0.999999999999703 1.249999999999629 0.000000000000516 4099.178857418624830 20.495872872111971
0.423200000000000 0.999999999999699 1.249999999999627 0.000000000000505 4099.178857418623011 20.495874151243459
0.423300000000000 0.999999999999701 1.249999999999629 0.000000000000500 4099.178857418630287 20.495875440492476
0.423400000000000 0.999999999999700 1.249999999999628 0.000000000000497 4099.178857418623920 20.495876733089197
0.423500000000000 0.999999999999700 1.249999999999627 0.000000000000491 4099.178857418619373 20.495878022269121
0.423600000000000 0.999999999999702 1.249999999999628 0.000000000000486 4099.178857418618463 20.495879301312485
0.423700000000000 0.999999999999699 1.249999999999627 0.000000000000478 4099.178857418625739 20.495880563583420
0.423800000000000 0.999999999999700 1.249999999999627 0.000000000000471 4099.178857418623920 20.495881802565712
0.423900000000000 0.999999999999702 1.249999999999627 0.000000000000466 4099.178857418624830 20.495883011901086
0.424000000000000 0.999999999999701 1.249999999999625 0.000000000000461 4099.178857418623920 20.495884185425638
0.424100000000000 0.999999999999700 1.249999999999627 0.000000000000455 4099.178857418625739 20.495885317202962
0.424200000000000 0.999999999999700 1.249999999999627 0.000000000000450 4099.178857418624830 20.495886401559375
0.424300000000000 0.999999999999702 1.249999999999627 0.000000000000445 4099.178857418628468 20.495887433115932
0.424400000000000 0.999999999999698 1.249999999999627 0.000000000000441 4099.178857418621192 20.495888406816565
0.424500000000000 0.999999999999700 1.249999999999627 0.000000000000439 4099.178857418632106 20.495889317958969
0.424600000000000 0.999999999999700 1.249999999999626 0.000000000000432 4099.178857418623011 20.495890162220203
0.424700000000000 0.999999999999700 1.249999999999624 0.000000000000425 4099.178857418620282 20.495890935678847
0.424800000000000 0.999999999999700 1.249999999999625 0.000000000000420 4099.178857418620282 20.495891634839829
0.424900000000000 0.999999999999699 1.249999999999625 0.000000000000413 4099.178857418621192 20.495892256650965
0.425000000000000 0.999999999999700 1.249999999999627 0.000000000000405 4099.178857418623011 20.495892798520984
0.425100000000000 0.999999999999699 1.249999999999626 0.000000000000401 4099.178857418621192 20.495893258333350
0.425200000000000 0.999999999999701 1.249999999999626 0.000000000000395 4099.178857418619373 20.495893634456014
0.425300000000000 0.999999999999699 1.249999999999625 0.000000000000388 4099.178857418619373 20.495893925751563
0.425400000000000 0.999999999999701 1.249999999999625 0.000000000000379 4099.178857418621192 20.495894131581068
0.425500000000000 0.999999999999699 1.249999999999626 0.000000000000372 4099.178857418616644 20.495894251807226
0.425600000000000 0.999999999999702 1.249999999999625 0.000000000000365 4099.178857418619373 20.495894286793657
0.425700000000000 0.999999999999701 1.249999999999625 0.000000000000359 4099.178857418617554 20.495894237400936
0.425800000000000 0.999999999999700 1.249999999999625 0.000000000000350 4099.178857418624830 20.495894104981815
0.425900000000000 0.999999999999701 1.249999999999625 0.000000000000341 4099.178857418615735 20.495893891369644
0.426000000000000 0.999999999999699 1.249999999999627 0.000000000000337 4099.178857418619373 20.495893598868143
0.426100000000000 0.999999999999700 1.249999999999625 0.000000000000331 4099.178857418617554 20.495893230236184
0.426200000000000 0.999999999999699 1.249999999999626 0.000000000000324 4099.178857418613916 20.495892788668552
0.426300000000000 0.999999999999698 1.249999999999625 0.000000000000314 4099.178857418617554 20.495892277778747
0.426400000000000 0.999999999999700 1.249999999999625 0.000000000000309 4099.178857418615735 20.495891701574578
0.426500000000000 0.999999999999699 1.249999999999624 0.000000000000305 4099.178857418615735 20.495891064433383
0.426600000000000 0.999999999999698 1.249999999999624 0.000000000000299 4099.178857418610278 20.495890371075472
0.426700000000000 0.999999999999699 1.249999999999626 0.000000000000296 4099.178857418615735 20.495889626535160
0.426800000000000 0.999999999999700 1.249999999999626 0.000000000000289 4099.178857418617554 20.495888836129989
0.426900000000000 0.999999999999699 1.249999999999623 0.000000000000282 4099.178857418611187 20.495888005427958
0.427000000000000 0.999999999999699 1.249999999999625 0.000000000000276 4099.178857418613916 20.495887140212883
0.427100000000000 0.999999999999700 1.249999999999625 0.000000000000267 4099.178857418617554 20.495886246451217
0.427200000000000 0.999999999999698 1.249999999999624 0.000000000000258 4099.178857418613916 20.495885330253572
0.427300000000000 0.999999999999698 1.249999999999625 0.000000000000251 4099.178857418618463 20.495884397838214
0.427400000000000 0.999999999999699 1.249999999999626 0.000000000000243 4099.178857418609368 20.495883455494713
0.427500000000000 0.999999999999699 1.249999999999623 0.000000000000239 4099.178857418619373 20.495882509544334
0.427600000000000 0.999999999999698 1.249999999999624 0.000000000000232 4099.178857418608459 20.495881566300984
0.427700000000000 0.999999999999698 1.249999999999625 0.000000000000227 4099.178857418613916 20.495880632035465
0.427800000000000 0.999999999999697 1.249999999999625 0.000000000000217 4099.178857418615735 20.495879712935942
0.427900000000000 0.999999999999698 1.249999999999626 0.000000000000209 4099.178857418610278 20.495878815070199
0.428000000000000 0.999999999999701 1.249999999999624 0.000000000000199 4099.178857418616644 20.495877944349580
0.428100000000000 0.999999999999699 1.249999999999625 0.000000000000191 4099.178857418610278 20.495877106492625
0.428200000000000 0.999999999999699 1.249999999999626 0.000000000000186 4099.178857418618463 20.495876306990869
0.428300000000000 0.999999999999699 1.249999999999623 0.000000000000181 4099.178857418613916 20.495875551076804
0.428400000000000 0.999999999999698 1.249999999999625 0.000000000000174 4099.178857418613916 20.495874843688387
0.428500000000000 0.999999999999700 1.249999999999624 0.000000000000166 4099.178857418610278 20.495874189443875
0.428600000000000 0.999999999999700 1.249999999999624 0.000000000000160 4099.178857418613006 20.495873592609644
0.428700000000000 0.999999999999699 1.249999999999623 0.000000000000155 4099.178857418606640 20.495873057077127
0.428800000000000 0.999999999999698 1.249999999999623 0.000000000000148 4099.178857418614825 20.495872586337654
0.428900000000000 0.999999999999697 1.249999999999623 0.000000000000141 4099.178857418614825 20.495872183461579
0.429000000000000 0.999999999999697 1.249999999999622 0.000000000000133 4099.178857418609368 20.495871851079304
0.429100000000000 0.999999999999697 1.249999999999623 0.000000000000128 4099.178857418612097 20.495871591365383
0.429200000000000 0.999999999999699 1.249999999999623 0.000000000000123 4099.178857418613916 20.495871406024786
0.429300000000000 0.999999999999696 1.249999999999623 0.000000000000118 4099.178857418611187 20.495871296283088
0.429400000000000 0.999999999999699 1.249999999999622 0.000000000000111 4099.178857418613916 20.495871262877397
0.429500000000000 0.999999999999696 1.249999999999622 0.000000000000108 4099.178857418606640 20.495871306052482
0.429600000000000 0.999999999999697 1.249999999999621 0.000000000000103 4099.178857418608459 20.495871425558303
0.429700000000000 0.999999999999696 1.249999999999621 0.000000000000097 4099.178857418608459 20.495871620652164
0.429800000000000 0.999999999999696 1.249999999999623 0.000000000000093 4099.178857418610278 20.495871890101352
0.429900000000000 0.999999999999697 1.249999999999621 0.000000000000090 4099.178857418607549 20.495872232192042
0.430000000000000 0.999999999999697 1.249999999999622 0.000000000000084 4099.178857418603911 20.495872644736576
0.430100000000000 0.999999999999698 1.249999999999621 0.000000000000080 4099.178857418605730 20.495873125089037
0.430200000000000 0.999999999999698 1.249999999999621 0.000000000000078 4099.178857418608459 20.495873670158154
0.430300000000000 0.999999999999695 1.249999999999620 0.000000000000078 4099.178857418610278 20.495874276427735
0.430400000000000 0.999999999999696 1.249999999999621 0.000000000000075 4099.178857418606640 20.495874939975803
0.430500000000000 0.999999999999695 1.249999999999622 0.000000000000070 4099.178857418603911 20.495875656499056
0.430600000000000 0.999999999999696 1.249999999999618 0.000000000000064 4099.178857418611187 20.495876421338586
0.430700000000000 0.999999999999697 1.249999999999619 0.000000000000063 4099.178857418606640 20.495877229504845
0.430800000000000 0.999999999999694 1.249999999999620 0.000000000000062 4099.178857418599364 20.495878075711587
0.430900000000000 0.999999999999697 1.249999999999621 0.000000000000057 4099.178857418601183 20.495878954404290
0.431000000000000 0.999999999999695 1.249999999999619 0.000000000000051 4099.178857418604821 20.495879859795110
0.431100000000000 0.999999999999698 1.249999999999618 0.000000000000048 4099.178857418606640 20.495880785896482
0.431200000000000 0.999999999999696 1.249999999999620 0.000000000000048 4099.178857418603002 20.495881726557396
0.431300000000000 0.999999999999699 1.249999999999618 0.000000000000042 4099.178857418606640 20.495882675501644
0.431400000000000 0.999999999999697 1.249999999999620 0.000000000000037 4099.178857418604821 20.495883626362801
0.431500000000000 0.999999999999698 1.249999999999618 0.000000000000034 4099.178857418603002 20.495884572726194
0.431600000000000 0.999999999999696 1.249999999999618 0.000000000000033 4099.178857418605730 20.495885508164505
0.431700000000000 0.999999999999697 1.249999999999618 0.000000000000026 4099.178857418605730 20.495886426278439
0.431800000000000 0.999999999999694 1.249999999999619 0.000000000000025 4099.178857418604821 20.495887320735552
0.431900000000000 0.999999999999696 1.249999999999619 0.000000000000020 4099.178857418606640 20.495888185308100
0.432000000000000 0.999999999999694 1.249999999999617 0.000000000000018 4099.178857418599364 20.495889013912148
0.432100000000000 0.999999999999695 1.249999999999617 0.000000000000015 4099.178857418603002 20.495889800642225
0.432200000000000 0.999999999999696 1.249999999999618 0.000000000000010 4099.178857418602092 20.495890539811185
0.432300000000000 0.999999999999695 1.249999999999617 0.000000000000007 4099.178857418599364 20.495891225982724
0.432400000000000 0.999999999999694 1.249999999999617 0.000000000000009 4099.178857418599364 20.495891854005560
0.432500000000000 0.999999999999695 1.249999999999616 0.000000000000008 4099.178857418594816 20.495892419045575
0.432600000000000 0.999999999999693 1.249999999999615 0.000000000000010 4099.178857418603002 20.495892916615830
0.432700000000000 0.999999999999696 1.249999999999616 0.000000000000009 4099.178857418600273 20.495893342605026
0.432800000000000 0.999999999999693 1.249999999999616 0.000000000000006 4099.178857418597545 20.495893693303756
0.432900000000000 0.999999999999696 1.249999999999615 0.000000000000006 4099.178857418599364 20.495893965427388
0.433000000000000 0.999999999999696 1.249999999999615 0.000000000000001 4099.178857418596635 20.495894156138061
0.433100000000000 0.999999999999695 1.249999999999616 0.000000000000002 4099.178857418588450 20.495894263062908
0.433200000000000 0.999999999999695 1.249999999999617 0.000000000000004 4099.178857418596635 20.495894284310740
0.433300000000000 0.999999999999695 1.249999999999614 0.000000000000003 4099.178857418593907 20.495894218485084
0.433400000000000 0.999999999999695 1.249999999999615 0.000000000000005 4099.178857418598454 20.495894064692639
0.433500000000000 0.999999999999695 1.249999999999614 0.000000000000004 4099.178857418599364 20.495893822553668
0.433600000000000 0.999999999999695 1.249999999999615 0.000000000000002 4099.178857418592088 20.495893492203894
0.433700000000000 0.999999999999694 1.249999999999615 0.000000000000003 4099.178857418596635 20.495893074297943
0.433800000000000 0.999999999999694 1.249999999999615 0.000000000000004 4099.178857418593907 20.495892570005285
0.433900000000000 0.999999999999693 1.249999999999613 0.000000000000007 4099.178857418594816 20.495891981007890
0.434000000000000 0.999999999999694 1.249999999999615 0.000000000000008 4099.178857418592088 20.495891309489465
0.434100000000000 0.999999999999694 1.249999999999613 0.000000000000010 4099.178857418593907 20.495890558128700
0.434200000000000 0.999999999999692 1.249999999999613 0.000000000000010 4099.178857418592997 20.495889730082229
0.434300000000000 0.999999999999693 1.249999999999615 0.000000000000011 4099.178857418593907 20.495888828969349
0.434400000000000 0.999999999999692 1.249999999999613 0.000000000000017 4099.178857418593907 20.495887858854104
0.434500000000000 0.999999999999692 1.249999999999614 0.000000000000019 4099.178857418590269 20.495886824220381
0.434600000000000 0.999999999999693 1.249999999999613 0.000000000000022 4099.178857418587540 20.495885729951549
0.434700000000000 0.999999999999691 1.249999999999614 0.000000000000025 4099.178857418587540 20.495884581299418
0.434800000000000 0.999999999999692 1.249999999999613 0.000000000000024 4099.178857418591178 20.495883383859315
0.434900000000000 0.999999999999693 1.249999999999612 0.000000000000022 4099.178857418588450 20.495882143536168
0.435000000000000 0.999999999999694 1.249999999999611 0.000000000000028 4099.178857418592997 20.495880866512554
0.435100000000000 0.999999999999693 1.249999999999612 0.000000000000031 4099.178857418593907 20.495879559214938
0.435200000000000 0.999999999999694 1.249999999999611 0.000000000000031 4099.178857418596635 20.495878228276222
0.435300000000000 0.999999999999693 1.249999999999613 0.000000000000033 4099.178857418585721 20.495876880499651
0.435400000000000 0.999999999999691 1.249999999999611 0.000000000000036 4099.178857418590269 20.495875522819787
0.435500000000000 0.999999999999694 1.249999999999613 0.000000000000037 4099.178857418586631 20.495874162262748
0.435600000000000 0.999999999999695 1.249999999999614 0.000000000000038 4099.178857418586631 20.495872805907947
0.435700000000000 0.999999999999693 1.249999999999608 0.000000000000041 4099.178857418588450 20.495871460846743
0.435800000000000 0.999999999999694 1.249999999999614 0.000000000000046 4099.178857418592997 20.495870134139409
0.435900000000000 0.999999999999693 1.249999999999614 0.000000000000048 4099.178857418590269 20.495868832782513
0.436000000000000 0.999999999999695 1.249999999999612 0.000000000000048 4099.178857418588450 20.495867563660447
0.436100000000000 0.999999999999693 1.249999999999610 0.000000000000052 4099.178857418592088 20.495866333510566
0.436200000000000 0.999999999999692 1.249999999999612 0.000000000000053 4099.178857418589359 20.495865148883155
0.436300000000000 0.999999999999690 1.249999999999611 0.000000000000054 4099.178857418586631 20.495864016105447
0.436400000000000 0.999999999999692 1.249999999999611 0.000000000000058 4099.178857418594816 20.495862941242979
0.436500000000000 0.999999999999693 1.249999999999613 0.000000000000062 4099.178857418590269 20.495861930065985
0.436600000000000 0.999999999999692 1.249999999999611 0.000000000000065 4099.178857418595726 20.495860988016418
0.436700000000000 0.999999999999693 1.249999999999610 0.000000000000068 4099.178857418592088 20.495860120175024
0.436800000000000 0.999999999999691 1.249999999999609 0.000000000000070 4099.178857418589359 20.495859331233483
0.436900000000000 0.999999999999691 1.249999999999610 0.000000000000073 4099.178857418590269 20.495858625466617
0.437000000000000 0.999999999999689 1.249999999999611 0.000000000000079 4099.178857418582083 20.495858006707035
0.437100000000000 0.999999999999692 1.249999999999611 0.000000000000084 4099.178857418588450 20.495857478324126
0.437200000000000 0.999999999999693 1.249999999999608 0.000000000000088 4099.178857418585721 20.495857043203475
0.437300000000000 0.999999999999693 1.249999999999610 0.000000000000092 4099.178857418585721 20.495856703728695
0.437400000000000 0.999999999999690 1.249999999999608 0.000000000000100 4099.178857418583902 20.495856461770941
0.437500000000000 0.999999999999691 1.249999999999610 0.000000000000103 4099.178857418584812 20.495856318673134
0.437600000000000 0.999999999999692 1.249999999999607 0.000000000000109 4099.178857418587540 20.495856275247242
0.437700000000000 0.999999999999690 1.249999999999608 0.000000000000117 4099.178857418583902 20.495856331763164
0.437800000000000 0.999999999999691 1.249999999999609 0.000000000000122 4099.178857418582993 20.495856487952366
0.437900000000000 0.999999999999692 1.249999999999608 0.000000000000125 4099.178857418582083 20.495856743006183
0.438000000000000 0.999999999999691 1.249999999999608 0.000000000000133 4099.178857418574808 20.495857095579286
0.438100000000000 0.999999999999691 1.249999999999607 0.000000000000136 4099.178857418581174 20.495857543799939
0.438200000000000 0.999999999999690 1.249999999999607 0.000000000000142 4099.178857418584812 20.495858085277948
0.438300000000000 0.999999999999691 1.249999999999606 0.000000000000145 4099.178857418580264 20.495858717118971
0.438400000000000 0.999999999999690 1.249999999999609 0.000000000000154 4099.178857418584812 20.495859435940115
0.438500000000000 0.999999999999690 1.249999999999607 0.000000000000158 4099.178857418585721 20.495860237891328
0.438600000000000 0.999999999999689 1.249999999999608 0.000000000000165 4099.178857418588450 20.495861118673599
0.438700000000000 0.999999999999691 1.249999999999607 0.000000000000171 4099.178857418581174 20.495862073565977
0.438800000000000 0.999999999999689 1.249999999999608 0.000000000000176 4099.178857418582083 20.495863097451739
0.438900000000000 0.999999999999690 1.249999999999605 0.000000000000181 4099.178857418579355 20.495864184847193
0.439000000000000 0.999999999999690 1.249999999999607 0.000000000000188 4099.178857418580264 20.495865329932307
0.439100000000000 0.999999999999690 1.249999999999609 0.000000000000192 4099.178857418582083 20.495866526585704
0.439200000000000 0.999999999999690 1.249999999999605 0.000000000000200 4099.178857418583902 20.495867768418723
0.439300000000000 0.999999999999691 1.249999999999607 0.000000000000207 4099.178857418579355 20.495869048808554
0.439400000000000 0.999999999999688 1.249999999999607 0.000000000000213 4099.178857418582083 20.495870360943055
0.439500000000000 0.999999999999689 1.249999999999607 0.000000000000216 4099.178857418575717 20.495871697851967
0.439600000000000 0.999999999999690 1.249999999999606 0.000000000000219 4099.178857418579355 20.495873052452804
0.439700000000000 0.999999999999689 1.249999999999607 0.000000000000223 4099.178857418585721 20.495874417586453
0.439800000000000 0.999999999999689 1.249999999999606 0.000000000000226 4099.178857418577536 20.495875786061376
0.439900000000000 0.999999999999691 1.249999999999607 0.000000000000233 4099.178857418580264 20.495877150692770
0.440000000000000 0.999999999999692 1.249999999999606 0.000000000000240 4099.178857418573898 20.495878504344073
0.440100000000000 0.999999999999691 1.249999999999607 0.000000000000244 4099.178857418577536 20.495879839967269
0.440200000000000 0.999999999999688 1.249999999999608 0.000000000000247 4099.178857418581174 20.495881150643708
0.440300000000000 0.999999999999689 1.249999999999610 0.000000000000253 4099.178857418575717 20.495882429622554
0.440400000000000 0.999999999999689 1.249999999999606 0.000000000000264 4099.178857418582993 20.495883670360204
0.440500000000000 0.999999999999688 1.249999999999606 0.000000000000270 4099.178857418573898 20.495884866554558
0.440600000000000 0.999999999999687 1.249999999999604 0.000000000000274 4099.178857418576627 20.495886012184936
0.440700000000000 0.999999999999690 1.249999999999606 0.000000000000283 4099.178857418571170 20.495887101542117
0.440800000000000 0.999999999999689 1.249999999999604 0.000000000000288 4099.178857418572989 20.495888129263520
0.440900000000000 0.999999999999689 1.249999999999606 0.000000000000293 4099.178857418570260 20.495889090361537
0.441000000000000 0.999999999999689 1.249999999999605 0.000000000000294 4099.178857418576627 20.495889980251935
0.441100000000000 0.999999999999689 1.249999999999606 0.000000000000300 4099.178857418577536 20.495890794779086
0.441200000000000 0.999999999999689 1.249999999999606 0.000000000000308 4099.178857418575717 20.495891530239291
0.441300000000000 0.999999999999688 1.249999999999605 0.000000000000313 4099.178857418570260 20.495892183401981
0.441400000000000 0.999999999999689 1.249999999999605 0.000000000000317 4099.178857418574808 20.495892751525396
0.441500000000000 0.999999999999690 1.249999999999605 0.000000000000326 4099.178857418575717 20.495893232372737
0.441600000000000 0.999999999999687 1.249999999999606 0.000000000000332 4099.178857418572079 20.495893624223651
0.441700000000000 0.999999999999688 1.249999999999605 0.000000000000336 4099.178857418572079 20.495893925882836
0.441800000000000 0.999999999999689 1.249999999999604 0.000000000000342 4099.178857418579355 20.495894136685457
0.441900000000000 0.999999999999687 1.249999999999606 0.000000000000350 4099.178857418572079 20.495894256499696
0.442000000000000 0.999999999999688 1.249999999999604 0.000000000000354 4099.178857418577536 20.495894285726610
0.442100000000000 0.999999999999687 1.249999999999604 0.000000000000362 4099.178857418573898 20.495894225296194
0.442200000000000 0.999999999999688 1.249999999999605 0.000000000000367 4099.178857418574808 20.495894076659834
0.442300000000000 0.999999999999689 1.249999999999604 0.000000000000375 4099.178857418581174 20.495893841781914
0.442400000000000 0.999999999999688 1.249999999999604 0.000000000000379 4099.178857418571170 20.495893523124646
0.442500000000000 0.999999999999691 1.249999999999604 0.000000000000383 4099.178857418566622 20.495893123635021
0.442600000000000 0.999999999999688 1.249999999999605 0.000000000000389 4099.178857418573898 20.495892646723888
0.442700000000000 0.999999999999687 1.249999999999605 0.000000000000394 4099.178857418573898 20.495892096245310
0.442800000000000 0.999999999999688 1.249999999999605 0.000000000000399 4099.178857418568441 20.495891476472782
0.442900000000000 0.999999999999689 1.249999999999603 0.000000000000404 4099.178857418575717 20.495890792073620
0.443000000000000 0.999999999999689 1.249999999999605 0.000000000000412 4099.178857418566622 20.495890048076674
0.443100000000000 0.999999999999688 1.249999999999605 0.000000000000419 4099.178857418579355 20.495889249846702
0.443200000000000 0.999999999999688 1.249999999999602 0.000000000000424 4099.178857418565713 20.495888403047914
0.443300000000000 0.999999999999687 1.249999999999604 0.000000000000435 4099.178857418571170 20.495887513608793
0.443400000000000 0.999999999999688 1.249999999999602 0.000000000000440 4099.178857418569351 20.495886587690237
0.443500000000000 0.999999999999688 1.249999999999603 0.000000000000447 4099.178857418572079 20.495885631642935
0.443600000000000 0.999999999999685 1.249999999999606 0.000000000000449 4099.178857418564803 20.495884651971700
0.443700000000000 0.999999999999688 1.249999999999603 0.000000000000457 4099.178857418572079 20.495883655297462
0.443800000000000 0.999999999999686 1.249999999999604 0.000000000000468 4099.178857418562075 20.495882648312232
0.443900000000000 0.999999999999687 1.249999999999604 0.000000000000476 4099.178857418568441 20.495881637742894
0.444000000000000 0.999999999999689 1.249999999999603 0.000000000000480 4099.178857418567532 20.495880630308964
0.444100000000000 0.999999999999687 1.249999999999605 0.000000000000482 4099.178857418570260 20.495879632681348
0.444200000000000 0.999999999999686 1.249999999999605 0.000000000000486 4099.178857418572079 20.495878651443771
0.444300000000000 0.999999999999688 1.249999999999604 0.000000000000493 4099.178857418568441 20.495877693051003
0.444400000000000 0.999999999999687 1.249999999999602 0.000000000000503 4099.178857418565713 20.495876763790356
0.444500000000000 0.999999999999687 1.249999999999602 0.000000000000508 4099.178857418570260 20.495875869743958
0.444600000000000 0.999999999999688 1.249999999999604 0.000000000000514 4099.178857418562984 20.495875016752340
0.444700000000000 0.999999999999688 1.249999999999602 0.000000000000519 4099.178857418566622 20.495874210378282
0.444800000000000 0.999999999999686 1.249999999999603 0.000000000000523 4099.178857418561165 20.495873455873340
0.444900000000000 0.999999999999688 1.249999999999604 0.000000000000530 4099.178857418567532 20.495872758146099
0.445000000000000 0.999999999999688 1.249999999999602 0.000000000000536 4099.178857418567532 20.495872121733250
0.445100000000000 0.999999999999685 1.249999999999604 0.000000000000541 4099.178857418558437 20.495871550769309
0.445200000000000 0.999999999999685 1.249999999999601 0.000000000000544 4099.178857418562984 20.495871048965409
0.445300000000000 0.999999999999687 1.249999999999603 0.000000000000549 4099.178857418562984 20.495870619583137
0.445400000000000 0.999999999999687 1.249999999999601 0.000000000000552 4099.178857418557527 20.495870265417476
0.445500000000000 0.999999999999686 1.249999999999601 0.000000000000557 4099.178857418559346 20.495869988776803
0.445600000000000 0.999999999999686 1.249999999999601 0.000000000000564 4099.178857418567532 20.495869791470739
0.445700000000000 0.999999999999686 1.249999999999603 0.000000000000567 4099.178857418563894 20.495869674798641
0.445800000000000 0.999999999999686 1.249999999999604 0.000000000000572 4099.178857418562984 20.495869639540764
0.445900000000000 0.999999999999685 1.249999999999602 0.000000000000575 4099.178857418561165 20.495869685954187
0.446000000000000 0.999999999999686 1.249999999999602 0.000000000000577 4099.178857418558437 20.495869813769076
0.446100000000000 0.999999999999686 1.249999999999603 0.000000000000581 4099.178857418559346 20.495870022191301
0.446200000000000 0.999999999999685 1.249999999999602 0.000000000000585 4099.178857418561165 20.495870309907396
0.446300000000000 0.999999999999685 1.249999999999600 0.000000000000588 4099.178857418560256 20.495870675089929
0.446400000000000 0.999999999999684 1.249999999999602 0.000000000000588 4099.178857418551161 20.495871115409685
0.446500000000000 0.999999999999684 1.249999999999602 0.000000000000591 4099.178857418562984 20.495871628049834
0.446600000000000 0.999999999999683 1.249999999999603 0.000000000000597 4099.178857418555708 20.495872209720329
0.446700000000000 0.999999999999684 1.249999999999604 0.000000000000600 4099.178857418558437 20.495872856678996
0.446800000000000 0.999999999999682 1.249999999999600 0.000000000000606 4099.178857418550251 20.495873564753996
0.446900000000000 0.999999999999687 1.249999999999603 0.000000000000610 4099.178857418553889 20.495874329365339
0.447000000000000 0.999999999999684 1.249999999999602 0.000000000000615 4099.178857418559346 20.495875145557221
0.447100000000000 0.999999999999685 1.249999999999605 0.000000000000617 4099.178857418556618 20.495876008022886
0.447200000000000 0.999999999999685 1.249999999999602 0.000000000000622 4099.178857418555708 20.495876911139590
0.447300000000000 0.999999999999685 1.249999999999601 0.000000000000625 4099.178857418561165 20.495877848999783
0.447400000000000 0.999999999999684 1.249999999999603 0.000000000000627 4099.178857418553889 20.495878815447071
0.447500000000000 0.999999999999684 1.249999999999602 0.000000000000633 4099.178857418558437 20.495879804114921
0.447600000000000 0.999999999999685 1.249999999999600 0.000000000000634 4099.178857418559346 20.495880808462928
0.447700000000000 0.999999999999684 1.249999999999602 0.000000000000637 4099.178857418552070 20.495881821815519
0.447800000000000 0.999999999999684 1.249999999999603 0.000000000000638 4099.178857418554799 20.495882837404661
0.447900000000000 0.999999999999686 1.249999999999602 0.000000000000645 4099.178857418559346 20.495883848409179
0.448000000000000 0.999999999999685 1.249999999999601 0.000000000000649 4099.178857418562984 20.495884847995249
0.448100000000000 0.999999999999685 1.249999999999601 0.000000000000653 4099.178857418558437 20.495885829358897
0.448200000000000 0.999999999999684 1.249999999999601 0.000000000000653 4099.178857418558437 20.495886785767340
0.448300000000000 0.999999999999684 1.249999999999601 0.000000000000660 4099.178857418552980 20.495887710599597
0.448400000000000 0.999999999999684 1.249999999999600 0.000000000000662 4099.178857418557527 20.495888597386333
0.448500000000000 0.999999999999686 1.249999999999600 0.000000000000666 4099.178857418549342 20.495889439850092
0.448600000000000 0.999999999999684 1.249999999999599 0.000000000000669 4099.178857418552070 20.495890231943534
0.448700000000000 0.999999999999686 1.249999999999601 0.000000000000674 4099.178857418557527 20.495890967886449
0.448800000000000 0.999999999999685 1.249999999999603 0.000000000000672 4099.178857418552980 20.495891642201890
0.448900000000000 0.999999999999683 1.249999999999600 0.000000000000678 4099.178857418550251 20.495892249750320
0.449000000000000 0.999999999999683 1.249999999999601 0.000000000000680 4099.178857418554799 20.495892785759711
0.449100000000000 0.999999999999681 1.249999999999601 0.000000000000681 4099.178857418553889 20.495893245858241
0.449200000000000 0.999999999999683 1.249999999999599 0.000000000000684 4099.178857418555708 20.495893626100369
0.449300000000000 0.999999999999683 1.249999999999601 0.000000000000688 4099.178857418553889 20.495893922991627
0.449400000000000 0.999999999999684 1.249999999999599 0.000000000000691 4099.178857418556618 20.495894133513026
0.449500000000000 0.999999999999684 1.249999999999601 0.000000000000693 4099.178857418553889 20.495894255138460
0.449600000000000 0.999999999999682 1.249999999999600 0.000000000000694 4099.178857418553889 20.495894285853879
0.449700000000000 0.999999999999685 1.249999999999601 0.000000000000698 4099.178857418555708 20.495894224168975
0.449800000000000 0.999999999999683 1.249999999999603 0.000000000000698 4099.178857418553889 20.495894069130223
0.449900000000000 0.999999999999684 1.249999999999602 0.000000000000702 4099.178857418548432 20.495893820328426
0.450000000000000 0.999999999999684 1.249999999999599 0.000000000000703 4099.178857418553889 20.495893477901298
0.450100000000000 0.999999999999683 1.249999999999602 0.000000000000706 4099.178857418556618 20.495893042536320
0.450200000000000 0.999999999999683 1.249999999999601 0.000000000000707 4099.178857418557527 20.495892515469613
0.450300000000000 0.999999999999683 1.249999999999601 0.000000000000705 4099.178857418548432 20.495891898479488
0.450400000000000 0.999999999999683 1.249999999999601 0.000000000000708 4099.178857418561165 20.495891193879096
0.450500000000000 0.999999999999682 1.249999999999602 0.000000000000708 4099.178857418552070 20.495890404504017
0.450600000000000 0.999999999999682 1.249999999999602 0.000000000000707 4099.178857418547523 20.495889533698463
0.450700000000000 0.999999999999683 1.249999999999601 0.000000000000709 4099.178857418547523 20.495888585298658
0.450800000000000 0.999999999999683 1.249999999999601 0.000000000000711 4099.178857418552070 20.495887563610047
0.450900000000000 0.999999999999683 1.249999999999602 0.000000000000711 4099.178857418548432 20.495886473386314
0.451000000000000 0.999999999999684 1.249999999999601 0.000000000000712 4099.178857418544794 20.495885319802877
0.451100000000000 0.999999999999683 1.249999999999600 0.000000000000710 4099.178857418550251 20.495884108427269
0.451200000000000 0.999999999999683 1.249999999999602 0.000000000000707 4099.178857418554799 20.495882845189854
0.451300000000000 0.999999999999681 1.249999999999602 0.000000000000704 4099.178857418546613 20.495881536350833
0.451400000000000 0.999999999999683 1.249999999999601 0.000000000000700 4099.178857418549342 20.495880188464792
0.451500000000000 0.999999999999683 1.249999999999601 0.000000000000702 4099.178857418545704 20.495878808343136
0.451600000000000 0.999999999999682 1.249999999999601 0.000000000000697 4099.178857418546613 20.495877403017847
0.451700000000000 0.999999999999683 1.249999999999601 0.000000000000695 4099.178857418548432 20.495875979700489
0.451800000000000 0.999999999999681 1.249999999999601 0.000000000000692 4099.178857418544794 20.495874545741419
0.451900000000000 0.999999999999683 1.249999999999600 0.000000000000691 4099.178857418548432 20.495873108588793
0.452000000000000 0.999999999999684 1.249999999999602 0.000000000000689 4099.178857418549342 20.495871675745299
0.452100000000000 0.999999999999682 1.249999999999599 0.000000000000690 4099.178857418550251 20.495870254727709
0.452200000000000 0.999999999999683 1.249999999999600 0.000000000000683 4099.178857418546613 20.495868853019772
0.452300000000000 0.999999999999682 1.249999999999601 0.000000000000686 4099.178857418544794 20.495867478034295
0.452400000000000 0.999999999999684 1.249999999999600 0.000000000000686 4099.178857418545704 20.495866137068308
0.452500000000000 0.999999999999680 1.249999999999601 0.000000000000680 4099.178857418545704 20.495864837260328
0.452600000000000 0.999999999999684 1.249999999999602 0.000000000000676 4099.178857418550251 20.495863585551266
0.452700000000000 0.999999999999680 1.249999999999600 0.000000000000674 4099.178857418545704 20.495862388644614
0.452800000000000 0.999999999999681 1.249999999999600 0.000000000000675 4099.178857418542975 20.495861252965891
0.452900000000000 0.999999999999680 1.249999999999601 0.000000000000673 4099.178857418546613 20.495860184627553
0.453000000000000 0.999999999999683 1.249999999999599 0.000000000000672 4099.178857418546613 20.495859189392963
0.453100000000000 0.999999999999682 1.249999999999599 0.000000000000669 4099.178857418542066 20.495858272642444
0.453200000000000 0.999999999999682 1.249999999999599 0.000000000000666 4099.178857418539337 20.495857439343794
0.453300000000000 0.999999999999683 1.249999999999601 0.000000000000663 4099.178857418542066 20.495856694021477
0.453400000000000 0.999999999999682 1.249999999999602 0.000000000000659 4099.178857418540247 20.495856040732740
0.453500000000000 0.999999999999680 1.249999999999598 0.000000000000657 4099.178857418542975 20.495855483041954
0.453600000000000 0.999999999999681 1.249999999999601 0.000000000000655 4099.178857418543885 20.495855023999031
0.453700000000000 0.999999999999681 1.249999999999599 0.000000000000653 4099.178857418534790 20.495854666125233
0.453800000000000 0.999999999999682 1.249999999999601 0.000000000000655 4099.178857418537518 20.495854411394500
0.453900000000000 0.999999999999683 1.249999999999600 0.000000000000653 4099.178857418542975 20.495854261224331
0.454000000000000 0.999999999999680 1.249999999999599 0.000000000000647 4099.178857418537518 20.495854216465165
0.454100000000000 0.999999999999681 1.249999999999601 0.000000000000642 4099.178857418539337 20.495854277396489
0.454200000000000 0.999999999999678 1.249999999999599 0.000000000000637 4099.178857418538428 20.495854443725531
0.454300000000000 0.999999999999678 1.249999999999598 0.000000000000631 4099.178857418536609 20.495854714585825
0.454400000000000 0.999999999999681 1.249999999999600 0.000000000000626 4099.178857418541156 20.495855088544108
0.454500000000000 0.999999999999680 1.249999999999599 0.000000000000626 4099.178857418536609 20.495855563608799
0.454600000000000 0.999999999999681 1.249999999999599 0.000000000000622 4099.178857418534790 20.495856137238444
0.454700000000000 0.999999999999680 1.249999999999601 0.000000000000617 4099.178857418535699 20.495856806357235
0.454800000000000 0.999999999999680 1.249999999999599 0.000000000000613 4099.178857418540247 20.495857567374717
0.454900000000000 0.999999999999680 1.249999999999600 0.000000000000611 4099.178857418537518 20.495858416200864
0.455000000000000 0.999999999999680 1.249999999999600 0.000000000000605 4099.178857418540247 20.495859348274429
0.455100000000000 0.999999999999680 1.249999999999599 0.000000000000602 4099.178857418533880 20.495860358586018
0.455200000000000 0.999999999999678 1.249999999999601 0.000000000000598 4099.178857418534790 20.495861441707032
0.455300000000000 0.999999999999679 1.249999999999598 0.000000000000594 4099.178857418537518 20.495862591821155
0.455400000000000 0.999999999999679 1.249999999999600 0.000000000000591 4099.178857418533880 20.495863802756492
0.455500000000000 0.999999999999679 1.249999999999597 0.000000000000589 4099.178857418529333 20.495865068022511
0.455600000000000 0.999999999999679 1.249999999999598 0.000000000000585 4099.178857418529333 20.495866380844419
0.455700000000000 0.999999999999679 1.249999999999598 0.000000000000585 4099.178857418532971 20.495867734204406
0.455800000000000 0.999999999999678 1.249999999999598 0.000000000000577 4099.178857418530242 20.495869120880172
0.455900000000000 0.999999999999678 1.249999999999597 0.000000000000572 4099.178857418535699 20.495870533486851
0.456000000000000 0.999999999999678 1.249999999999598 0.000000000000566 4099.178857418532061 20.495871964518052
0.456100000000000 0.999999999999680 1.249999999999598 0.000000000000563 4099.178857418532061 20.495873406390409
0.456200000000000 0.999999999999678 1.249999999999599 0.000000000000558 4099.178857418535699 20.495874851485759
0.456300000000000 0.999999999999678 1.249999999999598 0.000000000000552 4099.178857418528423 20.495876292194286
0.456400000000000 0.999999999999677 1.249999999999598 0.000000000000547 4099.178857418529333 20.495877720958507
0.456500000000000 0.999999999999678 1.249999999999600 0.000000000000543 4099.178857418533880 20.495879130316492
0.456600000000000 0.999999999999678 1.249999999999598 0.000000000000538 4099.178857418524785 20.495880512944545
0.456700000000000 0.999999999999677 1.249999999999598 0.000000000000529 4099.178857418526604 20.495881861696123
0.456800000000000 0.999999999999676 1.249999999999599 0.000000000000525 4099.178857418532061 20.495883169646852
0.456900000000000 0.999999999999677 1.249999999999599 0.000000000000517 4099.178857418528423 20.495884430131248
0.457000000000000 0.999999999999677 1.249999999999598 0.000000000000510 4099.178857418532061 20.495885636780070
0.457100000000000 0.999999999999677 1.249999999999599 0.000000000000505 4099.178857418534790 20.495886783556777
0.457200000000000 0.999999999999678 1.249999999999598 0.000000000000500 4099.178857418528423 20.495887864793609
0.457300000000000 0.999999999999679 1.249999999999598 0.000000000000492 4099.178857418524785 20.495888875219428
0.457400000000000 0.999999999999676 1.249999999999600 0.000000000000489 4099.178857418521147 20.495889809993166
0.457500000000000 0.999999999999676 1.249999999999596 0.000000000000487 4099.178857418532061 20.495890664729227
0.457600000000000 0.999999999999678 1.249999999999597 0.000000000000485 4099.178857418521147 20.495891435519695
0.457700000000000 0.999999999999679 1.249999999999598 0.000000000000482 4099.178857418526604 20.495892118960370
0.457800000000000 0.999999999999677 1.249999999999598 0.000000000000476 4099.178857418535699 20.495892712165613
0.457900000000000 0.999999999999677 1.249999999999597 0.000000000000470 4099.178857418532061 20.495893212785301
0.458000000000000 0.999999999999675 1.249999999999597 0.000000000000464 4099.178857418530242 20.495893619017135
0.458100000000000 0.999999999999676 1.249999999999597 0.000000000000457 4099.178857418522966 20.495893929615526
0.458200000000000 0.999999999999677 1.249999999999598 0.000000000000450 4099.178857418519328 20.495894143897658
0.458300000000000 0.999999999999678 1.249999999999597 0.000000000000443 4099.178857418532061 20.495894261746354
0.458400000000000 0.999999999999675 1.249999999999596 0.000000000000438 4099.178857418524785 20.495894283608127
0.458500000000000 0.999999999999676 1.249999999999595 0.000000000000431 4099.178857418528423 20.495894210490924
0.458600000000000 0.999999999999676 1.249999999999596 0.000000000000427 4099.178857418522966 20.495894043954898
0.458700000000000 0.999999999999676 1.249999999999597 0.000000000000423 4099.178857418530242 20.495893786103480
0.458800000000000 0.999999999999677 1.249999999999595 0.000000000000417 4099.178857418524785 20.495893439569098
0.458900000000000 0.999999999999676 1.249999999999597 0.000000000000413 4099.178857418522966 20.495893007494615
0.459000000000000 0.999999999999676 1.249999999999597 0.000000000000407 4099.178857418524785 20.495892493516823
0.459100000000000 0.999999999999677 1.249999999999596 0.000000000000398 4099.178857418522966 20.495891901740524
0.459200000000000 0.999999999999677 1.249999999999597 0.000000000000394 4099.178857418524785 20.495891236714325
0.459300000000000 0.999999999999677 1.249999999999598 0.000000000000384 4099.178857418515690 20.495890503402979
0.459400000000000 0.999999999999676 1.249999999999596 0.000000000000377 4099.178857418522966 20.495889707156373
0.459500000000000 0.999999999999677 1.249999999999597 0.000000000000369 4099.178857418518419 20.495888853675474
0.459600000000000 0.999999999999675 1.249999999999594 0.000000000000359 4099.178857418523876 20.495887948980723
0.459700000000000 0.999999999999675 1.249999999999596 0.000000000000353 4099.178857418523876 20.495886999370367
0.459800000000000 0.999999999999676 1.249999999999597 0.000000000000344 4099.178857418516600 20.495886011387846
0.459900000000000 0.999999999999677 1.249999999999594 0.000000000000338 4099.178857418521147 20.495884991777594
0.460000000000000 0.999999999999676 1.249999999999595 0.000000000000325 4099.178857418518419 20.495883947445552
0.460100000000000 0.999999999999676 1.249999999999595 0.000000000000317 4099.178857418521147 20.495882885418425
0.460200000000000 0.999999999999674 1.249999999999595 0.000000000000314 4099.178857418524785 20.495881812799190
0.460300000000000 0.999999999999677 1.249999999999595 0.000000000000309 4099.178857418521147 20.495880736724985
0.460400000000000 0.999999999999675 1.249999999999593 0.000000000000302 4099.178857418509324 20.495879664324683
0.460500000000000 0.999999999999675 1.249999999999595 0.000000000000294 4099.178857418520238 20.495878602673688
0.460600000000000 0.999999999999676 1.249999999999595 0.000000000000284 4099.178857418521147 20.495877558754255
0.460700000000000 0.999999999999675 1.249999999999595 0.000000000000274 4099.178857418511143 20.495876539409526
0.460800000000000 0.999999999999674 1.249999999999595 0.000000000000267 4099.178857418513871 20.495875551305954
0.460900000000000 0.999999999999673 1.249999999999592 0.000000000000259 4099.178857418516600 20.495874600889973
0.461000000000000 0.999999999999674 1.249999999999596 0.000000000000254 4099.178857418516600 20.495873694349843
0.461100000000000 0.999999999999675 1.249999999999592 0.000000000000247 4099.178857418519328 20.495872837580709
0.461200000000000 0.999999999999676 1.249999999999594 0.000000000000239 4099.178857418512962 20.495872036144146
0.461300000000000 0.999999999999674 1.249999999999594 0.000000000000233 4099.178857418514781 20.495871295239045
0.461400000000000 0.999999999999675 1.249999999999594 0.000000000000223 4099.178857418513871 20.495870619667667
0.461500000000000 0.999999999999674 1.249999999999593 0.000000000000218 4099.178857418512962 20.495870013806766
0.461600000000000 0.999999999999673 1.249999999999594 0.000000000000214 4099.178857418513871 20.495869481581249
0.461700000000000 0.999999999999674 1.249999999999593 0.000000000000208 4099.178857418512052 20.495869026441344
0.461800000000000 0.999999999999674 1.249999999999593 0.000000000000201 4099.178857418513871 20.495868651338679
0.461900000000000 0.999999999999675 1.249999999999591 0.000000000000195 4099.178857418511143 20.495868358712130
0.462000000000000 0.999999999999676 1.249999999999592 0.000000000000190 4099.178857418509324 20.495868150468443
0.462100000000000 0.999999999999673 1.249999999999593 0.000000000000181 4099.178857418508414 20.495868027975082
0.462200000000000 0.999999999999676 1.249999999999594 0.000000000000170 4099.178857418512052 20.495867992047380
0.462300000000000 0.999999999999674 1.249999999999593 0.000000000000164 4099.178857418512052 20.495868042946586
0.462400000000000 0.999999999999673 1.249999999999592 0.000000000000159 4099.178857418514781 20.495868180375179
0.462500000000000 0.999999999999675 1.249999999999593 0.000000000000152 4099.178857418509324 20.495868403479669
0.462600000000000 0.999999999999672 1.249999999999591 0.000000000000144 4099.178857418513871 20.495868710856584
0.462700000000000 0.999999999999673 1.249999999999592 0.000000000000136 4099.178857418506595 20.495869100556746
0.462800000000000 0.999999999999674 1.249999999999593 0.000000000000131 4099.178857418510233 20.495869570100783
0.462900000000000 0.999999999999673 1.249999999999592 0.000000000000123 4099.178857418507505 20.495870116491350
0.463000000000000 0.999999999999672 1.249999999999592 0.000000000000115 4099.178857418508414 20.495870736230184
0.463100000000000 0.999999999999673 1.249999999999590 0.000000000000112 4099.178857418504776 20.495871425340582
0.463200000000000 0.999999999999672 1.249999999999592 0.000000000000106 4099.178857418507505 20.495872179389135
0.463300000000000 0.999999999999673 1.249999999999592 0.000000000000100 4099.178857418497500 20.495872993513949
0.463400000000000 0.999999999999673 1.249999999999592 0.000000000000098 4099.178857418513871 20.495873862452054
0.463500000000000 0.999999999999672 1.249999999999593 0.000000000000091 4099.178857418508414 20.495874780570677
0.463600000000000 0.999999999999673 1.249999999999589 0.000000000000086 4099.178857418507505 20.495875741902278
0.463700000000000 0.999999999999672 1.249999999999590 0.000000000000081 4099.178857418502957 20.495876740177234
0.463800000000000 0.999999999999673 1.249999999999591 0.000000000000075 4099.178857418507505 20.495877768865689
0.463900000000000 0.999999999999676 1.249999999999590 0.000000000000070 4099.178857418500229 20.495878821213427
0.464000000000000 0.999999999999672 1.249999999999590 0.000000000000062 4099.178857418508414 20.495879890282652
0.464100000000000 0.999999999999671 1.249999999999590 0.000000000000055 4099.178857418505686 20.495880968995102
0.464200000000000 0.999999999999672 1.249999999999588 0.000000000000049 4099.178857418506595 20.495882050173435
0.464300000000000 0.999999999999673 1.249999999999591 0.000000000000043 4099.178857418512052 20.495883126584697
0.464400000000000 0.999999999999672 1.249999999999591 0.000000000000039 4099.178857418502957 20.495884190985006
0.464500000000000 0.999999999999673 1.249999999999589 0.000000000000033 4099.178857418505686 20.495885236162295
0.464600000000000 0.999999999999673 1.249999999999589 0.000000000000031 4099.178857418504776 20.495886254979098
0.464700000000000 0.999999999999673 1.249999999999588 0.000000000000025 4099.178857418504776 20.495887240419183
0.464800000000000 0.999999999999675 1.249999999999589 0.000000000000021 4099.178857418510233 20.495888185626097
0.464900000000000 0.999999999999672 1.249999999999588 0.000000000000021 4099.178857418506595 20.495889083948686
0.465000000000000 0.999999999999671 1.249999999999589 0.000000000000018 4099.178857418508414 20.495889928979750
0.465100000000000 0.999999999999672 1.249999999999589 0.000000000000014 4099.178857418502048 20.495890714595390
0.465200000000000 0.999999999999673 1.249999999999589 0.000000000000012 4099.178857418502048 20.495891434994117
0.465300000000000 0.999999999999671 1.249999999999590 0.000000000000008 4099.178857418506595 20.495892084730965
0.465400000000000 0.999999999999672 1.249999999999588 0.000000000000003 4099.178857418505686 20.495892658753718
0.465500000000000 0.999999999999672 1.249999999999588 0.000000000000003 4099.178857418504776 20.495893152431332
0.465600000000000 0.999999999999672 1.249999999999586 -0.000000000000005 4099.178857418497500 20.495893561586545
0.465700000000000 0.999999999999673 1.249999999999588 -0.000000000000008 4099.178857418496591 20.495893882519557
0.465800000000000 0.999999999999671 1.249999999999589 -0.000000000000014 4099.178857418497500 20.495894112034303
0.465900000000000 0.999999999999673 1.249999999999588 -0.000000000000015 4099.178857418502957 20.495894247457976
0.466000000000000 0.999999999999673 1.249999999999588 -0.000000000000017 4099.178857418501138 20.495894286658515
0.466100000000000 0.999999999999670 1.249999999999588 -0.000000000000021 4099.178857418502957 20.495894228060376
0.466200000000000 0.999999999999671 1.249999999999590 -0.000000000000022 4099.178857418502957 20.495894070655662
0.466300000000000 0.999999999999672 1.249999999999587 -0.000000000000021 4099.178857418495681 20.495893814012483
0.466400000000000 0.999999999999672 1.249999999999588 -0.000000000000026 4099.178857418494772 20.495893458278331
0.466500000000000 0.999999999999672 1.249999999999588 -0.000000000000025 4099.178857418498410 20.495893004183348
0.466600000000000 0.999999999999672 1.249999999999587 -0.000000000000024 4099.178857418499319 20.495892453037602
0.466700000000000 0.999999999999672 1.249999999999587 -0.000000000000029 4099.178857418499319 20.495891806724831
0.466800000000000 0.999999999999670 1.249999999999587 -0.000000000000029 4099.178857418503867 20.495891067695027
0.466900000000000 0.999999999999670 1.249999999999585 -0.000000000000030 4099.178857418496591 20.495890238951418
0.467000000000000 0.999999999999671 1.249999999999586 -0.000000000000029 4099.178857418502957 20.495889324034426
0.467100000000000 0.999999999999669 1.249999999999586 -0.000000000000034 4099.178857418497500 20.495888327004920
0.467200000000000 0.999999999999670 1.249999999999586 -0.000000000000039 4099.178857418500229 20.495887252420665
0.467300000000000 0.999999999999670 1.249999999999589 -0.000000000000040 4099.178857418497500 20.495886105312032
0.467400000000000 0.999999999999670 1.249999999999585 -0.000000000000041 4099.178857418501138 20.495884891157182
0.467500000000000 0.999999999999670 1.249999999999584 -0.000000000000046 4099.178857418499319 20.495883615846221
0.467600000000000 0.999999999999669 1.249999999999586 -0.000000000000047 4099.178857418498410 20.495882285653728
0.467700000000000 0.999999999999671 1.249999999999586 -0.000000000000046 4099.178857418492044 20.495880907202977
0.467800000000000 0.999999999999669 1.249999999999585 -0.000000000000048 4099.178857418492044 20.495879487427132
0.467900000000000 0.999999999999670 1.249999999999584 -0.000000000000050 4099.178857418493862 20.495878033531305
0.468000000000000 0.999999999999669 1.249999999999584 -0.000000000000052 4099.178857418499319 20.495876552951991
0.468100000000000 0.999999999999671 1.249999999999582 -0.000000000000052 4099.178857418493862 20.495875053315711
0.468200000000000 0.999999999999670 1.249999999999585 -0.000000000000050 4099.178857418494772 20.495873542393880
0.468300000000000 0.999999999999667 1.249999999999583 -0.000000000000051 4099.178857418496591 20.495872028062212
0.468400000000000 0.999999999999668 1.249999999999583 -0.000000000000048 4099.178857418492044 20.495870518252261
0.468500000000000 0.999999999999669 1.249999999999582 -0.000000000000048 4099.178857418497500 20.495869020908422
0.468600000000000 0.999999999999670 1.249999999999583 -0.000000000000050 4099.178857418495681 20.495867543941056
0.468700000000000 0.999999999999669 1.249999999999584 -0.000000000000052 4099.178857418489315 20.495866095183398
0.468800000000000 0.999999999999670 1.249999999999581 -0.000000000000054 4099.178857418496591 20.495864682346131
0.468900000000000 0.999999999999667 1.249999999999582 -0.000000000000055 4099.178857418492953 20.495863312969956
0.469000000000000 0.999999999999669 1.249999999999580 -0.000000000000056 4099.178857418491134 20.495861994387397
0.469100000000000 0.999999999999670 1.249999999999581 -0.000000000000058 4099.178857418490225 20.495860733676665
0.469200000000000 0.999999999999669 1.249999999999581 -0.000000000000060 4099.178857418491134 20.495859537623506
0.469300000000000 0.999999999999669 1.249999999999582 -0.000000000000058 4099.178857418498410 20.495858412680263
0.469400000000000 0.999999999999667 1.249999999999581 -0.000000000000050 4099.178857418493862 20.495857364929744
0.469500000000000 0.999999999999669 1.249999999999583 -0.000000000000047 4099.178857418492044 20.495856400048819
0.469600000000000 0.999999999999669 1.249999999999584 -0.000000000000045 4099.178857418497500 20.495855523277246
0.469700000000000 0.999999999999669 1.249999999999581 -0.000000000000043 4099.178857418490225 20.495854739386818
0.469800000000000 0.999999999999670 1.249999999999581 -0.000000000000039 4099.178857418492953 20.495854052651282
0.469900000000000 0.999999999999668 1.249999999999581 -0.000000000000040 4099.178857418488406 20.495853466824915
0.470000000000000 0.999999999999669 1.249999999999579 -0.000000000000039 4099.178857418486587 20.495852985118766
0.470100000000000 0.999999999999670 1.249999999999581 -0.000000000000032 4099.178857418488406 20.495852610181714
0.470200000000000 0.999999999999668 1.249999999999581 -0.000000000000030 4099.178857418491134 20.495852344085545
0.470300000000000 0.999999999999669 1.249999999999581 -0.000000000000024 4099.178857418489315 20.495852188312146
0.470400000000000 0.999999999999667 1.249999999999581 -0.000000000000024 4099.178857418489315 20.495852143745527
0.470500000000000 0.999999999999668 1.249999999999581 -0.000000000000021 4099.178857418487496 20.495852210664673
0.470600000000000 0.999999999999668 1.249999999999580 -0.000000000000017 4099.178857418488406 20.495852388743010
0.470700000000000 0.999999999999667 1.249999999999581 -0.000000000000011 4099.178857418490225 20.495852677049275
0.470800000000000 0.999999999999666 1.249999999999582 -0.000000000000009 4099.178857418486587 20.495853074052789
0.470900000000000 0.999999999999668 1.249999999999581 -0.000000000000001 4099.178857418482949 20.495853577631461
0.471000000000000 0.999999999999667 1.249999999999579 0.000000000000002 4099.178857418484768 20.495854185084603
0.471100000000000 0.999999999999667 1.249999999999579 0.000000000000006 4099.178857418487496 20.495854893145797
0.471200000000000 0.999999999999667 1.249999999999580 0.000000000000009 4099.178857418488406 20.495855698004707
0.471300000000000 0.999999999999669 1.249999999999579 0.000000000000014 4099.178857418482949 20.495856595325868
0.471400000000000 0.999999999999668 1.249999999999579 0.000000000000023 4099.178857418482949 20.495857580274354
0.471500000000000 0.999999999999669 1.249999999999578 0.000000000000025 4099.178857418488406 20.495858647543628
0.471600000000000 0.999999999999666 1.249999999999578 0.000000000000030 4099.178857418481130 20.495859791384813
0.471700000000000 0.999999999999669 1.249999999999578 0.000000000000034 4099.178857418486587 20.495861005640094
0.471800000000000 0.999999999999667 1.249999999999579 0.000000000000041 4099.178857418490225 20.495862283777711
0.471900000000000 0.999999999999666 1.249999999999579 0.000000000000051 4099.178857418482949 20.495863618929459
0.472000000000000 0.999999999999666 1.249999999999579 0.000000000000056 4099.178857418482039 20.495865003929321
0.472100000000000 0.999999999999665 1.249999999999579 0.000000000000062 4099.178857418484768 20.495866431354486
0.472200000000000 0.999999999999667 1.249999999999577 0.000000000000064 4099.178857418482039 20.495867893569333
0.472300000000000 0.999999999999664 1.249999999999577 0.000000000000068 4099.178857418482949 20.495869382765402
0.472400000000000 0.999999999999665 1.249999999999578 0.000000000000073 4099.178857418484768 20.495870891010036
0.472500000000000 0.999999999999666 1.249999999999578 0.000000000000079 4099.178857418482949 20.495872410289497
0.472600000000000 0.999999999999666 1.249999999999577 0.000000000000083 4099.178857418479311 20.495873932555142
0.472700000000000 0.999999999999667 1.249999999999578 0.000000000000090 4099.178857418483858 20.495875449768928
0.472800000000000 0.999999999999667 1.249999999999577 0.000000000000097 4099.178857418481130 20.495876953950898
0.472900000000000 0.999999999999665 1.249999999999577 0.000000000000102 4099.178857418479311 20.495878437221730
0.473000000000000 0.999999999999666 1.249999999999576 0.000000000000110 4099.178857418482949 20.495879891850826
0.473100000000000 0.999999999999666 1.249999999999575 0.000000000000116 4099.178857418477492 20.495881310298692
0.473200000000000 0.999999999999666 1.249999999999577 0.000000000000128 4099.178857418483858 20.495882685258913
0.473300000000000 0.999999999999667 1.249999999999575 0.000000000000135 4099.178857418478401 20.495884009702493
0.473400000000000 0.999999999999667 1.249999999999576 0.000000000000144 4099.178857418478401 20.495885276914098
0.473500000000000 0.999999999999665 1.249999999999577 0.000000000000153 4099.178857418477492 20.495886480533265
0.473600000000000 0.999999999999664 1.249999999999576 0.000000000000163 4099.178857418482039 20.495887614588643
0.473700000000000 0.999999999999665 1.249999999999577 0.000000000000171 4099.178857418481130 20.495888673530821
0.473800000000000 0.999999999999664 1.249999999999574 0.000000000000176 4099.178857418481130 20.495889652266374
0.473900000000000 0.999999999999666 1.249999999999577 0.000000000000182 4099.178857418470216 20.495890546182096
0.474000000000000 0.999999999999665 1.249999999999575 0.000000000000190 4099.178857418479311 20.495891351175466
0.474100000000000 0.999999999999665 1.249999999999575 0.000000000000202 4099.178857418475673 20.495892063672617
0.474200000000000 0.999999999999665 1.249999999999575 0.000000000000211 4099.178857418471125 20.495892680651728
0.474300000000000 0.999999999999663 1.249999999999575 0.000000000000220 4099.178857418476582 20.495893199656159
0.474400000000000 0.999999999999664 1.249999999999573 0.000000000000226 4099.178857418479311 20.495893618809777
0.474500000000000 0.999999999999664 1.249999999999574 0.000000000000236 4099.178857418475673 20.495893936824618
0.474600000000000 0.999999999999665 1.249999999999575 0.000000000000241 4099.178857418479311 20.495894153008500
0.474700000000000 0.999999999999665 1.249999999999576 0.000000000000248 4099.178857418475673 20.495894267267197
0.474800000000000 0.999999999999665 1.249999999999574 0.000000000000257 4099.178857418480220 20.495894280102839
0.474900000000000 0.999999999999664 1.249999999999575 0.000000000000266 4099.178857418479311 20.495894192609271
0.475000000000000 0.999999999999664 1.249999999999574 0.000000000000273 4099.178857418475673 20.495894006466177
0.475100000000000 0.999999999999664 1.249999999999573 0.000000000000281 4099.178857418472944 20.495893723925377
0.475200000000000 0.999999999999666 1.249999999999574 0.000000000000285 4099.178857418473854 20.495893347797054
0.475300000000000 0.999999999999663 1.249999999999574 0.000000000000293 4099.178857418468397 20.495892881432468
0.475400000000000 0.999999999999664 1.249999999999575 0.000000000000302 4099.178857418477492 20.495892328701625
0.475500000000000 0.999999999999664 1.249999999999575 0.000000000000311 4099.178857418472035 20.495891693970087
0.475600000000000 0.999999999999665 1.249999999999574 0.000000000000317 4099.178857418468397 20.495890982071248
0.475700000000000 0.999999999999664 1.249999999999573 0.000000000000324 4099.178857418470216 20.495890198276204
0.475800000000000 0.999999999999663 1.249999999999574 0.000000000000331 4099.178857418475673 20.495889348262317
0.475900000000000 0.999999999999663 1.249999999999573 0.000000000000342 4099.178857418470216 20.495888438077852
0.476000000000000 0.999999999999662 1.249999999999574 0.000000000000351 4099.178857418468397 20.495887474104943
0.476100000000000 0.999999999999664 1.249999999999574 0.000000000000363 4099.178857418475673 20.495886463020966
0.476200000000000 0.999999999999665 1.249999999999573 0.000000000000371 4099.178857418470216 20.495885411758110
0.476300000000000 0.999999999999664 1.249999999999574 0.000000000000380 4099.178857418473854 20.495884327460193
0.476400000000000 0.999999999999665 1.249999999999572 0.000000000000387 4099.178857418466578 20.495883217441385
0.476500000000000 0.999999999999666 1.249999999999573 0.000000000000396 4099.178857418473854 20.495882089139119
0.476600000000000 0.999999999999663 1.249999999999571 0.000000000000404 4099.178857418473854 20.495880950071584
0.476700000000000 0.999999999999662 1.249999999999572 0.000000000000414 4099.178857418476582 20.495879807790725
0.476800000000000 0.999999999999664 1.249999999999573 0.000000000000419 4099.178857418465668 20.495878669836923
0.476900000000000 0.999999999999664 1.249999999999572 0.000000000000429 4099.178857418466578 20.495877543694576
0.477000000000000 0.999999999999662 1.249999999999571 0.000000000000434 4099.178857418477492 20.495876436744815
0.477100000000000 0.999999999999662 1.249999999999572 0.000000000000442 4099.178857418464759 20.495875356221770
0.477200000000000 0.999999999999662 1.249999999999572 0.000000000000450 4099.178857418471125 20.495874309170201
0.477300000000000 0.999999999999665 1.249999999999574 0.000000000000460 4099.178857418472035 20.495873302400554
0.477400000000000 0.999999999999665 1.249999999999572 0.000000000000471 4099.178857418472944 20.495872342450589
0.477500000000000 0.999999999999663 1.249999999999573 0.000000000000479 4099.178857418468397 20.495871435542107
0.477600000000000 0.999999999999662 1.249999999999572 0.000000000000487 4099.178857418477492 20.495870587547948
0.477700000000000 0.999999999999663 1.249999999999572 0.000000000000497 4099.178857418474763 20.495869803951901
0.477800000000000 0.999999999999666 1.249999999999573 0.000000000000506 4099.178857418466578 20.495869089819397
0.477900000000000 0.999999999999663 1.249999999999572 0.000000000000516 4099.178857418473854 20.495868449763982
0.478000000000000 0.999999999999664 1.249999999999572 0.000000000000523 4099.178857418477492 20.495867887921204
0.478100000000000 0.999999999999662 1.249999999999571 0.000000000000534 4099.178857418463849 20.495867407921416
0.478200000000000 0.999999999999663 1.249999999999571 0.000000000000541 4099.178857418464759 20.495867012870555
0.478300000000000 0.999999999999662 1.249999999999573 0.000000000000552 4099.178857418472035 20.495866705327916
0.478400000000000 0.999999999999664 1.249999999999570 0.000000000000559 4099.178857418467487 20.495866487293576
0.478500000000000 0.999999999999664 1.249999999999572 0.000000000000564 4099.178857418463849 20.495866360192185
0.478600000000000 0.999999999999661 1.249999999999571 0.000000000000573 4099.178857418469306 20.495866324868931
0.478700000000000 0.999999999999664 1.249999999999573 0.000000000000579 4099.178857418463849 20.495866381578956
0.478800000000000 0.999999999999663 1.249999999999572 0.000000000000586 4099.178857418468397 20.495866529990487
0.478900000000000 0.999999999999663 1.249999999999570 0.000000000000594 4099.178857418466578 20.495866769181685
0.479000000000000 0.999999999999663 1.249999999999573 0.000000000000603 4099.178857418471125 20.495867097648226
0.479100000000000 0.999999999999662 1.249999999999572 0.000000000000610 4099.178857418462940 20.495867513312909
0.479200000000000 0.999999999999662 1.249999999999571 0.000000000000616 4099.178857418467487 20.495868013535180
0.479300000000000 0.999999999999662 1.249999999999570 0.000000000000624 4099.178857418464759 20.495868595128133
0.479400000000000 0.999999999999662 1.249999999999571 0.000000000000632 4099.178857418466578 20.495869254376615
0.479500000000000 0.999999999999660 1.249999999999572 0.000000000000639 4099.178857418458392 20.495869987060036
0.479600000000000 0.999999999999663 1.249999999999572 0.000000000000646 4099.178857418462940 20.495870788476719
0.479700000000000 0.999999999999662 1.249999999999573 0.000000000000654 4099.178857418457483 20.495871653471067
0.479800000000000 0.999999999999663 1.249999999999572 0.000000000000664 4099.178857418462940 20.495872576466411
0.479900000000000 0.999999999999664 1.249999999999572 0.000000000000674 4099.178857418462940 20.495873551495503
0.480000000000000 0.999999999999661 1.249999999999573 0.000000000000680 4099.178857418463849 20.495874572237170
0.480100000000000 0.999999999999662 1.249999999999572 0.000000000000688 4099.178857418465668 20.495875632056016
0.480200000000000 0.999999999999662 1.249999999999572 0.000000000000695 4099.178857418461121 20.495876724037771
0.480300000000000 0.999999999999661 1.249999999999572 0.000000000000698 4099.178857418468397 20.495877841035803
0.480400000000000 0.999999999999661 1.249999999999568 0.000000000000703 4099.178857418470216 20.495878975710198
0.480500000000000 0.999999999999662 1.249999999999572 0.000000000000709 4099.178857418461121 20.495880120571975
0.480600000000000 0.999999999999662 1.249999999999570 0.000000000000712 4099.178857418459302 20.495881268032328
0.480700000000000 0.999999999999662 1.249999999999573 0.000000000000718 4099.178857418465668 20.495882410441936
0.480800000000000 0.999999999999662 1.249999999999572 0.000000000000724 4099.178857418460211 20.495883540143232
0.480900000000000 0.999999999999662 1.249999999999572 0.000000000000733 4099.178857418459302 20.495884649511808
0.481000000000000 0.999999999999662 1.249999999999572 0.000000000000738 4099.178857418464759 20.495885731005934
0.481100000000000 0.999999999999664 1.249999999999571 0.000000000000745 4099.178857418457483 20.495886777211023
0.481200000000000 0.999999999999662 1.249999999999571 0.000000000000752 4099.178857418454754 20.495887780884146
0.481300000000000 0.999999999999659 1.249999999999571 0.000000000000756 4099.178857418457483 20.495888734999593
0.481400000000000 0.999999999999663 1.249999999999572 0.000000000000758 4099.178857418465668 20.495889632790842
0.481500000000000 0.999999999999662 1.249999999999570 0.000000000000761 4099.178857418464759 20.495890467792883
0.481600000000000 0.999999999999664 1.249999999999570 0.000000000000768 4099.178857418457483 20.495891233880471
0.481700000000000 0.999999999999660 1.249999999999571 0.000000000000775 4099.178857418459302 20.495891925307486
0.481800000000000 0.999999999999661 1.249999999999572 0.000000000000779 4099.178857418457483 20.495892536742868
0.481900000000000 0.999999999999661 1.249999999999572 0.000000000000789 4099.178857418466578 20.495893063302610
0.482000000000000 0.999999999999661 1.249999999999572 0.000000000000794 4099.178857418455664 20.495893500581367
0.482100000000000 0.999999999999660 1.249999999999572 0.000000000000800 4099.178857418457483 20.495893844680083
0.482200000000000 0.999999999999662 1.249999999999571 0.000000000000805 4099.178857418457483 20.495894092231115
0.482300000000000 0.999999999999662 1.249999999999572 0.000000000000810 4099.178857418457483 20.495894240420441
0.482400000000000 0.999999999999662 1.249999999999572 0.000000000000812 4099.178857418457483 20.495894287006386
0.482500000000000 0.999999999999661 1.249999999999570 0.000000000000816 4099.178857418455664 20.495894230334819
0.482600000000000 0.999999999999661 1.249999999999569 0.000000000000817 4099.178857418461121 20.495894069350818
0.482700000000000 0.999999999999661 1.249999999999571 0.000000000000822 4099.178857418461121 20.495893803607199
0.482800000000000 0.999999999999661 1.249999999999571 0.000000000000826 4099.178857418463849 20.495893433271466
0.482900000000000 0.999999999999661 1.249999999999571 0.000000000000833 4099.178857418457483 20.495892959123548
0.483000000000000 0.999999999999660 1.249999999999571 0.000000000000836 4099.178857418455664 20.495892382556523
0.483100000000000 0.999999999999661 1.249999999999570 0.000000000000838 4099.178857418455664 20.495891705568901
0.483200000000000 0.999999999999659 1.249999999999571 0.000000000000838 4099.178857418463849 20.495890930756502
0.483300000000000 0.999999999999659 1.249999999999571 0.000000000000844 4099.178857418458392 20.495890061298020
0.483400000000000 0.999999999999658 1.249999999999571 0.000000000000849 4099.178857418453845 20.495889100940420
0.483500000000000 0.999999999999659 1.249999999999571 0.000000000000856 4099.178857418457483 20.495888053977961
0.483600000000000 0.999999999999659 1.249999999999570 0.000000000000855 4099.178857418462030 20.495886925228628
0.483700000000000 0.999999999999658 1.249999999999570 0.000000000000859 4099.178857418457483 20.495885720009493
0.483800000000000 0.999999999999660 1.249999999999571 0.000000000000861 4099.178857418455664 20.495884444107016
0.483900000000000 0.999999999999662 1.249999999999570 0.000000000000866 4099.178857418451116 20.495883103744390
0.484000000000000 0.999999999999658 1.249999999999571 0.000000000000867 4099.178857418453845 20.495881705548431
0.484100000000000 0.999999999999659 1.249999999999572 0.000000000000869 4099.178857418453845 20.495880256511040
0.484200000000000 0.999999999999661 1.249999999999573 0.000000000000871 4099.178857418452026 20.495878763951659
0.484300000000000 0.999999999999660 1.249999999999570 0.000000000000873 4099.178857418450207 20.495877235475543
0.484400000000000 0.999999999999658 1.249999999999572 0.000000000000878 4099.178857418452026 20.495875678929345
0.484500000000000 0.999999999999658 1.249999999999571 0.000000000000879 4099.178857418452026 20.495874102359711
0.484600000000000 0.999999999999660 1.249999999999572 0.000000000000880 4099.178857418450207 20.495872513965278
0.484700000000000 0.999999999999659 1.249999999999572 0.000000000000881 4099.178857418456573 20.495870922051658
0.484800000000000 0.999999999999658 1.249999999999572 0.000000000000880 4099.178857418455664 20.495869334982544
0.484900000000000 0.999999999999658 1.249999999999572 0.000000000000878 4099.178857418457483 20.495867761134193
0.485000000000000 0.999999999999660 1.249999999999572 0.000000000000876 4099.178857418449297 20.495866208845186
0.485100000000000 0.999999999999661 1.249999999999571 0.000000000000878 4099.178857418450207 20.495864686370940
0.485200000000000 0.999999999999660 1.249999999999571 0.000000000000878 4099.178857418449297 20.495863201834375
0.485300000000000 0.999999999999659 1.249999999999573 0.000000000000876 4099.178857418452935 20.495861763180852
0.485400000000000 0.999999999999657 1.249999999999570 0.000000000000875 4099.178857418445659 20.495860378132768
0.485500000000000 0.999999999999659 1.249999999999574 0.000000000000871 4099.178857418449297 20.495859054141892
0.485600000000000 0.999999999999657 1.249999999999571 0.000000000000872 4099.178857418450207 20.495857798352432
0.485700000000000 0.999999999999660 1.249999999999571 0.000000000000873 4099.178857418453845 20.495856617553287
0.485800000000000 0.999999999999658 1.249999999999572 0.000000000000871 4099.178857418458392 20.495855518142889
0.485900000000000 0.999999999999657 1.249999999999572 0.000000000000866 4099.178857418446569 20.495854506091359
0.486000000000000 0.999999999999658 1.249999999999571 0.000000000000863 4099.178857418451116 20.495853586905397
0.486100000000000 0.999999999999657 1.249999999999572 0.000000000000858 4099.178857418449297 20.495852765596474
0.486200000000000 0.999999999999660 1.249999999999572 0.000000000000850 4099.178857418447478 20.495852046651912
0.486300000000000 0.999999999999659 1.249999999999572 0.000000000000848 4099.178857418446569 20.495851434009072
0.486400000000000 0.999999999999658 1.249999999999571 0.000000000000845 4099.178857418448388 20.495850931031370
0.486500000000000 0.999999999999658 1.249999999999573 0.000000000000845 4099.178857418452026 20.495850540488924
0.486600000000000 0.999999999999657 1.249999999999571 0.000000000000841 4099.178857418454754 20.495850264543911
0.486700000000000 0.999999999999658 1.249999999999572 0.000000000000835 4099.178857418452026 20.495850104733950
0.486800000000000 0.999999999999658 1.249999999999572 0.000000000000834 4099.178857418449297 20.495850061967023
0.486900000000000 0.999999999999657 1.249999999999571 0.000000000000829 4099.178857418456573 20.495850136513578
0.487000000000000 0.999999999999657 1.249999999999574 0.000000000000825 4099.178857418446569 20.495850328004444
0.487100000000000 0.999999999999659 1.249999999999573 0.000000000000822 4099.178857418445659 20.495850635434074
0.487200000000000 0.999999999999657 1.249999999999572 0.000000000000816 4099.178857418449297 20.495851057164479
0.487300000000000 0.999999999999659 1.249999999999572 0.000000000000809 4099.178857418446569 20.495851590934592
0.487400000000000 0.999999999999656 1.249999999999572 0.000000000000805 4099.178857418442021 20.495852233873411
0.487500000000000 0.999999999999655 1.249999999999573 0.000000000000803 4099.178857418448388 20.495852982516016
0.487600000000000 0.999999999999657 1.249999999999572 0.000000000000790 4099.178857418445659 20.495853832823151
0.487700000000000 0.999999999999659 1.249999999999570 0.000000000000785 4099.178857418441112 20.495854780203636
0.487800000000000 0.999999999999657 1.249999999999572 0.000000000000782 4099.178857418447478 20.495855819540235
0.487900000000000 0.999999999999656 1.249999999999572 0.000000000000773 4099.178857418446569 20.495856945220918
0.488000000000000 0.999999999999656 1.249999999999573 0.000000000000766 4099.178857418441112 20.495858151168086
0.488100000000000 0.999999999999657 1.249999999999572 0.000000000000760 4099.178857418442931 20.495859430874990
0.488200000000000 0.999999999999657 1.249999999999572 0.000000000000752 4099.178857418441112 20.495860777441827
0.488300000000000 0.999999999999656 1.249999999999572 0.000000000000747 4099.178857418443840 20.495862183616211
0.488400000000000 0.999999999999657 1.249999999999573 0.000000000000741 4099.178857418439293 20.495863641833392
0.488500000000000 0.999999999999655 1.249999999999572 0.000000000000733 4099.178857418441112 20.495865144260872
0.488600000000000 0.999999999999655 1.249999999999571 0.000000000000729 4099.178857418441112 20.495866682842493
0.488700000000000 0.999999999999655 1.249999999999573 0.000000000000721 4099.178857418446569 20.495868249342884
0.488800000000000 0.999999999999657 1.249999999999573 0.000000000000711 4099.178857418442931 20.495869835398519
0.488900000000000 0.999999999999658 1.249999999999572 0.000000000000703 4099.178857418452026 20.495871432561863
0.489000000000000 0.999999999999656 1.249999999999571 0.000000000000696 4099.178857418443840 20.495873032350527
0.489100000000000 0.999999999999658 1.249999999999574 0.000000000000687 4099.178857418443840 20.495874626296281
0.489200000000000 0.999999999999656 1.249999999999573 0.000000000000680 4099.178857418447478 20.495876205994996
0.489300000000000 0.999999999999658 1.249999999999573 0.000000000000671 4099.178857418445659 20.495877763149942
0.489400000000000 0.999999999999658 1.249999999999571 0.000000000000663 4099.178857418438383 20.495879289624270
0.489500000000000 0.999999999999657 1.249999999999571 0.000000000000654 4099.178857418440202 20.495880777483627
0.489600000000000 0.999999999999656 1.249999999999573 0.000000000000646 4099.178857418434745 20.495882219043718
0.489700000000000 0.999999999999656 1.249999999999572 0.000000000000640 4099.178857418441112 20.495883606913274
0.489800000000000 0.999999999999655 1.249999999999570 0.000000000000630 4099.178857418445659 20.495884934034830
0.489900000000000 0.999999999999656 1.249999999999571 0.000000000000624 4099.178857418432017 20.495886193724925
0.490000000000000 0.999999999999655 1.249999999999572 0.000000000000614 4099.178857418441112 20.495887379714869
0.490100000000000 0.999999999999656 1.249999999999571 0.000000000000608 4099.178857418432017 20.495888486181943
0.490200000000000 0.999999999999657 1.249999999999572 0.000000000000601 4099.178857418445659 20.495889507784014
0.490300000000000 0.999999999999656 1.249999999999572 0.000000000000593 4099.178857418438383 20.495890439690292
0.490400000000000 0.999999999999657 1.249999999999572 0.000000000000582 4099.178857418436564 20.495891277606013
0.490500000000000 0.999999999999654 1.249999999999572 0.000000000000573 4099.178857418432926 20.495892017797622
0.490600000000000 0.999999999999654 1.249999999999574 0.000000000000565 4099.178857418442021 20.495892657112524
0.490700000000000 0.999999999999656 1.249999999999572 0.000000000000559 4099.178857418435655 20.495893192997766
0.490800000000000 0.999999999999654 1.249999999999571 0.000000000000550 4099.178857418440202 20.495893623510451
0.490900000000000 0.999999999999656 1.249999999999572 0.000000000000545 4099.178857418438383 20.495893947329531
0.491000000000000 0.999999999999654 1.249999999999572 0.000000000000536 4099.178857418429288 20.495894163762891
0.491100000000000 0.999999999999653 1.249999999999571 0.000000000000527 4099.178857418432017 20.495894272747702
0.491200000000000 0.999999999999654 1.249999999999573 0.000000000000517 4099.178857418441112 20.495894274850258
0.491300000000000 0.999999999999655 1.249999999999572 0.000000000000505 4099.178857418444750 20.495894171262194
0.491400000000000 0.999999999999655 1.249999999999573 0.000000000000495 4099.178857418437474 20.495893963789953
0.491500000000000 0.999999999999657 1.249999999999571 0.000000000000482 4099.178857418440202 20.495893654844700
0.491600000000000 0.999999999999655 1.249999999999571 0.000000000000471 4099.178857418434745 20.495893247424281
0.491700000000000 0.999999999999656 1.249999999999571 0.000000000000465 4099.178857418441112 20.495892745096057
0.491800000000000 0.999999999999654 1.249999999999571 0.000000000000457 4099.178857418432017 20.495892151973994
0.491900000000000 0.999999999999654 1.249999999999569 0.000000000000443 4099.178857418437474 20.495891472692893
0.492000000000000 0.999999999999654 1.249999999999571 0.000000000000433 4099.178857418435655 20.495890712378213
0.492100000000000 0.999999999999652 1.249999999999572 0.000000000000422 4099.178857418442931 20.495889876617763
0.492200000000000 0.999999999999656 1.249999999999572 0.000000000000417 4099.178857418428379 20.495888971424367
0.492300000000000 0.999999999999655 1.249999999999571 0.000000000000409 4099.178857418432017 20.495888003200204
0.492400000000000 0.999999999999655 1.249999999999572 0.000000000000401 4099.178857418432017 20.495886978697531
0.492500000000000 0.999999999999655 1.249999999999570 0.000000000000390 4099.178857418431107 20.495885904978156
0.492600000000000 0.999999999999655 1.249999999999571 0.000000000000378 4099.178857418431107 20.495884789369452
0.492700000000000 0.999999999999653 1.249999999999570 0.000000000000369 4099.178857418439293 20.495883639421194
0.492800000000000 0.999999999999654 1.249999999999570 0.000000000000355 4099.178857418425650 20.495882462858535
0.492900000000000 0.999999999999654 1.249999999999569 0.000000000000344 4099.178857418434745 20.495881267535839
0.493000000000000 0.999999999999654 1.249999999999571 0.000000000000334 4099.178857418430198 20.495880061388874
0.493100000000000 0.999999999999655 1.249999999999570 0.000000000000327 4099.178857418434745 20.495878852388454
0.493200000000000 0.999999999999655 1.249999999999571 0.000000000000318 4099.178857418434745 20.495877648488474
0.493300000000000 0.999999999999653 1.249999999999568 0.000000000000307 4099.178857418425650 20.495876457582732
0.493400000000000 0.999999999999655 1.249999999999568 0.000000000000299 4099.178857418426560 20.495875287452645
0.493500000000000 0.999999999999655 1.249999999999569 0.000000000000293 4099.178857418431107 20.495874145723867
0.493600000000000 0.999999999999654 1.249999999999570 0.000000000000283 4099.178857418429288 20.495873039818019
0.493700000000000 0.999999999999655 1.249999999999569 0.000000000000273 4099.178857418429288 20.495871976909743
0.493800000000000 0.999999999999653 1.249999999999569 0.000000000000263 4099.178857418426560 20.495870963880868
0.493900000000000 0.999999999999655 1.249999999999569 0.000000000000251 4099.178857418431107 20.495870007280892
0.494000000000000 0.999999999999653 1.249999999999569 0.000000000000243 4099.178857418432017 20.495869113287384
0.494100000000000 0.999999999999653 1.249999999999568 0.000000000000237 4099.178857418429288 20.495868287667310
0.494200000000000 0.999999999999652 1.249999999999568 0.000000000000228 4099.178857418421103 20.495867535743312
0.494300000000000 0.999999999999654 1.249999999999569 0.000000000000219 4099.178857418426560 20.495866862360337
0.494400000000000 0.999999999999650 1.249999999999568 0.000000000000210 4099.178857418423831 20.495866271858283
0.494500000000000 0.999999999999653 1.249999999999568 0.000000000000199 4099.178857418428379 20.495865768043043
0.494600000000000 0.999999999999653 1.249999999999568 0.000000000000188 4099.178857418422012 20.495865354165261
0.494700000000000 0.999999999999652 1.249999999999569 0.000000000000177 4099.178857418426560 20.495865032899694
0.494800000000000 0.999999999999652 1.249999999999567 0.000000000000167 4099.178857418432017 20.495864806329262
0.494900000000000 0.999999999999652 1.249999999999568 0.000000000000156 4099.178857418427469 20.495864675931074
0.495000000000000 0.999999999999653 1.249999999999569 0.000000000000144 4099.178857418424741 20.495864642568474
0.495100000000000 0.999999999999653 1.249999999999567 0.000000000000137 4099.178857418422922 20.495864706485513
0.495200000000000 0.999999999999653 1.249999999999567 0.000000000000129 4099.178857418431107 20.495864867303528
0.495300000000000 0.999999999999652 1.249999999999567 0.000000000000123 4099.178857418428379 20.495865124024419
0.495400000000000 0.999999999999652 1.249999999999569 0.000000000000116 4099.178857418422012 20.495865475035437
0.495500000000000 0.999999999999652 1.249999999999568 0.000000000000108 4099.178857418424741 20.495865918119886
0.495600000000000 0.999999999999653 1.249999999999566 0.000000000000097 4099.178857418421103 20.495866450468206
0.495700000000000 0.999999999999651 1.249999999999565 0.000000000000090 4099.178857418424741 20.495867068694889
0.495800000000000 0.999999999999651 1.249999999999568 0.000000000000084 4099.178857418424741 20.495867768858563
0.495900000000000 0.999999999999652 1.249999999999568 0.000000000000078 4099.178857418423831 20.495868546486836
0.496000000000000 0.999999999999651 1.249999999999568 0.000000000000073 4099.178857418422012 20.495869396599762
0.496100000000000 0.999999999999652 1.249999999999567 0.000000000000070 4099.178857418419284 20.495870313741879
0.496200000000000 0.999999999999651 1.249999999999566 0.000000000000059 4099.178857418425650 20.495871292012797
0.496300000000000 0.999999999999651 1.249999999999567 0.000000000000055 4099.178857418424741 20.495872325103985
0.496400000000000 0.999999999999649 1.249999999999567 0.000000000000050 4099.178857418428379 20.495873406335349
0.496500000000000 0.999999999999651 1.249999999999564 0.000000000000045 4099.178857418422922 20.495874528695644
0.496600000000000 0.999999999999650 1.249999999999566 0.000000000000041 4099.178857418416555 20.495875684883035
0.496700000000000 0.999999999999651 1.249999999999565 0.000000000000033 4099.178857418424741 20.495876867352415
0.496800000000000 0.999999999999651 1.249999999999563 0.000000000000026 4099.178857418421103 20.495878068355164
0.496900000000000 0.999999999999652 1.249999999999565 0.000000000000015 4099.178857418417465 20.495879279990472
0.497000000000000 0.999999999999653 1.249999999999564 0.000000000000014 4099.178857418412008 20.495880494250962
0.497100000000000 0.999999999999650 1.249999999999566 0.000000000000008 4099.178857418422012 20.495881703070321
0.497200000000000 0.999999999999651 1.249999999999563 0.000000000000001 4099.178857418416555 20.495882898373630
0.497300000000000 0.999999999999650 1.249999999999566 -0.000000000000009 4099.178857418421103 20.495884072123474
0.497400000000000 0.999999999999651 1.249999999999565 -0.000000000000015 4099.178857418419284 20.495885216372340
0.497500000000000 0.999999999999649 1.249999999999565 -0.000000000000024 4099.178857418417465 20.495886323307278
0.497600000000000 0.999999999999649 1.249999999999564 -0.000000000000028 4099.178857418414736 20.495887385299486
0.497700000000000 0.999999999999649 1.249999999999565 -0.000000000000032 4099.178857418421103 20.495888394949411
0.497800000000000 0.999999999999650 1.249999999999564 -0.000000000000038 4099.178857418416555 20.495889345134387
0.497900000000000 0.999999999999650 1.249999999999564 -0.000000000000044 4099.178857418423831 20.495890229048754
0.498000000000000 0.999999999999652 1.249999999999564 -0.000000000000051 4099.178857418422922 20.495891040248669
0.498100000000000 0.999999999999651 1.249999999999563 -0.000000000000057 4099.178857418415646 20.495891772690470
0.498200000000000 0.999999999999652 1.249999999999563 -0.000000000000063 4099.178857418414736 20.495892420768865
0.498300000000000 0.999999999999650 1.249999999999564 -0.000000000000068 4099.178857418419284 20.495892979351066
0.498400000000000 0.999999999999650 1.249999999999563 -0.000000000000075 4099.178857418419284 20.495893443810225
0.498500000000000 0.999999999999653 1.249999999999562 -0.000000000000080 4099.178857418419284 20.495893810053641
0.498600000000000 0.999999999999650 1.249999999999563 -0.000000000000086 4099.178857418418374 20.495894074549547
0.498700000000000 0.999999999999649 1.249999999999562 -0.000000000000090 4099.178857418414736 20.495894234350086
0.498800000000000 0.999999999999650 1.249999999999560 -0.000000000000094 4099.178857418414736 20.495894287110758
0.498900000000000 0.999999999999651 1.249999999999562 -0.000000000000096 4099.178857418417465 20.495894231106281
0.499000000000000 0.999999999999651 1.249999999999563 -0.000000000000102 4099.178857418411098 20.495894065244382
0.499100000000000 0.999999999999648 1.249999999999563 -0.000000000000106 4099.178857418419284 20.495893789072593
0.499200000000000 0.999999999999650 1.249999999999561 -0.000000000000110 4099.178857418413827 20.495893402783842
0.499300000000000 0.999999999999652 1.249999999999560 -0.000000000000114 4099.178857418417465 20.495892907218771
0.499400000000000 0.999999999999649 1.249999999999560 -0.000000000000116 4099.178857418416555 20.495892303861527
0.499500000000000 0.999999999999650 1.249999999999559 -0.000000000000117 4099.178857418415646 20.495891594835317
0.499600000000000 0.999999999999650 1.249999999999561 -0.000000000000117 4099.178857418410189 20.495890782889582
0.499700000000000 0.999999999999649 1.249999999999562 -0.000000000000118 4099.178857418415646 20.495889871389753
0.499800000000000 0.999999999999650 1.249999999999561 -0.000000000000125 4099.178857418412008 20.495888864296276
0.499900000000000 0.999999999999648 1.249999999999560 -0.000000000000123 4099.178857418412917 20.495887766145987
0.500000000000000 0.999999999999649 1.249999999999560 -0.000000000000130 4099.178857418416555 20.495886582026113
