# t  Norma  <x>  <p>  <H>  DeltaX*DeltaP
0.000000000000000 1.000000000000000 0.500000000000000 0.000000000000000 299.996883256768115 1.499984416202893
0.000100000000000 1.000000000000000 0.499999999999999 0.000000000000008 299.996883256766068 1.499984416203218
0.000200000000000 0.999999999999998 0.500000000000000 0.000000000000014 299.996883256766864 1.499984416203943
0.000300000000000 0.999999999999999 0.500000000000000 0.000000000000020 299.996883256766182 1.499984416205248
0.000400000000000 1.000000000000000 0.500000000000000 0.000000000000027 299.996883256766978 1.499984416207017
0.000500000000000 1.000000000000000 0.500000000000000 0.000000000000033 299.996883256766637 1.499984416209246
0.000600000000000 1.000000000000000 0.500000000000000 0.000000000000041 299.996883256766978 1.499984416211962
0.000700000000000 1.000000000000000 0.500000000000000 0.000000000000047 299.996883256767035 1.499984416215073
0.000800000000000 1.000000000000001 0.500000000000000 0.000000000000052 299.996883256766978 1.499984416218575
0.000900000000000 1.000000000000000 0.500000000000000 0.000000000000059 299.996883256767774 1.499984416222405
0.001000000000000 1.000000000000001 0.500000000000000 0.000000000000065 299.996883256767319 1.499984416226524
0.001100000000000 1.000000000000001 0.500000000000001 0.000000000000069 299.996883256766978 1.499984416230865
0.001200000000000 1.000000000000001 0.500000000000000 0.000000000000074 299.996883256767433 1.499984416235508
0.001300000000000 1.000000000000001 0.500000000000001 0.000000000000080 299.996883256767603 1.499984416240165
0.001400000000000 1.000000000000000 0.500000000000001 0.000000000000087 299.996883256766864 1.499984416244896
0.001500000000000 1.000000000000001 0.500000000000001 0.000000000000093 299.996883256767319 1.499984416249710
0.001600000000000 1.000000000000002 0.500000000000001 0.000000000000099 299.996883256767205 1.499984416254417
0.001700000000000 1.000000000000001 0.500000000000001 0.000000000000105 299.996883256767546 1.499984416258997
0.001800000000000 1.000000000000002 0.500000000000001 0.000000000000110 299.996883256767660 1.499984416263457
0.001900000000000 1.000000000000003 0.500000000000001 0.000000000000118 299.996883256767433 1.499984416267616
0.002000000000000 1.000000000000002 0.500000000000002 0.000000000000123 299.996883256767546 1.499984416271422
0.002100000000000 1.000000000000002 0.500000000000001 0.000000000000131 299.996883256768342 1.499984416274871
0.002200000000000 1.000000000000002 0.500000000000001 0.000000000000136 299.996883256767660 1.499984416277899
0.002300000000000 1.000000000000004 0.500000000000001 0.000000000000143 299.996883256767887 1.499984416280280
0.002400000000000 1.000000000000002 0.500000000000002 0.000000000000148 299.996883256767433 1.499984416282130
0.002500000000000 1.000000000000003 0.500000000000002 0.000000000000155 299.996883256767546 1.499984416283343
0.002600000000000 1.000000000000002 0.500000000000002 0.000000000000160 299.996883256767774 1.499984416283798
0.002700000000000 1.000000000000002 0.500000000000002 0.000000000000166 299.996883256768115 1.499984416283472
0.002800000000000 1.000000000000004 0.500000000000001 0.000000000000174 299.996883256768683 1.499984416282388
0.002900000000000 1.000000000000003 0.500000000000002 0.000000000000177 299.996883256767774 1.499984416280361
0.003000000000000 1.000000000000003 0.500000000000002 0.000000000000182 299.996883256768399 1.499984416277446
0.003100000000000 1.000000000000003 0.500000000000003 0.000000000000188 299.996883256768342 1.499984416273515
0.003200000000000 1.000000000000004 0.500000000000003 0.000000000000192 299.996883256768172 1.499984416268604
0.003300000000000 1.000000000000004 0.500000000000003 0.000000000000197 299.996883256768569 1.499984416262721
0.003400000000000 1.000000000000004 0.500000000000003 0.000000000000203 299.996883256767774 1.499984416255785
0.003500000000000 1.000000000000004 0.500000000000003 0.000000000000209 299.996883256768456 1.499984416247769
0.003600000000000 1.000000000000004 0.500000000000003 0.000000000000214 299.996883256767887 1.499984416238698
0.003700000000000 1.000000000000005 0.500000000000003 0.000000000000217 299.996883256768342 1.499984416228517
0.003800000000000 1.000000000000003 0.500000000000003 0.000000000000222 299.996883256768058 1.499984416217284
0.003900000000000 1.000000000000004 0.500000000000003 0.000000000000228 299.996883256767887 1.499984416204980
0.004000000000000 1.000000000000006 0.500000000000003 0.000000000000233 299.996883256768626 1.499984416191658
0.004100000000000 1.000000000000005 0.500000000000003 0.000000000000239 299.996883256769138 1.499984416177223
0.004200000000000 1.000000000000004 0.500000000000003 0.000000000000244 299.996883256768342 1.499984416161841
0.004300000000000 1.000000000000004 0.500000000000003 0.000000000000246 299.996883256768626 1.499984416145476
0.004400000000000 1.000000000000004 0.500000000000003 0.000000000000249 299.996883256768569 1.499984416128242
0.004500000000000 1.000000000000006 0.500000000000004 0.000000000000252 299.996883256768115 1.499984416110062
0.004600000000000 1.000000000000005 0.500000000000004 0.000000000000255 299.996883256769138 1.499984416091080
0.004700000000000 1.000000000000005 0.500000000000004 0.000000000000260 299.996883256768683 1.499984416071364
0.004800000000000 1.000000000000004 0.500000000000004 0.000000000000264 299.996883256769138 1.499984416050967
0.004900000000000 1.000000000000005 0.500000000000004 0.000000000000269 299.996883256768456 1.499984416029887
0.005000000000000 1.000000000000005 0.500000000000004 0.000000000000270 299.996883256768285 1.499984416008289
0.005100000000000 1.000000000000006 0.500000000000004 0.000000000000274 299.996883256767831 1.499984415986292
0.005200000000000 1.000000000000005 0.500000000000004 0.000000000000279 299.996883256769138 1.499984415963831
0.005300000000000 1.000000000000004 0.500000000000004 0.000000000000280 299.996883256768797 1.499984415941134
0.005400000000000 1.000000000000006 0.500000000000004 0.000000000000284 299.996883256769365 1.499984415918171
0.005500000000000 1.000000000000006 0.500000000000005 0.000000000000288 299.996883256768399 1.499984415895068
0.005600000000000 1.000000000000006 0.500000000000004 0.000000000000292 299.996883256768456 1.499984415872047
0.005700000000000 1.000000000000006 0.500000000000004 0.000000000000295 299.996883256768228 1.499984415849046
0.005800000000000 1.000000000000006 0.500000000000005 0.000000000000297 299.996883256768683 1.499984415826224
0.005900000000000 1.000000000000007 0.500000000000004 0.000000000000300 299.996883256768911 1.499984415803717
0.006000000000000 1.000000000000007 0.500000000000005 0.000000000000302 299.996883256768854 1.499984415781578
0.006100000000000 1.000000000000008 0.500000000000004 0.000000000000307 299.996883256769138 1.499984415759930
0.006200000000000 1.000000000000007 0.500000000000005 0.000000000000309 299.996883256768911 1.499984415738822
0.006300000000000 1.000000000000007 0.500000000000005 0.000000000000311 299.996883256769365 1.499984415718348
0.006400000000000 1.000000000000007 0.500000000000005 0.000000000000312 299.996883256768967 1.499984415698696
0.006500000000000 1.000000000000007 0.500000000000006 0.000000000000315 299.996883256769479 1.499984415679857
0.006600000000000 1.000000000000008 0.500000000000006 0.000000000000317 299.996883256769024 1.499984415661938
0.006700000000000 1.000000000000007 0.500000000000006 0.000000000000319 299.996883256769195 1.499984415645094
0.006800000000000 1.000000000000007 0.500000000000005 0.000000000000321 299.996883256769479 1.499984415629340
0.006900000000000 1.000000000000007 0.500000000000006 0.000000000000323 299.996883256769081 1.499984415614725
0.007000000000000 1.000000000000008 0.500000000000006 0.000000000000324 299.996883256769479 1.499984415601377
0.007100000000000 1.000000000000007 0.500000000000006 0.000000000000327 299.996883256768911 1.499984415589301
0.007200000000000 1.000000000000008 0.500000000000007 0.000000000000329 299.996883256769138 1.499984415578582
0.007300000000000 1.000000000000007 0.500000000000006 0.000000000000330 299.996883256769820 1.499984415569279
0.007400000000000 1.000000000000008 0.500000000000006 0.000000000000331 299.996883256769422 1.499984415561437
0.007500000000000 1.000000000000007 0.500000000000006 0.000000000000333 299.996883256769820 1.499984415555087
0.007600000000000 1.000000000000007 0.500000000000006 0.000000000000334 299.996883256769706 1.499984415550282
0.007700000000000 1.000000000000008 0.500000000000006 0.000000000000335 299.996883256769365 1.499984415547045
0.007800000000000 1.000000000000008 0.500000000000008 0.000000000000336 299.996883256769536 1.499984415545239
0.007900000000000 1.000000000000008 0.500000000000007 0.000000000000338 299.996883256769308 1.499984415545137
0.008000000000000 1.000000000000007 0.500000000000007 0.000000000000338 299.996883256769706 1.499984415546563
0.008100000000000 1.000000000000008 0.500000000000006 0.000000000000336 299.996883256769706 1.499984415549585
0.008200000000000 1.000000000000008 0.500000000000007 0.000000000000338 299.996883256769820 1.499984415554086
0.008300000000000 1.000000000000009 0.500000000000007 0.000000000000338 299.996883256769479 1.499984415560125
0.008400000000000 1.000000000000008 0.500000000000007 0.000000000000338 299.996883256769593 1.499984415567707
0.008500000000000 1.000000000000009 0.500000000000008 0.000000000000337 299.996883256769536 1.499984415576703
0.008600000000000 1.000000000000009 0.500000000000008 0.000000000000335 299.996883256769593 1.499984415587158
0.008700000000000 1.000000000000011 0.500000000000007 0.000000000000334 299.996883256769479 1.499984415598978
0.008800000000000 1.000000000000008 0.500000000000008 0.000000000000335 299.996883256769820 1.499984415612100
0.008900000000000 1.000000000000008 0.500000000000008 0.000000000000333 299.996883256769763 1.499984415626420
0.009000000000000 1.000000000000009 0.500000000000009 0.000000000000333 299.996883256770047 1.499984415641961
0.009100000000000 1.000000000000010 0.500000000000009 0.000000000000332 299.996883256770047 1.499984415658661
0.009200000000000 1.000000000000009 0.500000000000008 0.000000000000331 299.996883256770047 1.499984415676377
0.009300000000000 1.000000000000009 0.500000000000009 0.000000000000330 299.996883256769877 1.499984415695037
0.009400000000000 1.000000000000010 0.500000000000009 0.000000000000330 299.996883256770047 1.499984415714547
0.009500000000000 1.000000000000010 0.500000000000009 0.000000000000326 299.996883256770161 1.499984415734824
0.009600000000000 1.000000000000009 0.500000000000009 0.000000000000325 299.996883256769877 1.499984415755836
0.009700000000000 1.000000000000010 0.500000000000009 0.000000000000321 299.996883256770275 1.499984415777433
0.009800000000000 1.000000000000011 0.500000000000009 0.000000000000318 299.996883256769991 1.499984415799479
0.009900000000000 1.000000000000010 0.500000000000009 0.000000000000316 299.996883256770786 1.499984415821952
0.010000000000000 1.000000000000010 0.500000000000010 0.000000000000315 299.996883256769820 1.499984415844690
0.010100000000000 1.000000000000011 0.500000000000009 0.000000000000312 299.996883256770218 1.499984415867678
0.010200000000000 1.000000000000009 0.500000000000009 0.000000000000310 299.996883256770275 1.499984415890706
0.010300000000000 1.000000000000010 0.500000000000010 0.000000000000307 299.996883256769593 1.499984415913759
0.010400000000000 1.000000000000011 0.500000000000010 0.000000000000305 299.996883256769650 1.499984415936729
0.010500000000000 1.000000000000010 0.500000000000010 0.000000000000303 299.996883256771184 1.499984415959521
0.010600000000000 1.000000000000011 0.500000000000010 0.000000000000298 299.996883256769593 1.499984415982059
0.010700000000000 1.000000000000010 0.500000000000010 0.000000000000296 299.996883256770161 1.499984416004161
0.010800000000000 1.000000000000011 0.500000000000009 0.000000000000293 299.996883256770786 1.499984416025857
0.010900000000000 1.000000000000010 0.500000000000011 0.000000000000290 299.996883256770502 1.499984416046938
0.011000000000000 1.000000000000011 0.500000000000010 0.000000000000286 299.996883256770388 1.499984416067563
0.011100000000000 1.000000000000011 0.500000000000010 0.000000000000282 299.996883256770388 1.499984416087384
0.011200000000000 1.000000000000011 0.500000000000011 0.000000000000278 299.996883256770275 1.499984416106500
0.011300000000000 1.000000000000011 0.500000000000010 0.000000000000275 299.996883256770275 1.499984416124815
0.011400000000000 1.000000000000011 0.500000000000010 0.000000000000271 299.996883256770502 1.499984416142260
0.011500000000000 1.000000000000012 0.500000000000010 0.000000000000267 299.996883256770388 1.499984416158783
0.011600000000000 1.000000000000012 0.500000000000011 0.000000000000263 299.996883256770616 1.499984416174320
0.011700000000000 1.000000000000011 0.500000000000011 0.000000000000257 299.996883256770388 1.499984416188932
0.011800000000000 1.000000000000012 0.500000000000011 0.000000000000256 299.996883256770957 1.499984416202480
0.011900000000000 1.000000000000012 0.500000000000010 0.000000000000252 299.996883256770559 1.499984416215005
0.012000000000000 1.000000000000012 0.500000000000011 0.000000000000248 299.996883256770332 1.499984416226420
0.012100000000000 1.000000000000012 0.500000000000011 0.000000000000243 299.996883256770616 1.499984416236822
0.012200000000000 1.000000000000013 0.500000000000011 0.000000000000238 299.996883256770502 1.499984416246059
0.012300000000000 1.000000000000012 0.500000000000012 0.000000000000233 299.996883256770502 1.499984416254275
0.012400000000000 1.000000000000013 0.500000000000011 0.000000000000229 299.996883256770616 1.499984416261473
0.012500000000000 1.000000000000011 0.500000000000011 0.000000000000223 299.996883256770616 1.499984416267540
0.012600000000000 1.000000000000012 0.500000000000012 0.000000000000218 299.996883256770957 1.499984416272579
0.012700000000000 1.000000000000012 0.500000000000012 0.000000000000212 299.996883256770275 1.499984416276647
0.012800000000000 1.000000000000013 0.500000000000012 0.000000000000206 299.996883256771127 1.499984416279795
0.012900000000000 1.000000000000013 0.500000000000012 0.000000000000203 299.996883256770843 1.499984416281934
0.013000000000000 1.000000000000012 0.500000000000012 0.000000000000198 299.996883256770616 1.499984416283238
0.013100000000000 1.000000000000012 0.500000000000012 0.000000000000192 299.996883256771184 1.499984416283708
0.013200000000000 1.000000000000012 0.500000000000012 0.000000000000188 299.996883256770673 1.499984416283376
0.013300000000000 1.000000000000014 0.500000000000013 0.000000000000183 299.996883256770957 1.499984416282281
0.013400000000000 1.000000000000014 0.500000000000012 0.000000000000178 299.996883256770730 1.499984416280580
0.013500000000000 1.000000000000014 0.500000000000012 0.000000000000171 299.996883256771298 1.499984416278289
0.013600000000000 1.000000000000014 0.500000000000012 0.000000000000164 299.996883256771639 1.499984416275376
0.013700000000000 1.000000000000015 0.500000000000013 0.000000000000158 299.996883256771184 1.499984416272022
0.013800000000000 1.000000000000014 0.500000000000013 0.000000000000153 299.996883256771525 1.499984416268226
0.013900000000000 1.000000000000014 0.500000000000012 0.000000000000147 299.996883256771071 1.499984416264175
0.014000000000000 1.000000000000014 0.500000000000013 0.000000000000141 299.996883256771184 1.499984416259751
0.014100000000000 1.000000000000015 0.500000000000013 0.000000000000136 299.996883256771298 1.499984416255192
0.014200000000000 1.000000000000015 0.500000000000013 0.000000000000130 299.996883256771298 1.499984416250455
0.014300000000000 1.000000000000016 0.500000000000013 0.000000000000123 299.996883256771810 1.499984416245663
0.014400000000000 1.000000000000014 0.500000000000013 0.000000000000117 299.996883256771355 1.499984416240925
0.014500000000000 1.000000000000014 0.500000000000013 0.000000000000112 299.996883256771184 1.499984416236165
0.014600000000000 1.000000000000014 0.500000000000013 0.000000000000105 299.996883256772264 1.499984416231607
0.014700000000000 1.000000000000015 0.500000000000014 0.000000000000099 299.996883256771753 1.499984416227178
0.014800000000000 1.000000000000014 0.500000000000014 0.000000000000094 299.996883256771923 1.499984416223011
0.014900000000000 1.000000000000016 0.500000000000014 0.000000000000090 299.996883256771298 1.499984416219091
0.015000000000000 1.000000000000016 0.500000000000014 0.000000000000084 299.996883256771980 1.499984416215539
0.015100000000000 1.000000000000014 0.500000000000013 0.000000000000078 299.996883256772151 1.499984416212381
0.015200000000000 1.000000000000015 0.500000000000014 0.000000000000074 299.996883256771355 1.499984416209547
0.015300000000000 1.000000000000015 0.500000000000014 0.000000000000068 299.996883256771639 1.499984416207231
0.015400000000000 1.000000000000015 0.500000000000014 0.000000000000062 299.996883256771753 1.499984416205385
0.015500000000000 1.000000000000015 0.500000000000014 0.000000000000055 299.996883256772094 1.499984416203964
0.015600000000000 1.000000000000016 0.500000000000013 0.000000000000049 299.996883256771696 1.499984416203141
0.015700000000000 1.000000000000017 0.500000000000015 0.000000000000042 299.996883256772264 1.499984416202722
0.015800000000000 1.000000000000016 0.500000000000014 0.000000000000035 299.996883256772321 1.499984416202928
0.015900000000000 1.000000000000015 0.500000000000014 0.000000000000029 299.996883256771184 1.499984416203600
0.016000000000000 1.000000000000016 0.500000000000014 0.000000000000023 299.996883256772094 1.499984416204799
0.016100000000000 1.000000000000016 0.500000000000014 0.000000000000017 299.996883256771753 1.499984416206448
0.016200000000000 1.000000000000014 0.500000000000014 0.000000000000012 299.996883256771923 1.499984416208619
0.016300000000000 1.000000000000015 0.500000000000014 0.000000000000005 299.996883256771412 1.499984416211256
0.016400000000000 1.000000000000015 0.500000000000014 -0.000000000000000 299.996883256772264 1.499984416214307
0.016500000000000 1.000000000000016 0.500000000000014 -0.000000000000006 299.996883256771923 1.499984416217739
0.016600000000000 1.000000000000015 0.500000000000014 -0.000000000000014 299.996883256771639 1.499984416221510
0.016700000000000 1.000000000000016 0.500000000000014 -0.000000000000018 299.996883256771696 1.499984416225576
0.016800000000000 1.000000000000015 0.500000000000014 -0.000000000000025 299.996883256771923 1.499984416229919
0.016900000000000 1.000000000000016 0.500000000000014 -0.000000000000032 299.996883256772094 1.499984416234474
0.017000000000000 1.000000000000018 0.500000000000013 -0.000000000000038 299.996883256771980 1.499984416239136
0.017100000000000 1.000000000000016 0.500000000000014 -0.000000000000045 299.996883256771866 1.499984416243864
0.017200000000000 1.000000000000016 0.500000000000014 -0.000000000000052 299.996883256772094 1.499984416248660
0.017300000000000 1.000000000000017 0.500000000000015 -0.000000000000060 299.996883256771753 1.499984416253361
0.017400000000000 1.000000000000016 0.500000000000014 -0.000000000000065 299.996883256772094 1.499984416258035
0.017500000000000 1.000000000000014 0.500000000000014 -0.000000000000070 299.996883256772207 1.499984416262473
0.017600000000000 1.000000000000018 0.500000000000015 -0.000000000000074 299.996883256772037 1.499984416266698
0.017700000000000 1.000000000000016 0.500000000000014 -0.000000000000082 299.996883256771753 1.499984416270589
0.017800000000000 1.000000000000018 0.500000000000014 -0.000000000000087 299.996883256772719 1.499984416274115
0.017900000000000 1.000000000000017 0.500000000000015 -0.000000000000095 299.996883256772151 1.499984416277165
0.018000000000000 1.000000000000017 0.500000000000015 -0.000000000000102 299.996883256772435 1.499984416279718
0.018100000000000 1.000000000000018 0.500000000000015 -0.000000000000105 299.996883256771810 1.499984416281642
0.018200000000000 1.000000000000017 0.500000000000015 -0.000000000000111 299.996883256772549 1.499984416282970
0.018300000000000 1.000000000000018 0.500000000000015 -0.000000000000117 299.996883256772492 1.499984416283599
0.018400000000000 1.000000000000018 0.500000000000015 -0.000000000000121 299.996883256772833 1.499984416283426
0.018500000000000 1.000000000000018 0.500000000000015 -0.000000000000128 299.996883256772378 1.499984416282472
0.018600000000000 1.000000000000017 0.500000000000015 -0.000000000000132 299.996883256772264 1.499984416280595
0.018700000000000 1.000000000000018 0.500000000000015 -0.000000000000137 299.996883256772662 1.499984416277905
0.018800000000000 1.000000000000018 0.500000000000015 -0.000000000000141 299.996883256772719 1.499984416274201
0.018900000000000 1.000000000000019 0.500000000000015 -0.000000000000146 299.996883256772662 1.499984416269476
0.019000000000000 1.000000000000017 0.500000000000015 -0.000000000000151 299.996883256771980 1.499984416263750
0.019100000000000 1.000000000000020 0.500000000000015 -0.000000000000155 299.996883256772776 1.499984416256992
0.019200000000000 1.000000000000019 0.500000000000015 -0.000000000000160 299.996883256772776 1.499984416249199
0.019300000000000 1.000000000000018 0.500000000000015 -0.000000000000165 299.996883256773003 1.499984416240336
0.019400000000000 1.000000000000018 0.500000000000015 -0.000000000000170 299.996883256773060 1.499984416230372
0.019500000000000 1.000000000000019 0.500000000000015 -0.000000000000175 299.996883256772946 1.499984416219298
0.019600000000000 1.000000000000019 0.500000000000014 -0.000000000000180 299.996883256773003 1.499984416207239
0.019700000000000 1.000000000000019 0.500000000000015 -0.000000000000185 299.996883256773287 1.499984416194021
0.019800000000000 1.000000000000019 0.500000000000014 -0.000000000000190 299.996883256772890 1.499984416179865
0.019900000000000 1.000000000000020 0.500000000000014 -0.000000000000194 299.996883256773060 1.499984416164686
0.020000000000000 1.000000000000020 0.500000000000014 -0.000000000000196 299.996883256772776 1.499984416148485
0.020100000000000 1.000000000000020 0.500000000000015 -0.000000000000198 299.996883256772605 1.499984416131369
0.020200000000000 1.000000000000019 0.500000000000014 -0.000000000000203 299.996883256772207 1.499984416113397
0.020300000000000 1.000000000000019 0.500000000000015 -0.000000000000207 299.996883256772549 1.499984416094553
0.020400000000000 1.000000000000020 0.500000000000015 -0.000000000000208 299.996883256772264 1.499984416074973
0.020500000000000 1.000000000000019 0.500000000000015 -0.000000000000211 299.996883256774652 1.499984416054668
0.020600000000000 1.000000000000021 0.500000000000015 -0.000000000000213 299.996883256772890 1.499984416033751
0.020700000000000 1.000000000000020 0.500000000000015 -0.000000000000215 299.996883256771866 1.499984416012255
0.020800000000000 1.000000000000020 0.500000000000015 -0.000000000000219 299.996883256772321 1.499984415990271
0.020900000000000 1.000000000000018 0.500000000000015 -0.000000000000224 299.996883256772833 1.499984415967905
0.021000000000000 1.000000000000019 0.500000000000015 -0.000000000000226 299.996883256773174 1.499984415945218
0.021100000000000 1.000000000000020 0.500000000000015 -0.000000000000230 299.996883256773231 1.499984415922295
0.021200000000000 1.000000000000021 0.500000000000014 -0.000000000000232 299.996883256773344 1.499984415899284
0.021300000000000 1.000000000000020 0.500000000000015 -0.000000000000234 299.996883256773231 1.499984415876173
0.021400000000000 1.000000000000020 0.500000000000015 -0.000000000000237 299.996883256773685 1.499984415853185
0.021500000000000 1.000000000000021 0.500000000000014 -0.000000000000241 299.996883256773344 1.499984415830385
0.021600000000000 1.000000000000020 0.500000000000015 -0.000000000000242 299.996883256773685 1.499984415807738
0.021700000000000 1.000000000000021 0.500000000000015 -0.000000000000244 299.996883256773231 1.499984415785540
0.021800000000000 1.000000000000022 0.500000000000015 -0.000000000000246 299.996883256773344 1.499984415763773
0.021900000000000 1.000000000000021 0.500000000000015 -0.000000000000249 299.996883256773742 1.499984415742555
0.022000000000000 1.000000000000022 0.500000000000015 -0.000000000000252 299.996883256773913 1.499984415721956
0.022100000000000 1.000000000000022 0.500000000000015 -0.000000000000256 299.996883256773572 1.499984415702133
0.022200000000000 1.000000000000021 0.500000000000014 -0.000000000000258 299.996883256773458 1.499984415683189
0.022300000000000 1.000000000000023 0.500000000000015 -0.000000000000259 299.996883256773572 1.499984415665097
0.022400000000000 1.000000000000021 0.500000000000015 -0.000000000000261 299.996883256773856 1.499984415648000
0.022500000000000 1.000000000000023 0.500000000000014 -0.000000000000260 299.996883256773685 1.499984415632064
0.022600000000000 1.000000000000022 0.500000000000015 -0.000000000000261 299.996883256773003 1.499984415617174
0.022700000000000 1.000000000000022 0.500000000000015 -0.000000000000263 299.996883256773742 1.499984415603623
0.022800000000000 1.000000000000023 0.500000000000015 -0.000000000000263 299.996883256773458 1.499984415591264
0.022900000000000 1.000000000000022 0.500000000000015 -0.000000000000264 299.996883256773572 1.499984415580332
0.023000000000000 1.000000000000023 0.500000000000014 -0.000000000000265 299.996883256773799 1.499984415570759
0.023100000000000 1.000000000000022 0.500000000000015 -0.000000000000267 299.996883256773572 1.499984415562651
0.023200000000000 1.000000000000023 0.500000000000014 -0.000000000000268 299.996883256774140 1.499984415556038
0.023300000000000 1.000000000000022 0.500000000000014 -0.000000000000268 299.996883256773799 1.499984415550897
0.023400000000000 1.000000000000023 0.500000000000015 -0.000000000000268 299.996883256773685 1.499984415547285
0.023500000000000 1.000000000000022 0.500000000000014 -0.000000000000268 299.996883256773685 1.499984415545306
0.023600000000000 1.000000000000022 0.500000000000015 -0.000000000000268 299.996883256773629 1.499984415544863
0.023700000000000 1.000000000000023 0.500000000000015 -0.000000000000269 299.996883256774368 1.499984415545956
0.023800000000000 1.000000000000025 0.500000000000015 -0.000000000000267 299.996883256774254 1.499984415548655
0.023900000000000 1.000000000000024 0.500000000000015 -0.000000000000266 299.996883256774140 1.499984415552920
0.024000000000000 1.000000000000024 0.500000000000015 -0.000000000000265 299.996883256774368 1.499984415558725
0.024100000000000 1.000000000000023 0.500000000000015 -0.000000000000264 299.996883256774083 1.499984415565974
0.024200000000000 1.000000000000024 0.500000000000014 -0.000000000000263 299.996883256774083 1.499984415574764
0.024300000000000 1.000000000000023 0.500000000000015 -0.000000000000262 299.996883256774254 1.499984415584887
0.024400000000000 1.000000000000023 0.500000000000015 -0.000000000000261 299.996883256774765 1.499984415596444
0.024500000000000 1.000000000000023 0.500000000000014 -0.000000000000259 299.996883256774595 1.499984415609366
0.024600000000000 1.000000000000024 0.500000000000016 -0.000000000000257 299.996883256774140 1.499984415623445
0.024700000000000 1.000000000000025 0.500000000000015 -0.000000000000255 299.996883256774026 1.499984415638791
0.024800000000000 1.000000000000024 0.500000000000015 -0.000000000000253 299.996883256774879 1.499984415655282
0.024900000000000 1.000000000000025 0.500000000000015 -0.000000000000250 299.996883256774481 1.499984415672809
0.025000000000000 1.000000000000025 0.500000000000015 -0.000000000000251 299.996883256774254 1.499984415691274
0.025100000000000 1.000000000000022 0.500000000000015 -0.000000000000250 299.996883256774140 1.499984415710663
0.025200000000000 1.000000000000023 0.500000000000014 -0.000000000000246 299.996883256774026 1.499984415730861
0.025300000000000 1.000000000000025 0.500000000000014 -0.000000000000243 299.996883256774709 1.499984415751677
0.025400000000000 1.000000000000025 0.500000000000014 -0.000000000000241 299.996883256774481 1.499984415773162
0.025500000000000 1.000000000000024 0.500000000000014 -0.000000000000238 299.996883256774481 1.499984415795143
0.025600000000000 1.000000000000025 0.500000000000015 -0.000000000000235 299.996883256773685 1.499984415817513
0.025700000000000 1.000000000000026 0.500000000000015 -0.000000000000233 299.996883256775504 1.499984415840225
0.025800000000000 1.000000000000025 0.500000000000014 -0.000000000000230 299.996883256775675 1.499984415863187
0.025900000000000 1.000000000000026 0.500000000000015 -0.000000000000227 299.996883256774140 1.499984415886208
0.026000000000000 1.000000000000027 0.500000000000015 -0.000000000000225 299.996883256775106 1.499984415909277
0.026100000000000 1.000000000000027 0.500000000000015 -0.000000000000222 299.996883256774765 1.499984415932214
0.026200000000000 1.000000000000026 0.500000000000014 -0.000000000000219 299.996883256774709 1.499984415955143
0.026300000000000 1.000000000000026 0.500000000000015 -0.000000000000217 299.996883256775277 1.499984415977646
0.026400000000000 1.000000000000027 0.500000000000015 -0.000000000000215 299.996883256774936 1.499984415999844
0.026500000000000 1.000000000000027 0.500000000000015 -0.000000000000211 299.996883256775277 1.499984416021608
0.026600000000000 1.000000000000027 0.500000000000015 -0.000000000000206 299.996883256775334 1.499984416042893
0.026700000000000 1.000000000000028 0.500000000000015 -0.000000000000202 299.996883256775163 1.499984416063577
0.026800000000000 1.000000000000027 0.500000000000015 -0.000000000000198 299.996883256775220 1.499984416083571
0.026900000000000 1.000000000000027 0.500000000000015 -0.000000000000196 299.996883256775448 1.499984416102757
0.027000000000000 1.000000000000027 0.500000000000015 -0.000000000000191 299.996883256774936 1.499984416121249
0.027100000000000 1.000000000000026 0.500000000000014 -0.000000000000187 299.996883256775732 1.499984416138906
0.027200000000000 1.000000000000026 0.500000000000015 -0.000000000000183 299.996883256775106 1.499984416155561
0.027300000000000 1.000000000000028 0.500000000000015 -0.000000000000179 299.996883256775391 1.499984416171337
0.027400000000000 1.000000000000029 0.500000000000015 -0.000000000000173 299.996883256775504 1.499984416186074
0.027500000000000 1.000000000000028 0.500000000000015 -0.000000000000168 299.996883256775959 1.499984416199833
0.027600000000000 1.000000000000029 0.500000000000014 -0.000000000000164 299.996883256775789 1.499984416212592
0.027700000000000 1.000000000000029 0.500000000000015 -0.000000000000161 299.996883256775391 1.499984416224157
0.027800000000000 1.000000000000029 0.500000000000015 -0.000000000000157 299.996883256775618 1.499984416234727
0.027900000000000 1.000000000000030 0.500000000000015 -0.000000000000154 299.996883256775732 1.499984416244233
0.028000000000000 1.000000000000029 0.500000000000015 -0.000000000000148 299.996883256775732 1.499984416252657
0.028100000000000 1.000000000000029 0.500000000000015 -0.000000000000143 299.996883256775845 1.499984416259986
0.028200000000000 1.000000000000030 0.500000000000014 -0.000000000000139 299.996883256775561 1.499984416266339
0.028300000000000 1.000000000000029 0.500000000000015 -0.000000000000133 299.996883256775618 1.499984416271546
0.028400000000000 1.000000000000028 0.500000000000015 -0.000000000000128 299.996883256775959 1.499984416275804
0.028500000000000 1.000000000000029 0.500000000000016 -0.000000000000122 299.996883256775504 1.499984416279060
0.028600000000000 1.000000000000029 0.500000000000015 -0.000000000000117 299.996883256776073 1.499984416281449
0.028700000000000 1.000000000000030 0.500000000000015 -0.000000000000111 299.996883256775504 1.499984416282879
0.028800000000000 1.000000000000029 0.500000000000016 -0.000000000000107 299.996883256775504 1.499984416283484
0.028900000000000 1.000000000000030 0.500000000000015 -0.000000000000102 299.996883256775789 1.499984416283297
0.029000000000000 1.000000000000030 0.500000000000016 -0.000000000000097 299.996883256776300 1.499984416282343
0.029100000000000 1.000000000000030 0.500000000000016 -0.000000000000091 299.996883256776186 1.499984416280757
0.029200000000000 1.000000000000030 0.500000000000016 -0.000000000000086 299.996883256776300 1.499984416278520
0.029300000000000 1.000000000000031 0.500000000000015 -0.000000000000081 299.996883256776471 1.499984416275765
0.029400000000000 1.000000000000030 0.500000000000016 -0.000000000000076 299.996883256775618 1.499984416272457
0.029500000000000 1.000000000000031 0.500000000000015 -0.000000000000070 299.996883256776073 1.499984416268825
0.029600000000000 1.000000000000031 0.500000000000016 -0.000000000000065 299.996883256776073 1.499984416264704
0.029700000000000 1.000000000000030 0.500000000000016 -0.000000000000059 299.996883256776755 1.499984416260404
0.029800000000000 1.000000000000032 0.500000000000015 -0.000000000000053 299.996883256776755 1.499984416255906
0.029900000000000 1.000000000000032 0.500000000000016 -0.000000000000048 299.996883256776869 1.499984416251159
0.030000000000000 1.000000000000031 0.500000000000016 -0.000000000000042 299.996883256775959 1.499984416246398
0.030100000000000 1.000000000000032 0.500000000000016 -0.000000000000036 299.996883256776186 1.499984416241592
0.030200000000000 1.000000000000031 0.500000000000016 -0.000000000000029 299.996883256776357 1.499984416236877
0.030300000000000 1.000000000000031 0.500000000000016 -0.000000000000024 299.996883256776584 1.499984416232274
0.030400000000000 1.000000000000031 0.500000000000016 -0.000000000000018 299.996883256776414 1.499984416227842
0.030500000000000 1.000000000000032 0.500000000000016 -0.000000000000012 299.996883256776755 1.499984416223598
0.030600000000000 1.000000000000031 0.500000000000017 -0.000000000000006 299.996883256776528 1.499984416219601
0.030700000000000 1.000000000000033 0.500000000000016 -0.000000000000001 299.996883256776186 1.499984416216000
0.030800000000000 1.000000000000032 0.500000000000016 0.000000000000005 299.996883256777323 1.499984416212764
0.030900000000000 1.000000000000032 0.500000000000016 0.000000000000011 299.996883256776186 1.499984416209869
0.031000000000000 1.000000000000033 0.500000000000017 0.000000000000016 299.996883256775959 1.499984416207440
0.031100000000000 1.000000000000033 0.500000000000016 0.000000000000021 299.996883256776357 1.499984416205509
0.031200000000000 1.000000000000032 0.500000000000017 0.000000000000027 299.996883256776186 1.499984416203993
0.031300000000000 1.000000000000034 0.500000000000017 0.000000000000032 299.996883256777437 1.499984416203051
0.031400000000000 1.000000000000033 0.500000000000017 0.000000000000039 299.996883256776584 1.499984416202603
0.031500000000000 1.000000000000032 0.500000000000017 0.000000000000045 299.996883256777551 1.499984416202681
0.031600000000000 1.000000000000034 0.500000000000018 0.000000000000050 299.996883256776528 1.499984416203226
0.031700000000000 1.000000000000034 0.500000000000017 0.000000000000056 299.996883256776982 1.499984416204310
0.031800000000000 1.000000000000034 0.500000000000017 0.000000000000059 299.996883256777323 1.499984416205931
0.031900000000000 1.000000000000034 0.500000000000017 0.000000000000065 299.996883256777153 1.499984416208018
0.032000000000000 1.000000000000034 0.500000000000017 0.000000000000070 299.996883256777096 1.499984416210522
0.032100000000000 1.000000000000034 0.500000000000017 0.000000000000076 299.996883256777039 1.499984416213519
0.032200000000000 1.000000000000034 0.500000000000017 0.000000000000081 299.996883256777039 1.499984416216863
0.032300000000000 1.000000000000033 0.500000000000017 0.000000000000087 299.996883256777210 1.499984416220560
0.032400000000000 1.000000000000036 0.500000000000018 0.000000000000092 299.996883256776755 1.499984416224571
0.032500000000000 1.000000000000034 0.500000000000017 0.000000000000096 299.996883256776982 1.499984416228899
0.032600000000000 1.000000000000034 0.500000000000018 0.000000000000104 299.996883256777323 1.499984416233344
0.032700000000000 1.000000000000034 0.500000000000017 0.000000000000110 299.996883256777323 1.499984416238022
0.032800000000000 1.000000000000035 0.500000000000018 0.000000000000114 299.996883256777267 1.499984416242768
0.032900000000000 1.000000000000035 0.500000000000017 0.000000000000120 299.996883256777380 1.499984416247558
0.033000000000000 1.000000000000034 0.500000000000018 0.000000000000125 299.996883256777608 1.499984416252277
0.033100000000000 1.000000000000034 0.500000000000018 0.000000000000129 299.996883256777210 1.499984416256928
0.033200000000000 1.000000000000034 0.500000000000018 0.000000000000134 299.996883256777892 1.499984416261440
0.033300000000000 1.000000000000035 0.500000000000018 0.000000000000137 299.996883256777494 1.499984416265737
0.033400000000000 1.000000000000034 0.500000000000018 0.000000000000141 299.996883256777664 1.499984416269688
0.033500000000000 1.000000000000035 0.500000000000018 0.000000000000146 299.996883256777096 1.499984416273278
0.033600000000000 1.000000000000036 0.500000000000018 0.000000000000149 299.996883256777551 1.499984416276457
0.033700000000000 1.000000000000034 0.500000000000018 0.000000000000155 299.996883256778176 1.499984416279070
0.033800000000000 1.000000000000035 0.500000000000018 0.000000000000160 299.996883256777267 1.499984416281168
0.033900000000000 1.000000000000034 0.500000000000018 0.000000000000164 299.996883256776755 1.499984416282619
0.034000000000000 1.000000000000035 0.500000000000018 0.000000000000167 299.996883256777039 1.499984416283339
0.034100000000000 1.000000000000035 0.500000000000019 0.000000000000173 299.996883256777551 1.499984416283315
0.034200000000000 1.000000000000035 0.500000000000018 0.000000000000177 299.996883256777210 1.499984416282539
0.034300000000000 1.000000000000034 0.500000000000018 0.000000000000182 299.996883256777210 1.499984416280878
0.034400000000000 1.000000000000034 0.500000000000018 0.000000000000188 299.996883256777494 1.499984416278338
0.034500000000000 1.000000000000036 0.500000000000018 0.000000000000194 299.996883256777551 1.499984416274746
0.034600000000000 1.000000000000034 0.500000000000019 0.000000000000198 299.996883256777437 1.499984416270245
0.034700000000000 1.000000000000036 0.500000000000019 0.000000000000201 299.996883256777664 1.499984416264704
0.034800000000000 1.000000000000036 0.500000000000019 0.000000000000206 299.996883256777835 1.499984416258159
0.034900000000000 1.000000000000036 0.500000000000019 0.000000000000210 299.996883256777835 1.499984416250566
0.035000000000000 1.000000000000035 0.500000000000019 0.000000000000213 299.996883256777892 1.499984416241906
0.035100000000000 1.000000000000035 0.500000000000019 0.000000000000217 299.996883256777835 1.499984416232106
0.035200000000000 1.000000000000035 0.500000000000019 0.000000000000220 299.996883256777892 1.499984416221285
0.035300000000000 1.000000000000036 0.500000000000019 0.000000000000223 299.996883256777267 1.499984416209404
0.035400000000000 1.000000000000037 0.500000000000020 0.000000000000227 299.996883256778119 1.499984416196390
0.035500000000000 1.000000000000035 0.500000000000019 0.000000000000231 299.996883256778290 1.499984416182400
0.035600000000000 1.000000000000036 0.500000000000019 0.000000000000235 299.996883256778233 1.499984416167428
0.035700000000000 1.000000000000036 0.500000000000019 0.000000000000239 299.996883256777892 1.499984416151406
0.035800000000000 1.000000000000038 0.500000000000019 0.000000000000243 299.996883256777892 1.499984416134432
0.035900000000000 1.000000000000035 0.500000000000020 0.000000000000247 299.996883256777778 1.499984416116604
0.036000000000000 1.000000000000037 0.500000000000020 0.000000000000250 299.996883256778347 1.499984416098002
0.036100000000000 1.000000000000038 0.500000000000020 0.000000000000254 299.996883256777437 1.499984416078523
0.036200000000000 1.000000000000038 0.500000000000020 0.000000000000256 299.996883256778005 1.499984416058372
0.036300000000000 1.000000000000037 0.500000000000020 0.000000000000260 299.996883256779142 1.499984416037542
0.036400000000000 1.000000000000038 0.500000000000020 0.000000000000264 299.996883256778005 1.499984416016129
0.036500000000000 1.000000000000039 0.500000000000020 0.000000000000267 299.996883256778119 1.499984415994229
0.036600000000000 1.000000000000038 0.500000000000020 0.000000000000271 299.996883256777664 1.499984415971952
0.036700000000000 1.000000000000038 0.500000000000021 0.000000000000274 299.996883256779029 1.499984415949308
0.036800000000000 1.000000000000039 0.500000000000020 0.000000000000276 299.996883256777949 1.499984415926460
0.036900000000000 1.000000000000038 0.500000000000022 0.000000000000279 299.996883256778347 1.499984415903382
0.037000000000000 1.000000000000040 0.500000000000022 0.000000000000283 299.996883256778688 1.499984415880347
0.037100000000000 1.000000000000039 0.500000000000021 0.000000000000283 299.996883256778801 1.499984415857340
0.037200000000000 1.000000000000039 0.500000000000021 0.000000000000284 299.996883256778460 1.499984415834428
0.037300000000000 1.000000000000040 0.500000000000021 0.000000000000285 299.996883256778347 1.499984415811785
0.037400000000000 1.000000000000038 0.500000000000021 0.000000000000288 299.996883256778972 1.499984415789487
0.037500000000000 1.000000000000039 0.500000000000022 0.000000000000290 299.996883256778688 1.499984415767599
0.037600000000000 1.000000000000038 0.500000000000022 0.000000000000292 299.996883256779029 1.499984415746261
0.037700000000000 1.000000000000040 0.500000000000022 0.000000000000293 299.996883256778915 1.499984415725591
0.037800000000000 1.000000000000039 0.500000000000022 0.000000000000295 299.996883256778915 1.499984415705579
0.037900000000000 1.000000000000041 0.500000000000022 0.000000000000296 299.996883256778460 1.499984415686484
0.038000000000000 1.000000000000040 0.500000000000022 0.000000000000298 299.996883256778915 1.499984415668208
0.038100000000000 1.000000000000039 0.500000000000023 0.000000000000300 299.996883256779029 1.499984415650910
0.038200000000000 1.000000000000040 0.500000000000023 0.000000000000302 299.996883256778915 1.499984415634709
0.038300000000000 1.000000000000041 0.500000000000022 0.000000000000304 299.996883256779029 1.499984415619696
0.038400000000000 1.000000000000040 0.500000000000023 0.000000000000305 299.996883256778574 1.499984415605855
0.038500000000000 1.000000000000039 0.500000000000023 0.000000000000305 299.996883256779483 1.499984415593296
0.038600000000000 1.000000000000040 0.500000000000023 0.000000000000306 299.996883256779256 1.499984415582064
0.038700000000000 1.000000000000043 0.500000000000023 0.000000000000305 299.996883256779313 1.499984415572268
0.038800000000000 1.000000000000041 0.500000000000023 0.000000000000305 299.996883256779370 1.499984415563846
0.038900000000000 1.000000000000040 0.500000000000023 0.000000000000306 299.996883256779370 1.499984415556938
0.039000000000000 1.000000000000041 0.500000000000024 0.000000000000309 299.996883256779654 1.499984415551529
0.039100000000000 1.000000000000042 0.500000000000024 0.000000000000308 299.996883256779824 1.499984415547700
0.039200000000000 1.000000000000042 0.500000000000023 0.000000000000306 299.996883256779654 1.499984415545397
0.039300000000000 1.000000000000042 0.500000000000024 0.000000000000306 299.996883256779256 1.499984415544627
0.039400000000000 1.000000000000044 0.500000000000024 0.000000000000306 299.996883256779881 1.499984415545438
0.039500000000000 1.000000000000042 0.500000000000025 0.000000000000305 299.996883256779483 1.499984415547831
0.039600000000000 1.000000000000043 0.500000000000024 0.000000000000304 299.996883256779597 1.499984415551839
0.039700000000000 1.000000000000041 0.500000000000024 0.000000000000302 299.996883256779711 1.499984415557325
0.039800000000000 1.000000000000042 0.500000000000024 0.000000000000301 299.996883256779938 1.499984415564298
0.039900000000000 1.000000000000045 0.500000000000025 0.000000000000301 299.996883256779881 1.499984415572796
0.040000000000000 1.000000000000043 0.500000000000025 0.000000000000298 299.996883256779199 1.499984415582696
0.040100000000000 1.000000000000042 0.500000000000025 0.000000000000297 299.996883256779938 1.499984415593992
0.040200000000000 1.000000000000043 0.500000000000025 0.000000000000294 299.996883256780393 1.499984415606600
0.040300000000000 1.000000000000043 0.500000000000025 0.000000000000294 299.996883256779711 1.499984415620533
0.040400000000000 1.000000000000043 0.500000000000025 0.000000000000294 299.996883256779711 1.499984415635675
0.040500000000000 1.000000000000043 0.500000000000026 0.000000000000292 299.996883256780166 1.499984415651892
0.040600000000000 1.000000000000043 0.500000000000026 0.000000000000291 299.996883256779938 1.499984415669247
0.040700000000000 1.000000000000044 0.500000000000025 0.000000000000289 299.996883256780279 1.499984415687564
0.040800000000000 1.000000000000045 0.500000000000026 0.000000000000288 299.996883256779881 1.499984415706753
0.040900000000000 1.000000000000044 0.500000000000025 0.000000000000286 299.996883256780279 1.499984415726805
0.041000000000000 1.000000000000044 0.500000000000027 0.000000000000286 299.996883256780166 1.499984415747478
0.041100000000000 1.000000000000044 0.500000000000026 0.000000000000283 299.996883256780279 1.499984415768886
0.041200000000000 1.000000000000045 0.500000000000026 0.000000000000282 299.996883256780166 1.499984415790725
0.041300000000000 1.000000000000045 0.500000000000026 0.000000000000277 299.996883256780279 1.499984415813078
0.041400000000000 1.000000000000045 0.500000000000026 0.000000000000275 299.996883256781871 1.499984415835746
0.041500000000000 1.000000000000045 0.500000000000026 0.000000000000274 299.996883256779824 1.499984415858633
0.041600000000000 1.000000000000045 0.500000000000027 0.000000000000271 299.996883256780109 1.499984415881647
0.041700000000000 1.000000000000044 0.500000000000026 0.000000000000270 299.996883256781643 1.499984415904762
0.041800000000000 1.000000000000045 0.500000000000027 0.000000000000268 299.996883256779711 1.499984415927763
0.041900000000000 1.000000000000046 0.500000000000027 0.000000000000266 299.996883256780961 1.499984415950627
0.042000000000000 1.000000000000044 0.500000000000027 0.000000000000264 299.996883256781189 1.499984415973247
0.042100000000000 1.000000000000045 0.500000000000027 0.000000000000261 299.996883256780620 1.499984415995515
0.042200000000000 1.000000000000044 0.500000000000028 0.000000000000259 299.996883256781643 1.499984416017361
0.042300000000000 1.000000000000045 0.500000000000027 0.000000000000256 299.996883256780393 1.499984416038743
0.042400000000000 1.000000000000044 0.500000000000028 0.000000000000251 299.996883256780620 1.499984416059475
0.042500000000000 1.000000000000045 0.500000000000028 0.000000000000249 299.996883256781075 1.499984416079615
0.042600000000000 1.000000000000044 0.500000000000028 0.000000000000245 299.996883256780393 1.499984416099009
0.042700000000000 1.000000000000046 0.500000000000028 0.000000000000242 299.996883256780848 1.499984416117640
0.042800000000000 1.000000000000046 0.500000000000027 0.000000000000239 299.996883256781416 1.499984416135440
0.042900000000000 1.000000000000045 0.500000000000028 0.000000000000238 299.996883256780734 1.499984416152289
0.043000000000000 1.000000000000046 0.500000000000028 0.000000000000233 299.996883256780450 1.499984416168224
0.043100000000000 1.000000000000045 0.500000000000028 0.000000000000230 299.996883256780620 1.499984416183175
0.043200000000000 1.000000000000047 0.500000000000028 0.000000000000226 299.996883256780848 1.499984416197113
0.043300000000000 1.000000000000047 0.500000000000028 0.000000000000223 299.996883256780677 1.499984416210032
0.043400000000000 1.000000000000047 0.500000000000027 0.000000000000219 299.996883256780734 1.499984416221894
0.043500000000000 1.000000000000047 0.500000000000028 0.000000000000214 299.996883256780791 1.499984416232610
0.043600000000000 1.000000000000047 0.500000000000029 0.000000000000208 299.996883256781189 1.499984416242333
0.043700000000000 1.000000000000048 0.500000000000028 0.000000000000204 299.996883256781189 1.499984416250941
0.043800000000000 1.000000000000047 0.500000000000029 0.000000000000199 299.996883256781189 1.499984416258462
0.043900000000000 1.000000000000048 0.500000000000029 0.000000000000197 299.996883256781302 1.499984416264944
0.044000000000000 1.000000000000048 0.500000000000029 0.000000000000195 299.996883256781530 1.499984416270404
0.044100000000000 1.000000000000048 0.500000000000029 0.000000000000190 299.996883256781700 1.499984416274898
0.044200000000000 1.000000000000048 0.500000000000029 0.000000000000186 299.996883256781189 1.499984416278315
0.044300000000000 1.000000000000049 0.500000000000030 0.000000000000182 299.996883256781757 1.499984416280837
0.044400000000000 1.000000000000047 0.500000000000030 0.000000000000177 299.996883256781302 1.499984416282448
0.044500000000000 1.000000000000048 0.500000000000030 0.000000000000174 299.996883256781075 1.499984416283211
0.044600000000000 1.000000000000048 0.500000000000029 0.000000000000169 299.996883256781302 1.499984416283209
0.044700000000000 1.000000000000049 0.500000000000031 0.000000000000163 299.996883256781302 1.499984416282355
0.044800000000000 1.000000000000050 0.500000000000030 0.000000000000159 299.996883256781530 1.499984416280850
0.044900000000000 1.000000000000050 0.500000000000030 0.000000000000155 299.996883256781530 1.499984416278790
0.045000000000000 1.000000000000049 0.500000000000030 0.000000000000151 299.996883256781246 1.499984416276128
0.045100000000000 1.000000000000049 0.500000000000031 0.000000000000147 299.996883256781757 1.499984416272911
0.045200000000000 1.000000000000048 0.500000000000030 0.000000000000141 299.996883256782155 1.499984416269342
0.045300000000000 1.000000000000049 0.500000000000030 0.000000000000136 299.996883256782098 1.499984416265332
0.045400000000000 1.000000000000050 0.500000000000031 0.000000000000130 299.996883256781757 1.499984416260987
0.045500000000000 1.000000000000051 0.500000000000030 0.000000000000124 299.996883256782212 1.499984416256508
0.045600000000000 1.000000000000050 0.500000000000031 0.000000000000119 299.996883256781985 1.499984416251859
0.045700000000000 1.000000000000048 0.500000000000031 0.000000000000113 299.996883256781757 1.499984416247097
0.045800000000000 1.000000000000050 0.500000000000030 0.000000000000107 299.996883256782041 1.499984416242336
0.045900000000000 1.000000000000050 0.500000000000030 0.000000000000102 299.996883256782098 1.499984416237572
0.046000000000000 1.000000000000050 0.500000000000031 0.000000000000096 299.996883256782155 1.499984416232901
0.046100000000000 1.000000000000050 0.500000000000031 0.000000000000090 299.996883256782041 1.499984416228411
0.046200000000000 1.000000000000051 0.500000000000031 0.000000000000084 299.996883256782553 1.499984416224124
0.046300000000000 1.000000000000051 0.500000000000031 0.000000000000078 299.996883256782212 1.499984416220112
0.046400000000000 1.000000000000052 0.500000000000032 0.000000000000073 299.996883256782326 1.499984416216419
0.046500000000000 1.000000000000050 0.500000000000031 0.000000000000068 299.996883256781530 1.499984416213109
0.046600000000000 1.000000000000052 0.500000000000032 0.000000000000061 299.996883256781643 1.499984416210159
0.046700000000000 1.000000000000051 0.500000000000031 0.000000000000057 299.996883256783235 1.499984416207679
0.046800000000000 1.000000000000052 0.500000000000032 0.000000000000052 299.996883256782553 1.499984416205582
0.046900000000000 1.000000000000051 0.500000000000032 0.000000000000048 299.996883256782098 1.499984416204016
0.047000000000000 1.000000000000052 0.500000000000031 0.000000000000043 299.996883256782326 1.499984416203000
0.047100000000000 1.000000000000052 0.500000000000032 0.000000000000037 299.996883256782780 1.499984416202411
0.047200000000000 1.000000000000051 0.500000000000032 0.000000000000030 299.996883256781530 1.499984416202369
0.047300000000000 1.000000000000053 0.500000000000031 0.000000000000023 299.996883256783349 1.499984416202899
0.047400000000000 1.000000000000052 0.500000000000032 0.000000000000019 299.996883256782894 1.499984416203857
0.047500000000000 1.000000000000054 0.500000000000032 0.000000000000014 299.996883256783121 1.499984416205359
0.047600000000000 1.000000000000053 0.500000000000033 0.000000000000008 299.996883256782894 1.499984416207330
0.047700000000000 1.000000000000051 0.500000000000032 0.000000000000003 299.996883256782837 1.499984416209786
0.047800000000000 1.000000000000052 0.500000000000032 -0.000000000000002 299.996883256782553 1.499984416212693
0.047900000000000 1.000000000000054 0.500000000000033 -0.000000000000007 299.996883256783008 1.499984416215937
0.048000000000000 1.000000000000053 0.500000000000032 -0.000000000000013 299.996883256783121 1.499984416219655
0.048100000000000 1.000000000000054 0.500000000000032 -0.000000000000019 299.996883256783065 1.499984416223617
0.048200000000000 1.000000000000053 0.500000000000033 -0.000000000000024 299.996883256782667 1.499984416227843
0.048300000000000 1.000000000000053 0.500000000000033 -0.000000000000027 299.996883256782894 1.499984416232292
0.048400000000000 1.000000000000053 0.500000000000032 -0.000000000000032 299.996883256782553 1.499984416236921
0.048500000000000 1.000000000000054 0.500000000000032 -0.000000000000038 299.996883256782951 1.499984416241698
0.048600000000000 1.000000000000054 0.500000000000033 -0.000000000000044 299.996883256782780 1.499984416246471
0.048700000000000 1.000000000000053 0.500000000000032 -0.000000000000049 299.996883256783065 1.499984416251219
0.048800000000000 1.000000000000053 0.500000000000033 -0.000000000000054 299.996883256782894 1.499984416255882
0.048900000000000 1.000000000000054 0.500000000000032 -0.000000000000058 299.996883256783065 1.499984416260431
0.049000000000000 1.000000000000054 0.500000000000033 -0.000000000000063 299.996883256782780 1.499984416264750
0.049100000000000 1.000000000000053 0.500000000000032 -0.000000000000068 299.996883256783462 1.499984416268777
0.049200000000000 1.000000000000053 0.500000000000032 -0.000000000000073 299.996883256783065 1.499984416272455
0.049300000000000 1.000000000000053 0.500000000000032 -0.000000000000077 299.996883256783292 1.499984416275677
0.049400000000000 1.000000000000054 0.500000000000032 -0.000000000000080 299.996883256782951 1.499984416278434
0.049500000000000 1.000000000000053 0.500000000000033 -0.000000000000085 299.996883256782894 1.499984416280618
0.049600000000000 1.000000000000055 0.500000000000033 -0.000000000000090 299.996883256783235 1.499984416282170
0.049700000000000 1.000000000000053 0.500000000000033 -0.000000000000095 299.996883256783462 1.499984416283064
0.049800000000000 1.000000000000055 0.500000000000033 -0.000000000000100 299.996883256783178 1.499984416283184
0.049900000000000 1.000000000000055 0.500000000000033 -0.000000000000105 299.996883256783462 1.499984416282529
0.050000000000000 1.000000000000055 0.500000000000032 -0.000000000000108 299.996883256783462 1.499984416281059
0.050100000000000 1.000000000000056 0.500000000000033 -0.000000000000115 299.996883256783349 1.499984416278615
0.050200000000000 1.000000000000056 0.500000000000033 -0.000000000000122 299.996883256783690 1.499984416275236
0.050300000000000 1.000000000000055 0.500000000000034 -0.000000000000125 299.996883256783804 1.499984416270926
0.050400000000000 1.000000000000055 0.500000000000033 -0.000000000000129 299.996883256783633 1.499984416265642
0.050500000000000 1.000000000000055 0.500000000000033 -0.000000000000133 299.996883256783633 1.499984416259281
0.050600000000000 1.000000000000056 0.500000000000033 -0.000000000000136 299.996883256783690 1.499984416251863
0.050700000000000 1.000000000000056 0.500000000000032 -0.000000000000141 299.996883256783349 1.499984416243447
0.050800000000000 1.000000000000057 0.500000000000033 -0.000000000000147 299.996883256783462 1.499984416233834
0.050900000000000 1.000000000000054 0.500000000000033 -0.000000000000151 299.996883256783519 1.499984416223178
0.051000000000000 1.000000000000056 0.500000000000033 -0.000000000000152 299.996883256783860 1.499984416211499
0.051100000000000 1.000000000000056 0.500000000000033 -0.000000000000158 299.996883256784145 1.499984416198721
0.051200000000000 1.000000000000058 0.500000000000033 -0.000000000000161 299.996883256783804 1.499984416184910
0.051300000000000 1.000000000000056 0.500000000000034 -0.000000000000164 299.996883256784145 1.499984416170066
0.051400000000000 1.000000000000056 0.500000000000033 -0.000000000000166 299.996883256784088 1.499984416154276
0.051500000000000 1.000000000000057 0.500000000000033 -0.000000000000171 299.996883256783974 1.499984416137507
0.051600000000000 1.000000000000057 0.500000000000033 -0.000000000000176 299.996883256783178 1.499984416119843
0.051700000000000 1.000000000000056 0.500000000000033 -0.000000000000179 299.996883256784145 1.499984416101331
0.051800000000000 1.000000000000058 0.500000000000032 -0.000000000000181 299.996883256783235 1.499984416082086
0.051900000000000 1.000000000000057 0.500000000000034 -0.000000000000184 299.996883256783690 1.499984416061943
0.052000000000000 1.000000000000058 0.500000000000033 -0.000000000000187 299.996883256785054 1.499984416041303
0.052100000000000 1.000000000000057 0.500000000000033 -0.000000000000190 299.996883256783690 1.499984416019970
0.052200000000000 1.000000000000059 0.500000000000033 -0.000000000000195 299.996883256784145 1.499984415998170
0.052300000000000 1.000000000000057 0.500000000000033 -0.000000000000197 299.996883256784486 1.499984415975961
0.052400000000000 1.000000000000058 0.500000000000033 -0.000000000000200 299.996883256783804 1.499984415953370
0.052500000000000 1.000000000000058 0.500000000000034 -0.000000000000203 299.996883256784145 1.499984415930528
0.052600000000000 1.000000000000059 0.500000000000033 -0.000000000000204 299.996883256784542 1.499984415907575
0.052700000000000 1.000000000000058 0.500000000000033 -0.000000000000206 299.996883256784258 1.499984415884510
0.052800000000000 1.000000000000058 0.500000000000034 -0.000000000000209 299.996883256784940 1.499984415861400
0.052900000000000 1.000000000000060 0.500000000000034 -0.000000000000211 299.996883256784486 1.499984415838487
0.053000000000000 1.000000000000059 0.500000000000034 -0.000000000000214 299.996883256785168 1.499984415815773
0.053100000000000 1.000000000000060 0.500000000000034 -0.000000000000216 299.996883256784997 1.499984415793418
0.053200000000000 1.000000000000059 0.500000000000034 -0.000000000000218 299.996883256784713 1.499984415771475
0.053300000000000 1.000000000000060 0.500000000000034 -0.000000000000220 299.996883256784827 1.499984415750047
0.053400000000000 1.000000000000060 0.500000000000034 -0.000000000000222 299.996883256785054 1.499984415729182
0.053500000000000 1.000000000000059 0.500000000000034 -0.000000000000224 299.996883256784713 1.499984415709076
0.053600000000000 1.000000000000060 0.500000000000034 -0.000000000000226 299.996883256784599 1.499984415689750
0.053700000000000 1.000000000000059 0.500000000000033 -0.000000000000226 299.996883256784827 1.499984415671344
0.053800000000000 1.000000000000060 0.500000000000034 -0.000000000000227 299.996883256784827 1.499984415653880
0.053900000000000 1.000000000000060 0.500000000000034 -0.000000000000229 299.996883256784884 1.499984415637476
0.054000000000000 1.000000000000060 0.500000000000034 -0.000000000000231 299.996883256785054 1.499984415622171
0.054100000000000 1.000000000000060 0.500000000000034 -0.000000000000232 299.996883256785054 1.499984415608120
0.054200000000000 1.000000000000062 0.500000000000034 -0.000000000000232 299.996883256784940 1.499984415595302
0.054300000000000 1.000000000000062 0.500000000000034 -0.000000000000233 299.996883256785054 1.499984415583845
0.054400000000000 1.000000000000060 0.500000000000034 -0.000000000000236 299.996883256785338 1.499984415573743
0.054500000000000 1.000000000000059 0.500000000000034 -0.000000000000237 299.996883256785566 1.499984415565092
0.054600000000000 1.000000000000059 0.500000000000033 -0.000000000000237 299.996883256785168 1.499984415557962
0.054700000000000 1.000000000000061 0.500000000000034 -0.000000000000238 299.996883256785054 1.499984415552216
0.054800000000000 1.000000000000060 0.500000000000034 -0.000000000000239 299.996883256785509 1.499984415548080
0.054900000000000 1.000000000000062 0.500000000000034 -0.000000000000239 299.996883256785338 1.499984415545483
0.055000000000000 1.000000000000062 0.500000000000033 -0.000000000000241 299.996883256785395 1.499984415544490
0.055100000000000 1.000000000000062 0.500000000000034 -0.000000000000240 299.996883256785054 1.499984415544948
0.055200000000000 1.000000000000062 0.500000000000034 -0.000000000000241 299.996883256784713 1.499984415547067
0.055300000000000 1.000000000000062 0.500000000000034 -0.000000000000239 299.996883256785168 1.499984415550754
0.055400000000000 1.000000000000061 0.500000000000033 -0.000000000000238 299.996883256785281 1.499984415555970
0.055500000000000 1.000000000000062 0.500000000000034 -0.000000000000237 299.996883256785452 1.499984415562656
0.055600000000000 1.000000000000063 0.500000000000034 -0.000000000000237 299.996883256785623 1.499984415570856
0.055700000000000 1.000000000000062 0.500000000000033 -0.000000000000238 299.996883256786077 1.499984415580529
0.055800000000000 1.000000000000062 0.500000000000034 -0.000000000000238 299.996883256785395 1.499984415591514
0.055900000000000 1.000000000000063 0.500000000000034 -0.000000000000238 299.996883256785225 1.499984415603935
0.056000000000000 1.000000000000062 0.500000000000034 -0.000000000000238 299.996883256786020 1.499984415617601
0.056100000000000 1.000000000000061 0.500000000000034 -0.000000000000238 299.996883256786077 1.499984415632507
0.056200000000000 1.000000000000064 0.500000000000034 -0.000000000000238 299.996883256786020 1.499984415648570
0.056300000000000 1.000000000000063 0.500000000000034 -0.000000000000236 299.996883256785850 1.499984415665679
0.056400000000000 1.000000000000061 0.500000000000033 -0.000000000000237 299.996883256786418 1.499984415683866
0.056500000000000 1.000000000000062 0.500000000000034 -0.000000000000235 299.996883256786759 1.499984415702849
0.056600000000000 1.000000000000063 0.500000000000034 -0.000000000000233 299.996883256786077 1.499984415722756
0.056700000000000 1.000000000000062 0.500000000000034 -0.000000000000231 299.996883256786191 1.499984415743357
0.056800000000000 1.000000000000064 0.500000000000034 -0.000000000000230 299.996883256785964 1.499984415764602
0.056900000000000 1.000000000000064 0.500000000000034 -0.000000000000229 299.996883256786361 1.499984415786447
0.057000000000000 1.000000000000065 0.500000000000034 -0.000000000000227 299.996883256786191 1.499984415808671
0.057100000000000 1.000000000000064 0.500000000000034 -0.000000000000223 299.996883256786589 1.499984415831233
0.057200000000000 1.000000000000065 0.500000000000035 -0.000000000000217 299.996883256786418 1.499984415854083
0.057300000000000 1.000000000000064 0.500000000000034 -0.000000000000217 299.996883256786191 1.499984415877108
0.057400000000000 1.000000000000064 0.500000000000034 -0.000000000000215 299.996883256786987 1.499984415900201
0.057500000000000 1.000000000000064 0.500000000000034 -0.000000000000211 299.996883256785623 1.499984415923236
0.057600000000000 1.000000000000065 0.500000000000034 -0.000000000000209 299.996883256785395 1.499984415946116
0.057700000000000 1.000000000000065 0.500000000000034 -0.000000000000207 299.996883256786759 1.499984415968786
0.057800000000000 1.000000000000064 0.500000000000034 -0.000000000000205 299.996883256787328 1.499984415991164
0.057900000000000 1.000000000000066 0.500000000000034 -0.000000000000202 299.996883256786873 1.499984416013062
0.058000000000000 1.000000000000065 0.500000000000034 -0.000000000000198 299.996883256787100 1.499984416034560
0.058100000000000 1.000000000000066 0.500000000000034 -0.000000000000196 299.996883256786646 1.499984416055413
0.058200000000000 1.000000000000067 0.500000000000035 -0.000000000000193 299.996883256786418 1.499984416075654
0.058300000000000 1.000000000000065 0.500000000000034 -0.000000000000190 299.996883256787441 1.499984416095239
0.058400000000000 1.000000000000067 0.500000000000035 -0.000000000000186 299.996883256786646 1.499984416113988
0.058500000000000 1.000000000000067 0.500000000000034 -0.000000000000182 299.996883256787044 1.499984416131942
0.058600000000000 1.000000000000066 0.500000000000034 -0.000000000000179 299.996883256787328 1.499984416148992
0.058700000000000 1.000000000000068 0.500000000000035 -0.000000000000175 299.996883256786930 1.499984416165040
0.058800000000000 1.000000000000067 0.500000000000034 -0.000000000000171 299.996883256787271 1.499984416180248
0.058900000000000 1.000000000000067 0.500000000000034 -0.000000000000167 299.996883256786589 1.499984416194354
0.059000000000000 1.000000000000067 0.500000000000035 -0.000000000000165 299.996883256786873 1.499984416207453
0.059100000000000 1.000000000000067 0.500000000000035 -0.000000000000161 299.996883256786987 1.499984416219504
0.059200000000000 1.000000000000066 0.500000000000034 -0.000000000000158 299.996883256787044 1.499984416230475
0.059300000000000 1.000000000000067 0.500000000000035 -0.000000000000155 299.996883256786987 1.499984416240328
0.059400000000000 1.000000000000066 0.500000000000035 -0.000000000000152 299.996883256787157 1.499984416249164
0.059500000000000 1.000000000000065 0.500000000000034 -0.000000000000150 299.996883256786873 1.499984416256987
0.059600000000000 1.000000000000068 0.500000000000034 -0.000000000000144 299.996883256787214 1.499984416263618
0.059700000000000 1.000000000000067 0.500000000000035 -0.000000000000138 299.996883256787385 1.499984416269253
0.059800000000000 1.000000000000066 0.500000000000035 -0.000000000000133 299.996883256786589 1.499984416273865
0.059900000000000 1.000000000000066 0.500000000000034 -0.000000000000130 299.996883256786930 1.499984416277530
0.060000000000000 1.000000000000066 0.500000000000034 -0.000000000000126 299.996883256787441 1.499984416280245
0.060100000000000 1.000000000000067 0.500000000000035 -0.000000000000121 299.996883256787271 1.499984416282027
0.060200000000000 1.000000000000068 0.500000000000035 -0.000000000000116 299.996883256787100 1.499984416282920
0.060300000000000 1.000000000000068 0.500000000000034 -0.000000000000111 299.996883256787100 1.499984416283060
0.060400000000000 1.000000000000066 0.500000000000035 -0.000000000000106 299.996883256787328 1.499984416282376
0.060500000000000 1.000000000000068 0.500000000000035 -0.000000000000102 299.996883256786987 1.499984416281011
0.060600000000000 1.000000000000068 0.500000000000035 -0.000000000000096 299.996883256787669 1.499984416279017
0.060700000000000 1.000000000000068 0.500000000000035 -0.000000000000091 299.996883256787896 1.499984416276460
0.060800000000000 1.000000000000069 0.500000000000035 -0.000000000000086 299.996883256787612 1.499984416273374
0.060900000000000 1.000000000000069 0.500000000000036 -0.000000000000081 299.996883256787783 1.499984416269751
0.061000000000000 1.000000000000068 0.500000000000035 -0.000000000000075 299.996883256786703 1.499984416265883
0.061100000000000 1.000000000000069 0.500000000000035 -0.000000000000070 299.996883256787669 1.499984416261624
0.061200000000000 1.000000000000069 0.500000000000035 -0.000000000000064 299.996883256787441 1.499984416257162
0.061300000000000 1.000000000000069 0.500000000000035 -0.000000000000059 299.996883256787555 1.499984416252534
0.061400000000000 1.000000000000069 0.500000000000035 -0.000000000000054 299.996883256788180 1.499984416247768
0.061500000000000 1.000000000000069 0.500000000000035 -0.000000000000049 299.996883256787441 1.499984416243003
0.061600000000000 1.000000000000068 0.500000000000035 -0.000000000000043 299.996883256787896 1.499984416238237
0.061700000000000 1.000000000000069 0.500000000000035 -0.000000000000039 299.996883256787896 1.499984416233602
0.061800000000000 1.000000000000069 0.500000000000035 -0.000000000000032 299.996883256788010 1.499984416229055
0.061900000000000 1.000000000000069 0.500000000000035 -0.000000000000028 299.996883256787726 1.499984416224746
0.062000000000000 1.000000000000070 0.500000000000035 -0.000000000000022 299.996883256787783 1.499984416220676
0.062100000000000 1.000000000000070 0.500000000000035 -0.000000000000017 299.996883256788237 1.499984416216912
0.062200000000000 1.000000000000069 0.500000000000035 -0.000000000000011 299.996883256787214 1.499984416213504
0.062300000000000 1.000000000000069 0.500000000000035 -0.000000000000006 299.996883256788692 1.499984416210526
0.062400000000000 1.000000000000070 0.500000000000035 -0.000000000000001 299.996883256788124 1.499984416207912
0.062500000000000 1.000000000000069 0.500000000000036 0.000000000000004 299.996883256787214 1.499984416205750
0.062600000000000 1.000000000000071 0.500000000000036 0.000000000000009 299.996883256788408 1.499984416204073
0.062700000000000 1.000000000000071 0.500000000000036 0.000000000000013 299.996883256788237 1.499984416202943
0.062800000000000 1.000000000000071 0.500000000000036 0.000000000000018 299.996883256787555 1.499984416202266
0.062900000000000 1.000000000000070 0.500000000000035 0.000000000000023 299.996883256787555 1.499984416202172
0.063000000000000 1.000000000000070 0.500000000000035 0.000000000000028 299.996883256787328 1.499984416202564
0.063100000000000 1.000000000000073 0.500000000000036 0.000000000000033 299.996883256789147 1.499984416203440
0.063200000000000 1.000000000000071 0.500000000000036 0.000000000000039 299.996883256788465 1.499984416204871
0.063300000000000 1.000000000000071 0.500000000000036 0.000000000000044 299.996883256788465 1.499984416206798
0.063400000000000 1.000000000000071 0.500000000000036 0.000000000000050 299.996883256788578 1.499984416209141
0.063500000000000 1.000000000000071 0.500000000000036 0.000000000000054 299.996883256788351 1.499984416211948
0.063600000000000 1.000000000000071 0.500000000000036 0.000000000000059 299.996883256788578 1.499984416215163
0.063700000000000 1.000000000000071 0.500000000000036 0.000000000000063 299.996883256788408 1.499984416218754
0.063800000000000 1.000000000000072 0.500000000000036 0.000000000000068 299.996883256787896 1.499984416222638
0.063900000000000 1.000000000000071 0.500000000000036 0.000000000000074 299.996883256788465 1.499984416226813
0.064000000000000 1.000000000000072 0.500000000000036 0.000000000000079 299.996883256788692 1.499984416231243
0.064100000000000 1.000000000000072 0.500000000000036 0.000000000000083 299.996883256788294 1.499984416235875
0.064200000000000 1.000000000000072 0.500000000000036 0.000000000000088 299.996883256788294 1.499984416240556
0.064300000000000 1.000000000000073 0.500000000000037 0.000000000000093 299.996883256788806 1.499984416245316
0.064400000000000 1.000000000000073 0.500000000000036 0.000000000000097 299.996883256788749 1.499984416250123
0.064500000000000 1.000000000000073 0.500000000000037 0.000000000000103 299.996883256788806 1.499984416254805
0.064600000000000 1.000000000000072 0.500000000000037 0.000000000000108 299.996883256788692 1.499984416259389
0.064700000000000 1.000000000000073 0.500000000000037 0.000000000000113 299.996883256788919 1.499984416263737
0.064800000000000 1.000000000000073 0.500000000000037 0.000000000000117 299.996883256788806 1.499984416267787
0.064900000000000 1.000000000000073 0.500000000000036 0.000000000000122 299.996883256788806 1.499984416271591
0.065000000000000 1.000000000000072 0.500000000000037 0.000000000000127 299.996883256788578 1.499984416274908
0.065100000000000 1.000000000000073 0.500000000000037 0.000000000000131 299.996883256788578 1.499984416277766
0.065200000000000 1.000000000000073 0.500000000000038 0.000000000000136 299.996883256789204 1.499984416279986
0.065300000000000 1.000000000000073 0.500000000000038 0.000000000000141 299.996883256788806 1.499984416281714
0.065400000000000 1.000000000000073 0.500000000000038 0.000000000000145 299.996883256789317 1.499984416282736
0.065500000000000 1.000000000000073 0.500000000000037 0.000000000000148 299.996883256789204 1.499984416283027
0.065600000000000 1.000000000000073 0.500000000000038 0.000000000000154 299.996883256788749 1.499984416282498
0.065700000000000 1.000000000000074 0.500000000000038 0.000000000000159 299.996883256789715 1.499984416281167
0.065800000000000 1.000000000000074 0.500000000000038 0.000000000000163 299.996883256789999 1.499984416278950
0.065900000000000 1.000000000000074 0.500000000000038 0.000000000000166 299.996883256788806 1.499984416275779
0.066000000000000 1.000000000000075 0.500000000000038 0.000000000000172 299.996883256789260 1.499984416271635
0.066100000000000 1.000000000000075 0.500000000000038 0.000000000000176 299.996883256788919 1.499984416266509
0.066200000000000 1.000000000000074 0.500000000000038 0.000000000000181 299.996883256789033 1.499984416260343
0.066300000000000 1.000000000000075 0.500000000000039 0.000000000000184 299.996883256789374 1.499984416253123
0.066400000000000 1.000000000000075 0.500000000000038 0.000000000000189 299.996883256788976 1.499984416244834
0.066500000000000 1.000000000000075 0.500000000000038 0.000000000000193 299.996883256789374 1.499984416235519
0.066600000000000 1.000000000000075 0.500000000000039 0.000000000000197 299.996883256789317 1.499984416225034
0.066700000000000 1.000000000000074 0.500000000000039 0.000000000000200 299.996883256789488 1.499984416213547
0.066800000000000 1.000000000000074 0.500000000000039 0.000000000000203 299.996883256788919 1.499984416200937
0.066900000000000 1.000000000000074 0.500000000000039 0.000000000000207 299.996883256789147 1.499984416187364
0.067000000000000 1.000000000000075 0.500000000000039 0.000000000000212 299.996883256789886 1.499984416172740
0.067100000000000 1.000000000000074 0.500000000000040 0.000000000000217 299.996883256789658 1.499984416157089
0.067200000000000 1.000000000000076 0.500000000000039 0.000000000000220 299.996883256789260 1.499984416140531
0.067300000000000 1.000000000000076 0.500000000000039 0.000000000000224 299.996883256789602 1.499984416122999
0.067400000000000 1.000000000000075 0.500000000000039 0.000000000000226 299.996883256789829 1.499984416104673
0.067500000000000 1.000000000000075 0.500000000000040 0.000000000000231 299.996883256789033 1.499984416085451
0.067600000000000 1.000000000000073 0.500000000000039 0.000000000000235 299.996883256790568 1.499984416065611
0.067700000000000 1.000000000000076 0.500000000000039 0.000000000000238 299.996883256791136 1.499984416045025
0.067800000000000 1.000000000000076 0.500000000000039 0.000000000000242 299.996883256790511 1.499984416023879
0.067900000000000 1.000000000000076 0.500000000000040 0.000000000000245 299.996883256790056 1.499984416002116
0.068000000000000 1.000000000000076 0.500000000000040 0.000000000000248 299.996883256790170 1.499984415979909
0.068100000000000 1.000000000000076 0.500000000000040 0.000000000000251 299.996883256789374 1.499984415957436
0.068200000000000 1.000000000000074 0.500000000000040 0.000000000000255 299.996883256789829 1.499984415934608
0.068300000000000 1.000000000000077 0.500000000000041 0.000000000000256 299.996883256789374 1.499984415911620
0.068400000000000 1.000000000000077 0.500000000000040 0.000000000000259 299.996883256789943 1.499984415888574
0.068500000000000 1.000000000000077 0.500000000000040 0.000000000000262 299.996883256790113 1.499984415865544
0.068600000000000 1.000000000000077 0.500000000000040 0.000000000000265 299.996883256790056 1.499984415842602
0.068700000000000 1.000000000000078 0.500000000000040 0.000000000000269 299.996883256790056 1.499984415819819
0.068800000000000 1.000000000000077 0.500000000000040 0.000000000000270 299.996883256789715 1.499984415797434
0.068900000000000 1.000000000000076 0.500000000000041 0.000000000000272 299.996883256790397 1.499984415775346
0.069000000000000 1.000000000000076 0.500000000000040 0.000000000000274 299.996883256790397 1.499984415753816
0.069100000000000 1.000000000000078 0.500000000000041 0.000000000000277 299.996883256790227 1.499984415732842
0.069200000000000 1.000000000000078 0.500000000000041 0.000000000000280 299.996883256790511 1.499984415712628
0.069300000000000 1.000000000000077 0.500000000000041 0.000000000000282 299.996883256790227 1.499984415693095
0.069400000000000 1.000000000000077 0.500000000000041 0.000000000000283 299.996883256789943 1.499984415674536
0.069500000000000 1.000000000000078 0.500000000000042 0.000000000000282 299.996883256790738 1.499984415656874
0.069600000000000 1.000000000000079 0.500000000000041 0.000000000000284 299.996883256790625 1.499984415640281
0.069700000000000 1.000000000000078 0.500000000000042 0.000000000000285 299.996883256790397 1.499984415624745
0.069800000000000 1.000000000000078 0.500000000000042 0.000000000000287 299.996883256790227 1.499984415610475
0.069900000000000 1.000000000000078 0.500000000000042 0.000000000000286 299.996883256790852 1.499984415597426
0.070000000000000 1.000000000000080 0.500000000000042 0.000000000000287 299.996883256790738 1.499984415585704
0.070100000000000 1.000000000000078 0.500000000000041 0.000000000000286 299.996883256791193 1.499984415575374
0.070200000000000 1.000000000000079 0.500000000000042 0.000000000000285 299.996883256790284 1.499984415566429
0.070300000000000 1.000000000000078 0.500000000000042 0.000000000000286 299.996883256790284 1.499984415558943
0.070400000000000 1.000000000000079 0.500000000000042 0.000000000000286 299.996883256790625 1.499984415552984
0.070500000000000 1.000000000000079 0.500000000000043 0.000000000000288 299.996883256790568 1.499984415548533
0.070600000000000 1.000000000000079 0.500000000000042 0.000000000000288 299.996883256790511 1.499984415545634
0.070700000000000 1.000000000000078 0.500000000000042 0.000000000000287 299.996883256790738 1.499984415544331
0.070800000000000 1.000000000000080 0.500000000000042 0.000000000000286 299.996883256790341 1.499984415544557
0.070900000000000 1.000000000000079 0.500000000000043 0.000000000000287 299.996883256791023 1.499984415546343
0.071000000000000 1.000000000000079 0.500000000000043 0.000000000000286 299.996883256790852 1.499984415549731
0.071100000000000 1.000000000000081 0.500000000000043 0.000000000000285 299.996883256791534 1.499984415554652
0.071200000000000 1.000000000000081 0.500000000000043 0.000000000000286 299.996883256790966 1.499984415561069
0.071300000000000 1.000000000000080 0.500000000000044 0.000000000000284 299.996883256791421 1.499984415568996
0.071400000000000 1.000000000000081 0.500000000000043 0.000000000000282 299.996883256790966 1.499984415578382
0.071500000000000 1.000000000000079 0.500000000000044 0.000000000000284 299.996883256791136 1.499984415589163
0.071600000000000 1.000000000000081 0.500000000000044 0.000000000000284 299.996883256791307 1.499984415601282
0.071700000000000 1.000000000000081 0.500000000000044 0.000000000000282 299.996883256791023 1.499984415614766
0.071800000000000 1.000000000000080 0.500000000000044 0.000000000000281 299.996883256791307 1.499984415629410
0.071900000000000 1.000000000000081 0.500000000000044 0.000000000000280 299.996883256791250 1.499984415645233
0.072000000000000 1.000000000000081 0.500000000000044 0.000000000000277 299.996883256791705 1.499984415662185
0.072100000000000 1.000000000000080 0.500000000000044 0.000000000000278 299.996883256791364 1.499984415680169
0.072200000000000 1.000000000000081 0.500000000000044 0.000000000000277 299.996883256791364 1.499984415698995
0.072300000000000 1.000000000000081 0.500000000000044 0.000000000000274 299.996883256791591 1.499984415718759
0.072400000000000 1.000000000000081 0.500000000000045 0.000000000000274 299.996883256791136 1.499984415739200
0.072500000000000 1.000000000000081 0.500000000000045 0.000000000000272 299.996883256791875 1.499984415760386
0.072600000000000 1.000000000000082 0.500000000000045 0.000000000000271 299.996883256791705 1.499984415782079
0.072700000000000 1.000000000000082 0.500000000000045 0.000000000000268 299.996883256791591 1.499984415804239
0.072800000000000 1.000000000000083 0.500000000000045 0.000000000000266 299.996883256791989 1.499984415826806
0.072900000000000 1.000000000000083 0.500000000000045 0.000000000000264 299.996883256792444 1.499984415849591
0.073000000000000 1.000000000000082 0.500000000000045 0.000000000000264 299.996883256792103 1.499984415872619
0.073100000000000 1.000000000000082 0.500000000000045 0.000000000000264 299.996883256790909 1.499984415895657
0.073200000000000 1.000000000000082 0.500000000000046 0.000000000000262 299.996883256791534 1.499984415918691
0.073300000000000 1.000000000000083 0.500000000000046 0.000000000000260 299.996883256791875 1.499984415941603
0.073400000000000 1.000000000000083 0.500000000000046 0.000000000000257 299.996883256791875 1.499984415964351
0.073500000000000 1.000000000000082 0.500000000000046 0.000000000000254 299.996883256791989 1.499984415986746
0.073600000000000 1.000000000000082 0.500000000000045 0.000000000000254 299.996883256792330 1.499984416008808
0.073700000000000 1.000000000000082 0.500000000000045 0.000000000000250 299.996883256791875 1.499984416030397
0.073800000000000 1.000000000000083 0.500000000000046 0.000000000000247 299.996883256791648 1.499984416051329
0.073900000000000 1.000000000000082 0.500000000000046 0.000000000000245 299.996883256791648 1.499984416071723
0.074000000000000 1.000000000000083 0.500000000000046 0.000000000000242 299.996883256792046 1.499984416091446
0.074100000000000 1.000000000000083 0.500000000000046 0.000000000000238 299.996883256791875 1.499984416110330
0.074200000000000 1.000000000000083 0.500000000000046 0.000000000000235 299.996883256791762 1.499984416128445
0.074300000000000 1.000000000000084 0.500000000000047 0.000000000000233 299.996883256791989 1.499984416145628
0.074400000000000 1.000000000000083 0.500000000000047 0.000000000000230 299.996883256792671 1.499984416161938
0.074500000000000 1.000000000000085 0.500000000000047 0.000000000000227 299.996883256792330 1.499984416177256
0.074600000000000 1.000000000000083 0.500000000000046 0.000000000000223 299.996883256792614 1.499984416191604
0.074700000000000 1.000000000000085 0.500000000000046 0.000000000000218 299.996883256792444 1.499984416204914
0.074800000000000 1.000000000000084 0.500000000000047 0.000000000000215 299.996883256792785 1.499984416217115
0.074900000000000 1.000000000000086 0.500000000000046 0.000000000000212 299.996883256792557 1.499984416228357
0.075000000000000 1.000000000000084 0.500000000000048 0.000000000000207 299.996883256792330 1.499984416238357
0.075100000000000 1.000000000000085 0.500000000000048 0.000000000000203 299.996883256791818 1.499984416247420
0.075200000000000 1.000000000000085 0.500000000000048 0.000000000000199 299.996883256792671 1.499984416255348
0.075300000000000 1.000000000000084 0.500000000000048 0.000000000000196 299.996883256792557 1.499984416262238
0.075400000000000 1.000000000000086 0.500000000000048 0.000000000000191 299.996883256792216 1.499984416268092
0.075500000000000 1.000000000000085 0.500000000000048 0.000000000000189 299.996883256793012 1.499984416272906
0.075600000000000 1.000000000000085 0.500000000000047 0.000000000000184 299.996883256792728 1.499984416276747
0.075700000000000 1.000000000000086 0.500000000000048 0.000000000000178 299.996883256792557 1.499984416279594
0.075800000000000 1.000000000000085 0.500000000000048 0.000000000000173 299.996883256792671 1.499984416281543
0.075900000000000 1.000000000000086 0.500000000000048 0.000000000000167 299.996883256792330 1.499984416282633
0.076000000000000 1.000000000000086 0.500000000000048 0.000000000000161 299.996883256792671 1.499984416282898
0.076100000000000 1.000000000000085 0.500000000000048 0.000000000000157 299.996883256792330 1.499984416282367
0.076200000000000 1.000000000000085 0.500000000000048 0.000000000000153 299.996883256792842 1.499984416281148
0.076300000000000 1.000000000000085 0.500000000000048 0.000000000000148 299.996883256792728 1.499984416279251
0.076400000000000 1.000000000000086 0.500000000000049 0.000000000000143 299.996883256792785 1.499984416276744
0.076500000000000 1.000000000000085 0.500000000000049 0.000000000000138 299.996883256792898 1.499984416273744
0.076600000000000 1.000000000000086 0.500000000000048 0.000000000000133 299.996883256792785 1.499984416270343
0.076700000000000 1.000000000000087 0.500000000000049 0.000000000000128 299.996883256792444 1.499984416266429
0.076800000000000 1.000000000000087 0.500000000000049 0.000000000000124 299.996883256793240 1.499984416262272
0.076900000000000 1.000000000000087 0.500000000000049 0.000000000000119 299.996883256793012 1.499984416257870
0.077000000000000 1.000000000000087 0.500000000000049 0.000000000000114 299.996883256792785 1.499984416253208
0.077100000000000 1.000000000000088 0.500000000000050 0.000000000000110 299.996883256793240 1.499984416248441
0.077200000000000 1.000000000000087 0.500000000000050 0.000000000000105 299.996883256793581 1.499984416243683
0.077300000000000 1.000000000000088 0.500000000000049 0.000000000000100 299.996883256793126 1.499984416238938
0.077400000000000 1.000000000000088 0.500000000000050 0.000000000000094 299.996883256793353 1.499984416234235
0.077500000000000 1.000000000000087 0.500000000000049 0.000000000000088 299.996883256793126 1.499984416229696
0.077600000000000 1.000000000000088 0.500000000000050 0.000000000000083 299.996883256793126 1.499984416225304
0.077700000000000 1.000000000000088 0.500000000000050 0.000000000000078 299.996883256793353 1.499984416221219
0.077800000000000 1.000000000000089 0.500000000000049 0.000000000000072 299.996883256793922 1.499984416217452
0.077900000000000 1.000000000000088 0.500000000000050 0.000000000000066 299.996883256793524 1.499984416213918
0.078000000000000 1.000000000000088 0.500000000000050 0.000000000000059 299.996883256793012 1.499984416210808
0.078100000000000 1.000000000000089 0.500000000000050 0.000000000000053 299.996883256793296 1.499984416208172
0.078200000000000 1.000000000000089 0.500000000000050 0.000000000000047 299.996883256794320 1.499984416205937
0.078300000000000 1.000000000000088 0.500000000000050 0.000000000000043 299.996883256793467 1.499984416204155
0.078400000000000 1.000000000000090 0.500000000000050 0.000000000000038 299.996883256794149 1.499984416202921
0.078500000000000 1.000000000000090 0.500000000000049 0.000000000000033 299.996883256793694 1.499984416202225
0.078600000000000 1.000000000000089 0.500000000000050 0.000000000000026 299.996883256793353 1.499984416201945
0.078700000000000 1.000000000000088 0.500000000000051 0.000000000000020 299.996883256794035 1.499984416202214
0.078800000000000 1.000000000000089 0.500000000000050 0.000000000000015 299.996883256793069 1.499984416203069
0.078900000000000 1.000000000000088 0.500000000000050 0.000000000000011 299.996883256794035 1.499984416204344
0.079000000000000 1.000000000000089 0.500000000000051 0.000000000000004 299.996883256793581 1.499984416206151
0.079100000000000 1.000000000000089 0.500000000000051 -0.000000000000003 299.996883256793581 1.499984416208402
0.079200000000000 1.000000000000091 0.500000000000050 -0.000000000000008 299.996883256793808 1.499984416211151
0.079300000000000 1.000000000000091 0.500000000000050 -0.000000000000013 299.996883256793978 1.499984416214305
0.079400000000000 1.000000000000090 0.500000000000051 -0.000000000000018 299.996883256793978 1.499984416217788
0.079500000000000 1.000000000000089 0.500000000000050 -0.000000000000021 299.996883256793467 1.499984416221678
0.079600000000000 1.000000000000090 0.500000000000051 -0.000000000000025 299.996883256793751 1.499984416225792
0.079700000000000 1.000000000000090 0.500000000000051 -0.000000000000030 299.996883256794035 1.499984416230172
0.079800000000000 1.000000000000090 0.500000000000050 -0.000000000000038 299.996883256793922 1.499984416234773
0.079900000000000 1.000000000000090 0.500000000000051 -0.000000000000043 299.996883256794035 1.499984416239462
0.080000000000000 1.000000000000091 0.500000000000051 -0.000000000000049 299.996883256794490 1.499984416244258
0.080100000000000 1.000000000000090 0.500000000000051 -0.000000000000053 299.996883256794149 1.499984416249019
0.080200000000000 1.000000000000092 0.500000000000051 -0.000000000000058 299.996883256794149 1.499984416253714
0.080300000000000 1.000000000000092 0.500000000000051 -0.000000000000065 299.996883256794831 1.499984416258329
0.080400000000000 1.000000000000092 0.500000000000051 -0.000000000000070 299.996883256794717 1.499984416262742
0.080500000000000 1.000000000000091 0.500000000000051 -0.000000000000076 299.996883256794604 1.499984416266844
0.080600000000000 1.000000000000091 0.500000000000050 -0.000000000000082 299.996883256794888 1.499984416270739
0.080700000000000 1.000000000000092 0.500000000000051 -0.000000000000087 299.996883256794490 1.499984416274109
0.080800000000000 1.000000000000091 0.500000000000051 -0.000000000000092 299.996883256794376 1.499984416277066
0.080900000000000 1.000000000000092 0.500000000000050 -0.000000000000096 299.996883256794035 1.499984416279461
0.081000000000000 1.000000000000091 0.500000000000050 -0.000000000000103 299.996883256793808 1.499984416281273
0.081100000000000 1.000000000000090 0.500000000000050 -0.000000000000108 299.996883256794263 1.499984416282401
0.081200000000000 1.000000000000091 0.500000000000050 -0.000000000000113 299.996883256793751 1.499984416282851
0.081300000000000 1.000000000000091 0.500000000000050 -0.000000000000117 299.996883256794092 1.499984416282490
0.081400000000000 1.000000000000091 0.500000000000051 -0.000000000000121 299.996883256794433 1.499984416281281
0.081500000000000 1.000000000000091 0.500000000000050 -0.000000000000124 299.996883256794092 1.499984416279257
0.081600000000000 1.000000000000090 0.500000000000050 -0.000000000000128 299.996883256793922 1.499984416276288
0.081700000000000 1.000000000000091 0.500000000000051 -0.000000000000131 299.996883256794149 1.499984416272305
0.081800000000000 1.000000000000090 0.500000000000050 -0.000000000000137 299.996883256793922 1.499984416267397
0.081900000000000 1.000000000000091 0.500000000000051 -0.000000000000142 299.996883256795059 1.499984416261406
0.082000000000000 1.000000000000091 0.500000000000051 -0.000000000000144 299.996883256794320 1.499984416254363
0.082100000000000 1.000000000000092 0.500000000000050 -0.000000000000147 299.996883256794604 1.499984416246307
0.082200000000000 1.000000000000091 0.500000000000050 -0.000000000000151 299.996883256794376 1.499984416237167
0.082300000000000 1.000000000000091 0.500000000000051 -0.000000000000155 299.996883256794320 1.499984416226883
0.082400000000000 1.000000000000091 0.500000000000051 -0.000000000000157 299.996883256794035 1.499984416215599
0.082500000000000 1.000000000000091 0.500000000000051 -0.000000000000162 299.996883256794376 1.499984416203227
0.082600000000000 1.000000000000092 0.500000000000050 -0.000000000000167 299.996883256794604 1.499984416189815
0.082700000000000 1.000000000000091 0.500000000000051 -0.000000000000172 299.996883256794547 1.499984416175382
0.082800000000000 1.000000000000092 0.500000000000051 -0.000000000000177 299.996883256794945 1.499984416159898
0.082900000000000 1.000000000000093 0.500000000000051 -0.000000000000179 299.996883256794604 1.499984416143512
0.083000000000000 1.000000000000092 0.500000000000051 -0.000000000000180 299.996883256794945 1.499984416126175
0.083100000000000 1.000000000000091 0.500000000000052 -0.000000000000184 299.996883256794604 1.499984416107923
0.083200000000000 1.000000000000092 0.500000000000050 -0.000000000000187 299.996883256795115 1.499984416088983
0.083300000000000 1.000000000000093 0.500000000000051 -0.000000000000190 299.996883256794490 1.499984416069185
0.083400000000000 1.000000000000092 0.500000000000051 -0.000000000000192 299.996883256794490 1.499984416048751
0.083500000000000 1.000000000000093 0.500000000000051 -0.000000000000194 299.996883256794035 1.499984416027668
0.083600000000000 1.000000000000093 0.500000000000052 -0.000000000000195 299.996883256795115 1.499984416006011
0.083700000000000 1.000000000000092 0.500000000000052 -0.000000000000197 299.996883256794206 1.499984415983920
0.083800000000000 1.000000000000093 0.500000000000052 -0.000000000000199 299.996883256795741 1.499984415961437
0.083900000000000 1.000000000000094 0.500000000000051 -0.000000000000203 299.996883256795741 1.499984415938717
0.084000000000000 1.000000000000094 0.500000000000052 -0.000000000000205 299.996883256795741 1.499984415915747
0.084100000000000 1.000000000000093 0.500000000000051 -0.000000000000209 299.996883256795513 1.499984415892716
0.084200000000000 1.000000000000094 0.500000000000051 -0.000000000000213 299.996883256795059 1.499984415869670
0.084300000000000 1.000000000000094 0.500000000000052 -0.000000000000215 299.996883256795797 1.499984415846647
0.084400000000000 1.000000000000095 0.500000000000051 -0.000000000000218 299.996883256795286 1.499984415823898
0.084500000000000 1.000000000000094 0.500000000000052 -0.000000000000221 299.996883256795513 1.499984415801344
0.084600000000000 1.000000000000095 0.500000000000051 -0.000000000000220 299.996883256795400 1.499984415779271
0.084700000000000 1.000000000000096 0.500000000000051 -0.000000000000222 299.996883256795400 1.499984415757623
0.084800000000000 1.000000000000094 0.500000000000051 -0.000000000000223 299.996883256795684 1.499984415736552
0.084900000000000 1.000000000000095 0.500000000000052 -0.000000000000223 299.996883256795513 1.499984415716104
0.085000000000000 1.000000000000095 0.500000000000052 -0.000000000000224 299.996883256795456 1.499984415696522
0.085100000000000 1.000000000000094 0.500000000000052 -0.000000000000226 299.996883256795400 1.499984415677723
0.085200000000000 1.000000000000095 0.500000000000052 -0.000000000000228 299.996883256795513 1.499984415659929
0.085300000000000 1.000000000000096 0.500000000000052 -0.000000000000229 299.996883256795741 1.499984415643097
0.085400000000000 1.000000000000095 0.500000000000051 -0.000000000000230 299.996883256795854 1.499984415627425
0.085500000000000 1.000000000000095 0.500000000000050 -0.000000000000231 299.996883256795400 1.499984415612959
0.085600000000000 1.000000000000097 0.500000000000051 -0.000000000000232 299.996883256795911 1.499984415599565
0.085700000000000 1.000000000000098 0.500000000000051 -0.000000000000234 299.996883256796309 1.499984415587616
0.085800000000000 1.000000000000095 0.500000000000052 -0.000000000000235 299.996883256795400 1.499984415576959
0.085900000000000 1.000000000000097 0.500000000000051 -0.000000000000236 299.996883256795400 1.499984415567771
0.086000000000000 1.000000000000095 0.500000000000051 -0.000000000000235 299.996883256795513 1.499984415560005
0.086100000000000 1.000000000000097 0.500000000000051 -0.000000000000235 299.996883256795854 1.499984415553775
0.086200000000000 1.000000000000096 0.500000000000051 -0.000000000000234 299.996883256795513 1.499984415549062
0.086300000000000 1.000000000000095 0.500000000000052 -0.000000000000234 299.996883256795797 1.499984415545873
0.086400000000000 1.000000000000097 0.500000000000051 -0.000000000000232 299.996883256795854 1.499984415544257
0.086500000000000 1.000000000000098 0.500000000000052 -0.000000000000232 299.996883256796650 1.499984415544205
0.086600000000000 1.000000000000096 0.500000000000051 -0.000000000000230 299.996883256795741 1.499984415545704
0.086700000000000 1.000000000000096 0.500000000000052 -0.000000000000231 299.996883256795741 1.499984415548785
0.086800000000000 1.000000000000096 0.500000000000051 -0.000000000000230 299.996883256795968 1.499984415553416
0.086900000000000 1.000000000000097 0.500000000000051 -0.000000000000231 299.996883256795968 1.499984415559610
0.087000000000000 1.000000000000097 0.500000000000051 -0.000000000000229 299.996883256796195 1.499984415567244
0.087100000000000 1.000000000000098 0.500000000000051 -0.000000000000229 299.996883256796423 1.499984415576311
0.087200000000000 1.000000000000096 0.500000000000051 -0.000000000000228 299.996883256795684 1.499984415586836
0.087300000000000 1.000000000000097 0.500000000000051 -0.000000000000228 299.996883256795741 1.499984415598755
0.087400000000000 1.000000000000097 0.500000000000051 -0.000000000000226 299.996883256795684 1.499984415611937
0.087500000000000 1.000000000000097 0.500000000000052 -0.000000000000225 299.996883256795741 1.499984415626367
0.087600000000000 1.000000000000097 0.500000000000051 -0.000000000000223 299.996883256796309 1.499984415642036
0.087700000000000 1.000000000000097 0.500000000000051 -0.000000000000223 299.996883256795911 1.499984415658743
0.087800000000000 1.000000000000097 0.500000000000050 -0.000000000000222 299.996883256796195 1.499984415676562
0.087900000000000 1.000000000000098 0.500000000000051 -0.000000000000220 299.996883256796309 1.499984415695229
0.088000000000000 1.000000000000097 0.500000000000051 -0.000000000000219 299.996883256795968 1.499984415714792
0.088100000000000 1.000000000000098 0.500000000000051 -0.000000000000217 299.996883256796423 1.499984415735175
0.088200000000000 1.000000000000098 0.500000000000051 -0.000000000000214 299.996883256796650 1.499984415756166
0.088300000000000 1.000000000000098 0.500000000000051 -0.000000000000210 299.996883256796252 1.499984415777772
0.088400000000000 1.000000000000098 0.500000000000052 -0.000000000000208 299.996883256796536 1.499984415799856
0.088500000000000 1.000000000000099 0.500000000000051 -0.000000000000206 299.996883256796423 1.499984415822343
0.088600000000000 1.000000000000099 0.500000000000051 -0.000000000000203 299.996883256797332 1.499984415845137
0.088700000000000 1.000000000000098 0.500000000000051 -0.000000000000201 299.996883256796764 1.499984415868101
0.088800000000000 1.000000000000098 0.500000000000051 -0.000000000000200 299.996883256796650 1.499984415891169
0.088900000000000 1.000000000000099 0.500000000000051 -0.000000000000197 299.996883256797446 1.499984415914230
0.089000000000000 1.000000000000099 0.500000000000051 -0.000000000000194 299.996883256797105 1.499984415937176
0.089100000000000 1.000000000000099 0.500000000000052 -0.000000000000191 299.996883256796991 1.499984415959887
0.089200000000000 1.000000000000100 0.500000000000051 -0.000000000000187 299.996883256797275 1.499984415982443
0.089300000000000 1.000000000000099 0.500000000000051 -0.000000000000186 299.996883256796366 1.499984416004501
0.089400000000000 1.000000000000100 0.500000000000052 -0.000000000000183 299.996883256796366 1.499984416026117
0.089500000000000 1.000000000000097 0.500000000000052 -0.000000000000181 299.996883256797219 1.499984416047267
0.089600000000000 1.000000000000101 0.500000000000051 -0.000000000000179 299.996883256797446 1.499984416067800
0.089700000000000 1.000000000000101 0.500000000000052 -0.000000000000176 299.996883256797332 1.499984416087590
0.089800000000000 1.000000000000099 0.500000000000052 -0.000000000000172 299.996883256796707 1.499984416106659
0.089900000000000 1.000000000000099 0.500000000000051 -0.000000000000171 299.996883256796878 1.499984416124928
0.090000000000000 1.000000000000101 0.500000000000051 -0.000000000000168 299.996883256796878 1.499984416142305
0.090100000000000 1.000000000000099 0.500000000000051 -0.000000000000165 299.996883256796536 1.499984416158771
0.090200000000000 1.000000000000100 0.500000000000051 -0.000000000000161 299.996883256796991 1.499984416174296
0.090300000000000 1.000000000000101 0.500000000000052 -0.000000000000158 299.996883256796423 1.499984416188787
0.090400000000000 1.000000000000099 0.500000000000051 -0.000000000000154 299.996883256796650 1.499984416202307
0.090500000000000 1.000000000000100 0.500000000000051 -0.000000000000151 299.996883256797446 1.499984416214730
0.090600000000000 1.000000000000100 0.500000000000050 -0.000000000000147 299.996883256797332 1.499984416226154
0.090700000000000 1.000000000000100 0.500000000000051 -0.000000000000146 299.996883256797105 1.499984416236454
0.090800000000000 1.000000000000099 0.500000000000051 -0.000000000000142 299.996883256796991 1.499984416245616
0.090900000000000 1.000000000000099 0.500000000000052 -0.000000000000138 299.996883256797389 1.499984416253759
0.091000000000000 1.000000000000101 0.500000000000052 -0.000000000000132 299.996883256796991 1.499984416260844
0.091100000000000 1.000000000000101 0.500000000000051 -0.000000000000127 299.996883256797332 1.499984416266899
0.091200000000000 1.000000000000101 0.500000000000051 -0.000000000000123 299.996883256797560 1.499984416271910
0.091300000000000 1.000000000000101 0.500000000000052 -0.000000000000119 299.996883256797673 1.499984416275887
0.091400000000000 1.000000000000102 0.500000000000052 -0.000000000000114 299.996883256797673 1.499984416278953
0.091500000000000 1.000000000000102 0.500000000000052 -0.000000000000109 299.996883256797560 1.499984416281059
0.091600000000000 1.000000000000101 0.500000000000051 -0.000000000000104 299.996883256797446 1.499984416282324
0.091700000000000 1.000000000000101 0.500000000000052 -0.000000000000100 299.996883256797673 1.499984416282690
0.091800000000000 1.000000000000102 0.500000000000052 -0.000000000000095 299.996883256797673 1.499984416282321
0.091900000000000 1.000000000000103 0.500000000000053 -0.000000000000090 299.996883256797446 1.499984416281190
0.092000000000000 1.000000000000102 0.500000000000052 -0.000000000000082 299.996883256797332 1.499984416279448
0.092100000000000 1.000000000000102 0.500000000000052 -0.000000000000075 299.996883256797616 1.499984416277077
0.092200000000000 1.000000000000102 0.500000000000052 -0.000000000000072 299.996883256797673 1.499984416274206
0.092300000000000 1.000000000000103 0.500000000000052 -0.000000000000065 299.996883256798128 1.499984416270769
0.092400000000000 1.000000000000102 0.500000000000051 -0.000000000000060 299.996883256797844 1.499984416267044
0.092500000000000 1.000000000000104 0.500000000000052 -0.000000000000055 299.996883256798583 1.499984416262869
0.092600000000000 1.000000000000104 0.500000000000053 -0.000000000000052 299.996883256797844 1.499984416258467
0.092700000000000 1.000000000000105 0.500000000000052 -0.000000000000047 299.996883256798128 1.499984416253913
0.092800000000000 1.000000000000104 0.500000000000052 -0.000000000000042 299.996883256798242 1.499984416249214
0.092900000000000 1.000000000000104 0.500000000000052 -0.000000000000037 299.996883256798412 1.499984416244428
0.093000000000000 1.000000000000103 0.500000000000052 -0.000000000000032 299.996883256798299 1.499984416239683
0.093100000000000 1.000000000000105 0.500000000000052 -0.000000000000028 299.996883256798355 1.499984416234936
0.093200000000000 1.000000000000104 0.500000000000052 -0.000000000000024 299.996883256797901 1.499984416230375
0.093300000000000 1.000000000000104 0.500000000000053 -0.000000000000018 299.996883256798242 1.499984416225909
0.093400000000000 1.000000000000104 0.500000000000052 -0.000000000000011 299.996883256798355 1.499984416221791
0.093500000000000 1.000000000000105 0.500000000000053 -0.000000000000007 299.996883256798810 1.499984416217860
0.093600000000000 1.000000000000103 0.500000000000053 -0.000000000000001 299.996883256798526 1.499984416214334
0.093700000000000 1.000000000000105 0.500000000000053 0.000000000000005 299.996883256798355 1.499984416211215
0.093800000000000 1.000000000000106 0.500000000000052 0.000000000000010 299.996883256798526 1.499984416208477
0.093900000000000 1.000000000000104 0.500000000000053 0.000000000000016 299.996883256797787 1.499984416206108
0.094000000000000 1.000000000000103 0.500000000000053 0.000000000000021 299.996883256797219 1.499984416204283
0.094100000000000 1.000000000000105 0.500000000000053 0.000000000000027 299.996883256799720 1.499984416202943
0.094200000000000 1.000000000000105 0.500000000000053 0.000000000000033 299.996883256800231 1.499984416202128
0.094300000000000 1.000000000000106 0.500000000000053 0.000000000000038 299.996883256799720 1.499984416201784
0.094400000000000 1.000000000000106 0.500000000000053 0.000000000000044 299.996883256798355 1.499984416201927
0.094500000000000 1.000000000000105 0.500000000000054 0.000000000000049 299.996883256799379 1.499984416202665
0.094600000000000 1.000000000000106 0.500000000000053 0.000000000000054 299.996883256799038 1.499984416203873
0.094700000000000 1.000000000000105 0.500000000000054 0.000000000000058 299.996883256799379 1.499984416205605
0.094800000000000 1.000000000000106 0.500000000000054 0.000000000000063 299.996883256798696 1.499984416207772
0.094900000000000 1.000000000000107 0.500000000000054 0.000000000000069 299.996883256798696 1.499984416210460
0.095000000000000 1.000000000000106 0.500000000000053 0.000000000000075 299.996883256798753 1.499984416213517
0.095100000000000 1.000000000000106 0.500000000000054 0.000000000000081 299.996883256798696 1.499984416216951
0.095200000000000 1.000000000000107 0.500000000000054 0.000000000000086 299.996883256799151 1.499984416220766
0.095300000000000 1.000000000000106 0.500000000000053 0.000000000000091 299.996883256799265 1.499984416224856
0.095400000000000 1.000000000000106 0.500000000000054 0.000000000000095 299.996883256798696 1.499984416229194
0.095500000000000 1.000000000000106 0.500000000000053 0.000000000000103 299.996883256799038 1.499984416233756
0.095600000000000 1.000000000000106 0.500000000000054 0.000000000000107 299.996883256798924 1.499984416238430
0.095700000000000 1.000000000000108 0.500000000000054 0.000000000000110 299.996883256798981 1.499984416243155
0.095800000000000 1.000000000000107 0.500000000000055 0.000000000000114 299.996883256799151 1.499984416247908
0.095900000000000 1.000000000000107 0.500000000000054 0.000000000000119 299.996883256799606 1.499984416252684
0.096000000000000 1.000000000000107 0.500000000000055 0.000000000000123 299.996883256799379 1.499984416257282
0.096100000000000 1.000000000000108 0.500000000000054 0.000000000000129 299.996883256799379 1.499984416261771
0.096200000000000 1.000000000000108 0.500000000000055 0.000000000000135 299.996883256799265 1.499984416265917
0.096300000000000 1.000000000000109 0.500000000000054 0.000000000000140 299.996883256799265 1.499984416269847
0.096400000000000 1.000000000000107 0.500000000000055 0.000000000000146 299.996883256799833 1.499984416273252
0.096500000000000 1.000000000000108 0.500000000000055 0.000000000000151 299.996883256799038 1.499984416276318
0.096600000000000 1.000000000000108 0.500000000000055 0.000000000000154 299.996883256799720 1.499984416278859
0.096700000000000 1.000000000000109 0.500000000000056 0.000000000000159 299.996883256799606 1.499984416280730
0.096800000000000 1.000000000000109 0.500000000000056 0.000000000000166 299.996883256799947 1.499984416282020
0.096900000000000 1.000000000000110 0.500000000000055 0.000000000000170 299.996883256800174 1.499984416282645
0.097000000000000 1.000000000000109 0.500000000000056 0.000000000000174 299.996883256800288 1.499984416282367
0.097100000000000 1.000000000000110 0.500000000000056 0.000000000000178 299.996883256799720 1.499984416281370
0.097200000000000 1.000000000000108 0.500000000000056 0.000000000000182 299.996883256800061 1.499984416279471
0.097300000000000 1.000000000000109 0.500000000000057 0.000000000000187 299.996883256799890 1.499984416276671
0.097400000000000 1.000000000000110 0.500000000000056 0.000000000000190 299.996883256800231 1.499984416272907
0.097500000000000 1.000000000000110 0.500000000000056 0.000000000000195 299.996883256800174 1.499984416268189
0.097600000000000 1.000000000000111 0.500000000000056 0.000000000000198 299.996883256800061 1.499984416262387
0.097700000000000 1.000000000000111 0.500000000000057 0.000000000000202 299.996883256799947 1.499984416255557
0.097800000000000 1.000000000000110 0.500000000000057 0.000000000000207 299.996883256800288 1.499984416247657
0.097900000000000 1.000000000000111 0.500000000000056 0.000000000000210 299.996883256800743 1.499984416238780
0.098000000000000 1.000000000000111 0.500000000000057 0.000000000000214 299.996883256799833 1.499984416228702
0.098100000000000 1.000000000000112 0.500000000000057 0.000000000000219 299.996883256800515 1.499984416217601
0.098200000000000 1.000000000000111 0.500000000000057 0.000000000000222 299.996883256800288 1.499984416205423
0.098300000000000 1.000000000000112 0.500000000000057 0.000000000000226 299.996883256800402 1.499984416192208
0.098400000000000 1.000000000000111 0.500000000000057 0.000000000000227 299.996883256800743 1.499984416177937
0.098500000000000 1.000000000000112 0.500000000000057 0.000000000000231 299.996883256800288 1.499984416162710
0.098600000000000 1.000000000000112 0.500000000000057 0.000000000000236 299.996883256800629 1.499984416146452
0.098700000000000 1.000000000000112 0.500000000000057 0.000000000000238 299.996883256800515 1.499984416129289
0.098800000000000 1.000000000000112 0.500000000000057 0.000000000000241 299.996883256800743 1.499984416111265
0.098900000000000 1.000000000000112 0.500000000000058 0.000000000000244 299.996883256800743 1.499984416092400
0.099000000000000 1.000000000000113 0.500000000000058 0.000000000000248 299.996883256800345 1.499984416072739
0.099100000000000 1.000000000000112 0.500000000000058 0.000000000000251 299.996883256800572 1.499984416052432
0.099200000000000 1.000000000000112 0.500000000000058 0.000000000000253 299.996883256800913 1.499984416031466
0.099300000000000 1.000000000000114 0.500000000000057 0.000000000000254 299.996883256800402 1.499984416009994
0.099400000000000 1.000000000000111 0.500000000000058 0.000000000000257 299.996883256800970 1.499984415987949
0.099500000000000 1.000000000000111 0.500000000000058 0.000000000000258 299.996883256800402 1.499984415965542
0.099600000000000 1.000000000000113 0.500000000000058 0.000000000000263 299.996883256801198 1.499984415942830
0.099700000000000 1.000000000000112 0.500000000000059 0.000000000000266 299.996883256800857 1.499984415919896
0.099800000000000 1.000000000000113 0.500000000000059 0.000000000000268 299.996883256800970 1.499984415896851
0.099900000000000 1.000000000000113 0.500000000000059 0.000000000000271 299.996883256801027 1.499984415873787
0.100000000000000 1.000000000000114 0.500000000000059 0.000000000000274 299.996883256800913 1.499984415850806
0.100100000000000 1.000000000000113 0.500000000000059 0.000000000000276 299.996883256800402 1.499984415827968
0.100200000000000 1.000000000000113 0.500000000000059 0.000000000000279 299.996883256801539 1.499984415805390
0.100300000000000 1.000000000000114 0.500000000000059 0.000000000000280 299.996883256801482 1.499984415783232
0.100400000000000 1.000000000000113 0.500000000000059 0.000000000000281 299.996883256801425 1.499984415761445
0.100500000000000 1.000000000000113 0.500000000000059 0.000000000000283 299.996883256801027 1.499984415740260
0.100600000000000 1.000000000000114 0.500000000000059 0.000000000000286 299.996883256801311 1.499984415719736
0.100700000000000 1.000000000000114 0.500000000000059 0.000000000000287 299.996883256801084 1.499984415699953
0.100800000000000 1.000000000000114 0.500000000000059 0.000000000000287 299.996883256801425 1.499984415681017
0.100900000000000 1.000000000000114 0.500000000000059 0.000000000000289 299.996883256801311 1.499984415663054
0.101000000000000 1.000000000000114 0.500000000000060 0.000000000000290 299.996883256801539 1.499984415645967
0.101100000000000 1.000000000000114 0.500000000000061 0.000000000000291 299.996883256801652 1.499984415630012
0.101200000000000 1.000000000000112 0.500000000000060 0.000000000000290 299.996883256801311 1.499984415615315
0.101300000000000 1.000000000000114 0.500000000000060 0.000000000000290 299.996883256801198 1.499984415601797
0.101400000000000 1.000000000000113 0.500000000000060 0.000000000000290 299.996883256801084 1.499984415589565
0.101500000000000 1.000000000000115 0.500000000000060 0.000000000000290 299.996883256800970 1.499984415578653
0.101600000000000 1.000000000000113 0.500000000000060 0.000000000000290 299.996883256801141 1.499984415569239
0.101700000000000 1.000000000000116 0.500000000000060 0.000000000000290 299.996883256801368 1.499984415561210
0.101800000000000 1.000000000000114 0.500000000000060 0.000000000000291 299.996883256801425 1.499984415554631
0.101900000000000 1.000000000000115 0.500000000000060 0.000000000000292 299.996883256801425 1.499984415549661
0.102000000000000 1.000000000000115 0.500000000000060 0.000000000000291 299.996883256801652 1.499984415546190
0.102100000000000 1.000000000000115 0.500000000000060 0.000000000000291 299.996883256801993 1.499984415544267
0.102200000000000 1.000000000000114 0.500000000000060 0.000000000000290 299.996883256801084 1.499984415543927
0.102300000000000 1.000000000000113 0.500000000000061 0.000000000000290 299.996883256801425 1.499984415545054
0.102400000000000 1.000000000000113 0.500000000000060 0.000000000000289 299.996883256800970 1.499984415547892
0.102500000000000 1.000000000000115 0.500000000000060 0.000000000000287 299.996883256801311 1.499984415552230
0.102600000000000 1.000000000000114 0.500000000000061 0.000000000000286 299.996883256801766 1.499984415558101
0.102700000000000 1.000000000000115 0.500000000000061 0.000000000000286 299.996883256801198 1.499984415565460
0.102800000000000 1.000000000000114 0.500000000000061 0.000000000000285 299.996883256801709 1.499984415574287
0.102900000000000 1.000000000000115 0.500000000000061 0.000000000000285 299.996883256801880 1.499984415584555
0.103000000000000 1.000000000000114 0.500000000000061 0.000000000000286 299.996883256801709 1.499984415596193
0.103100000000000 1.000000000000115 0.500000000000061 0.000000000000284 299.996883256801596 1.499984415609160
0.103200000000000 1.000000000000115 0.500000000000061 0.000000000000282 299.996883256801652 1.499984415623412
0.103300000000000 1.000000000000115 0.500000000000062 0.000000000000280 299.996883256801766 1.499984415638825
0.103400000000000 1.000000000000115 0.500000000000061 0.000000000000280 299.996883256801993 1.499984415655356
0.103500000000000 1.000000000000115 0.500000000000062 0.000000000000278 299.996883256801993 1.499984415672885
0.103600000000000 1.000000000000116 0.500000000000062 0.000000000000278 299.996883256801652 1.499984415691465
0.103700000000000 1.000000000000115 0.500000000000062 0.000000000000276 299.996883256801539 1.499984415710890
0.103800000000000 1.000000000000116 0.500000000000062 0.000000000000273 299.996883256801766 1.499984415731081
0.103900000000000 1.000000000000117 0.500000000000062 0.000000000000272 299.996883256801539 1.499984415751959
0.104000000000000 1.000000000000118 0.500000000000063 0.000000000000269 299.996883256801993 1.499984415773465
0.104100000000000 1.000000000000116 0.500000000000063 0.000000000000267 299.996883256802448 1.499984415795464
0.104200000000000 1.000000000000117 0.500000000000063 0.000000000000265 299.996883256803017 1.499984415817915
0.104300000000000 1.000000000000118 0.500000000000063 0.000000000000261 299.996883256802334 1.499984415840621
0.104400000000000 1.000000000000118 0.500000000000063 0.000000000000258 299.996883256801652 1.499984415863578
0.104500000000000 1.000000000000118 0.500000000000063 0.000000000000257 299.996883256802505 1.499984415886637
0.104600000000000 1.000000000000118 0.500000000000063 0.000000000000255 299.996883256803017 1.499984415909674
0.104700000000000 1.000000000000118 0.500000000000063 0.000000000000252 299.996883256802448 1.499984415932649
0.104800000000000 1.000000000000119 0.500000000000063 0.000000000000249 299.996883256803017 1.499984415955466
0.104900000000000 1.000000000000118 0.500000000000064 0.000000000000246 299.996883256802732 1.499984415977993
0.105000000000000 1.000000000000119 0.500000000000064 0.000000000000243 299.996883256802789 1.499984416000196
0.105100000000000 1.000000000000118 0.500000000000064 0.000000000000240 299.996883256802505 1.499984416021938
0.105200000000000 1.000000000000119 0.500000000000064 0.000000000000237 299.996883256802448 1.499984416043176
0.105300000000000 1.000000000000118 0.500000000000064 0.000000000000234 299.996883256802221 1.499984416063779
0.105400000000000 1.000000000000118 0.500000000000064 0.000000000000231 299.996883256802676 1.499984416083744
0.105500000000000 1.000000000000119 0.500000000000064 0.000000000000226 299.996883256801880 1.499984416102926
0.105600000000000 1.000000000000118 0.500000000000064 0.000000000000224 299.996883256802676 1.499984416121333
0.105700000000000 1.000000000000118 0.500000000000064 0.000000000000221 299.996883256802903 1.499984416138883
0.105800000000000 1.000000000000117 0.500000000000064 0.000000000000217 299.996883256803130 1.499984416155556
0.105900000000000 1.000000000000120 0.500000000000064 0.000000000000214 299.996883256802676 1.499984416171240
0.106000000000000 1.000000000000119 0.500000000000065 0.000000000000210 299.996883256802676 1.499984416185945
0.106100000000000 1.000000000000119 0.500000000000065 0.000000000000206 299.996883256802676 1.499984416199582
0.106200000000000 1.000000000000119 0.500000000000065 0.000000000000202 299.996883256803073 1.499984416212266
0.106300000000000 1.000000000000119 0.500000000000065 0.000000000000196 299.996883256802789 1.499984416223828
0.106400000000000 1.000000000000118 0.500000000000065 0.000000000000193 299.996883256803017 1.499984416234351
0.106500000000000 1.000000000000119 0.500000000000065 0.000000000000188 299.996883256802732 1.499984416243748
0.106600000000000 1.000000000000120 0.500000000000065 0.000000000000186 299.996883256802676 1.499984416252124
0.106700000000000 1.000000000000119 0.500000000000065 0.000000000000182 299.996883256803130 1.499984416259372
0.106800000000000 1.000000000000121 0.500000000000065 0.000000000000177 299.996883256802903 1.499984416265626
0.106900000000000 1.000000000000120 0.500000000000066 0.000000000000172 299.996883256802789 1.499984416270815
0.107000000000000 1.000000000000119 0.500000000000066 0.000000000000168 299.996883256802903 1.499984416275008
0.107100000000000 1.000000000000119 0.500000000000065 0.000000000000163 299.996883256802789 1.499984416278263
0.107200000000000 1.000000000000121 0.500000000000066 0.000000000000158 299.996883256803187 1.499984416280540
0.107300000000000 1.000000000000120 0.500000000000066 0.000000000000153 299.996883256802960 1.499984416281926
0.107400000000000 1.000000000000119 0.500000000000066 0.000000000000150 299.996883256802676 1.499984416282500
0.107500000000000 1.000000000000120 0.500000000000065 0.000000000000144 299.996883256802676 1.499984416282304
0.107600000000000 1.000000000000120 0.500000000000065 0.000000000000141 299.996883256803301 1.499984416281321
0.107700000000000 1.000000000000121 0.500000000000066 0.000000000000135 299.996883256803585 1.499984416279665
0.107800000000000 1.000000000000121 0.500000000000066 0.000000000000130 299.996883256803358 1.499984416277379
0.107900000000000 1.000000000000120 0.500000000000066 0.000000000000125 299.996883256803130 1.499984416274548
0.108000000000000 1.000000000000122 0.500000000000065 0.000000000000120 299.996883256803471 1.499984416271298
0.108100000000000 1.000000000000120 0.500000000000066 0.000000000000117 299.996883256803301 1.499984416267605
0.108200000000000 1.000000000000121 0.500000000000066 0.000000000000111 299.996883256803358 1.499984416263491
0.108300000000000 1.000000000000120 0.500000000000066 0.000000000000105 299.996883256803130 1.499984416259160
0.108400000000000 1.000000000000122 0.500000000000066 0.000000000000101 299.996883256803869 1.499984416254586
0.108500000000000 1.000000000000120 0.500000000000066 0.000000000000097 299.996883256803926 1.499984416249893
0.108600000000000 1.000000000000122 0.500000000000066 0.000000000000092 299.996883256803130 1.499984416245129
0.108700000000000 1.000000000000122 0.500000000000067 0.000000000000087 299.996883256803585 1.499984416240309
0.108800000000000 1.000000000000121 0.500000000000066 0.000000000000082 299.996883256803244 1.499984416235639
0.108900000000000 1.000000000000121 0.500000000000067 0.000000000000078 299.996883256803244 1.499984416230942
0.109000000000000 1.000000000000123 0.500000000000067 0.000000000000072 299.996883256803585 1.499984416226560
0.109100000000000 1.000000000000123 0.500000000000067 0.000000000000066 299.996883256803699 1.499984416222312
0.109200000000000 1.000000000000121 0.500000000000067 0.000000000000061 299.996883256803812 1.499984416218421
0.109300000000000 1.000000000000123 0.500000000000067 0.000000000000054 299.996883256804267 1.499984416214790
0.109400000000000 1.000000000000122 0.500000000000067 0.000000000000050 299.996883256803812 1.499984416211565
0.109500000000000 1.000000000000122 0.500000000000067 0.000000000000044 299.996883256803699 1.499984416208705
0.109600000000000 1.000000000000123 0.500000000000068 0.000000000000038 299.996883256803699 1.499984416206296
0.109700000000000 1.000000000000123 0.500000000000068 0.000000000000034 299.996883256804040 1.499984416204386
0.109800000000000 1.000000000000124 0.500000000000067 0.000000000000027 299.996883256803926 1.499984416202961
0.109900000000000 1.000000000000124 0.500000000000067 0.000000000000023 299.996883256804949 1.499984416202059
0.110000000000000 1.000000000000123 0.500000000000068 0.000000000000020 299.996883256803471 1.499984416201562
0.110100000000000 1.000000000000124 0.500000000000068 0.000000000000016 299.996883256803471 1.499984416201674
0.110200000000000 1.000000000000123 0.500000000000068 0.000000000000009 299.996883256804665 1.499984416202304
0.110300000000000 1.000000000000124 0.500000000000068 0.000000000000004 299.996883256804153 1.499984416203414
0.110400000000000 1.000000000000124 0.500000000000068 -0.000000000000001 299.996883256804495 1.499984416205057
0.110500000000000 1.000000000000124 0.500000000000068 -0.000000000000006 299.996883256804779 1.499984416207132
0.110600000000000 1.000000000000125 0.500000000000068 -0.000000000000012 299.996883256804153 1.499984416209657
0.110700000000000 1.000000000000124 0.500000000000068 -0.000000000000016 299.996883256804267 1.499984416212658
0.110800000000000 1.000000000000125 0.500000000000068 -0.000000000000022 299.996883256803869 1.499984416216052
0.110900000000000 1.000000000000126 0.500000000000068 -0.000000000000027 299.996883256804153 1.499984416219773
0.111000000000000 1.000000000000125 0.500000000000069 -0.000000000000032 299.996883256804438 1.499984416223804
0.111100000000000 1.000000000000123 0.500000000000068 -0.000000000000036 299.996883256804779 1.499984416228114
0.111200000000000 1.000000000000125 0.500000000000068 -0.000000000000040 299.996883256804608 1.499984416232642
0.111300000000000 1.000000000000124 0.500000000000068 -0.000000000000044 299.996883256804722 1.499984416237308
0.111400000000000 1.000000000000125 0.500000000000068 -0.000000000000049 299.996883256804722 1.499984416242099
0.111500000000000 1.000000000000125 0.500000000000069 -0.000000000000055 299.996883256804836 1.499984416246802
0.111600000000000 1.000000000000125 0.500000000000069 -0.000000000000059 299.996883256804836 1.499984416251587
0.111700000000000 1.000000000000125 0.500000000000068 -0.000000000000064 299.996883256804495 1.499984416256243
0.111800000000000 1.000000000000126 0.500000000000069 -0.000000000000069 299.996883256804779 1.499984416260734
0.111900000000000 1.000000000000125 0.500000000000069 -0.000000000000074 299.996883256805461 1.499984416264950
0.112000000000000 1.000000000000127 0.500000000000069 -0.000000000000077 299.996883256804836 1.499984416268929
0.112100000000000 1.000000000000128 0.500000000000069 -0.000000000000081 299.996883256805233 1.499984416272457
0.112200000000000 1.000000000000126 0.500000000000069 -0.000000000000085 299.996883256804836 1.499984416275618
0.112300000000000 1.000000000000126 0.500000000000068 -0.000000000000088 299.996883256805177 1.499984416278262
0.112400000000000 1.000000000000126 0.500000000000069 -0.000000000000090 299.996883256805177 1.499984416280250
0.112500000000000 1.000000000000126 0.500000000000069 -0.000000000000095 299.996883256804949 1.499984416281690
0.112600000000000 1.000000000000127 0.500000000000069 -0.000000000000099 299.996883256804722 1.499984416282350
0.112700000000000 1.000000000000127 0.500000000000069 -0.000000000000104 299.996883256805461 1.499984416282284
0.112800000000000 1.000000000000128 0.500000000000069 -0.000000000000108 299.996883256805745 1.499984416281430
0.112900000000000 1.000000000000128 0.500000000000069 -0.000000000000112 299.996883256805518 1.499984416279700
0.113000000000000 1.000000000000127 0.500000000000069 -0.000000000000115 299.996883256805290 1.499984416277100
0.113100000000000 1.000000000000128 0.500000000000068 -0.000000000000121 299.996883256805518 1.499984416273533
0.113200000000000 1.000000000000127 0.500000000000069 -0.000000000000125 299.996883256805404 1.499984416268935
0.113300000000000 1.000000000000128 0.500000000000069 -0.000000000000128 299.996883256805859 1.499984416263345
0.113400000000000 1.000000000000129 0.500000000000069 -0.000000000000134 299.996883256805461 1.499984416256734
0.113500000000000 1.000000000000128 0.500000000000069 -0.000000000000138 299.996883256805404 1.499984416249037
0.113600000000000 1.000000000000128 0.500000000000069 -0.000000000000142 299.996883256805972 1.499984416240293
0.113700000000000 1.000000000000128 0.500000000000069 -0.000000000000147 299.996883256805290 1.499984416230483
0.113800000000000 1.000000000000129 0.500000000000070 -0.000000000000151 299.996883256805972 1.499984416219541
0.113900000000000 1.000000000000130 0.500000000000069 -0.000000000000154 299.996883256805290 1.499984416207613
0.114000000000000 1.000000000000128 0.500000000000069 -0.000000000000159 299.996883256805518 1.499984416194558
0.114100000000000 1.000000000000129 0.500000000000070 -0.000000000000163 299.996883256805347 1.499984416180478
0.114200000000000 1.000000000000129 0.500000000000069 -0.000000000000168 299.996883256805631 1.499984416165428
0.114300000000000 1.000000000000129 0.500000000000069 -0.000000000000171 299.996883256806427 1.499984416149336
0.114400000000000 1.000000000000129 0.500000000000069 -0.000000000000174 299.996883256806200 1.499984416132402
0.114500000000000 1.000000000000129 0.500000000000070 -0.000000000000178 299.996883256806427 1.499984416114494
0.114600000000000 1.000000000000129 0.500000000000070 -0.000000000000183 299.996883256805745 1.499984416095736
0.114700000000000 1.000000000000130 0.500000000000069 -0.000000000000185 299.996883256805290 1.499984416076324
0.114800000000000 1.000000000000130 0.500000000000069 -0.000000000000189 299.996883256805290 1.499984416056126
0.114900000000000 1.000000000000129 0.500000000000070 -0.000000000000191 299.996883256805518 1.499984416035199
0.115000000000000 1.000000000000129 0.500000000000070 -0.000000000000195 299.996883256807223 1.499984416013799
0.115100000000000 1.000000000000132 0.500000000000070 -0.000000000000198 299.996883256806086 1.499984415991872
0.115200000000000 1.000000000000130 0.500000000000070 -0.000000000000201 299.996883256805859 1.499984415969529
0.115300000000000 1.000000000000131 0.500000000000070 -0.000000000000203 299.996883256806598 1.499984415946899
0.115400000000000 1.000000000000129 0.500000000000070 -0.000000000000207 299.996883256806655 1.499984415924066
0.115500000000000 1.000000000000131 0.500000000000070 -0.000000000000207 299.996883256806200 1.499984415900963
0.115600000000000 1.000000000000132 0.500000000000070 -0.000000000000209 299.996883256806143 1.499984415877911
0.115700000000000 1.000000000000131 0.500000000000070 -0.000000000000213 299.996883256806541 1.499984415854893
0.115800000000000 1.000000000000132 0.500000000000070 -0.000000000000215 299.996883256806939 1.499984415831996
0.115900000000000 1.000000000000132 0.500000000000070 -0.000000000000217 299.996883256806370 1.499984415809375
0.116000000000000 1.000000000000132 0.500000000000070 -0.000000000000219 299.996883256806314 1.499984415787122
0.116100000000000 1.000000000000133 0.500000000000070 -0.000000000000220 299.996883256806314 1.499984415765278
0.116200000000000 1.000000000000133 0.500000000000070 -0.000000000000221 299.996883256806996 1.499984415744000
0.116300000000000 1.000000000000132 0.500000000000070 -0.000000000000223 299.996883256806427 1.499984415723315
0.116400000000000 1.000000000000132 0.500000000000070 -0.000000000000226 299.996883256806939 1.499984415703392
0.116500000000000 1.000000000000132 0.500000000000070 -0.000000000000228 299.996883256807223 1.499984415684344
0.116600000000000 1.000000000000133 0.500000000000070 -0.000000000000228 299.996883256806939 1.499984415666104
0.116700000000000 1.000000000000133 0.500000000000070 -0.000000000000231 299.996883256806825 1.499984415648893
0.116800000000000 1.000000000000133 0.500000000000069 -0.000000000000233 299.996883256806768 1.499984415632766
0.116900000000000 1.000000000000134 0.500000000000070 -0.000000000000235 299.996883256807223 1.499984415617788
0.117000000000000 1.000000000000133 0.500000000000071 -0.000000000000235 299.996883256806768 1.499984415604003
0.117100000000000 1.000000000000133 0.500000000000071 -0.000000000000235 299.996883256807394 1.499984415591523
0.117200000000000 1.000000000000133 0.500000000000070 -0.000000000000237 299.996883256806882 1.499984415580420
0.117300000000000 1.000000000000133 0.500000000000070 -0.000000000000236 299.996883256806825 1.499984415570655
0.117400000000000 1.000000000000132 0.500000000000071 -0.000000000000235 299.996883256807337 1.499984415562355
0.117500000000000 1.000000000000134 0.500000000000070 -0.000000000000237 299.996883256807052 1.499984415555546
0.117600000000000 1.000000000000135 0.500000000000070 -0.000000000000238 299.996883256807166 1.499984415550203
0.117700000000000 1.000000000000135 0.500000000000071 -0.000000000000238 299.996883256807337 1.499984415546458
0.117800000000000 1.000000000000133 0.500000000000070 -0.000000000000238 299.996883256807507 1.499984415544281
0.117900000000000 1.000000000000135 0.500000000000070 -0.000000000000237 299.996883256807052 1.499984415543644
0.118000000000000 1.000000000000134 0.500000000000070 -0.000000000000237 299.996883256807166 1.499984415544563
0.118100000000000 1.000000000000135 0.500000000000070 -0.000000000000238 299.996883256807564 1.499984415547045
0.118200000000000 1.000000000000135 0.500000000000070 -0.000000000000238 299.996883256807564 1.499984415551056
0.118300000000000 1.000000000000134 0.500000000000070 -0.000000000000237 299.996883256807735 1.499984415556680
0.118400000000000 1.000000000000135 0.500000000000070 -0.000000000000236 299.996883256807848 1.499984415563749
0.118500000000000 1.000000000000135 0.500000000000070 -0.000000000000236 299.996883256806882 1.499984415572335
0.118600000000000 1.000000000000135 0.500000000000070 -0.000000000000237 299.996883256807109 1.499984415582304
0.118700000000000 1.000000000000134 0.500000000000070 -0.000000000000236 299.996883256807337 1.499984415593669
0.118800000000000 1.000000000000135 0.500000000000070 -0.000000000000235 299.996883256807450 1.499984415606398
0.118900000000000 1.000000000000135 0.500000000000069 -0.000000000000236 299.996883256807564 1.499984415620413
0.119000000000000 1.000000000000135 0.500000000000070 -0.000000000000237 299.996883256807450 1.499984415635639
0.119100000000000 1.000000000000135 0.500000000000069 -0.000000000000237 299.996883256808019 1.499984415651950
0.119200000000000 1.000000000000135 0.500000000000070 -0.000000000000236 299.996883256807337 1.499984415669311
0.119300000000000 1.000000000000135 0.500000000000069 -0.000000000000232 299.996883256807905 1.499984415687705
0.119400000000000 1.000000000000136 0.500000000000069 -0.000000000000231 299.996883256807337 1.499984415706959
0.119500000000000 1.000000000000137 0.500000000000070 -0.000000000000229 299.996883256806882 1.499984415726999
0.119600000000000 1.000000000000135 0.500000000000070 -0.000000000000229 299.996883256807394 1.499984415747787
0.119700000000000 1.000000000000136 0.500000000000070 -0.000000000000228 299.996883256807962 1.499984415769145
0.119800000000000 1.000000000000135 0.500000000000070 -0.000000000000228 299.996883256807564 1.499984415791126
0.119900000000000 1.000000000000137 0.500000000000070 -0.000000000000226 299.996883256807735 1.499984415813443
0.120000000000000 1.000000000000135 0.500000000000070 -0.000000000000223 299.996883256808417 1.499984415836121
0.120100000000000 1.000000000000137 0.500000000000070 -0.000000000000221 299.996883256808133 1.499984415859010
0.120200000000000 1.000000000000137 0.500000000000070 -0.000000000000218 299.996883256808019 1.499984415882046
0.120300000000000 1.000000000000136 0.500000000000071 -0.000000000000214 299.996883256808246 1.499984415905070
0.120400000000000 1.000000000000137 0.500000000000069 -0.000000000000212 299.996883256808701 1.499984415928163
0.120500000000000 1.000000000000137 0.500000000000071 -0.000000000000210 299.996883256807564 1.499984415950982
0.120600000000000 1.000000000000136 0.500000000000070 -0.000000000000207 299.996883256808417 1.499984415973600
0.120700000000000 1.000000000000137 0.500000000000070 -0.000000000000205 299.996883256808133 1.499984415995861
0.120800000000000 1.000000000000135 0.500000000000070 -0.000000000000202 299.996883256808303 1.499984416017661
0.120900000000000 1.000000000000136 0.500000000000070 -0.000000000000199 299.996883256808133 1.499984416039010
0.121000000000000 1.000000000000136 0.500000000000070 -0.000000000000196 299.996883256808189 1.499984416059729
0.121100000000000 1.000000000000137 0.500000000000070 -0.000000000000191 299.996883256807735 1.499984416079826
0.121200000000000 1.000000000000138 0.500000000000070 -0.000000000000188 299.996883256808303 1.499984416099144
0.121300000000000 1.000000000000137 0.500000000000069 -0.000000000000186 299.996883256808246 1.499984416117744
0.121400000000000 1.000000000000139 0.500000000000070 -0.000000000000183 299.996883256808474 1.499984416135456
0.121500000000000 1.000000000000138 0.500000000000070 -0.000000000000182 299.996883256808019 1.499984416152277
0.121600000000000 1.000000000000137 0.500000000000070 -0.000000000000178 299.996883256808474 1.499984416168160
0.121700000000000 1.000000000000138 0.500000000000070 -0.000000000000175 299.996883256809042 1.499984416183099
0.121800000000000 1.000000000000139 0.500000000000071 -0.000000000000169 299.996883256808303 1.499984416196871
0.121900000000000 1.000000000000138 0.500000000000071 -0.000000000000166 299.996883256808360 1.499984416209702
0.122000000000000 1.000000000000139 0.500000000000070 -0.000000000000164 299.996883256808815 1.499984416221568
0.122100000000000 1.000000000000139 0.500000000000071 -0.000000000000160 299.996883256808928 1.499984416232217
0.122200000000000 1.000000000000139 0.500000000000071 -0.000000000000158 299.996883256808815 1.499984416241887
0.122300000000000 1.000000000000139 0.500000000000071 -0.000000000000153 299.996883256809326 1.499984416250402
0.122400000000000 1.000000000000138 0.500000000000070 -0.000000000000148 299.996883256808701 1.499984416257919
0.122500000000000 1.000000000000140 0.500000000000071 -0.000000000000146 299.996883256809213 1.499984416264320
0.122600000000000 1.000000000000139 0.500000000000071 -0.000000000000143 299.996883256808928 1.499984416269698
0.122700000000000 1.000000000000139 0.500000000000071 -0.000000000000140 299.996883256808587 1.499984416274091
0.122800000000000 1.000000000000139 0.500000000000070 -0.000000000000134 299.996883256808587 1.499984416277531
0.122900000000000 1.000000000000138 0.500000000000071 -0.000000000000132 299.996883256808928 1.499984416279960
0.123000000000000 1.000000000000140 0.500000000000071 -0.000000000000127 299.996883256809156 1.499984416281511
0.123100000000000 1.000000000000138 0.500000000000071 -0.000000000000124 299.996883256809042 1.499984416282245
0.123200000000000 1.000000000000140 0.500000000000070 -0.000000000000120 299.996883256809497 1.499984416282141
0.123300000000000 1.000000000000140 0.500000000000070 -0.000000000000115 299.996883256808701 1.499984416281322
0.123400000000000 1.000000000000140 0.500000000000070 -0.000000000000111 299.996883256808815 1.499984416279826
0.123500000000000 1.000000000000138 0.500000000000070 -0.000000000000106 299.996883256809497 1.499984416277675
0.123600000000000 1.000000000000139 0.500000000000070 -0.000000000000101 299.996883256808474 1.499984416274917
0.123700000000000 1.000000000000141 0.500000000000071 -0.000000000000097 299.996883256808928 1.499984416271716
0.123800000000000 1.000000000000140 0.500000000000071 -0.000000000000091 299.996883256808701 1.499984416268050
0.123900000000000 1.000000000000140 0.500000000000070 -0.000000000000086 299.996883256808985 1.499984416264064
0.124000000000000 1.000000000000140 0.500000000000069 -0.000000000000082 299.996883256809269 1.499984416259831
0.124100000000000 1.000000000000139 0.500000000000070 -0.000000000000075 299.996883256809497 1.499984416255271
0.124200000000000 1.000000000000141 0.500000000000070 -0.000000000000070 299.996883256808928 1.499984416250572
0.124300000000000 1.000000000000141 0.500000000000071 -0.000000000000067 299.996883256809269 1.499984416245829
0.124400000000000 1.000000000000140 0.500000000000071 -0.000000000000059 299.996883256808871 1.499984416241003
0.124500000000000 1.000000000000140 0.500000000000071 -0.000000000000054 299.996883256809383 1.499984416236262
0.124600000000000 1.000000000000141 0.500000000000070 -0.000000000000050 299.996883256809440 1.499984416231631
0.124700000000000 1.000000000000141 0.500000000000071 -0.000000000000044 299.996883256808815 1.499984416227153
0.124800000000000 1.000000000000143 0.500000000000070 -0.000000000000040 299.996883256809610 1.499984416222921
0.124900000000000 1.000000000000141 0.500000000000070 -0.000000000000035 299.996883256809042 1.499984416218942
0.125000000000000 1.000000000000142 0.500000000000070 -0.000000000000030 299.996883256809838 1.499984416215231
0.125100000000000 1.000000000000141 0.500000000000071 -0.000000000000026 299.996883256808928 1.499984416211906
0.125200000000000 1.000000000000142 0.500000000000071 -0.000000000000021 299.996883256808474 1.499984416209019
0.125300000000000 1.000000000000141 0.500000000000071 -0.000000000000016 299.996883256809042 1.499984416206534
0.125400000000000 1.000000000000142 0.500000000000071 -0.000000000000008 299.996883256808928 1.499984416204515
0.125500000000000 1.000000000000142 0.500000000000071 -0.000000000000004 299.996883256809724 1.499984416203002
0.125600000000000 1.000000000000141 0.500000000000072 0.000000000000003 299.996883256809440 1.499984416201898
0.125700000000000 1.000000000000143 0.500000000000071 0.000000000000006 299.996883256809724 1.499984416201392
0.125800000000000 1.000000000000142 0.500000000000071 0.000000000000013 299.996883256809610 1.499984416201437
0.125900000000000 1.000000000000143 0.500000000000071 0.000000000000019 299.996883256809838 1.499984416201941
0.126000000000000 1.000000000000142 0.500000000000072 0.000000000000026 299.996883256809554 1.499984416202957
0.126100000000000 1.000000000000143 0.500000000000072 0.000000000000031 299.996883256809838 1.499984416204465
0.126200000000000 1.000000000000143 0.500000000000072 0.000000000000037 299.996883256809838 1.499984416206511
0.126300000000000 1.000000000000143 0.500000000000072 0.000000000000044 299.996883256809781 1.499984416208972
0.126400000000000 1.000000000000143 0.500000000000071 0.000000000000050 299.996883256809724 1.499984416211922
0.126500000000000 1.000000000000143 0.500000000000071 0.000000000000057 299.996883256810122 1.499984416215236
0.126600000000000 1.000000000000145 0.500000000000072 0.000000000000063 299.996883256810122 1.499984416218828
0.126700000000000 1.000000000000143 0.500000000000072 0.000000000000066 299.996883256810179 1.499984416222812
0.126800000000000 1.000000000000143 0.500000000000072 0.000000000000071 299.996883256809724 1.499984416227107
0.126900000000000 1.000000000000142 0.500000000000072 0.000000000000077 299.996883256809951 1.499984416231572
0.127000000000000 1.000000000000144 0.500000000000072 0.000000000000084 299.996883256810179 1.499984416236263
0.127100000000000 1.000000000000143 0.500000000000072 0.000000000000089 299.996883256810008 1.499984416240967
0.127200000000000 1.000000000000143 0.500000000000072 0.000000000000094 299.996883256810463 1.499984416245745
0.127300000000000 1.000000000000144 0.500000000000072 0.000000000000101 299.996883256810293 1.499984416250535
0.127400000000000 1.000000000000143 0.500000000000072 0.000000000000107 299.996883256810065 1.499984416255186
0.127500000000000 1.000000000000143 0.500000000000073 0.000000000000113 299.996883256810179 1.499984416259671
0.127600000000000 1.000000000000145 0.500000000000073 0.000000000000118 299.996883256810008 1.499984416263961
0.127700000000000 1.000000000000144 0.500000000000073 0.000000000000124 299.996883256810520 1.499984416267997
0.127800000000000 1.000000000000144 0.500000000000072 0.000000000000130 299.996883256810293 1.499984416271662
0.127900000000000 1.000000000000143 0.500000000000073 0.000000000000136 299.996883256810293 1.499984416274855
0.128000000000000 1.000000000000145 0.500000000000072 0.000000000000140 299.996883256810520 1.499984416277603
0.128100000000000 1.000000000000144 0.500000000000072 0.000000000000145 299.996883256810861 1.499984416279759
0.128200000000000 1.000000000000144 0.500000000000072 0.000000000000151 299.996883256810406 1.499984416281246
0.128300000000000 1.000000000000145 0.500000000000073 0.000000000000157 299.996883256810975 1.499984416282112
0.128400000000000 1.000000000000145 0.500000000000073 0.000000000000160 299.996883256810690 1.499984416282207
0.128500000000000 1.000000000000145 0.500000000000073 0.000000000000166 299.996883256810349 1.499984416281477
0.128600000000000 1.000000000000145 0.500000000000072 0.000000000000171 299.996883256810520 1.499984416279929
0.128700000000000 1.000000000000144 0.500000000000073 0.000000000000176 299.996883256810463 1.499984416277470
0.128800000000000 1.000000000000145 0.500000000000073 0.000000000000182 299.996883256810293 1.499984416274032
0.128900000000000 1.000000000000146 0.500000000000073 0.000000000000187 299.996883256810349 1.499984416269711
0.129000000000000 1.000000000000145 0.500000000000073 0.000000000000190 299.996883256810634 1.499984416264303
0.129100000000000 1.000000000000145 0.500000000000073 0.000000000000194 299.996883256810861 1.499984416257871
0.129200000000000 1.000000000000145 0.500000000000073 0.000000000000199 299.996883256811032 1.499984416250397
0.129300000000000 1.000000000000146 0.500000000000074 0.000000000000203 299.996883256810463 1.499984416241864
0.129400000000000 1.000000000000144 0.500000000000074 0.000000000000209 299.996883256810634 1.499984416232220
0.129500000000000 1.000000000000145 0.500000000000074 0.000000000000213 299.996883256810293 1.499984416221492
0.129600000000000 1.000000000000145 0.500000000000073 0.000000000000218 299.996883256810747 1.499984416209741
0.129700000000000 1.000000000000145 0.500000000000074 0.000000000000222 299.996883256811032 1.499984416196942
0.129800000000000 1.000000000000145 0.500000000000073 0.000000000000227 299.996883256811145 1.499984416183056
0.129900000000000 1.000000000000146 0.500000000000074 0.000000000000232 299.996883256810804 1.499984416168114
0.130000000000000 1.000000000000146 0.500000000000074 0.000000000000236 299.996883256810634 1.499984416152324
0.130100000000000 1.000000000000147 0.500000000000074 0.000000000000240 299.996883256810747 1.499984416135494
0.130200000000000 1.000000000000146 0.500000000000074 0.000000000000244 299.996883256810747 1.499984416117754
0.130300000000000 1.000000000000146 0.500000000000074 0.000000000000248 299.996883256811145 1.499984416099193
0.130400000000000 1.000000000000146 0.500000000000074 0.000000000000251 299.996883256810406 1.499984416079837
0.130500000000000 1.000000000000146 0.500000000000075 0.000000000000256 299.996883256811202 1.499984416059758
0.130600000000000 1.000000000000147 0.500000000000075 0.000000000000261 299.996883256811088 1.499984416039029
0.130700000000000 1.000000000000147 0.500000000000075 0.000000000000265 299.996883256811543 1.499984416017683
0.130800000000000 1.000000000000146 0.500000000000075 0.000000000000268 299.996883256810520 1.499984415995834
0.130900000000000 1.000000000000146 0.500000000000075 0.000000000000269 299.996883256811657 1.499984415973610
0.131000000000000 1.000000000000148 0.500000000000075 0.000000000000273 299.996883256811202 1.499984415950979
0.131100000000000 1.000000000000146 0.500000000000075 0.000000000000277 299.996883256810463 1.499984415928172
0.131200000000000 1.000000000000147 0.500000000000075 0.000000000000279 299.996883256811543 1.499984415905175
0.131300000000000 1.000000000000147 0.500000000000076 0.000000000000281 299.996883256811373 1.499984415882051
0.131400000000000 1.000000000000148 0.500000000000075 0.000000000000284 299.996883256811543 1.499984415859062
0.131500000000000 1.000000000000148 0.500000000000076 0.000000000000288 299.996883256811600 1.499984415836141
0.131600000000000 1.000000000000147 0.500000000000075 0.000000000000289 299.996883256811600 1.499984415813466
0.131700000000000 1.000000000000149 0.500000000000076 0.000000000000293 299.996883256811657 1.499984415791065
0.131800000000000 1.000000000000148 0.500000000000076 0.000000000000297 299.996883256811827 1.499984415769170
0.131900000000000 1.000000000000149 0.500000000000076 0.000000000000300 299.996883256811827 1.499984415747805
0.132000000000000 1.000000000000149 0.500000000000076 0.000000000000301 299.996883256811714 1.499984415727029
0.132100000000000 1.000000000000149 0.500000000000076 0.000000000000304 299.996883256811714 1.499984415706914
0.132200000000000 1.000000000000148 0.500000000000076 0.000000000000306 299.996883256811884 1.499984415687654
0.132300000000000 1.000000000000148 0.500000000000077 0.000000000000308 299.996883256811884 1.499984415669256
0.132400000000000 1.000000000000148 0.500000000000076 0.000000000000312 299.996883256811657 1.499984415651882
0.132500000000000 1.000000000000149 0.500000000000076 0.000000000000313 299.996883256812112 1.499984415635562
0.132600000000000 1.000000000000151 0.500000000000076 0.000000000000314 299.996883256812112 1.499984415620374
0.132700000000000 1.000000000000149 0.500000000000077 0.000000000000314 299.996883256812055 1.499984415606296
0.132800000000000 1.000000000000149 0.500000000000077 0.000000000000316 299.996883256811543 1.499984415593598
0.132900000000000 1.000000000000148 0.500000000000077 0.000000000000316 299.996883256811543 1.499984415582227
0.133000000000000 1.000000000000149 0.500000000000077 0.000000000000317 299.996883256811657 1.499984415572207
0.133100000000000 1.000000000000150 0.500000000000077 0.000000000000317 299.996883256812055 1.499984415563608
0.133200000000000 1.000000000000149 0.500000000000077 0.000000000000317 299.996883256811827 1.499984415556518
0.133300000000000 1.000000000000150 0.500000000000077 0.000000000000319 299.996883256811770 1.499984415550943
0.133400000000000 1.000000000000148 0.500000000000078 0.000000000000320 299.996883256811884 1.499984415546855
0.133500000000000 1.000000000000149 0.500000000000078 0.000000000000320 299.996883256811429 1.499984415544374
0.133600000000000 1.000000000000150 0.500000000000077 0.000000000000319 299.996883256811998 1.499984415543434
0.133700000000000 1.000000000000150 0.500000000000078 0.000000000000317 299.996883256812453 1.499984415544057
0.133800000000000 1.000000000000150 0.500000000000078 0.000000000000318 299.996883256811827 1.499984415546262
0.133900000000000 1.000000000000149 0.500000000000078 0.000000000000320 299.996883256812225 1.499984415550049
0.134000000000000 1.000000000000150 0.500000000000078 0.000000000000320 299.996883256812453 1.499984415555338
0.134100000000000 1.000000000000151 0.500000000000078 0.000000000000320 299.996883256812225 1.499984415562132
0.134200000000000 1.000000000000149 0.500000000000078 0.000000000000320 299.996883256812453 1.499984415570431
0.134300000000000 1.000000000000151 0.500000000000079 0.000000000000319 299.996883256812396 1.499984415580129
0.134400000000000 1.000000000000150 0.500000000000079 0.000000000000318 299.996883256812112 1.499984415591264
0.134500000000000 1.000000000000152 0.500000000000079 0.000000000000318 299.996883256812453 1.499984415603757
0.134600000000000 1.000000000000152 0.500000000000078 0.000000000000317 299.996883256812453 1.499984415617520
0.134700000000000 1.000000000000151 0.500000000000079 0.000000000000316 299.996883256812112 1.499984415632468
0.134800000000000 1.000000000000151 0.500000000000079 0.000000000000316 299.996883256812339 1.499984415648626
0.134900000000000 1.000000000000151 0.500000000000079 0.000000000000314 299.996883256812339 1.499984415665773
0.135000000000000 1.000000000000151 0.500000000000080 0.000000000000315 299.996883256812623 1.499984415684010
0.135100000000000 1.000000000000151 0.500000000000079 0.000000000000313 299.996883256812339 1.499984415703074
0.135200000000000 1.000000000000151 0.500000000000079 0.000000000000313 299.996883256812851 1.499984415723037
0.135300000000000 1.000000000000151 0.500000000000080 0.000000000000311 299.996883256812453 1.499984415743641
0.135400000000000 1.000000000000152 0.500000000000080 0.000000000000310 299.996883256812339 1.499984415764924
0.135500000000000 1.000000000000151 0.500000000000080 0.000000000000308 299.996883256812907 1.499984415786776
0.135600000000000 1.000000000000152 0.500000000000079 0.000000000000308 299.996883256813476 1.499984415809118
0.135700000000000 1.000000000000152 0.500000000000081 0.000000000000305 299.996883256813589 1.499984415831666
0.135800000000000 1.000000000000152 0.500000000000080 0.000000000000302 299.996883256812112 1.499984415854552
0.135900000000000 1.000000000000153 0.500000000000080 0.000000000000299 299.996883256813078 1.499984415877604
0.136000000000000 1.000000000000153 0.500000000000080 0.000000000000297 299.996883256812339 1.499984415900650
0.136100000000000 1.000000000000153 0.500000000000081 0.000000000000293 299.996883256811429 1.499984415923650
0.136200000000000 1.000000000000153 0.500000000000081 0.000000000000291 299.996883256811657 1.499984415946527
0.136300000000000 1.000000000000153 0.500000000000081 0.000000000000289 299.996883256812794 1.499984415969195
0.136400000000000 1.000000000000154 0.500000000000080 0.000000000000285 299.996883256812907 1.499984415991544
0.136500000000000 1.000000000000154 0.500000000000081 0.000000000000282 299.996883256813248 1.499984416013428
0.136600000000000 1.000000000000154 0.500000000000081 0.000000000000280 299.996883256813078 1.499984416034907
0.136700000000000 1.000000000000153 0.500000000000081 0.000000000000277 299.996883256812680 1.499984416055740
0.136800000000000 1.000000000000152 0.500000000000082 0.000000000000273 299.996883256813021 1.499984416075914
0.136900000000000 1.000000000000153 0.500000000000082 0.000000000000270 299.996883256812794 1.499984416095378
0.137000000000000 1.000000000000153 0.500000000000081 0.000000000000268 299.996883256813021 1.499984416114161
0.137100000000000 1.000000000000154 0.500000000000081 0.000000000000265 299.996883256813476 1.499984416132061
0.137200000000000 1.000000000000153 0.500000000000082 0.000000000000262 299.996883256812794 1.499984416148983
0.137300000000000 1.000000000000153 0.500000000000081 0.000000000000257 299.996883256813135 1.499984416165083
0.137400000000000 1.000000000000154 0.500000000000082 0.000000000000253 299.996883256812907 1.499984416180122
0.137500000000000 1.000000000000154 0.500000000000082 0.000000000000247 299.996883256813135 1.499984416194207
0.137600000000000 1.000000000000155 0.500000000000082 0.000000000000245 299.996883256813646 1.499984416207235
0.137700000000000 1.000000000000154 0.500000000000082 0.000000000000242 299.996883256812851 1.499984416219232
0.137800000000000 1.000000000000153 0.500000000000082 0.000000000000237 299.996883256813703 1.499984416230135
0.137900000000000 1.000000000000155 0.500000000000083 0.000000000000232 299.996883256813248 1.499984416239958
0.138000000000000 1.000000000000155 0.500000000000083 0.000000000000227 299.996883256813135 1.499984416248705
0.138100000000000 1.000000000000156 0.500000000000083 0.000000000000223 299.996883256813476 1.499984416256360
0.138200000000000 1.000000000000156 0.500000000000083 0.000000000000220 299.996883256814101 1.499984416263032
0.138300000000000 1.000000000000156 0.500000000000082 0.000000000000217 299.996883256813817 1.499984416268612
0.138400000000000 1.000000000000154 0.500000000000083 0.000000000000212 299.996883256813589 1.499984416273158
0.138500000000000 1.000000000000156 0.500000000000083 0.000000000000208 299.996883256814272 1.499984416276757
0.138600000000000 1.000000000000155 0.500000000000083 0.000000000000204 299.996883256813419 1.499984416279396
0.138700000000000 1.000000000000154 0.500000000000083 0.000000000000200 299.996883256813078 1.499984416281147
0.138800000000000 1.000000000000156 0.500000000000083 0.000000000000196 299.996883256814044 1.499984416281976
0.138900000000000 1.000000000000157 0.500000000000084 0.000000000000192 299.996883256813703 1.499984416282016
0.139000000000000 1.000000000000155 0.500000000000084 0.000000000000188 299.996883256813987 1.499984416281341
0.139100000000000 1.000000000000155 0.500000000000084 0.000000000000185 299.996883256814272 1.499984416279952
0.139200000000000 1.000000000000156 0.500000000000084 0.000000000000179 299.996883256813931 1.499984416277915
0.139300000000000 1.000000000000156 0.500000000000084 0.000000000000175 299.996883256813646 1.499984416275280
0.139400000000000 1.000000000000155 0.500000000000084 0.000000000000171 299.996883256814044 1.499984416272144
0.139500000000000 1.000000000000157 0.500000000000084 0.000000000000165 299.996883256814101 1.499984416268587
0.139600000000000 1.000000000000156 0.500000000000084 0.000000000000162 299.996883256813987 1.499984416264683
0.139700000000000 1.000000000000158 0.500000000000084 0.000000000000155 299.996883256814215 1.499984416260400
0.139800000000000 1.000000000000157 0.500000000000084 0.000000000000151 299.996883256814385 1.499984416255954
0.139900000000000 1.000000000000157 0.500000000000084 0.000000000000147 299.996883256813703 1.499984416251287
0.140000000000000 1.000000000000158 0.500000000000085 0.000000000000143 299.996883256814101 1.499984416246487
0.140100000000000 1.000000000000157 0.500000000000085 0.000000000000136 299.996883256814158 1.499984416241726
0.140200000000000 1.000000000000157 0.500000000000083 0.000000000000131 299.996883256814556 1.499984416237051
0.140300000000000 1.000000000000157 0.500000000000084 0.000000000000125 299.996883256814272 1.499984416232312
0.140400000000000 1.000000000000158 0.500000000000085 0.000000000000120 299.996883256814726 1.499984416227763
0.140500000000000 1.000000000000157 0.500000000000084 0.000000000000114 299.996883256814669 1.499984416223507
0.140600000000000 1.000000000000159 0.500000000000086 0.000000000000109 299.996883256814726 1.499984416219418
0.140700000000000 1.000000000000159 0.500000000000085 0.000000000000104 299.996883256814783 1.499984416215733
0.140800000000000 1.000000000000159 0.500000000000085 0.000000000000099 299.996883256814385 1.499984416212348
0.140900000000000 1.000000000000159 0.500000000000085 0.000000000000091 299.996883256814272 1.499984416209331
0.141000000000000 1.000000000000160 0.500000000000085 0.000000000000086 299.996883256815181 1.499984416206792
0.141100000000000 1.000000000000158 0.500000000000085 0.000000000000082 299.996883256815181 1.499984416204689
0.141200000000000 1.000000000000159 0.500000000000085 0.000000000000077 299.996883256815124 1.499984416203061
0.141300000000000 1.000000000000159 0.500000000000085 0.000000000000072 299.996883256815067 1.499984416201933
0.141400000000000 1.000000000000159 0.500000000000086 0.000000000000066 299.996883256815181 1.499984416201279
0.141500000000000 1.000000000000159 0.500000000000085 0.000000000000061 299.996883256814954 1.499984416201228
0.141600000000000 1.000000000000159 0.500000000000085 0.000000000000056 299.996883256814613 1.499984416201654
0.141700000000000 1.000000000000160 0.500000000000086 0.000000000000051 299.996883256814840 1.499984416202524
0.141800000000000 1.000000000000160 0.500000000000085 0.000000000000043 299.996883256815522 1.499984416204018
0.141900000000000 1.000000000000159 0.500000000000086 0.000000000000035 299.996883256814954 1.499984416205897
0.142000000000000 1.000000000000159 0.500000000000086 0.000000000000029 299.996883256814840 1.499984416208316
0.142100000000000 1.000000000000160 0.500000000000086 0.000000000000021 299.996883256814726 1.499984416211133
0.142200000000000 1.000000000000161 0.500000000000086 0.000000000000016 299.996883256815408 1.499984416214366
0.142300000000000 1.000000000000161 0.500000000000087 0.000000000000009 299.996883256814783 1.499984416217934
0.142400000000000 1.000000000000161 0.500000000000086 0.000000000000002 299.996883256814954 1.499984416221921
0.142500000000000 1.000000000000161 0.500000000000085 -0.000000000000006 299.996883256814613 1.499984416226157
0.142600000000000 1.000000000000160 0.500000000000086 -0.000000000000011 299.996883256815181 1.499984416230563
0.142700000000000 1.000000000000160 0.500000000000087 -0.000000000000017 299.996883256815522 1.499984416235135
0.142800000000000 1.000000000000161 0.500000000000087 -0.000000000000024 299.996883256814669 1.499984416239845
0.142900000000000 1.000000000000160 0.500000000000086 -0.000000000000028 299.996883256814840 1.499984416244674
0.143000000000000 1.000000000000161 0.500000000000087 -0.000000000000035 299.996883256815295 1.499984416249376
0.143100000000000 1.000000000000160 0.500000000000086 -0.000000000000040 299.996883256815522 1.499984416254157
0.143200000000000 1.000000000000161 0.500000000000087 -0.000000000000046 299.996883256814783 1.499984416258676
0.143300000000000 1.000000000000159 0.500000000000086 -0.000000000000053 299.996883256814840 1.499984416263034
0.143400000000000 1.000000000000161 0.500000000000086 -0.000000000000059 299.996883256815863 1.499984416267109
0.143500000000000 1.000000000000160 0.500000000000086 -0.000000000000063 299.996883256815067 1.499984416270833
0.143600000000000 1.000000000000161 0.500000000000087 -0.000000000000069 299.996883256815238 1.499984416274133
0.143700000000000 1.000000000000161 0.500000000000087 -0.000000000000075 299.996883256815408 1.499984416276950
0.143800000000000 1.000000000000162 0.500000000000087 -0.000000000000079 299.996883256815977 1.499984416279146
0.143900000000000 1.000000000000163 0.500000000000086 -0.000000000000084 299.996883256815750 1.499984416280875
0.144000000000000 1.000000000000161 0.500000000000087 -0.000000000000088 299.996883256815750 1.499984416281790
0.144100000000000 1.000000000000162 0.500000000000087 -0.000000000000091 299.996883256815295 1.499984416282044
0.144200000000000 1.000000000000163 0.500000000000087 -0.000000000000095 299.996883256815977 1.499984416281466
0.144300000000000 1.000000000000163 0.500000000000086 -0.000000000000100 299.996883256815806 1.499984416280126
0.144400000000000 1.000000000000163 0.500000000000087 -0.000000000000105 299.996883256815863 1.499984416277815
0.144500000000000 1.000000000000161 0.500000000000087 -0.000000000000110 299.996883256816147 1.499984416274545
0.144600000000000 1.000000000000163 0.500000000000087 -0.000000000000116 299.996883256815693 1.499984416270361
0.144700000000000 1.000000000000162 0.500000000000087 -0.000000000000120 299.996883256816204 1.499984416265209
0.144800000000000 1.000000000000163 0.500000000000087 -0.000000000000126 299.996883256815977 1.499984416258989
0.144900000000000 1.000000000000163 0.500000000000087 -0.000000000000131 299.996883256815636 1.499984416251660
0.145000000000000 1.000000000000163 0.500000000000087 -0.000000000000135 299.996883256816659 1.499984416243360
0.145100000000000 1.000000000000163 0.500000000000087 -0.000000000000139 299.996883256816204 1.499984416233953
0.145200000000000 1.000000000000164 0.500000000000087 -0.000000000000145 299.996883256816545 1.499984416223421
0.145300000000000 1.000000000000162 0.500000000000087 -0.000000000000149 299.996883256815863 1.499984416211849
0.145400000000000 1.000000000000162 0.500000000000087 -0.000000000000153 299.996883256816204 1.499984416199208
0.145500000000000 1.000000000000163 0.500000000000088 -0.000000000000160 299.996883256815636 1.499984416185501
0.145600000000000 1.000000000000164 0.500000000000087 -0.000000000000166 299.996883256816432 1.499984416170832
0.145700000000000 1.000000000000163 0.500000000000087 -0.000000000000169 299.996883256816204 1.499984416155163
0.145800000000000 1.000000000000164 0.500000000000087 -0.000000000000174 299.996883256816432 1.499984416138469
0.145900000000000 1.000000000000165 0.500000000000087 -0.000000000000176 299.996883256816204 1.499984416120947
0.146000000000000 1.000000000000164 0.500000000000087 -0.000000000000181 299.996883256816204 1.499984416102574
0.146100000000000 1.000000000000164 0.500000000000086 -0.000000000000186 299.996883256815465 1.499984416083379
0.146200000000000 1.000000000000163 0.500000000000087 -0.000000000000190 299.996883256816432 1.499984416063396
0.146300000000000 1.000000000000165 0.500000000000087 -0.000000000000196 299.996883256816886 1.499984416042762
0.146400000000000 1.000000000000165 0.500000000000087 -0.000000000000200 299.996883256816602 1.499984416021525
0.146500000000000 1.000000000000164 0.500000000000087 -0.000000000000203 299.996883256816488 1.499984415999809
0.146600000000000 1.000000000000165 0.500000000000087 -0.000000000000205 299.996883256816318 1.499984415977626
0.146700000000000 1.000000000000163 0.500000000000087 -0.000000000000207 299.996883256816261 1.499984415955079
0.146800000000000 1.000000000000165 0.500000000000087 -0.000000000000211 299.996883256815863 1.499984415932274
0.146900000000000 1.000000000000165 0.500000000000087 -0.000000000000216 299.996883256816091 1.499984415909294
0.147000000000000 1.000000000000165 0.500000000000087 -0.000000000000220 299.996883256816318 1.499984415886186
0.147100000000000 1.000000000000166 0.500000000000087 -0.000000000000224 299.996883256816659 1.499984415863139
0.147200000000000 1.000000000000163 0.500000000000087 -0.000000000000226 299.996883256816091 1.499984415840250
0.147300000000000 1.000000000000166 0.500000000000087 -0.000000000000229 299.996883256817000 1.499984415817527
0.147400000000000 1.000000000000165 0.500000000000087 -0.000000000000231 299.996883256816545 1.499984415795058
0.147500000000000 1.000000000000167 0.500000000000088 -0.000000000000230 299.996883256816886 1.499984415773025
0.147600000000000 1.000000000000165 0.500000000000088 -0.000000000000233 299.996883256816716 1.499984415751541
0.147700000000000 1.000000000000166 0.500000000000086 -0.000000000000237 299.996883256816545 1.499984415730669
0.147800000000000 1.000000000000166 0.500000000000087 -0.000000000000238 299.996883256817057 1.499984415710420
0.147900000000000 1.000000000000165 0.500000000000087 -0.000000000000241 299.996883256817171 1.499984415690991
0.148000000000000 1.000000000000166 0.500000000000088 -0.000000000000244 299.996883256816659 1.499984415672386
0.148100000000000 1.000000000000166 0.500000000000088 -0.000000000000245 299.996883256816659 1.499984415654858
0.148200000000000 1.000000000000165 0.500000000000087 -0.000000000000246 299.996883256817114 1.499984415638283
0.148300000000000 1.000000000000167 0.500000000000088 -0.000000000000249 299.996883256816830 1.499984415622868
0.148400000000000 1.000000000000167 0.500000000000088 -0.000000000000251 299.996883256817227 1.499984415608666
0.148500000000000 1.000000000000165 0.500000000000087 -0.000000000000253 299.996883256817341 1.499984415595667
0.148600000000000 1.000000000000166 0.500000000000087 -0.000000000000253 299.996883256817057 1.499984415584064
0.148700000000000 1.000000000000167 0.500000000000088 -0.000000000000255 299.996883256817455 1.499984415573756
0.148800000000000 1.000000000000168 0.500000000000088 -0.000000000000257 299.996883256817455 1.499984415564946
0.148900000000000 1.000000000000168 0.500000000000087 -0.000000000000259 299.996883256817000 1.499984415557583
0.149000000000000 1.000000000000167 0.500000000000087 -0.000000000000261 299.996883256817057 1.499984415551718
0.149100000000000 1.000000000000167 0.500000000000088 -0.000000000000259 299.996883256817455 1.499984415547302
0.149200000000000 1.000000000000167 0.500000000000087 -0.000000000000261 299.996883256817796 1.499984415544553
0.149300000000000 1.000000000000168 0.500000000000087 -0.000000000000262 299.996883256817171 1.499984415543330
0.149400000000000 1.000000000000167 0.500000000000087 -0.000000000000264 299.996883256817569 1.499984415543649
0.149500000000000 1.000000000000167 0.500000000000087 -0.000000000000266 299.996883256817227 1.499984415545577
0.149600000000000 1.000000000000168 0.500000000000087 -0.000000000000266 299.996883256817569 1.499984415549004
0.149700000000000 1.000000000000166 0.500000000000087 -0.000000000000266 299.996883256817455 1.499984415554039
0.149800000000000 1.000000000000167 0.500000000000087 -0.000000000000266 299.996883256817114 1.499984415560550
0.149900000000000 1.000000000000168 0.500000000000087 -0.000000000000267 299.996883256817455 1.499984415568558
0.150000000000000 1.000000000000168 0.500000000000087 -0.000000000000265 299.996883256817739 1.499984415578030
0.150100000000000 1.000000000000169 0.500000000000087 -0.000000000000267 299.996883256817512 1.499984415588888
0.150200000000000 1.000000000000169 0.500000000000088 -0.000000000000266 299.996883256818023 1.499984415601078
0.150300000000000 1.000000000000169 0.500000000000087 -0.000000000000264 299.996883256817910 1.499984415614678
0.150400000000000 1.000000000000168 0.500000000000087 -0.000000000000264 299.996883256817739 1.499984415629371
0.150500000000000 1.000000000000169 0.500000000000087 -0.000000000000264 299.996883256817910 1.499984415645310
0.150600000000000 1.000000000000167 0.500000000000087 -0.000000000000261 299.996883256817682 1.499984415662292
0.150700000000000 1.000000000000170 0.500000000000088 -0.000000000000260 299.996883256818023 1.499984415680272
0.150800000000000 1.000000000000171 0.500000000000087 -0.000000000000260 299.996883256817625 1.499984415699202
0.150900000000000 1.000000000000170 0.500000000000088 -0.000000000000259 299.996883256817625 1.499984415718993
0.151000000000000 1.000000000000170 0.500000000000088 -0.000000000000257 299.996883256818251 1.499984415739483
0.151100000000000 1.000000000000169 0.500000000000087 -0.000000000000256 299.996883256818194 1.499984415760682
0.151200000000000 1.000000000000171 0.500000000000087 -0.000000000000255 299.996883256817682 1.499984415782445
0.151300000000000 1.000000000000170 0.500000000000088 -0.000000000000253 299.996883256819046 1.499984415804610
0.151400000000000 1.000000000000170 0.500000000000087 -0.000000000000250 299.996883256818251 1.499984415827216
0.151500000000000 1.000000000000169 0.500000000000088 -0.000000000000247 299.996883256817455 1.499984415850012
0.151600000000000 1.000000000000171 0.500000000000087 -0.000000000000244 299.996883256818364 1.499984415873063
0.151700000000000 1.000000000000171 0.500000000000088 -0.000000000000242 299.996883256818251 1.499984415896057
0.151800000000000 1.000000000000171 0.500000000000088 -0.000000000000240 299.996883256818819 1.499984415919118
0.151900000000000 1.000000000000171 0.500000000000088 -0.000000000000239 299.996883256818535 1.499984415942070
0.152000000000000 1.000000000000171 0.500000000000087 -0.000000000000237 299.996883256818705 1.499984415964743
0.152100000000000 1.000000000000170 0.500000000000087 -0.000000000000234 299.996883256818364 1.499984415987134
0.152200000000000 1.000000000000171 0.500000000000088 -0.000000000000231 299.996883256818535 1.499984416009126
0.152300000000000 1.000000000000172 0.500000000000087 -0.000000000000226 299.996883256818819 1.499984416030678
0.152400000000000 1.000000000000172 0.500000000000087 -0.000000000000223 299.996883256818080 1.499984416051696
0.152500000000000 1.000000000000171 0.500000000000088 -0.000000000000219 299.996883256818705 1.499984416071938
0.152600000000000 1.000000000000171 0.500000000000087 -0.000000000000214 299.996883256818592 1.499984416091647
0.152700000000000 1.000000000000171 0.500000000000087 -0.000000000000213 299.996883256818592 1.499984416110472
0.152800000000000 1.000000000000171 0.500000000000086 -0.000000000000208 299.996883256818364 1.499984416128572
0.152900000000000 1.000000000000173 0.500000000000087 -0.000000000000204 299.996883256818478 1.499984416145673
0.153000000000000 1.000000000000172 0.500000000000087 -0.000000000000202 299.996883256818933 1.499984416161929
0.153100000000000 1.000000000000173 0.500000000000087 -0.000000000000199 299.996883256818649 1.499984416177189
0.153200000000000 1.000000000000171 0.500000000000088 -0.000000000000195 299.996883256818705 1.499984416191436
0.153300000000000 1.000000000000172 0.500000000000087 -0.000000000000192 299.996883256818251 1.499984416204707
0.153400000000000 1.000000000000172 0.500000000000087 -0.000000000000188 299.996883256818592 1.499984416216890
0.153500000000000 1.000000000000172 0.500000000000087 -0.000000000000185 299.996883256818478 1.499984416227970
0.153600000000000 1.000000000000171 0.500000000000087 -0.000000000000182 299.996883256818819 1.499984416238014
0.153700000000000 1.000000000000172 0.500000000000087 -0.000000000000178 299.996883256818705 1.499984416246929
0.153800000000000 1.000000000000171 0.500000000000088 -0.000000000000174 299.996883256818762 1.499984416254853
0.153900000000000 1.000000000000172 0.500000000000087 -0.000000000000170 299.996883256818592 1.499984416261653
0.154000000000000 1.000000000000173 0.500000000000087 -0.000000000000166 299.996883256818592 1.499984416267477
0.154100000000000 1.000000000000174 0.500000000000087 -0.000000000000161 299.996883256818933 1.499984416272204
0.154200000000000 1.000000000000173 0.500000000000087 -0.000000000000158 299.996883256819103 1.499984416275951
0.154300000000000 1.000000000000172 0.500000000000087 -0.000000000000151 299.996883256818705 1.499984416278765
0.154400000000000 1.000000000000172 0.500000000000087 -0.000000000000147 299.996883256819274 1.499984416280671
0.154500000000000 1.000000000000172 0.500000000000087 -0.000000000000142 299.996883256818933 1.499984416281708
0.154600000000000 1.000000000000173 0.500000000000086 -0.000000000000137 299.996883256818933 1.499984416281957
0.154700000000000 1.000000000000173 0.500000000000087 -0.000000000000130 299.996883256819615 1.499984416281332
0.154800000000000 1.000000000000174 0.500000000000087 -0.000000000000126 299.996883256818705 1.499984416280096
0.154900000000000 1.000000000000172 0.500000000000087 -0.000000000000122 299.996883256818251 1.499984416278120
0.155000000000000 1.000000000000172 0.500000000000087 -0.000000000000116 299.996883256818933 1.499984416275653
0.155100000000000 1.000000000000174 0.500000000000087 -0.000000000000109 299.996883256819387 1.499984416272612
0.155200000000000 1.000000000000174 0.500000000000087 -0.000000000000103 299.996883256819387 1.499984416269120
0.155300000000000 1.000000000000173 0.500000000000087 -0.000000000000097 299.996883256819274 1.499984416265226
0.155400000000000 1.000000000000171 0.500000000000086 -0.000000000000092 299.996883256819046 1.499984416261097
0.155500000000000 1.000000000000174 0.500000000000087 -0.000000000000088 299.996883256819274 1.499984416256598
0.155600000000000 1.000000000000173 0.500000000000087 -0.000000000000083 299.996883256819274 1.499984416251983
0.155700000000000 1.000000000000173 0.500000000000087 -0.000000000000079 299.996883256819501 1.499984416247246
0.155800000000000 1.000000000000173 0.500000000000087 -0.000000000000074 299.996883256819501 1.499984416242430
0.155900000000000 1.000000000000174 0.500000000000086 -0.000000000000068 299.996883256818364 1.499984416237715
0.156000000000000 1.000000000000173 0.500000000000087 -0.000000000000063 299.996883256819103 1.499984416232982
0.156100000000000 1.000000000000171 0.500000000000087 -0.000000000000056 299.996883256818364 1.499984416228465
0.156200000000000 1.000000000000173 0.500000000000087 -0.000000000000051 299.996883256818762 1.499984416224151
0.156300000000000 1.000000000000173 0.500000000000087 -0.000000000000045 299.996883256818705 1.499984416219987
0.156400000000000 1.000000000000172 0.500000000000087 -0.000000000000040 299.996883256819217 1.499984416216236
0.156500000000000 1.000000000000174 0.500000000000087 -0.000000000000035 299.996883256819387 1.499984416212742
0.156600000000000 1.000000000000174 0.500000000000087 -0.000000000000029 299.996883256818819 1.499984416209685
0.156700000000000 1.000000000000173 0.500000000000087 -0.000000000000023 299.996883256818933 1.499984416207086
0.156800000000000 1.000000000000174 0.500000000000087 -0.000000000000019 299.996883256818990 1.499984416204845
0.156900000000000 1.000000000000175 0.500000000000087 -0.000000000000013 299.996883256818819 1.499984416203130
0.157000000000000 1.000000000000174 0.500000000000087 -0.000000000000006 299.996883256819899 1.499984416201935
0.157100000000000 1.000000000000175 0.500000000000088 -0.000000000000000 299.996883256819217 1.499984416201189
0.157200000000000 1.000000000000173 0.500000000000087 0.000000000000005 299.996883256818421 1.499984416201023
0.157300000000000 1.000000000000175 0.500000000000087 0.000000000000012 299.996883256820183 1.499984416201328
0.157400000000000 1.000000000000175 0.500000000000086 0.000000000000015 299.996883256820183 1.499984416202231
0.157500000000000 1.000000000000174 0.500000000000088 0.000000000000021 299.996883256819842 1.499984416203503
0.157600000000000 1.000000000000175 0.500000000000087 0.000000000000027 299.996883256819729 1.499984416205363
0.157700000000000 1.000000000000174 0.500000000000087 0.000000000000033 299.996883256819387 1.499984416207689
0.157800000000000 1.000000000000175 0.500000000000088 0.000000000000039 299.996883256819387 1.499984416210392
0.157900000000000 1.000000000000176 0.500000000000087 0.000000000000046 299.996883256819387 1.499984416213571
0.158000000000000 1.000000000000175 0.500000000000087 0.000000000000053 299.996883256819672 1.499984416217112
0.158100000000000 1.000000000000175 0.500000000000089 0.000000000000057 299.996883256819274 1.499984416220948
0.158200000000000 1.000000000000175 0.500000000000088 0.000000000000063 299.996883256819387 1.499984416225125
0.158300000000000 1.000000000000175 0.500000000000088 0.000000000000069 299.996883256820013 1.499984416229522
0.158400000000000 1.000000000000176 0.500000000000088 0.000000000000076 299.996883256819103 1.499984416234072
0.158500000000000 1.000000000000175 0.500000000000087 0.000000000000082 299.996883256819387 1.499984416238878
0.158600000000000 1.000000000000175 0.500000000000088 0.000000000000088 299.996883256819501 1.499984416243617
0.158700000000000 1.000000000000176 0.500000000000088 0.000000000000094 299.996883256819956 1.499984416248367
0.158800000000000 1.000000000000176 0.500000000000088 0.000000000000099 299.996883256819956 1.499984416253055
0.158900000000000 1.000000000000177 0.500000000000089 0.000000000000103 299.996883256819729 1.499984416257669
0.159000000000000 1.000000000000175 0.500000000000089 0.000000000000107 299.996883256820070 1.499984416262037
0.159100000000000 1.000000000000176 0.500000000000088 0.000000000000112 299.996883256819956 1.499984416266205
0.159200000000000 1.000000000000176 0.500000000000089 0.000000000000117 299.996883256819501 1.499984416269957
0.159300000000000 1.000000000000174 0.500000000000088 0.000000000000123 299.996883256819785 1.499984416273373
0.159400000000000 1.000000000000175 0.500000000000088 0.000000000000129 299.996883256819444 1.499984416276238
0.159500000000000 1.000000000000178 0.500000000000088 0.000000000000136 299.996883256819956 1.499984416278624
0.159600000000000 1.000000000000177 0.500000000000088 0.000000000000141 299.996883256819842 1.499984416280416
0.159700000000000 1.000000000000176 0.500000000000089 0.000000000000147 299.996883256820240 1.499984416281516
0.159800000000000 1.000000000000175 0.500000000000089 0.000000000000153 299.996883256820809 1.499984416281896
0.159900000000000 1.000000000000177 0.500000000000089 0.000000000000157 299.996883256819842 1.499984416281490
0.160000000000000 1.000000000000177 0.500000000000089 0.000000000000160 299.996883256819501 1.499984416280251
0.160100000000000 1.000000000000176 0.500000000000089 0.000000000000167 299.996883256819956 1.499984416278168
0.160200000000000 1.000000000000175 0.500000000000089 0.000000000000172 299.996883256819956 1.499984416275099
0.160300000000000 1.000000000000178 0.500000000000089 0.000000000000177 299.996883256819842 1.499984416271116
0.160400000000000 1.000000000000177 0.500000000000089 0.000000000000183 299.996883256820183 1.499984416266078
0.160500000000000 1.000000000000177 0.500000000000089 0.000000000000188 299.996883256820297 1.499984416260053
0.160600000000000 1.000000000000177 0.500000000000090 0.000000000000194 299.996883256820070 1.499984416252922
0.160700000000000 1.000000000000177 0.500000000000090 0.000000000000200 299.996883256820126 1.499984416244802
0.160800000000000 1.000000000000177 0.500000000000090 0.000000000000207 299.996883256820240 1.499984416235558
0.160900000000000 1.000000000000177 0.500000000000090 0.000000000000211 299.996883256820070 1.499984416225311
0.161000000000000 1.000000000000178 0.500000000000090 0.000000000000216 299.996883256820524 1.499984416213946
0.161100000000000 1.000000000000176 0.500000000000090 0.000000000000222 299.996883256820411 1.499984416201515
0.161200000000000 1.000000000000179 0.500000000000089 0.000000000000227 299.996883256820183 1.499984416188040
0.161300000000000 1.000000000000178 0.500000000000090 0.000000000000231 299.996883256820468 1.499984416173503
0.161400000000000 1.000000000000177 0.500000000000089 0.000000000000237 299.996883256820524 1.499984416158037
0.161500000000000 1.000000000000177 0.500000000000089 0.000000000000242 299.996883256820183 1.499984416141567
0.161600000000000 1.000000000000179 0.500000000000090 0.000000000000245 299.996883256820411 1.499984416124150
0.161700000000000 1.000000000000177 0.500000000000090 0.000000000000250 299.996883256821548 1.499984416105939
0.161800000000000 1.000000000000180 0.500000000000091 0.000000000000255 299.996883256820070 1.499984416086827
0.161900000000000 1.000000000000180 0.500000000000091 0.000000000000259 299.996883256820865 1.499984416067005
0.162000000000000 1.000000000000179 0.500000000000090 0.000000000000263 299.996883256820354 1.499984416046526
0.162100000000000 1.000000000000179 0.500000000000091 0.000000000000265 299.996883256820411 1.499984416025415
0.162200000000000 1.000000000000177 0.500000000000091 0.000000000000268 299.996883256820183 1.499984416003776
0.162300000000000 1.000000000000179 0.500000000000091 0.000000000000272 299.996883256820865 1.499984415981636
0.162400000000000 1.000000000000178 0.500000000000091 0.000000000000276 299.996883256820354 1.499984415959163
0.162500000000000 1.000000000000179 0.500000000000091 0.000000000000281 299.996883256820524 1.499984415936357
0.162600000000000 1.000000000000179 0.500000000000091 0.000000000000285 299.996883256820865 1.499984415913435
0.162700000000000 1.000000000000178 0.500000000000091 0.000000000000288 299.996883256820865 1.499984415890377
0.162800000000000 1.000000000000179 0.500000000000092 0.000000000000291 299.996883256820183 1.499984415867276
0.162900000000000 1.000000000000180 0.500000000000091 0.000000000000294 299.996883256820865 1.499984415844372
0.163000000000000 1.000000000000179 0.500000000000091 0.000000000000297 299.996883256820752 1.499984415821606
0.163100000000000 1.000000000000180 0.500000000000091 0.000000000000300 299.996883256820922 1.499984415799149
0.163200000000000 1.000000000000179 0.500000000000091 0.000000000000301 299.996883256821434 1.499984415777011
0.163300000000000 1.000000000000179 0.500000000000092 0.000000000000303 299.996883256821206 1.499984415755407
0.163400000000000 1.000000000000181 0.500000000000092 0.000000000000305 299.996883256820979 1.499984415734334
0.163500000000000 1.000000000000181 0.500000000000092 0.000000000000307 299.996883256821434 1.499984415714010
0.163600000000000 1.000000000000181 0.500000000000093 0.000000000000310 299.996883256821377 1.499984415694440
0.163700000000000 1.000000000000181 0.500000000000092 0.000000000000311 299.996883256821434 1.499984415675719
0.163800000000000 1.000000000000181 0.500000000000093 0.000000000000313 299.996883256821548 1.499984415657915
0.163900000000000 1.000000000000181 0.500000000000093 0.000000000000316 299.996883256820752 1.499984415641181
0.164000000000000 1.000000000000181 0.500000000000092 0.000000000000317 299.996883256821434 1.499984415625569
0.164100000000000 1.000000000000182 0.500000000000092 0.000000000000320 299.996883256821320 1.499984415611111
0.164200000000000 1.000000000000182 0.500000000000093 0.000000000000322 299.996883256821036 1.499984415597887
0.164300000000000 1.000000000000180 0.500000000000093 0.000000000000323 299.996883256820979 1.499984415586009
0.164400000000000 1.000000000000180 0.500000000000093 0.000000000000325 299.996883256821775 1.499984415575446
0.164500000000000 1.000000000000181 0.500000000000093 0.000000000000325 299.996883256821320 1.499984415566359
0.164600000000000 1.000000000000181 0.500000000000092 0.000000000000326 299.996883256821775 1.499984415558727
0.164700000000000 1.000000000000181 0.500000000000094 0.000000000000328 299.996883256822230 1.499984415552557
0.164800000000000 1.000000000000181 0.500000000000093 0.000000000000327 299.996883256821661 1.499984415547898
0.164900000000000 1.000000000000182 0.500000000000094 0.000000000000326 299.996883256821661 1.499984415544807
0.165000000000000 1.000000000000183 0.500000000000094 0.000000000000328 299.996883256822002 1.499984415543258
0.165100000000000 1.000000000000182 0.500000000000094 0.000000000000327 299.996883256821548 1.499984415543336
0.165200000000000 1.000000000000183 0.500000000000094 0.000000000000326 299.996883256822457 1.499984415544928
0.165300000000000 1.000000000000183 0.500000000000094 0.000000000000324 299.996883256822116 1.499984415548103
0.165400000000000 1.000000000000183 0.500000000000095 0.000000000000323 299.996883256822116 1.499984415552774
0.165500000000000 1.000000000000184 0.500000000000094 0.000000000000324 299.996883256822002 1.499984415559067
0.165600000000000 1.000000000000184 0.500000000000095 0.000000000000323 299.996883256822002 1.499984415566805
0.165700000000000 1.000000000000183 0.500000000000096 0.000000000000323 299.996883256822002 1.499984415575961
0.165800000000000 1.000000000000183 0.500000000000095 0.000000000000324 299.996883256822116 1.499984415586592
0.165900000000000 1.000000000000183 0.500000000000096 0.000000000000322 299.996883256821775 1.499984415598518
0.166000000000000 1.000000000000185 0.500000000000096 0.000000000000323 299.996883256822343 1.499984415611828
0.166100000000000 1.000000000000184 0.500000000000095 0.000000000000321 299.996883256822173 1.499984415626380
0.166200000000000 1.000000000000183 0.500000000000095 0.000000000000319 299.996883256821889 1.499984415642049
0.166300000000000 1.000000000000184 0.500000000000096 0.000000000000317 299.996883256822230 1.499984415658875
0.166400000000000 1.000000000000182 0.500000000000096 0.000000000000316 299.996883256822571 1.499984415676663
0.166500000000000 1.000000000000183 0.500000000000095 0.000000000000315 299.996883256822173 1.499984415695459
0.166600000000000 1.000000000000185 0.500000000000096 0.000000000000313 299.996883256821548 1.499984415715065
0.166700000000000 1.000000000000184 0.500000000000096 0.000000000000311 299.996883256822343 1.499984415735451
0.166800000000000 1.000000000000184 0.500000000000096 0.000000000000310 299.996883256822571 1.499984415756519
0.166900000000000 1.000000000000186 0.500000000000096 0.000000000000309 299.996883256822343 1.499984415778178
0.167000000000000 1.000000000000184 0.500000000000097 0.000000000000308 299.996883256822684 1.499984415800249
0.167100000000000 1.000000000000185 0.500000000000096 0.000000000000306 299.996883256823139 1.499984415822815
0.167200000000000 1.000000000000185 0.500000000000097 0.000000000000304 299.996883256823594 1.499984415845578
0.167300000000000 1.000000000000185 0.500000000000096 0.000000000000303 299.996883256822457 1.499984415868563
0.167400000000000 1.000000000000185 0.500000000000097 0.000000000000302 299.996883256821775 1.499984415891582
0.167500000000000 1.000000000000184 0.500000000000097 0.000000000000298 299.996883256823025 1.499984415914635
0.167600000000000 1.000000000000186 0.500000000000097 0.000000000000295 299.996883256821548 1.499984415937597
0.167700000000000 1.000000000000184 0.500000000000097 0.000000000000294 299.996883256823253 1.499984415960374
0.167800000000000 1.000000000000185 0.500000000000097 0.000000000000289 299.996883256822116 1.499984415982820
0.167900000000000 1.000000000000185 0.500000000000097 0.000000000000286 299.996883256822798 1.499984416004926
0.168000000000000 1.000000000000185 0.500000000000098 0.000000000000283 299.996883256822571 1.499984416026533
0.168100000000000 1.000000000000185 0.500000000000098 0.000000000000280 299.996883256822400 1.499984416047563
0.168200000000000 1.000000000000185 0.500000000000097 0.000000000000277 299.996883256822741 1.499984416068067
0.168300000000000 1.000000000000186 0.500000000000097 0.000000000000276 299.996883256823139 1.499984416087866
0.168400000000000 1.000000000000185 0.500000000000097 0.000000000000272 299.996883256822684 1.499984416106882
0.168500000000000 1.000000000000187 0.500000000000098 0.000000000000269 299.996883256822628 1.499984416125044
0.168600000000000 1.000000000000187 0.500000000000098 0.000000000000266 299.996883256823253 1.499984416142374
0.168700000000000 1.000000000000185 0.500000000000098 0.000000000000262 299.996883256823025 1.499984416158790
0.168800000000000 1.000000000000186 0.500000000000098 0.000000000000257 299.996883256822912 1.499984416174226
0.168900000000000 1.000000000000186 0.500000000000099 0.000000000000252 299.996883256822969 1.499984416188677
0.169000000000000 1.000000000000185 0.500000000000099 0.000000000000248 299.996883256823253 1.499984416202117
0.169100000000000 1.000000000000187 0.500000000000099 0.000000000000244 299.996883256823367 1.499984416214480
0.169200000000000 1.000000000000186 0.500000000000098 0.000000000000241 299.996883256823253 1.499984416225840
0.169300000000000 1.000000000000188 0.500000000000099 0.000000000000237 299.996883256823367 1.499984416236074
0.169400000000000 1.000000000000186 0.500000000000099 0.000000000000233 299.996883256823310 1.499984416245226
0.169500000000000 1.000000000000187 0.500000000000099 0.000000000000229 299.996883256823025 1.499984416253301
0.169600000000000 1.000000000000188 0.500000000000100 0.000000000000223 299.996883256823253 1.499984416260296
0.169700000000000 1.000000000000190 0.500000000000099 0.000000000000219 299.996883256823423 1.499984416266276
0.169800000000000 1.000000000000189 0.500000000000100 0.000000000000214 299.996883256823082 1.499984416271215
0.169900000000000 1.000000000000188 0.500000000000099 0.000000000000210 299.996883256823594 1.499984416275167
0.170000000000000 1.000000000000187 0.500000000000100 0.000000000000205 299.996883256823082 1.499984416278174
0.170100000000000 1.000000000000189 0.500000000000099 0.000000000000199 299.996883256823708 1.499984416280232
0.170200000000000 1.000000000000189 0.500000000000100 0.000000000000195 299.996883256823764 1.499984416281404
0.170300000000000 1.000000000000189 0.500000000000099 0.000000000000189 299.996883256823594 1.499984416281794
0.170400000000000 1.000000000000188 0.500000000000100 0.000000000000182 299.996883256823196 1.499984416281346
0.170500000000000 1.000000000000189 0.500000000000100 0.000000000000178 299.996883256824049 1.499984416280190
0.170600000000000 1.000000000000189 0.500000000000100 0.000000000000174 299.996883256824106 1.499984416278415
0.170700000000000 1.000000000000191 0.500000000000100 0.000000000000168 299.996883256823708 1.499984416275967
0.170800000000000 1.000000000000189 0.500000000000101 0.000000000000164 299.996883256823480 1.499984416273011
0.170900000000000 1.000000000000189 0.500000000000101 0.000000000000158 299.996883256823708 1.499984416269612
0.171000000000000 1.000000000000188 0.500000000000101 0.000000000000152 299.996883256824276 1.499984416265810
0.171100000000000 1.000000000000189 0.500000000000101 0.000000000000147 299.996883256823594 1.499984416261667
0.171200000000000 1.000000000000189 0.500000000000100 0.000000000000140 299.996883256823821 1.499984416257326
0.171300000000000 1.000000000000187 0.500000000000101 0.000000000000134 299.996883256823537 1.499984416252662
0.171400000000000 1.000000000000188 0.500000000000101 0.000000000000128 299.996883256824390 1.499984416247974
0.171500000000000 1.000000000000191 0.500000000000100 0.000000000000124 299.996883256824390 1.499984416243191
0.171600000000000 1.000000000000190 0.500000000000102 0.000000000000116 299.996883256823821 1.499984416238350
0.171700000000000 1.000000000000189 0.500000000000101 0.000000000000110 299.996883256823367 1.499984416233674
0.171800000000000 1.000000000000190 0.500000000000102 0.000000000000104 299.996883256824049 1.499984416229097
0.171900000000000 1.000000000000190 0.500000000000102 0.000000000000098 299.996883256824162 1.499984416224687
0.172000000000000 1.000000000000190 0.500000000000101 0.000000000000092 299.996883256823935 1.499984416220560
0.172100000000000 1.000000000000189 0.500000000000101 0.000000000000084 299.996883256824333 1.499984416216745
0.172200000000000 1.000000000000190 0.500000000000102 0.000000000000078 299.996883256824447 1.499984416213176
0.172300000000000 1.000000000000190 0.500000000000101 0.000000000000072 299.996883256823935 1.499984416210085
0.172400000000000 1.000000000000191 0.500000000000102 0.000000000000067 299.996883256823935 1.499984416207286
0.172500000000000 1.000000000000191 0.500000000000102 0.000000000000059 299.996883256824617 1.499984416205035
0.172600000000000 1.000000000000192 0.500000000000102 0.000000000000053 299.996883256825186 1.499984416203238
0.172700000000000 1.000000000000191 0.500000000000102 0.000000000000047 299.996883256823878 1.499984416201917
0.172800000000000 1.000000000000193 0.500000000000102 0.000000000000042 299.996883256825072 1.499984416201154
0.172900000000000 1.000000000000192 0.500000000000102 0.000000000000035 299.996883256824162 1.499984416200848
0.173000000000000 1.000000000000191 0.500000000000102 0.000000000000028 299.996883256824106 1.499984416201029
0.173100000000000 1.000000000000192 0.500000000000101 0.000000000000021 299.996883256824390 1.499984416201813
0.173200000000000 1.000000000000192 0.500000000000102 0.000000000000014 299.996883256824390 1.499984416203042
0.173300000000000 1.000000000000190 0.500000000000102 0.000000000000009 299.996883256824390 1.499984416204776
0.173400000000000 1.000000000000193 0.500000000000102 0.000000000000003 299.996883256824617 1.499984416207000
0.173500000000000 1.000000000000192 0.500000000000102 -0.000000000000003 299.996883256824958 1.499984416209675
0.173600000000000 1.000000000000192 0.500000000000102 -0.000000000000010 299.996883256824731 1.499984416212775
0.173700000000000 1.000000000000192 0.500000000000103 -0.000000000000017 299.996883256824276 1.499984416216217
0.173800000000000 1.000000000000194 0.500000000000102 -0.000000000000023 299.996883256825129 1.499984416220078
0.173900000000000 1.000000000000194 0.500000000000102 -0.000000000000028 299.996883256824901 1.499984416224157
0.174000000000000 1.000000000000194 0.500000000000102 -0.000000000000031 299.996883256825015 1.499984416228507
0.174100000000000 1.000000000000193 0.500000000000103 -0.000000000000037 299.996883256825015 1.499984416233038
0.174200000000000 1.000000000000193 0.500000000000103 -0.000000000000042 299.996883256824844 1.499984416237722
0.174300000000000 1.000000000000194 0.500000000000103 -0.000000000000047 299.996883256825129 1.499984416242474
0.174400000000000 1.000000000000193 0.500000000000103 -0.000000000000052 299.996883256825299 1.499984416247290
0.174500000000000 1.000000000000195 0.500000000000102 -0.000000000000059 299.996883256825186 1.499984416252045
0.174600000000000 1.000000000000194 0.500000000000103 -0.000000000000063 299.996883256825413 1.499984416256637
0.174700000000000 1.000000000000194 0.500000000000103 -0.000000000000069 299.996883256825299 1.499984416261036
0.174800000000000 1.000000000000194 0.500000000000103 -0.000000000000074 299.996883256825527 1.499984416265227
0.174900000000000 1.000000000000195 0.500000000000103 -0.000000000000079 299.996883256825242 1.499984416269091
0.175000000000000 1.000000000000194 0.500000000000104 -0.000000000000083 299.996883256825640 1.499984416272494
0.175100000000000 1.000000000000194 0.500000000000103 -0.000000000000089 299.996883256825186 1.499984416275539
0.175200000000000 1.000000000000193 0.500000000000103 -0.000000000000094 299.996883256825413 1.499984416278055
0.175300000000000 1.000000000000193 0.500000000000103 -0.000000000000100 299.996883256825299 1.499984416279934
0.175400000000000 1.000000000000196 0.500000000000103 -0.000000000000105 299.996883256825754 1.499984416281137
0.175500000000000 1.000000000000196 0.500000000000103 -0.000000000000110 299.996883256825299 1.499984416281648
0.175600000000000 1.000000000000194 0.500000000000103 -0.000000000000114 299.996883256825981 1.499984416281440
0.175700000000000 1.000000000000195 0.500000000000103 -0.000000000000119 299.996883256825299 1.499984416280352
0.175800000000000 1.000000000000195 0.500000000000102 -0.000000000000127 299.996883256825072 1.499984416278473
0.175900000000000 1.000000000000195 0.500000000000103 -0.000000000000132 299.996883256825868 1.499984416275565
0.176000000000000 1.000000000000196 0.500000000000103 -0.000000000000137 299.996883256825640 1.499984416271721
0.176100000000000 1.000000000000196 0.500000000000103 -0.000000000000142 299.996883256825924 1.499984416266919
0.176200000000000 1.000000000000194 0.500000000000104 -0.000000000000148 299.996883256825811 1.499984416261048
0.176300000000000 1.000000000000195 0.500000000000103 -0.000000000000151 299.996883256825754 1.499984416254196
0.176400000000000 1.000000000000196 0.500000000000103 -0.000000000000155 299.996883256825413 1.499984416246235
0.176500000000000 1.000000000000197 0.500000000000103 -0.000000000000158 299.996883256826436 1.499984416237188
0.176600000000000 1.000000000000196 0.500000000000103 -0.000000000000163 299.996883256825754 1.499984416227154
0.176700000000000 1.000000000000195 0.500000000000104 -0.000000000000166 299.996883256825413 1.499984416215911
0.176800000000000 1.000000000000197 0.500000000000103 -0.000000000000171 299.996883256825697 1.499984416203726
0.176900000000000 1.000000000000195 0.500000000000103 -0.000000000000174 299.996883256825981 1.499984416190426
0.177000000000000 1.000000000000195 0.500000000000103 -0.000000000000178 299.996883256826152 1.499984416176143
0.177100000000000 1.000000000000196 0.500000000000104 -0.000000000000181 299.996883256825924 1.499984416160775
0.177200000000000 1.000000000000196 0.500000000000103 -0.000000000000184 299.996883256826436 1.499984416144504
0.177300000000000 1.000000000000197 0.500000000000103 -0.000000000000188 299.996883256825697 1.499984416127307
0.177400000000000 1.000000000000196 0.500000000000103 -0.000000000000192 299.996883256826663 1.499984416109193
0.177500000000000 1.000000000000197 0.500000000000104 -0.000000000000197 299.996883256825981 1.499984416090252
0.177600000000000 1.000000000000197 0.500000000000103 -0.000000000000200 299.996883256826663 1.499984416070606
0.177700000000000 1.000000000000197 0.500000000000103 -0.000000000000203 299.996883256825754 1.499984416050230
0.177800000000000 1.000000000000197 0.500000000000103 -0.000000000000206 299.996883256826834 1.499984416029253
0.177900000000000 1.000000000000197 0.500000000000104 -0.000000000000209 299.996883256826322 1.499984416007652
0.178000000000000 1.000000000000197 0.500000000000103 -0.000000000000213 299.996883256826152 1.499984415985650
0.178100000000000 1.000000000000197 0.500000000000104 -0.000000000000215 299.996883256825868 1.499984415963202
0.178200000000000 1.000000000000199 0.500000000000104 -0.000000000000219 299.996883256826493 1.499984415940526
0.178300000000000 1.000000000000197 0.500000000000103 -0.000000000000223 299.996883256826209 1.499984415917581
0.178400000000000 1.000000000000198 0.500000000000103 -0.000000000000227 299.996883256825924 1.499984415894539
0.178500000000000 1.000000000000198 0.500000000000103 -0.000000000000229 299.996883256825981 1.499984415871446
0.178600000000000 1.000000000000198 0.500000000000103 -0.000000000000231 299.996883256826322 1.499984415848481
0.178700000000000 1.000000000000199 0.500000000000104 -0.000000000000234 299.996883256825981 1.499984415825590
0.178800000000000 1.000000000000198 0.500000000000103 -0.000000000000236 299.996883256826663 1.499984415803132
0.178900000000000 1.000000000000200 0.500000000000104 -0.000000000000238 299.996883256826322 1.499984415780871
0.179000000000000 1.000000000000198 0.500000000000104 -0.000000000000239 299.996883256826891 1.499984415759210
0.179100000000000 1.000000000000199 0.500000000000104 -0.000000000000241 299.996883256826663 1.499984415738050
0.179200000000000 1.000000000000199 0.500000000000104 -0.000000000000243 299.996883256826436 1.499984415717559
0.179300000000000 1.000000000000199 0.500000000000103 -0.000000000000246 299.996883256826493 1.499984415697837
0.179400000000000 1.000000000000199 0.500000000000104 -0.000000000000248 299.996883256826607 1.499984415678957
0.179500000000000 1.000000000000199 0.500000000000103 -0.000000000000250 299.996883256826891 1.499984415661036
0.179600000000000 1.000000000000200 0.500000000000103 -0.000000000000254 299.996883256826777 1.499984415644084
0.179700000000000 1.000000000000200 0.500000000000103 -0.000000000000257 299.996883256826550 1.499984415628260
0.179800000000000 1.000000000000200 0.500000000000104 -0.000000000000257 299.996883256826891 1.499984415613500
0.179900000000000 1.000000000000200 0.500000000000104 -0.000000000000259 299.996883256827118 1.499984415600056
0.180000000000000 1.000000000000200 0.500000000000104 -0.000000000000258 299.996883256827118 1.499984415587871
0.180100000000000 1.000000000000200 0.500000000000104 -0.000000000000259 299.996883256827289 1.499984415577088
0.180200000000000 1.000000000000199 0.500000000000104 -0.000000000000261 299.996883256826663 1.499984415567735
0.180300000000000 1.000000000000201 0.500000000000104 -0.000000000000263 299.996883256827289 1.499984415559800
0.180400000000000 1.000000000000199 0.500000000000103 -0.000000000000264 299.996883256827118 1.499984415553371
0.180500000000000 1.000000000000200 0.500000000000103 -0.000000000000265 299.996883256827402 1.499984415548417
0.180600000000000 1.000000000000200 0.500000000000104 -0.000000000000265 299.996883256827346 1.499984415545038
0.180700000000000 1.000000000000201 0.500000000000104 -0.000000000000267 299.996883256827459 1.499984415543228
0.180800000000000 1.000000000000203 0.500000000000103 -0.000000000000268 299.996883256827573 1.499984415542990
0.180900000000000 1.000000000000201 0.500000000000103 -0.000000000000269 299.996883256827516 1.499984415544309
0.181000000000000 1.000000000000201 0.500000000000103 -0.000000000000270 299.996883256827459 1.499984415547177
0.181100000000000 1.000000000000202 0.500000000000104 -0.000000000000268 299.996883256827346 1.499984415551569
0.181200000000000 1.000000000000201 0.500000000000103 -0.000000000000267 299.996883256826891 1.499984415557567
0.181300000000000 1.000000000000201 0.500000000000104 -0.000000000000267 299.996883256827459 1.499984415564990
0.181400000000000 1.000000000000203 0.500000000000103 -0.000000000000267 299.996883256827402 1.499984415573937
0.181500000000000 1.000000000000201 0.500000000000103 -0.000000000000266 299.996883256827232 1.499984415584281
0.181600000000000 1.000000000000202 0.500000000000104 -0.000000000000267 299.996883256827743 1.499984415595985
0.181700000000000 1.000000000000201 0.500000000000104 -0.000000000000265 299.996883256828141 1.499984415609031
0.181800000000000 1.000000000000203 0.500000000000104 -0.000000000000266 299.996883256828312 1.499984415623346
0.181900000000000 1.000000000000202 0.500000000000104 -0.000000000000266 299.996883256827402 1.499984415638804
0.182000000000000 1.000000000000202 0.500000000000105 -0.000000000000266 299.996883256827573 1.499984415655389
0.182100000000000 1.000000000000202 0.500000000000103 -0.000000000000265 299.996883256827346 1.499984415673105
0.182200000000000 1.000000000000202 0.500000000000103 -0.000000000000264 299.996883256827687 1.499984415691677
0.182300000000000 1.000000000000202 0.500000000000104 -0.000000000000261 299.996883256827914 1.499984415711069
0.182400000000000 1.000000000000201 0.500000000000103 -0.000000000000261 299.996883256827346 1.499984415731371
0.182500000000000 1.000000000000203 0.500000000000104 -0.000000000000259 299.996883256828028 1.499984415752305
0.182600000000000 1.000000000000203 0.500000000000104 -0.000000000000258 299.996883256827346 1.499984415773836
0.182700000000000 1.000000000000203 0.500000000000103 -0.000000000000257 299.996883256828255 1.499984415795891
0.182800000000000 1.000000000000202 0.500000000000103 -0.000000000000256 299.996883256827346 1.499984415818357
0.182900000000000 1.000000000000202 0.500000000000104 -0.000000000000254 299.996883256828824 1.499984415841019
0.183000000000000 1.000000000000202 0.500000000000104 -0.000000000000252 299.996883256826948 1.499984415863984
0.183100000000000 1.000000000000203 0.500000000000103 -0.000000000000250 299.996883256827232 1.499984415887071
0.183200000000000 1.000000000000205 0.500000000000103 -0.000000000000248 299.996883256828824 1.499984415910147
0.183300000000000 1.000000000000203 0.500000000000103 -0.000000000000246 299.996883256828369 1.499984415933105
0.183400000000000 1.000000000000205 0.500000000000103 -0.000000000000243 299.996883256828312 1.499984415955903
0.183500000000000 1.000000000000204 0.500000000000103 -0.000000000000239 299.996883256828937 1.499984415978424
0.183600000000000 1.000000000000204 0.500000000000104 -0.000000000000237 299.996883256828482 1.499984416000550
0.183700000000000 1.000000000000204 0.500000000000103 -0.000000000000235 299.996883256827743 1.499984416022331
0.183800000000000 1.000000000000205 0.500000000000104 -0.000000000000232 299.996883256828028 1.499984416043447
0.183900000000000 1.000000000000204 0.500000000000104 -0.000000000000229 299.996883256828255 1.499984416064055
0.184000000000000 1.000000000000204 0.500000000000103 -0.000000000000226 299.996883256828482 1.499984416083980
0.184100000000000 1.000000000000204 0.500000000000103 -0.000000000000222 299.996883256828596 1.499984416103142
0.184200000000000 1.000000000000204 0.500000000000103 -0.000000000000218 299.996883256828369 1.499984416121525
0.184300000000000 1.000000000000205 0.500000000000103 -0.000000000000215 299.996883256828198 1.499984416138987
0.184400000000000 1.000000000000205 0.500000000000104 -0.000000000000212 299.996883256828710 1.499984416155565
0.184500000000000 1.000000000000205 0.500000000000103 -0.000000000000206 299.996883256828596 1.499984416171252
0.184600000000000 1.000000000000205 0.500000000000103 -0.000000000000203 299.996883256828198 1.499984416185866
0.184700000000000 1.000000000000205 0.500000000000103 -0.000000000000199 299.996883256828255 1.499984416199472
0.184800000000000 1.000000000000204 0.500000000000104 -0.000000000000193 299.996883256828596 1.499984416212053
0.184900000000000 1.000000000000205 0.500000000000103 -0.000000000000188 299.996883256828596 1.499984416223592
0.185000000000000 1.000000000000203 0.500000000000103 -0.000000000000184 299.996883256828312 1.499984416234015
0.185100000000000 1.000000000000205 0.500000000000103 -0.000000000000182 299.996883256828767 1.499984416243408
0.185200000000000 1.000000000000206 0.500000000000103 -0.000000000000179 299.996883256828596 1.499984416251655
0.185300000000000 1.000000000000204 0.500000000000103 -0.000000000000173 299.996883256828937 1.499984416258893
0.185400000000000 1.000000000000206 0.500000000000103 -0.000000000000169 299.996883256828710 1.499984416265022
0.185500000000000 1.000000000000206 0.500000000000103 -0.000000000000164 299.996883256828653 1.499984416270159
0.185600000000000 1.000000000000205 0.500000000000104 -0.000000000000159 299.996883256828369 1.499984416274289
0.185700000000000 1.000000000000204 0.500000000000103 -0.000000000000154 299.996883256828824 1.499984416277488
0.185800000000000 1.000000000000205 0.500000000000103 -0.000000000000149 299.996883256828710 1.499984416279733
0.185900000000000 1.000000000000207 0.500000000000103 -0.000000000000146 299.996883256828937 1.499984416281073
0.186000000000000 1.000000000000205 0.500000000000103 -0.000000000000140 299.996883256828937 1.499984416281583
0.186100000000000 1.000000000000207 0.500000000000103 -0.000000000000136 299.996883256828539 1.499984416281281
0.186200000000000 1.000000000000206 0.500000000000104 -0.000000000000132 299.996883256829392 1.499984416280233
0.186300000000000 1.000000000000206 0.500000000000104 -0.000000000000128 299.996883256829165 1.499984416278594
0.186400000000000 1.000000000000206 0.500000000000104 -0.000000000000121 299.996883256828937 1.499984416276270
0.186500000000000 1.000000000000206 0.500000000000104 -0.000000000000115 299.996883256828994 1.499984416273439
0.186600000000000 1.000000000000207 0.500000000000103 -0.000000000000111 299.996883256828994 1.499984416270133
0.186700000000000 1.000000000000207 0.500000000000103 -0.000000000000106 299.996883256828255 1.499984416266367
0.186800000000000 1.000000000000207 0.500000000000104 -0.000000000000100 299.996883256828482 1.499984416262273
0.186900000000000 1.000000000000206 0.500000000000104 -0.000000000000094 299.996883256828937 1.499984416257951
0.187000000000000 1.000000000000207 0.500000000000104 -0.000000000000088 299.996883256829165 1.499984416253358
0.187100000000000 1.000000000000208 0.500000000000103 -0.000000000000084 299.996883256829165 1.499984416248680
0.187200000000000 1.000000000000207 0.500000000000104 -0.000000000000079 299.996883256829449 1.499984416243914
0.187300000000000 1.000000000000207 0.500000000000103 -0.000000000000072 299.996883256828824 1.499984416239119
0.187400000000000 1.000000000000205 0.500000000000104 -0.000000000000067 299.996883256829165 1.499984416234393
0.187500000000000 1.000000000000207 0.500000000000103 -0.000000000000061 299.996883256828539 1.499984416229779
0.187600000000000 1.000000000000208 0.500000000000104 -0.000000000000056 299.996883256829847 1.499984416225333
0.187700000000000 1.000000000000207 0.500000000000104 -0.000000000000050 299.996883256829278 1.499984416221117
0.187800000000000 1.000000000000207 0.500000000000104 -0.000000000000044 299.996883256829506 1.499984416217239
0.187900000000000 1.000000000000208 0.500000000000103 -0.000000000000037 299.996883256829506 1.499984416213690
0.188000000000000 1.000000000000208 0.500000000000104 -0.000000000000029 299.996883256829733 1.499984416210418
0.188100000000000 1.000000000000209 0.500000000000104 -0.000000000000023 299.996883256828596 1.499984416207604
0.188200000000000 1.000000000000208 0.500000000000104 -0.000000000000016 299.996883256828994 1.499984416205236
0.188300000000000 1.000000000000208 0.500000000000104 -0.000000000000008 299.996883256830301 1.499984416203342
0.188400000000000 1.000000000000208 0.500000000000104 -0.000000000000003 299.996883256829335 1.499984416201974
0.188500000000000 1.000000000000209 0.500000000000104 0.000000000000003 299.996883256829619 1.499984416201016
0.188600000000000 1.000000000000210 0.500000000000104 0.000000000000008 299.996883256829960 1.499984416200649
0.188700000000000 1.000000000000207 0.500000000000104 0.000000000000014 299.996883256829960 1.499984416200771
0.188800000000000 1.000000000000209 0.500000000000105 0.000000000000022 299.996883256829619 1.499984416201403
0.188900000000000 1.000000000000209 0.500000000000104 0.000000000000026 299.996883256829790 1.499984416202594
0.189000000000000 1.000000000000209 0.500000000000104 0.000000000000031 299.996883256830188 1.499984416204264
0.189100000000000 1.000000000000208 0.500000000000104 0.000000000000038 299.996883256829619 1.499984416206364
0.189200000000000 1.000000000000210 0.500000000000104 0.000000000000045 299.996883256830074 1.499984416208960
0.189300000000000 1.000000000000209 0.500000000000104 0.000000000000050 299.996883256829506 1.499984416211986
0.189400000000000 1.000000000000208 0.500000000000105 0.000000000000055 299.996883256829108 1.499984416215311
0.189500000000000 1.000000000000208 0.500000000000105 0.000000000000063 299.996883256830074 1.499984416219057
0.189600000000000 1.000000000000210 0.500000000000105 0.000000000000071 299.996883256829847 1.499984416223172
0.189700000000000 1.000000000000210 0.500000000000105 0.000000000000078 299.996883256830301 1.499984416227445
0.189800000000000 1.000000000000210 0.500000000000105 0.000000000000083 299.996883256829278 1.499984416231997
0.189900000000000 1.000000000000209 0.500000000000106 0.000000000000091 299.996883256830245 1.499984416236621
0.190000000000000 1.000000000000210 0.500000000000106 0.000000000000098 299.996883256830586 1.499984416241402
0.190100000000000 1.000000000000210 0.500000000000105 0.000000000000104 299.996883256830131 1.499984416246232
0.190200000000000 1.000000000000210 0.500000000000106 0.000000000000110 299.996883256830074 1.499984416250909
0.190300000000000 1.000000000000210 0.500000000000105 0.000000000000116 299.996883256829960 1.499984416255598
0.190400000000000 1.000000000000212 0.500000000000105 0.000000000000122 299.996883256829960 1.499984416260083
0.190500000000000 1.000000000000210 0.500000000000106 0.000000000000128 299.996883256830074 1.499984416264307
0.190600000000000 1.000000000000211 0.500000000000105 0.000000000000133 299.996883256830301 1.499984416268222
0.190700000000000 1.000000000000211 0.500000000000106 0.000000000000139 299.996883256830870 1.499984416271733
0.190800000000000 1.000000000000210 0.500000000000106 0.000000000000147 299.996883256830074 1.499984416274841
0.190900000000000 1.000000000000211 0.500000000000105 0.000000000000153 299.996883256830301 1.499984416277477
0.191000000000000 1.000000000000210 0.500000000000106 0.000000000000159 299.996883256830642 1.499984416279397
0.191100000000000 1.000000000000212 0.500000000000106 0.000000000000164 299.996883256830415 1.499984416280823
0.191200000000000 1.000000000000211 0.500000000000106 0.000000000000169 299.996883256830756 1.499984416281468
0.191300000000000 1.000000000000211 0.500000000000106 0.000000000000174 299.996883256830472 1.499984416281341
0.191400000000000 1.000000000000211 0.500000000000105 0.000000000000180 299.996883256830415 1.499984416280463
0.191500000000000 1.000000000000210 0.500000000000106 0.000000000000186 299.996883256830756 1.499984416278680
0.191600000000000 1.000000000000211 0.500000000000106 0.000000000000193 299.996883256830245 1.499984416275969
0.191700000000000 1.000000000000211 0.500000000000106 0.000000000000196 299.996883256829960 1.499984416272320
0.191800000000000 1.000000000000211 0.500000000000106 0.000000000000200 299.996883256830415 1.499984416267719
0.191900000000000 1.000000000000211 0.500000000000106 0.000000000000205 299.996883256830188 1.499984416262066
0.192000000000000 1.000000000000210 0.500000000000107 0.000000000000209 299.996883256830529 1.499984416255364
0.192100000000000 1.000000000000211 0.500000000000107 0.000000000000213 299.996883256830245 1.499984416247613
0.192200000000000 1.000000000000213 0.500000000000106 0.000000000000218 299.996883256831211 1.499984416238815
0.192300000000000 1.000000000000212 0.500000000000107 0.000000000000224 299.996883256830301 1.499984416228927
0.192400000000000 1.000000000000212 0.500000000000106 0.000000000000227 299.996883256830586 1.499984416217990
0.192500000000000 1.000000000000213 0.500000000000106 0.000000000000232 299.996883256830642 1.499984416205936
0.192600000000000 1.000000000000213 0.500000000000107 0.000000000000238 299.996883256830188 1.499984416192818
0.192700000000000 1.000000000000211 0.500000000000107 0.000000000000244 299.996883256830415 1.499984416178685
0.192800000000000 1.000000000000212 0.500000000000107 0.000000000000249 299.996883256830756 1.499984416163537
0.192900000000000 1.000000000000213 0.500000000000107 0.000000000000253 299.996883256830813 1.499984416147482
0.193000000000000 1.000000000000214 0.500000000000107 0.000000000000258 299.996883256831211 1.499984416130418
0.193100000000000 1.000000000000213 0.500000000000107 0.000000000000262 299.996883256831097 1.499984416112499
0.193200000000000 1.000000000000213 0.500000000000107 0.000000000000266 299.996883256830586 1.499984416093748
0.193300000000000 1.000000000000213 0.500000000000108 0.000000000000270 299.996883256830642 1.499984416074144
0.193400000000000 1.000000000000213 0.500000000000108 0.000000000000274 299.996883256831097 1.499984416053942
0.193500000000000 1.000000000000214 0.500000000000108 0.000000000000279 299.996883256830756 1.499984416033048
0.193600000000000 1.000000000000213 0.500000000000108 0.000000000000282 299.996883256830756 1.499984416011560
0.193700000000000 1.000000000000213 0.500000000000108 0.000000000000284 299.996883256830984 1.499984415989637
0.193800000000000 1.000000000000215 0.500000000000108 0.000000000000288 299.996883256831666 1.499984415967276
0.193900000000000 1.000000000000214 0.500000000000109 0.000000000000292 299.996883256832348 1.499984415944593
0.194000000000000 1.000000000000214 0.500000000000108 0.000000000000295 299.996883256831211 1.499984415921725
0.194100000000000 1.000000000000214 0.500000000000109 0.000000000000297 299.996883256830529 1.499984415898657
0.194200000000000 1.000000000000215 0.500000000000108 0.000000000000299 299.996883256831325 1.499984415875655
0.194300000000000 1.000000000000214 0.500000000000110 0.000000000000301 299.996883256831268 1.499984415852559
0.194400000000000 1.000000000000215 0.500000000000109 0.000000000000303 299.996883256831381 1.499984415829720
0.194500000000000 1.000000000000214 0.500000000000109 0.000000000000307 299.996883256831097 1.499984415807144
0.194600000000000 1.000000000000215 0.500000000000109 0.000000000000309 299.996883256831211 1.499984415784867
0.194700000000000 1.000000000000214 0.500000000000109 0.000000000000311 299.996883256831495 1.499984415763043
0.194800000000000 1.000000000000213 0.500000000000110 0.000000000000313 299.996883256831552 1.499984415741771
0.194900000000000 1.000000000000214 0.500000000000110 0.000000000000315 299.996883256831779 1.499984415721211
0.195000000000000 1.000000000000214 0.500000000000109 0.000000000000317 299.996883256831666 1.499984415701331
0.195100000000000 1.000000000000215 0.500000000000109 0.000000000000319 299.996883256831325 1.499984415682286
0.195200000000000 1.000000000000214 0.500000000000110 0.000000000000321 299.996883256831495 1.499984415664133
0.195300000000000 1.000000000000215 0.500000000000110 0.000000000000323 299.996883256831438 1.499984415646956
0.195400000000000 1.000000000000216 0.500000000000110 0.000000000000326 299.996883256831438 1.499984415630910
0.195500000000000 1.000000000000214 0.500000000000110 0.000000000000325 299.996883256831438 1.499984415616027
0.195600000000000 1.000000000000214 0.500000000000110 0.000000000000327 299.996883256831211 1.499984415602342
0.195700000000000 1.000000000000217 0.500000000000110 0.000000000000326 299.996883256831325 1.499984415589880
0.195800000000000 1.000000000000216 0.500000000000110 0.000000000000329 299.996883256831211 1.499984415578868
0.195900000000000 1.000000000000215 0.500000000000110 0.000000000000331 299.996883256832007 1.499984415569210
0.196000000000000 1.000000000000216 0.500000000000110 0.000000000000330 299.996883256831666 1.499984415561016
0.196100000000000 1.000000000000215 0.500000000000110 0.000000000000332 299.996883256831666 1.499984415554320
0.196200000000000 1.000000000000216 0.500000000000111 0.000000000000332 299.996883256831609 1.499984415549061
0.196300000000000 1.000000000000216 0.500000000000111 0.000000000000333 299.996883256831325 1.499984415545349
0.196400000000000 1.000000000000216 0.500000000000111 0.000000000000333 299.996883256831836 1.499984415543314
0.196500000000000 1.000000000000215 0.500000000000111 0.000000000000335 299.996883256831438 1.499984415542729
0.196600000000000 1.000000000000216 0.500000000000111 0.000000000000334 299.996883256832120 1.499984415543768
0.196700000000000 1.000000000000217 0.500000000000111 0.000000000000334 299.996883256831666 1.499984415546306
0.196800000000000 1.000000000000216 0.500000000000111 0.000000000000334 299.996883256832291 1.499984415550472
0.196900000000000 1.000000000000215 0.500000000000111 0.000000000000332 299.996883256831893 1.499984415556134
0.197000000000000 1.000000000000214 0.500000000000111 0.000000000000331 299.996883256831666 1.499984415563322
0.197100000000000 1.000000000000218 0.500000000000112 0.000000000000329 299.996883256831495 1.499984415572013
0.197200000000000 1.000000000000217 0.500000000000111 0.000000000000328 299.996883256831609 1.499984415582104
0.197300000000000 1.000000000000217 0.500000000000112 0.000000000000327 299.996883256831893 1.499984415593552
0.197400000000000 1.000000000000216 0.500000000000112 0.000000000000327 299.996883256832348 1.499984415606310
0.197500000000000 1.000000000000215 0.500000000000112 0.000000000000325 299.996883256832120 1.499984415620380
0.197600000000000 1.000000000000217 0.500000000000112 0.000000000000326 299.996883256831893 1.499984415635624
0.197700000000000 1.000000000000216 0.500000000000112 0.000000000000323 299.996883256832120 1.499984415652094
0.197800000000000 1.000000000000217 0.500000000000112 0.000000000000322 299.996883256832120 1.499984415669507
0.197900000000000 1.000000000000216 0.500000000000112 0.000000000000320 299.996883256831893 1.499984415687916
0.198000000000000 1.000000000000218 0.500000000000112 0.000000000000318 299.996883256832234 1.499984415707242
0.198100000000000 1.000000000000216 0.500000000000112 0.000000000000316 299.996883256832120 1.499984415727342
0.198200000000000 1.000000000000216 0.500000000000112 0.000000000000314 299.996883256832007 1.499984415748202
0.198300000000000 1.000000000000218 0.500000000000113 0.000000000000313 299.996883256832291 1.499984415769633
0.198400000000000 1.000000000000218 0.500000000000113 0.000000000000310 299.996883256832461 1.499984415791585
0.198500000000000 1.000000000000218 0.500000000000113 0.000000000000307 299.996883256832859 1.499984415813933
0.198600000000000 1.000000000000218 0.500000000000114 0.000000000000303 299.996883256832234 1.499984415836587
0.198700000000000 1.000000000000218 0.500000000000113 0.000000000000302 299.996883256832575 1.499984415859553
0.198800000000000 1.000000000000218 0.500000000000113 0.000000000000299 299.996883256832575 1.499984415882597
0.198900000000000 1.000000000000218 0.500000000000113 0.000000000000296 299.996883256832177 1.499984415905621
0.199000000000000 1.000000000000218 0.500000000000113 0.000000000000294 299.996883256832234 1.499984415928647
0.199100000000000 1.000000000000219 0.500000000000114 0.000000000000290 299.996883256832007 1.499984415951469
0.199200000000000 1.000000000000218 0.500000000000113 0.000000000000286 299.996883256833144 1.499984415974125
0.199300000000000 1.000000000000219 0.500000000000114 0.000000000000282 299.996883256832120 1.499984415996274
0.199400000000000 1.000000000000218 0.500000000000115 0.000000000000278 299.996883256832234 1.499984416018096
0.199500000000000 1.000000000000219 0.500000000000114 0.000000000000275 299.996883256832461 1.499984416039380
0.199600000000000 1.000000000000218 0.500000000000114 0.000000000000272 299.996883256832461 1.499984416060088
0.199700000000000 1.000000000000220 0.500000000000115 0.000000000000268 299.996883256832689 1.499984416080119
0.199800000000000 1.000000000000218 0.500000000000115 0.000000000000263 299.996883256832064 1.499984416099396
0.199900000000000 1.000000000000219 0.500000000000115 0.000000000000260 299.996883256832803 1.499984416117946
0.200000000000000 1.000000000000219 0.500000000000114 0.000000000000256 299.996883256832575 1.499984416135628
0.200100000000000 1.000000000000219 0.500000000000115 0.000000000000252 299.996883256832803 1.499984416152385
0.200200000000000 1.000000000000218 0.500000000000114 0.000000000000248 299.996883256833030 1.499984416168206
0.200300000000000 1.000000000000217 0.500000000000114 0.000000000000243 299.996883256832689 1.499984416183047
0.200400000000000 1.000000000000219 0.500000000000115 0.000000000000239 299.996883256832575 1.499984416196845
0.200500000000000 1.000000000000219 0.500000000000115 0.000000000000233 299.996883256832461 1.499984416209566
0.200600000000000 1.000000000000220 0.500000000000115 0.000000000000230 299.996883256832348 1.499984416221334
0.200700000000000 1.000000000000220 0.500000000000115 0.000000000000224 299.996883256832746 1.499984416231980
0.200800000000000 1.000000000000220 0.500000000000115 0.000000000000218 299.996883256832973 1.499984416241563
0.200900000000000 1.000000000000220 0.500000000000115 0.000000000000211 299.996883256832803 1.499984416250039
0.201000000000000 1.000000000000220 0.500000000000115 0.000000000000207 299.996883256832916 1.499984416257469
0.201100000000000 1.000000000000220 0.500000000000115 0.000000000000201 299.996883256833257 1.499984416263813
0.201200000000000 1.000000000000220 0.500000000000116 0.000000000000196 299.996883256833030 1.499984416269100
0.201300000000000 1.000000000000220 0.500000000000115 0.000000000000189 299.996883256833144 1.499984416273465
0.201400000000000 1.000000000000220 0.500000000000116 0.000000000000185 299.996883256832916 1.499984416276784
0.201500000000000 1.000000000000220 0.500000000000116 0.000000000000180 299.996883256833598 1.499984416279204
0.201600000000000 1.000000000000221 0.500000000000116 0.000000000000174 299.996883256833371 1.499984416280719
0.201700000000000 1.000000000000222 0.500000000000116 0.000000000000167 299.996883256832859 1.499984416281372
0.201800000000000 1.000000000000220 0.500000000000116 0.000000000000163 299.996883256832916 1.499984416281229
0.201900000000000 1.000000000000220 0.500000000000117 0.000000000000159 299.996883256833712 1.499984416280332
0.202000000000000 1.000000000000221 0.500000000000116 0.000000000000153 299.996883256833144 1.499984416278768
0.202100000000000 1.000000000000221 0.500000000000116 0.000000000000147 299.996883256832973 1.499984416276593
0.202200000000000 1.000000000000221 0.500000000000116 0.000000000000140 299.996883256833485 1.499984416273846
0.202300000000000 1.000000000000222 0.500000000000116 0.000000000000135 299.996883256833314 1.499984416270614
0.202400000000000 1.000000000000221 0.500000000000116 0.000000000000130 299.996883256833428 1.499984416266953
0.202500000000000 1.000000000000221 0.500000000000117 0.000000000000125 299.996883256833485 1.499984416262898
0.202600000000000 1.000000000000222 0.500000000000117 0.000000000000119 299.996883256833257 1.499984416258591
0.202700000000000 1.000000000000221 0.500000000000117 0.000000000000114 299.996883256833598 1.499984416254057
0.202800000000000 1.000000000000222 0.500000000000117 0.000000000000107 299.996883256833769 1.499984416249369
0.202900000000000 1.000000000000223 0.500000000000117 0.000000000000102 299.996883256833712 1.499984416244634
0.203000000000000 1.000000000000222 0.500000000000117 0.000000000000097 299.996883256833826 1.499984416239833
0.203100000000000 1.000000000000221 0.500000000000117 0.000000000000089 299.996883256833144 1.499984416235145
0.203200000000000 1.000000000000222 0.500000000000117 0.000000000000084 299.996883256833598 1.499984416230463
0.203300000000000 1.000000000000222 0.500000000000117 0.000000000000078 299.996883256833485 1.499984416225995
0.203400000000000 1.000000000000222 0.500000000000117 0.000000000000070 299.996883256833371 1.499984416221777
0.203500000000000 1.000000000000222 0.500000000000117 0.000000000000064 299.996883256834053 1.499984416217785
0.203600000000000 1.000000000000222 0.500000000000117 0.000000000000059 299.996883256833939 1.499984416214137
0.203700000000000 1.000000000000222 0.500000000000118 0.000000000000052 299.996883256833257 1.499984416210826
0.203800000000000 1.000000000000222 0.500000000000117 0.000000000000045 299.996883256833769 1.499984416207990
0.203900000000000 1.000000000000224 0.500000000000118 0.000000000000039 299.996883256833712 1.499984416205507
0.204000000000000 1.000000000000225 0.500000000000117 0.000000000000032 299.996883256834394 1.499984416203536
0.204100000000000 1.000000000000223 0.500000000000118 0.000000000000026 299.996883256833826 1.499984416201978
0.204200000000000 1.000000000000223 0.500000000000118 0.000000000000023 299.996883256834508 1.499984416201004
0.204300000000000 1.000000000000223 0.500000000000118 0.000000000000017 299.996883256834224 1.499984416200530
0.204400000000000 1.000000000000225 0.500000000000118 0.000000000000011 299.996883256834280 1.499984416200522
0.204500000000000 1.000000000000226 0.500000000000118 0.000000000000006 299.996883256834337 1.499984416201068
0.204600000000000 1.000000000000223 0.500000000000118 0.000000000000000 299.996883256834849 1.499984416202170
0.204700000000000 1.000000000000225 0.500000000000118 -0.000000000000007 299.996883256834224 1.499984416203707
0.204800000000000 1.000000000000223 0.500000000000118 -0.000000000000012 299.996883256834849 1.499984416205745
0.204900000000000 1.000000000000225 0.500000000000118 -0.000000000000018 299.996883256834053 1.499984416208254
0.205000000000000 1.000000000000225 0.500000000000118 -0.000000000000024 299.996883256834508 1.499984416211163
0.205100000000000 1.000000000000224 0.500000000000118 -0.000000000000029 299.996883256834792 1.499984416214518
0.205200000000000 1.000000000000225 0.500000000000118 -0.000000000000034 299.996883256834622 1.499984416218202
0.205300000000000 1.000000000000226 0.500000000000118 -0.000000000000039 299.996883256834508 1.499984416222212
0.205400000000000 1.000000000000225 0.500000000000119 -0.000000000000044 299.996883256834622 1.499984416226466
0.205500000000000 1.000000000000226 0.500000000000119 -0.000000000000050 299.996883256834622 1.499984416230973
0.205600000000000 1.000000000000226 0.500000000000119 -0.000000000000058 299.996883256834508 1.499984416235589
0.205700000000000 1.000000000000228 0.500000000000118 -0.000000000000065 299.996883256834622 1.499984416240346
0.205800000000000 1.000000000000225 0.500000000000119 -0.000000000000070 299.996883256834792 1.499984416245128
0.205900000000000 1.000000000000225 0.500000000000119 -0.000000000000075 299.996883256834906 1.499984416249880
0.206000000000000 1.000000000000226 0.500000000000120 -0.000000000000081 299.996883256835247 1.499984416254540
0.206100000000000 1.000000000000226 0.500000000000118 -0.000000000000086 299.996883256834735 1.499984416259064
0.206200000000000 1.000000000000226 0.500000000000119 -0.000000000000092 299.996883256835417 1.499984416263319
0.206300000000000 1.000000000000227 0.500000000000119 -0.000000000000098 299.996883256835304 1.499984416267310
0.206400000000000 1.000000000000226 0.500000000000119 -0.000000000000103 299.996883256835417 1.499984416270969
0.206500000000000 1.000000000000228 0.500000000000119 -0.000000000000109 299.996883256835190 1.499984416274143
0.206600000000000 1.000000000000228 0.500000000000118 -0.000000000000114 299.996883256835417 1.499984416276842
0.206700000000000 1.000000000000227 0.500000000000119 -0.000000000000118 299.996883256834735 1.499984416278932
0.206800000000000 1.000000000000227 0.500000000000120 -0.000000000000123 299.996883256835247 1.499984416280408
0.206900000000000 1.000000000000227 0.500000000000120 -0.000000000000129 299.996883256835190 1.499984416281180
0.207000000000000 1.000000000000227 0.500000000000120 -0.000000000000135 299.996883256835702 1.499984416281281
0.207100000000000 1.000000000000229 0.500000000000119 -0.000000000000140 299.996883256834849 1.499984416280529
0.207200000000000 1.000000000000228 0.500000000000119 -0.000000000000145 299.996883256834849 1.499984416278871
0.207300000000000 1.000000000000226 0.500000000000119 -0.000000000000149 299.996883256835247 1.499984416276377
0.207400000000000 1.000000000000227 0.500000000000119 -0.000000000000153 299.996883256835417 1.499984416272893
0.207500000000000 1.000000000000228 0.500000000000120 -0.000000000000158 299.996883256835304 1.499984416268481
0.207600000000000 1.000000000000227 0.500000000000119 -0.000000000000163 299.996883256835702 1.499984416263019
0.207700000000000 1.000000000000227 0.500000000000120 -0.000000000000168 299.996883256834508 1.499984416256499
0.207800000000000 1.000000000000228 0.500000000000119 -0.000000000000173 299.996883256835190 1.499984416248992
0.207900000000000 1.000000000000227 0.500000000000120 -0.000000000000177 299.996883256835190 1.499984416240359
0.208000000000000 1.000000000000227 0.500000000000119 -0.000000000000179 299.996883256835190 1.499984416230692
0.208100000000000 1.000000000000227 0.500000000000119 -0.000000000000182 299.996883256835645 1.499984416219924
0.208200000000000 1.000000000000227 0.500000000000119 -0.000000000000186 299.996883256836043 1.499984416208085
0.208300000000000 1.000000000000228 0.500000000000119 -0.000000000000188 299.996883256835645 1.499984416195158
0.208400000000000 1.000000000000228 0.500000000000119 -0.000000000000191 299.996883256835645 1.499984416181255
0.208500000000000 1.000000000000228 0.500000000000120 -0.000000000000196 299.996883256835247 1.499984416166272
0.208600000000000 1.000000000000228 0.500000000000119 -0.000000000000199 299.996883256835417 1.499984416150393
0.208700000000000 1.000000000000228 0.500000000000119 -0.000000000000205 299.996883256835076 1.499984416133497
0.208800000000000 1.000000000000228 0.500000000000119 -0.000000000000207 299.996883256835588 1.499984416115691
0.208900000000000 1.000000000000230 0.500000000000119 -0.000000000000211 299.996883256835986 1.499984416097126
0.209000000000000 1.000000000000230 0.500000000000119 -0.000000000000215 299.996883256835304 1.499984416077750
0.209100000000000 1.000000000000229 0.500000000000118 -0.000000000000217 299.996883256835758 1.499984416057640
0.209200000000000 1.000000000000228 0.500000000000119 -0.000000000000218 299.996883256834963 1.499984416036800
0.209300000000000 1.000000000000229 0.500000000000119 -0.000000000000221 299.996883256835986 1.499984416015474
0.209400000000000 1.000000000000229 0.500000000000119 -0.000000000000225 299.996883256835417 1.499984415993611
0.209500000000000 1.000000000000230 0.500000000000118 -0.000000000000228 299.996883256835758 1.499984415971353
0.209600000000000 1.000000000000229 0.500000000000119 -0.000000000000231 299.996883256835304 1.499984415948722
0.209700000000000 1.000000000000229 0.500000000000119 -0.000000000000233 299.996883256835531 1.499984415925836
0.209800000000000 1.000000000000230 0.500000000000119 -0.000000000000237 299.996883256835986 1.499984415902828
0.209900000000000 1.000000000000229 0.500000000000119 -0.000000000000239 299.996883256836099 1.499984415879751
0.210000000000000 1.000000000000230 0.500000000000119 -0.000000000000242 299.996883256835986 1.499984415856729
0.210100000000000 1.000000000000230 0.500000000000119 -0.000000000000246 299.996883256835815 1.499984415833838
0.210200000000000 1.000000000000230 0.500000000000120 -0.000000000000248 299.996883256836441 1.499984415811143
0.210300000000000 1.000000000000231 0.500000000000119 -0.000000000000248 299.996883256836043 1.499984415788858
0.210400000000000 1.000000000000232 0.500000000000120 -0.000000000000250 299.996883256836327 1.499984415766934
0.210500000000000 1.000000000000230 0.500000000000120 -0.000000000000252 299.996883256835986 1.499984415745522
0.210600000000000 1.000000000000228 0.500000000000118 -0.000000000000254 299.996883256836327 1.499984415724884
0.210700000000000 1.000000000000230 0.500000000000119 -0.000000000000255 299.996883256836213 1.499984415704798
0.210800000000000 1.000000000000231 0.500000000000119 -0.000000000000258 299.996883256836327 1.499984415685570
0.210900000000000 1.000000000000232 0.500000000000119 -0.000000000000258 299.996883256836327 1.499984415667280
0.211000000000000 1.000000000000232 0.500000000000119 -0.000000000000259 299.996883256836213 1.499984415649962
0.211100000000000 1.000000000000230 0.500000000000119 -0.000000000000259 299.996883256836213 1.499984415633641
0.211200000000000 1.000000000000231 0.500000000000119 -0.000000000000258 299.996883256836441 1.499984415618528
0.211300000000000 1.000000000000232 0.500000000000118 -0.000000000000259 299.996883256836441 1.499984415604663
0.211400000000000 1.000000000000232 0.500000000000119 -0.000000000000258 299.996883256836213 1.499984415592004
0.211500000000000 1.000000000000233 0.500000000000119 -0.000000000000259 299.996883256836668 1.499984415580694
0.211600000000000 1.000000000000232 0.500000000000119 -0.000000000000260 299.996883256836441 1.499984415570762
0.211700000000000 1.000000000000234 0.500000000000119 -0.000000000000261 299.996883256836327 1.499984415562268
0.211800000000000 1.000000000000233 0.500000000000119 -0.000000000000261 299.996883256836838 1.499984415555236
0.211900000000000 1.000000000000232 0.500000000000119 -0.000000000000261 299.996883256837009 1.499984415549753
0.212000000000000 1.000000000000233 0.500000000000119 -0.000000000000261 299.996883256837009 1.499984415545776
0.212100000000000 1.000000000000233 0.500000000000119 -0.000000000000261 299.996883256836895 1.499984415543369
0.212200000000000 1.000000000000234 0.500000000000119 -0.000000000000262 299.996883256837123 1.499984415542517
0.212300000000000 1.000000000000234 0.500000000000119 -0.000000000000262 299.996883256837350 1.499984415543282
0.212400000000000 1.000000000000234 0.500000000000120 -0.000000000000262 299.996883256837691 1.499984415545535
0.212500000000000 1.000000000000234 0.500000000000119 -0.000000000000261 299.996883256837350 1.499984415549431
0.212600000000000 1.000000000000234 0.500000000000119 -0.000000000000259 299.996883256837123 1.499984415554794
0.212700000000000 1.000000000000234 0.500000000000120 -0.000000000000256 299.996883256837236 1.499984415561695
0.212800000000000 1.000000000000234 0.500000000000120 -0.000000000000256 299.996883256837975 1.499984415570045
0.212900000000000 1.000000000000234 0.500000000000120 -0.000000000000258 299.996883256837918 1.499984415579881
0.213000000000000 1.000000000000234 0.500000000000119 -0.000000000000256 299.996883256837577 1.499984415591104
0.213100000000000 1.000000000000235 0.500000000000119 -0.000000000000254 299.996883256837691 1.499984415603660
0.213200000000000 1.000000000000236 0.500000000000120 -0.000000000000251 299.996883256837464 1.499984415617449
0.213300000000000 1.000000000000235 0.500000000000120 -0.000000000000250 299.996883256837350 1.499984415632512
0.213400000000000 1.000000000000235 0.500000000000119 -0.000000000000248 299.996883256837748 1.499984415648701
0.213500000000000 1.000000000000235 0.500000000000119 -0.000000000000247 299.996883256837805 1.499984415665969
0.213600000000000 1.000000000000236 0.500000000000120 -0.000000000000245 299.996883256838146 1.499984415684186
0.213700000000000 1.000000000000236 0.500000000000120 -0.000000000000242 299.996883256838032 1.499984415703363
0.213800000000000 1.000000000000235 0.500000000000120 -0.000000000000241 299.996883256837521 1.499984415723319
0.213900000000000 1.000000000000237 0.500000000000120 -0.000000000000239 299.996883256838032 1.499984415744034
0.214000000000000 1.000000000000236 0.500000000000120 -0.000000000000237 299.996883256838032 1.499984415765367
0.214100000000000 1.000000000000237 0.500000000000120 -0.000000000000235 299.996883256838032 1.499984415787196
0.214200000000000 1.000000000000235 0.500000000000120 -0.000000000000234 299.996883256837123 1.499984415809491
0.214300000000000 1.000000000000237 0.500000000000120 -0.000000000000232 299.996883256837236 1.499984415832135
0.214400000000000 1.000000000000237 0.500000000000120 -0.000000000000230 299.996883256838942 1.499984415854998
0.214500000000000 1.000000000000235 0.500000000000119 -0.000000000000226 299.996883256836156 1.499984415878079
0.214600000000000 1.000000000000235 0.500000000000120 -0.000000000000224 299.996883256838032 1.499984415901093
0.214700000000000 1.000000000000236 0.500000000000120 -0.000000000000220 299.996883256837009 1.499984415924122
0.214800000000000 1.000000000000236 0.500000000000120 -0.000000000000218 299.996883256836668 1.499984415946994
0.214900000000000 1.000000000000236 0.500000000000119 -0.000000000000216 299.996883256837975 1.499984415969692
0.215000000000000 1.000000000000238 0.500000000000119 -0.000000000000212 299.996883256837577 1.499984415991954
0.215100000000000 1.000000000000237 0.500000000000120 -0.000000000000211 299.996883256837350 1.499984416013813
0.215200000000000 1.000000000000237 0.500000000000119 -0.000000000000208 299.996883256837805 1.499984416035240
0.215300000000000 1.000000000000238 0.500000000000120 -0.000000000000205 299.996883256838714 1.499984416056070
0.215400000000000 1.000000000000237 0.500000000000120 -0.000000000000203 299.996883256838089 1.499984416076201
0.215500000000000 1.000000000000236 0.500000000000120 -0.000000000000199 299.996883256837862 1.499984416095655
0.215600000000000 1.000000000000238 0.500000000000120 -0.000000000000194 299.996883256838601 1.499984416114310
0.215700000000000 1.000000000000238 0.500000000000119 -0.000000000000189 299.996883256838316 1.499984416132161
0.215800000000000 1.000000000000237 0.500000000000120 -0.000000000000186 299.996883256838260 1.499984416149076
0.215900000000000 1.000000000000238 0.500000000000120 -0.000000000000182 299.996883256838601 1.499984416165068
0.216000000000000 1.000000000000238 0.500000000000120 -0.000000000000177 299.996883256838601 1.499984416180085
0.216100000000000 1.000000000000238 0.500000000000120 -0.000000000000172 299.996883256838544 1.499984416194136
0.216200000000000 1.000000000000239 0.500000000000120 -0.000000000000168 299.996883256838544 1.499984416207085
0.216300000000000 1.000000000000239 0.500000000000119 -0.000000000000163 299.996883256838714 1.499984416219035
0.216400000000000 1.000000000000238 0.500000000000120 -0.000000000000159 299.996883256838373 1.499984416229873
0.216500000000000 1.000000000000238 0.500000000000120 -0.000000000000154 299.996883256839283 1.499984416239641
0.216600000000000 1.000000000000238 0.500000000000120 -0.000000000000148 299.996883256838828 1.499984416248301
0.216700000000000 1.000000000000238 0.500000000000120 -0.000000000000142 299.996883256838601 1.499984416255933
0.216800000000000 1.000000000000240 0.500000000000120 -0.000000000000137 299.996883256838657 1.499984416262502
0.216900000000000 1.000000000000239 0.500000000000120 -0.000000000000132 299.996883256838373 1.499984416267972
0.217000000000000 1.000000000000239 0.500000000000120 -0.000000000000127 299.996883256838487 1.499984416272505
0.217100000000000 1.000000000000239 0.500000000000120 -0.000000000000124 299.996883256838714 1.499984416276046
0.217200000000000 1.000000000000238 0.500000000000120 -0.000000000000120 299.996883256839055 1.499984416278605
0.217300000000000 1.000000000000238 0.500000000000120 -0.000000000000114 299.996883256838828 1.499984416280301
0.217400000000000 1.000000000000239 0.500000000000120 -0.000000000000108 299.996883256838828 1.499984416281097
0.217500000000000 1.000000000000239 0.500000000000120 -0.000000000000103 299.996883256838942 1.499984416281112
0.217600000000000 1.000000000000241 0.500000000000121 -0.000000000000098 299.996883256839340 1.499984416280356
0.217700000000000 1.000000000000241 0.500000000000121 -0.000000000000093 299.996883256839340 1.499984416278920
0.217800000000000 1.000000000000241 0.500000000000121 -0.000000000000086 299.996883256839794 1.499984416276807
0.217900000000000 1.000000000000240 0.500000000000121 -0.000000000000081 299.996883256839396 1.499984416274197
0.218000000000000 1.000000000000241 0.500000000000121 -0.000000000000076 299.996883256839396 1.499984416271001
0.218100000000000 1.000000000000241 0.500000000000120 -0.000000000000072 299.996883256839510 1.499984416267470
0.218200000000000 1.000000000000241 0.500000000000120 -0.000000000000067 299.996883256839169 1.499984416263532
0.218300000000000 1.000000000000240 0.500000000000121 -0.000000000000065 299.996883256839737 1.499984416259188
0.218400000000000 1.000000000000242 0.500000000000121 -0.000000000000060 299.996883256839055 1.499984416254695
0.218500000000000 1.000000000000240 0.500000000000121 -0.000000000000055 299.996883256839510 1.499984416250027
0.218600000000000 1.000000000000241 0.500000000000121 -0.000000000000049 299.996883256839169 1.499984416245285
0.218700000000000 1.000000000000239 0.500000000000121 -0.000000000000044 299.996883256839737 1.499984416240465
0.218800000000000 1.000000000000241 0.500000000000121 -0.000000000000040 299.996883256839283 1.499984416235767
0.218900000000000 1.000000000000241 0.500000000000121 -0.000000000000035 299.996883256839169 1.499984416231104
0.219000000000000 1.000000000000240 0.500000000000120 -0.000000000000029 299.996883256839624 1.499984416226631
0.219100000000000 1.000000000000241 0.500000000000121 -0.000000000000023 299.996883256838942 1.499984416222297
0.219200000000000 1.000000000000240 0.500000000000121 -0.000000000000019 299.996883256839510 1.499984416218285
0.219300000000000 1.000000000000242 0.500000000000121 -0.000000000000013 299.996883256838828 1.499984416214574
0.219400000000000 1.000000000000240 0.500000000000121 -0.000000000000007 299.996883256839851 1.499984416211198
0.219500000000000 1.000000000000241 0.500000000000122 -0.000000000000001 299.996883256839396 1.499984416208221
0.219600000000000 1.000000000000242 0.500000000000121 0.000000000000006 299.996883256838146 1.499984416205711
0.219700000000000 1.000000000000242 0.500000000000121 0.000000000000011 299.996883256840079 1.499984416203645
0.219800000000000 1.000000000000242 0.500000000000121 0.000000000000017 299.996883256839169 1.499984416202022
0.219900000000000 1.000000000000243 0.500000000000121 0.000000000000024 299.996883256839851 1.499984416200957
0.220000000000000 1.000000000000242 0.500000000000121 0.000000000000029 299.996883256839737 1.499984416200389
0.220100000000000 1.000000000000243 0.500000000000121 0.000000000000036 299.996883256839624 1.499984416200263
0.220200000000000 1.000000000000242 0.500000000000121 0.000000000000042 299.996883256839283 1.499984416200753
0.220300000000000 1.000000000000244 0.500000000000122 0.000000000000048 299.996883256839567 1.499984416201655
0.220400000000000 1.000000000000243 0.500000000000122 0.000000000000054 299.996883256840249 1.499984416203182
0.220500000000000 1.000000000000244 0.500000000000122 0.000000000000060 299.996883256839794 1.499984416205120
0.220600000000000 1.000000000000242 0.500000000000122 0.000000000000068 299.996883256840249 1.499984416207546
0.220700000000000 1.000000000000243 0.500000000000122 0.000000000000073 299.996883256839169 1.499984416210345
0.220800000000000 1.000000000000243 0.500000000000121 0.000000000000078 299.996883256840306 1.499984416213697
0.220900000000000 1.000000000000242 0.500000000000122 0.000000000000085 299.996883256840022 1.499984416217269
0.221000000000000 1.000000000000244 0.500000000000121 0.000000000000090 299.996883256840533 1.499984416221275
0.221100000000000 1.000000000000244 0.500000000000122 0.000000000000097 299.996883256840079 1.499984416225437
0.221200000000000 1.000000000000244 0.500000000000122 0.000000000000104 299.996883256839965 1.499984416229905
0.221300000000000 1.000000000000244 0.500000000000122 0.000000000000110 299.996883256840533 1.499984416234526
0.221400000000000 1.000000000000244 0.500000000000122 0.000000000000114 299.996883256840306 1.499984416239255
0.221500000000000 1.000000000000244 0.500000000000122 0.000000000000119 299.996883256840420 1.499984416244061
0.221600000000000 1.000000000000243 0.500000000000122 0.000000000000124 299.996883256840022 1.499984416248776
0.221700000000000 1.000000000000246 0.500000000000122 0.000000000000128 299.996883256840306 1.499984416253513
0.221800000000000 1.000000000000245 0.500000000000123 0.000000000000135 299.996883256840874 1.499984416258043
0.221900000000000 1.000000000000244 0.500000000000123 0.000000000000139 299.996883256840590 1.499984416262364
0.222000000000000 1.000000000000244 0.500000000000122 0.000000000000143 299.996883256840249 1.499984416266449
0.222100000000000 1.000000000000245 0.500000000000123 0.000000000000147 299.996883256840590 1.499984416270121
0.222200000000000 1.000000000000246 0.500000000000123 0.000000000000154 299.996883256840079 1.499984416273349
0.222300000000000 1.000000000000244 0.500000000000123 0.000000000000160 299.996883256840420 1.499984416276191
0.222400000000000 1.000000000000245 0.500000000000123 0.000000000000165 299.996883256840420 1.499984416278399
0.222500000000000 1.000000000000246 0.500000000000124 0.000000000000169 299.996883256840533 1.499984416279972
0.222600000000000 1.000000000000244 0.500000000000123 0.000000000000175 299.996883256840420 1.499984416280921
0.222700000000000 1.000000000000244 0.500000000000123 0.000000000000179 299.996883256840874 1.499984416281119
0.222800000000000 1.000000000000244 0.500000000000123 0.000000000000184 299.996883256840306 1.499984416280522
0.222900000000000 1.000000000000244 0.500000000000124 0.000000000000189 299.996883256840647 1.499984416279028
0.223000000000000 1.000000000000244 0.500000000000123 0.000000000000194 299.996883256840476 1.499984416276722
0.223100000000000 1.000000000000245 0.500000000000124 0.000000000000198 299.996883256840761 1.499984416273415
0.223200000000000 1.000000000000245 0.500000000000123 0.000000000000203 299.996883256840533 1.499984416269220
0.223300000000000 1.000000000000245 0.500000000000123 0.000000000000206 299.996883256840192 1.499984416263950
0.223400000000000 1.000000000000245 0.500000000000123 0.000000000000209 299.996883256840192 1.499984416257603
0.223500000000000 1.000000000000245 0.500000000000124 0.000000000000213 299.996883256840420 1.499984416250296
0.223600000000000 1.000000000000246 0.500000000000124 0.000000000000216 299.996883256840761 1.499984416241859
0.223700000000000 1.000000000000246 0.500000000000124 0.000000000000221 299.996883256840476 1.499984416232367
0.223800000000000 1.000000000000245 0.500000000000124 0.000000000000225 299.996883256840704 1.499984416221844
0.223900000000000 1.000000000000245 0.500000000000124 0.000000000000231 299.996883256840988 1.499984416210160
0.224000000000000 1.000000000000246 0.500000000000124 0.000000000000235 299.996883256840306 1.499984416197494
0.224100000000000 1.000000000000246 0.500000000000124 0.000000000000239 299.996883256840647 1.499984416183793
0.224200000000000 1.000000000000246 0.500000000000124 0.000000000000243 299.996883256840817 1.499984416168993
0.224300000000000 1.000000000000247 0.500000000000124 0.000000000000246 299.996883256841102 1.499984416153232
0.224400000000000 1.000000000000247 0.500000000000125 0.000000000000250 299.996883256841329 1.499984416136547
0.224500000000000 1.000000000000246 0.500000000000125 0.000000000000255 299.996883256841102 1.499984416118954
0.224600000000000 1.000000000000246 0.500000000000124 0.000000000000259 299.996883256841784 1.499984416100484
0.224700000000000 1.000000000000247 0.500000000000125 0.000000000000262 299.996883256839965 1.499984416081226
0.224800000000000 1.000000000000247 0.500000000000125 0.000000000000266 299.996883256841386 1.499984416061261
0.224900000000000 1.000000000000248 0.500000000000125 0.000000000000270 299.996883256841670 1.499984416040575
0.225000000000000 1.000000000000247 0.500000000000126 0.000000000000272 299.996883256840192 1.499984416019310
0.225100000000000 1.000000000000247 0.500000000000126 0.000000000000277 299.996883256840761 1.499984415997517
0.225200000000000 1.000000000000247 0.500000000000125 0.000000000000280 299.996883256841784 1.499984415975339
0.225300000000000 1.000000000000248 0.500000000000126 0.000000000000282 299.996883256840192 1.499984415952727
0.225400000000000 1.000000000000248 0.500000000000125 0.000000000000284 299.996883256841784 1.499984415929965
0.225500000000000 1.000000000000246 0.500000000000127 0.000000000000285 299.996883256840931 1.499984415906904
0.225600000000000 1.000000000000248 0.500000000000126 0.000000000000287 299.996883256841329 1.499984415883880
0.225700000000000 1.000000000000247 0.500000000000126 0.000000000000290 299.996883256841727 1.499984415860866
0.225800000000000 1.000000000000248 0.500000000000126 0.000000000000292 299.996883256841670 1.499984415837935
0.225900000000000 1.000000000000248 0.500000000000126 0.000000000000295 299.996883256841102 1.499984415815218
0.226000000000000 1.000000000000248 0.500000000000127 0.000000000000296 299.996883256841784 1.499984415792793
0.226100000000000 1.000000000000248 0.500000000000126 0.000000000000296 299.996883256841443 1.499984415770845
0.226200000000000 1.000000000000250 0.500000000000126 0.000000000000299 299.996883256841670 1.499984415749386
0.226300000000000 1.000000000000248 0.500000000000126 0.000000000000301 299.996883256841556 1.499984415728501
0.226400000000000 1.000000000000248 0.500000000000126 0.000000000000304 299.996883256841500 1.499984415708323
0.226500000000000 1.000000000000248 0.500000000000127 0.000000000000306 299.996883256841215 1.499984415688963
0.226600000000000 1.000000000000249 0.500000000000128 0.000000000000306 299.996883256841784 1.499984415670419
0.226700000000000 1.000000000000248 0.500000000000127 0.000000000000307 299.996883256841443 1.499984415652912
0.226800000000000 1.000000000000248 0.500000000000128 0.000000000000308 299.996883256841500 1.499984415636455
0.226900000000000 1.000000000000249 0.500000000000127 0.000000000000308 299.996883256841556 1.499984415621083
0.227000000000000 1.000000000000249 0.500000000000126 0.000000000000307 299.996883256841556 1.499984415606987
0.227100000000000 1.000000000000249 0.500000000000128 0.000000000000308 299.996883256841670 1.499984415594076
0.227200000000000 1.000000000000248 0.500000000000127 0.000000000000309 299.996883256841556 1.499984415582505
0.227300000000000 1.000000000000250 0.500000000000127 0.000000000000310 299.996883256841670 1.499984415572326
0.227400000000000 1.000000000000250 0.500000000000128 0.000000000000309 299.996883256842182 1.499984415563550
0.227500000000000 1.000000000000248 0.500000000000128 0.000000000000310 299.996883256842011 1.499984415556239
0.227600000000000 1.000000000000250 0.500000000000128 0.000000000000309 299.996883256842125 1.499984415550461
0.227700000000000 1.000000000000249 0.500000000000128 0.000000000000308 299.996883256841841 1.499984415546239
0.227800000000000 1.000000000000250 0.500000000000128 0.000000000000309 299.996883256841443 1.499984415543537
0.227900000000000 1.000000000000250 0.500000000000128 0.000000000000309 299.996883256841784 1.499984415542413
0.228000000000000 1.000000000000250 0.500000000000128 0.000000000000309 299.996883256841670 1.499984415542856
0.228100000000000 1.000000000000250 0.500000000000128 0.000000000000309 299.996883256842011 1.499984415544803
0.228200000000000 1.000000000000249 0.500000000000128 0.000000000000308 299.996883256842125 1.499984415548381
0.228300000000000 1.000000000000250 0.500000000000129 0.000000000000307 299.996883256842011 1.499984415553508
0.228400000000000 1.000000000000250 0.500000000000128 0.000000000000304 299.996883256841841 1.499984415560128
0.228500000000000 1.000000000000250 0.500000000000128 0.000000000000304 299.996883256842068 1.499984415568227
0.228600000000000 1.000000000000252 0.500000000000128 0.000000000000304 299.996883256842011 1.499984415577766
0.228700000000000 1.000000000000250 0.500000000000129 0.000000000000303 299.996883256842409 1.499984415588705
0.228800000000000 1.000000000000250 0.500000000000129 0.000000000000303 299.996883256842125 1.499984415600990
0.228900000000000 1.000000000000251 0.500000000000129 0.000000000000301 299.996883256841897 1.499984415614576
0.229000000000000 1.000000000000252 0.500000000000129 0.000000000000299 299.996883256841556 1.499984415629423
0.229100000000000 1.000000000000250 0.500000000000128 0.000000000000297 299.996883256842466 1.499984415645432
0.229200000000000 1.000000000000251 0.500000000000129 0.000000000000296 299.996883256842636 1.499984415662446
0.229300000000000 1.000000000000252 0.500000000000129 0.000000000000294 299.996883256842295 1.499984415680564
0.229400000000000 1.000000000000250 0.500000000000130 0.000000000000293 299.996883256842466 1.499984415699521
0.229500000000000 1.000000000000252 0.500000000000129 0.000000000000292 299.996883256842011 1.499984415719402
0.229600000000000 1.000000000000252 0.500000000000130 0.000000000000288 299.996883256842921 1.499984415739887
0.229700000000000 1.000000000000251 0.500000000000129 0.000000000000287 299.996883256842580 1.499984415761134
0.229800000000000 1.000000000000253 0.500000000000130 0.000000000000284 299.996883256843603 1.499984415782864
0.229900000000000 1.000000000000252 0.500000000000131 0.000000000000282 299.996883256842523 1.499984415805070
0.230000000000000 1.000000000000253 0.500000000000130 0.000000000000279 299.996883256842352 1.499984415827670
0.230100000000000 1.000000000000253 0.500000000000131 0.000000000000279 299.996883256843603 1.499984415850522
0.230200000000000 1.000000000000253 0.500000000000131 0.000000000000278 299.996883256843375 1.499984415873518
0.230300000000000 1.000000000000253 0.500000000000131 0.000000000000275 299.996883256842466 1.499984415896592
0.230400000000000 1.000000000000254 0.500000000000131 0.000000000000272 299.996883256843603 1.499984415919629
0.230500000000000 1.000000000000253 0.500000000000132 0.000000000000268 299.996883256843489 1.499984415942509
0.230600000000000 1.000000000000254 0.500000000000132 0.000000000000267 299.996883256844058 1.499984415965211
0.230700000000000 1.000000000000254 0.500000000000132 0.000000000000264 299.996883256843148 1.499984415987598
0.230800000000000 1.000000000000254 0.500000000000132 0.000000000000262 299.996883256843603 1.499984416009540
0.230900000000000 1.000000000000254 0.500000000000132 0.000000000000258 299.996883256843432 1.499984416031056
0.231000000000000 1.000000000000253 0.500000000000132 0.000000000000256 299.996883256843489 1.499984416051984
0.231100000000000 1.000000000000254 0.500000000000132 0.000000000000252 299.996883256843262 1.499984416072283
0.231200000000000 1.000000000000255 0.500000000000132 0.000000000000250 299.996883256843716 1.499984416091899
0.231300000000000 1.000000000000255 0.500000000000132 0.000000000000245 299.996883256843205 1.499984416110715
0.231400000000000 1.000000000000255 0.500000000000132 0.000000000000244 299.996883256843489 1.499984416128682
0.231500000000000 1.000000000000255 0.500000000000132 0.000000000000241 299.996883256843830 1.499984416145814
0.231600000000000 1.000000000000258 0.500000000000132 0.000000000000238 299.996883256843603 1.499984416161981
0.231700000000000 1.000000000000257 0.500000000000133 0.000000000000235 299.996883256843489 1.499984416177144
0.231800000000000 1.000000000000256 0.500000000000133 0.000000000000231 299.996883256844058 1.499984416191375
0.231900000000000 1.000000000000256 0.500000000000133 0.000000000000226 299.996883256843716 1.499984416204528
0.232000000000000 1.000000000000256 0.500000000000133 0.000000000000220 299.996883256843603 1.499984416216664
0.232100000000000 1.000000000000257 0.500000000000134 0.000000000000218 299.996883256843375 1.499984416227675
0.232200000000000 1.000000000000257 0.500000000000133 0.000000000000214 299.996883256843716 1.499984416237656
0.232300000000000 1.000000000000256 0.500000000000133 0.000000000000206 299.996883256843830 1.499984416246568
0.232400000000000 1.000000000000258 0.500000000000134 0.000000000000200 299.996883256844171 1.499984416254367
0.232500000000000 1.000000000000258 0.500000000000134 0.000000000000195 299.996883256844058 1.499984416261119
0.232600000000000 1.000000000000256 0.500000000000134 0.000000000000189 299.996883256844058 1.499984416266821
0.232700000000000 1.000000000000257 0.500000000000134 0.000000000000186 299.996883256844058 1.499984416271535
0.232800000000000 1.000000000000256 0.500000000000134 0.000000000000182 299.996883256844399 1.499984416275275
0.232900000000000 1.000000000000258 0.500000000000135 0.000000000000177 299.996883256844285 1.499984416277947
0.233000000000000 1.000000000000258 0.500000000000135 0.000000000000172 299.996883256844001 1.499984416279792
0.233100000000000 1.000000000000256 0.500000000000134 0.000000000000168 299.996883256844285 1.499984416280843
0.233200000000000 1.000000000000258 0.500000000000134 0.000000000000165 299.996883256844569 1.499984416280969
0.233300000000000 1.000000000000258 0.500000000000135 0.000000000000160 299.996883256844455 1.499984416280330
0.233400000000000 1.000000000000258 0.500000000000135 0.000000000000154 299.996883256844285 1.499984416279036
0.233500000000000 1.000000000000257 0.500000000000135 0.000000000000148 299.996883256844114 1.499984416277091
0.233600000000000 1.000000000000257 0.500000000000134 0.000000000000143 299.996883256844626 1.499984416274558
0.233700000000000 1.000000000000256 0.500000000000135 0.000000000000139 299.996883256844399 1.499984416271459
0.233800000000000 1.000000000000258 0.500000000000135 0.000000000000134 299.996883256844512 1.499984416267973
0.233900000000000 1.000000000000258 0.500000000000134 0.000000000000128 299.996883256844626 1.499984416264076
0.234000000000000 1.000000000000258 0.500000000000136 0.000000000000123 299.996883256844285 1.499984416259825
0.234100000000000 1.000000000000258 0.500000000000135 0.000000000000118 299.996883256844171 1.499984416255395
0.234200000000000 1.000000000000259 0.500000000000135 0.000000000000111 299.996883256844740 1.499984416250748
0.234300000000000 1.000000000000258 0.500000000000135 0.000000000000107 299.996883256844626 1.499984416246014
0.234400000000000 1.000000000000258 0.500000000000135 0.000000000000102 299.996883256844114 1.499984416241249
0.234500000000000 1.000000000000258 0.500000000000135 0.000000000000095 299.996883256844114 1.499984416236483
0.234600000000000 1.000000000000258 0.500000000000135 0.000000000000089 299.996883256844285 1.499984416231783
0.234700000000000 1.000000000000259 0.500000000000135 0.000000000000083 299.996883256844797 1.499984416227254
0.234800000000000 1.000000000000258 0.500000000000136 0.000000000000078 299.996883256844626 1.499984416222882
0.234900000000000 1.000000000000259 0.500000000000135 0.000000000000072 299.996883256844626 1.499984416218830
0.235000000000000 1.000000000000258 0.500000000000135 0.000000000000067 299.996883256843944 1.499984416215066
0.235100000000000 1.000000000000258 0.500000000000136 0.000000000000061 299.996883256844285 1.499984416211651
0.235200000000000 1.000000000000258 0.500000000000136 0.000000000000055 299.996883256844853 1.499984416208554
0.235300000000000 1.000000000000259 0.500000000000135 0.000000000000048 299.996883256844512 1.499984416205978
0.235400000000000 1.000000000000260 0.500000000000136 0.000000000000043 299.996883256844740 1.499984416203821
0.235500000000000 1.000000000000260 0.500000000000135 0.000000000000038 299.996883256844285 1.499984416202141
0.235600000000000 1.000000000000259 0.500000000000136 0.000000000000033 299.996883256844171 1.499984416200954
0.235700000000000 1.000000000000261 0.500000000000136 0.000000000000027 299.996883256845308 1.499984416200219
0.235800000000000 1.000000000000260 0.500000000000136 0.000000000000020 299.996883256845081 1.499984416200081
0.235900000000000 1.000000000000260 0.500000000000137 0.000000000000015 299.996883256845194 1.499984416200402
0.236000000000000 1.000000000000260 0.500000000000137 0.000000000000009 299.996883256844853 1.499984416201251
0.236100000000000 1.000000000000260 0.500000000000137 0.000000000000003 299.996883256845365 1.499984416202633
0.236200000000000 1.000000000000262 0.500000000000136 -0.000000000000002 299.996883256845535 1.499984416204520
0.236300000000000 1.000000000000261 0.500000000000137 -0.000000000000010 299.996883256845308 1.499984416206862
0.236400000000000 1.000000000000262 0.500000000000136 -0.000000000000017 299.996883256845933 1.499984416209662
0.236500000000000 1.000000000000262 0.500000000000137 -0.000000000000024 299.996883256845081 1.499984416212835
0.236600000000000 1.000000000000262 0.500000000000137 -0.000000000000029 299.996883256845308 1.499984416216363
0.236700000000000 1.000000000000262 0.500000000000137 -0.000000000000033 299.996883256845535 1.499984416220262
0.236800000000000 1.000000000000261 0.500000000000136 -0.000000000000039 299.996883256846161 1.499984416224463
0.236900000000000 1.000000000000263 0.500000000000137 -0.000000000000043 299.996883256845138 1.499984416228836
0.237000000000000 1.000000000000263 0.500000000000136 -0.000000000000047 299.996883256845535 1.499984416233468
0.237100000000000 1.000000000000263 0.500000000000137 -0.000000000000053 299.996883256845535 1.499984416238193
0.237200000000000 1.000000000000261 0.500000000000137 -0.000000000000058 299.996883256845649 1.499984416242981
0.237300000000000 1.000000000000262 0.500000000000137 -0.000000000000061 299.996883256845820 1.499984416247744
0.237400000000000 1.000000000000263 0.500000000000137 -0.000000000000068 299.996883256845365 1.499984416252411
0.237500000000000 1.000000000000263 0.500000000000137 -0.000000000000073 299.996883256845649 1.499984416257042
0.237600000000000 1.000000000000262 0.500000000000137 -0.000000000000079 299.996883256846104 1.499984416261414
0.237700000000000 1.000000000000262 0.500000000000137 -0.000000000000084 299.996883256845763 1.499984416265471
0.237800000000000 1.000000000000263 0.500000000000137 -0.000000000000090 299.996883256846274 1.499984416269246
0.237900000000000 1.000000000000263 0.500000000000138 -0.000000000000095 299.996883256845933 1.499984416272575
0.238000000000000 1.000000000000263 0.500000000000138 -0.000000000000101 299.996883256846559 1.499984416275442
0.238100000000000 1.000000000000263 0.500000000000138 -0.000000000000107 299.996883256846331 1.499984416277819
0.238200000000000 1.000000000000263 0.500000000000138 -0.000000000000113 299.996883256846445 1.499984416279504
0.238300000000000 1.000000000000264 0.500000000000138 -0.000000000000119 299.996883256846047 1.499984416280558
0.238400000000000 1.000000000000265 0.500000000000138 -0.000000000000124 299.996883256845877 1.499984416280956
0.238500000000000 1.000000000000263 0.500000000000137 -0.000000000000128 299.996883256846672 1.499984416280477
0.238600000000000 1.000000000000265 0.500000000000137 -0.000000000000133 299.996883256846615 1.499984416279215
0.238700000000000 1.000000000000263 0.500000000000138 -0.000000000000139 299.996883256846786 1.499984416276989
0.238800000000000 1.000000000000264 0.500000000000138 -0.000000000000144 299.996883256846615 1.499984416273914
0.238900000000000 1.000000000000264 0.500000000000138 -0.000000000000148 299.996883256846047 1.499984416269838
0.239000000000000 1.000000000000264 0.500000000000138 -0.000000000000153 299.996883256846331 1.499984416264770
0.239100000000000 1.000000000000265 0.500000000000137 -0.000000000000155 299.996883256846161 1.499984416258711
0.239200000000000 1.000000000000264 0.500000000000138 -0.000000000000162 299.996883256846388 1.499984416251534
0.239300000000000 1.000000000000262 0.500000000000137 -0.000000000000168 299.996883256846559 1.499984416243323
0.239400000000000 1.000000000000264 0.500000000000138 -0.000000000000172 299.996883256846672 1.499984416234038
0.239500000000000 1.000000000000265 0.500000000000138 -0.000000000000176 299.996883256846786 1.499984416223655
0.239600000000000 1.000000000000265 0.500000000000138 -0.000000000000179 299.996883256846957 1.499984416212226
0.239700000000000 1.000000000000266 0.500000000000138 -0.000000000000183 299.996883256846502 1.499984416199726
0.239800000000000 1.000000000000267 0.500000000000137 -0.000000000000189 299.996883256846672 1.499984416186249
0.239900000000000 1.000000000000265 0.500000000000138 -0.000000000000194 299.996883256847127 1.499984416171631
0.240000000000000 1.000000000000266 0.500000000000138 -0.000000000000198 299.996883256846843 1.499984416156071
0.240100000000000 1.000000000000265 0.500000000000137 -0.000000000000198 299.996883256846559 1.499984416139546
0.240200000000000 1.000000000000266 0.500000000000138 -0.000000000000203 299.996883256846274 1.499984416122087
0.240300000000000 1.000000000000265 0.500000000000139 -0.000000000000207 299.996883256846786 1.499984416103753
0.240400000000000 1.000000000000265 0.500000000000137 -0.000000000000211 299.996883256846274 1.499984416084707
0.240500000000000 1.000000000000266 0.500000000000137 -0.000000000000214 299.996883256847241 1.499984416064861
0.240600000000000 1.000000000000265 0.500000000000138 -0.000000000000216 299.996883256848037 1.499984416044288
0.240700000000000 1.000000000000265 0.500000000000138 -0.000000000000219 299.996883256847468 1.499984416023149
0.240800000000000 1.000000000000265 0.500000000000138 -0.000000000000223 299.996883256846331 1.499984416001424
0.240900000000000 1.000000000000265 0.500000000000138 -0.000000000000226 299.996883256846786 1.499984415979315
0.241000000000000 1.000000000000266 0.500000000000138 -0.000000000000230 299.996883256846786 1.499984415956816
0.241100000000000 1.000000000000265 0.500000000000137 -0.000000000000233 299.996883256847013 1.499984415934094
0.241200000000000 1.000000000000268 0.500000000000138 -0.000000000000237 299.996883256847013 1.499984415911051
0.241300000000000 1.000000000000268 0.500000000000138 -0.000000000000239 299.996883256847582 1.499984415888023
0.241400000000000 1.000000000000268 0.500000000000137 -0.000000000000241 299.996883256847354 1.499984415864966
0.241500000000000 1.000000000000267 0.500000000000137 -0.000000000000242 299.996883256847013 1.499984415842047
0.241600000000000 1.000000000000267 0.500000000000138 -0.000000000000244 299.996883256847354 1.499984415819249
0.241700000000000 1.000000000000267 0.500000000000137 -0.000000000000244 299.996883256847127 1.499984415796784
0.241800000000000 1.000000000000267 0.500000000000138 -0.000000000000246 299.996883256846957 1.499984415774741
0.241900000000000 1.000000000000267 0.500000000000137 -0.000000000000249 299.996883256847184 1.499984415753156
0.242000000000000 1.000000000000269 0.500000000000138 -0.000000000000250 299.996883256847241 1.499984415732090
0.242100000000000 1.000000000000268 0.500000000000138 -0.000000000000251 299.996883256847298 1.499984415711831
0.242200000000000 1.000000000000269 0.500000000000137 -0.000000000000253 299.996883256847809 1.499984415692326
0.242300000000000 1.000000000000268 0.500000000000138 -0.000000000000256 299.996883256847411 1.499984415673635
0.242400000000000 1.000000000000269 0.500000000000138 -0.000000000000255 299.996883256847468 1.499984415655964
0.242500000000000 1.000000000000268 0.500000000000138 -0.000000000000256 299.996883256847468 1.499984415639244
0.242600000000000 1.000000000000268 0.500000000000138 -0.000000000000257 299.996883256847354 1.499984415623658
0.242700000000000 1.000000000000270 0.500000000000138 -0.000000000000258 299.996883256848037 1.499984415609276
0.242800000000000 1.000000000000268 0.500000000000138 -0.000000000000259 299.996883256847696 1.499984415596181
0.242900000000000 1.000000000000270 0.500000000000138 -0.000000000000259 299.996883256847809 1.499984415584337
0.243000000000000 1.000000000000271 0.500000000000137 -0.000000000000259 299.996883256847923 1.499984415573930
0.243100000000000 1.000000000000268 0.500000000000137 -0.000000000000260 299.996883256847752 1.499984415564891
0.243200000000000 1.000000000000269 0.500000000000138 -0.000000000000260 299.996883256847696 1.499984415557291
0.243300000000000 1.000000000000268 0.500000000000137 -0.000000000000260 299.996883256847809 1.499984415551225
0.243400000000000 1.000000000000269 0.500000000000138 -0.000000000000260 299.996883256847696 1.499984415546643
0.243500000000000 1.000000000000268 0.500000000000138 -0.000000000000259 299.996883256848264 1.499984415543638
0.243600000000000 1.000000000000271 0.500000000000138 -0.000000000000260 299.996883256848605 1.499984415542280
0.243700000000000 1.000000000000271 0.500000000000137 -0.000000000000259 299.996883256848491 1.499984415542412
0.243800000000000 1.000000000000271 0.500000000000138 -0.000000000000259 299.996883256848378 1.499984415544073
0.243900000000000 1.000000000000271 0.500000000000138 -0.000000000000257 299.996883256848150 1.499984415547371
0.244000000000000 1.000000000000270 0.500000000000139 -0.000000000000256 299.996883256848264 1.499984415552187
0.244100000000000 1.000000000000272 0.500000000000138 -0.000000000000255 299.996883256848548 1.499984415558499
0.244200000000000 1.000000000000273 0.500000000000138 -0.000000000000254 299.996883256848719 1.499984415566327
0.244300000000000 1.000000000000272 0.500000000000139 -0.000000000000254 299.996883256848378 1.499984415575607
0.244400000000000 1.000000000000273 0.500000000000138 -0.000000000000254 299.996883256848605 1.499984415586305
0.244500000000000 1.000000000000271 0.500000000000138 -0.000000000000253 299.996883256848776 1.499984415598372
0.244600000000000 1.000000000000273 0.500000000000138 -0.000000000000251 299.996883256848548 1.499984415611736
0.244700000000000 1.000000000000271 0.500000000000139 -0.000000000000250 299.996883256848264 1.499984415626325
0.244800000000000 1.000000000000272 0.500000000000138 -0.000000000000247 299.996883256848719 1.499984415642099
0.244900000000000 1.000000000000272 0.500000000000138 -0.000000000000246 299.996883256849401 1.499984415658975
0.245000000000000 1.000000000000272 0.500000000000139 -0.000000000000245 299.996883256848662 1.499984415676827
0.245100000000000 1.000000000000271 0.500000000000138 -0.000000000000243 299.996883256848832 1.499984415695615
0.245200000000000 1.000000000000272 0.500000000000138 -0.000000000000241 299.996883256848605 1.499984415715339
0.245300000000000 1.000000000000273 0.500000000000139 -0.000000000000239 299.996883256849230 1.499984415735734
0.245400000000000 1.000000000000273 0.500000000000139 -0.000000000000236 299.996883256849117 1.499984415756845
0.245500000000000 1.000000000000272 0.500000000000138 -0.000000000000235 299.996883256849173 1.499984415778500
0.245600000000000 1.000000000000273 0.500000000000138 -0.000000000000233 299.996883256850083 1.499984415800653
0.245700000000000 1.000000000000273 0.500000000000138 -0.000000000000230 299.996883256849287 1.499984415823202
0.245800000000000 1.000000000000272 0.500000000000138 -0.000000000000228 299.996883256849230 1.499984415846032
0.245900000000000 1.000000000000273 0.500000000000138 -0.000000000000225 299.996883256847809 1.499984415868928
0.246000000000000 1.000000000000275 0.500000000000138 -0.000000000000223 299.996883256850140 1.499984415892041
0.246100000000000 1.000000000000274 0.500000000000139 -0.000000000000220 299.996883256849173 1.499984415915081
0.246200000000000 1.000000000000273 0.500000000000139 -0.000000000000216 299.996883256849173 1.499984415938014
0.246300000000000 1.000000000000274 0.500000000000139 -0.000000000000213 299.996883256849344 1.499984415960748
0.246400000000000 1.000000000000274 0.500000000000139 -0.000000000000210 299.996883256848946 1.499984415983206
0.246500000000000 1.000000000000274 0.500000000000138 -0.000000000000207 299.996883256849287 1.499984416005315
0.246600000000000 1.000000000000274 0.500000000000139 -0.000000000000203 299.996883256849401 1.499984416026831
0.246700000000000 1.000000000000274 0.500000000000138 -0.000000000000200 299.996883256849344 1.499984416047896
0.246800000000000 1.000000000000274 0.500000000000138 -0.000000000000195 299.996883256849287 1.499984416068344
0.246900000000000 1.000000000000275 0.500000000000138 -0.000000000000192 299.996883256849401 1.499984416088072
0.247000000000000 1.000000000000275 0.500000000000138 -0.000000000000188 299.996883256849401 1.499984416107057
0.247100000000000 1.000000000000274 0.500000000000138 -0.000000000000185 299.996883256849401 1.499984416125156
0.247200000000000 1.000000000000275 0.500000000000138 -0.000000000000181 299.996883256849287 1.499984416142457
0.247300000000000 1.000000000000274 0.500000000000139 -0.000000000000177 299.996883256848889 1.499984416158742
0.247400000000000 1.000000000000274 0.500000000000138 -0.000000000000172 299.996883256849856 1.499984416174195
0.247500000000000 1.000000000000276 0.500000000000138 -0.000000000000167 299.996883256849287 1.499984416188556
0.247600000000000 1.000000000000276 0.500000000000139 -0.000000000000162 299.996883256849856 1.499984416201889
0.247700000000000 1.000000000000275 0.500000000000139 -0.000000000000157 299.996883256849173 1.499984416214231
0.247800000000000 1.000000000000275 0.500000000000138 -0.000000000000153 299.996883256849628 1.499984416225528
0.247900000000000 1.000000000000275 0.500000000000139 -0.000000000000147 299.996883256849969 1.499984416235695
0.248000000000000 1.000000000000274 0.500000000000139 -0.000000000000144 299.996883256849856 1.499984416244709
0.248100000000000 1.000000000000276 0.500000000000139 -0.000000000000138 299.996883256849856 1.499984416252741
0.248200000000000 1.000000000000276 0.500000000000139 -0.000000000000135 299.996883256849856 1.499984416259720
0.248300000000000 1.000000000000276 0.500000000000139 -0.000000000000130 299.996883256849628 1.499984416265624
0.248400000000000 1.000000000000276 0.500000000000139 -0.000000000000124 299.996883256849742 1.499984416270501
0.248500000000000 1.000000000000276 0.500000000000139 -0.000000000000121 299.996883256850424 1.499984416274423
0.248600000000000 1.000000000000277 0.500000000000139 -0.000000000000119 299.996883256849912 1.499984416277303
0.248700000000000 1.000000000000277 0.500000000000139 -0.000000000000115 299.996883256849799 1.499984416279359
0.248800000000000 1.000000000000276 0.500000000000139 -0.000000000000110 299.996883256849969 1.499984416280456
0.248900000000000 1.000000000000277 0.500000000000138 -0.000000000000107 299.996883256850083 1.499984416280824
0.249000000000000 1.000000000000277 0.500000000000139 -0.000000000000102 299.996883256850310 1.499984416280317
0.249100000000000 1.000000000000277 0.500000000000139 -0.000000000000096 299.996883256850026 1.499984416279165
0.249200000000000 1.000000000000277 0.500000000000139 -0.000000000000089 299.996883256850538 1.499984416277304
0.249300000000000 1.000000000000277 0.500000000000139 -0.000000000000086 299.996883256850538 1.499984416274881
0.249400000000000 1.000000000000278 0.500000000000139 -0.000000000000083 299.996883256850651 1.499984416271900
0.249500000000000 1.000000000000277 0.500000000000139 -0.000000000000077 299.996883256850424 1.499984416268431
0.249600000000000 1.000000000000277 0.500000000000140 -0.000000000000071 299.996883256850538 1.499984416264577
0.249700000000000 1.000000000000278 0.500000000000139 -0.000000000000068 299.996883256850140 1.499984416260436
0.249800000000000 1.000000000000276 0.500000000000139 -0.000000000000062 299.996883256850367 1.499984416256042
0.249900000000000 1.000000000000278 0.500000000000139 -0.000000000000058 299.996883256850992 1.499984416251428
0.250000000000000 1.000000000000278 0.500000000000139 -0.000000000000051 299.996883256850708 1.499984416246726
0.250100000000000 1.000000000000277 0.500000000000140 -0.000000000000045 299.996883256850140 1.499984416241868
0.250200000000000 1.000000000000278 0.500000000000139 -0.000000000000040 299.996883256849969 1.499984416237162
0.250300000000000 1.000000000000278 0.500000000000140 -0.000000000000035 299.996883256850197 1.499984416232390
0.250400000000000 1.000000000000277 0.500000000000139 -0.000000000000029 299.996883256850310 1.499984416227866
0.250500000000000 1.000000000000278 0.500000000000139 -0.000000000000023 299.996883256850424 1.499984416223520
0.250600000000000 1.000000000000278 0.500000000000140 -0.000000000000015 299.996883256850538 1.499984416219380
0.250700000000000 1.000000000000278 0.500000000000139 -0.000000000000009 299.996883256850197 1.499984416215560
0.250800000000000 1.000000000000278 0.500000000000140 -0.000000000000002 299.996883256849969 1.499984416212033
0.250900000000000 1.000000000000280 0.500000000000140 0.000000000000003 299.996883256850538 1.499984416208929
0.251000000000000 1.000000000000279 0.500000000000140 0.000000000000008 299.996883256850197 1.499984416206180
0.251100000000000 1.000000000000279 0.500000000000140 0.000000000000013 299.996883256850765 1.499984416203946
0.251200000000000 1.000000000000278 0.500000000000139 0.000000000000018 299.996883256850879 1.499984416202205
0.251300000000000 1.000000000000279 0.500000000000140 0.000000000000025 299.996883256851220 1.499984416200904
0.251400000000000 1.000000000000280 0.500000000000140 0.000000000000030 299.996883256850879 1.499984416200116
0.251500000000000 1.000000000000279 0.500000000000140 0.000000000000037 299.996883256851447 1.499984416199834
0.251600000000000 1.000000000000280 0.500000000000141 0.000000000000042 299.996883256850651 1.499984416200066
0.251700000000000 1.000000000000281 0.500000000000140 0.000000000000048 299.996883256851390 1.499984416200886
0.251800000000000 1.000000000000281 0.500000000000140 0.000000000000055 299.996883256851049 1.499984416202148
0.251900000000000 1.000000000000280 0.500000000000141 0.000000000000060 299.996883256851447 1.499984416203915
0.252000000000000 1.000000000000281 0.500000000000141 0.000000000000066 299.996883256851106 1.499984416206167
0.252100000000000 1.000000000000282 0.500000000000141 0.000000000000072 299.996883256851447 1.499984416208828
0.252200000000000 1.000000000000281 0.500000000000141 0.000000000000076 299.996883256851561 1.499984416211996
0.252300000000000 1.000000000000282 0.500000000000141 0.000000000000080 299.996883256850765 1.499984416215457
0.252400000000000 1.000000000000280 0.500000000000141 0.000000000000086 299.996883256851163 1.499984416219308
0.252500000000000 1.000000000000281 0.500000000000140 0.000000000000091 299.996883256851788 1.499984416223442
0.252600000000000 1.000000000000280 0.500000000000141 0.000000000000095 299.996883256851106 1.499984416227814
0.252700000000000 1.000000000000281 0.500000000000141 0.000000000000101 299.996883256851504 1.499984416232376
0.252800000000000 1.000000000000282 0.500000000000141 0.000000000000107 299.996883256851618 1.499984416237041
0.252900000000000 1.000000000000282 0.500000000000141 0.000000000000111 299.996883256851561 1.499984416241830
0.253000000000000 1.000000000000280 0.500000000000141 0.000000000000119 299.996883256851902 1.499984416246577
0.253100000000000 1.000000000000282 0.500000000000141 0.000000000000125 299.996883256851845 1.499984416251318
0.253200000000000 1.000000000000282 0.500000000000141 0.000000000000130 299.996883256851618 1.499984416255965
0.253300000000000 1.000000000000282 0.500000000000142 0.000000000000135 299.996883256851561 1.499984416260345
0.253400000000000 1.000000000000281 0.500000000000142 0.000000000000140 299.996883256851902 1.499984416264490
0.253500000000000 1.000000000000283 0.500000000000143 0.000000000000146 299.996883256852016 1.499984416268288
0.253600000000000 1.000000000000283 0.500000000000142 0.000000000000149 299.996883256852016 1.499984416271763
0.253700000000000 1.000000000000283 0.500000000000141 0.000000000000156 299.996883256852016 1.499984416274778
0.253800000000000 1.000000000000282 0.500000000000142 0.000000000000161 299.996883256851504 1.499984416277239
0.253900000000000 1.000000000000282 0.500000000000142 0.000000000000167 299.996883256851788 1.499984416279080
0.254000000000000 1.000000000000283 0.500000000000142 0.000000000000171 299.996883256852357 1.499984416280258
0.254100000000000 1.000000000000283 0.500000000000142 0.000000000000176 299.996883256852129 1.499984416280726
0.254200000000000 1.000000000000285 0.500000000000142 0.000000000000180 299.996883256852129 1.499984416280438
0.254300000000000 1.000000000000282 0.500000000000142 0.000000000000184 299.996883256851390 1.499984416279310
0.254400000000000 1.000000000000283 0.500000000000142 0.000000000000186 299.996883256851333 1.499984416277293
0.254500000000000 1.000000000000284 0.500000000000142 0.000000000000192 299.996883256852414 1.499984416274374
0.254600000000000 1.000000000000284 0.500000000000143 0.000000000000195 299.996883256852186 1.499984416270460
0.254700000000000 1.000000000000283 0.500000000000143 0.000000000000198 299.996883256852357 1.499984416265648
0.254800000000000 1.000000000000284 0.500000000000143 0.000000000000203 299.996883256852129 1.499984416259691
0.254900000000000 1.000000000000283 0.500000000000143 0.000000000000207 299.996883256852357 1.499984416252781
0.255000000000000 1.000000000000285 0.500000000000143 0.000000000000211 299.996883256852584 1.499984416244733
0.255100000000000 1.000000000000283 0.500000000000143 0.000000000000215 299.996883256852584 1.499984416235661
0.255200000000000 1.000000000000285 0.500000000000144 0.000000000000221 299.996883256852016 1.499984416225479
0.255300000000000 1.000000000000284 0.500000000000143 0.000000000000223 299.996883256852300 1.499984416214279
0.255400000000000 1.000000000000285 0.500000000000143 0.000000000000226 299.996883256852925 1.499984416201971
0.255500000000000 1.000000000000285 0.500000000000144 0.000000000000230 299.996883256852414 1.499984416188585
0.255600000000000 1.000000000000284 0.500000000000143 0.000000000000235 299.996883256852186 1.499984416174266
0.255700000000000 1.000000000000284 0.500000000000144 0.000000000000237 299.996883256852811 1.499984416158846
0.255800000000000 1.000000000000285 0.500000000000144 0.000000000000239 299.996883256852527 1.499984416142488
0.255900000000000 1.000000000000285 0.500000000000143 0.000000000000243 299.996883256852925 1.499984416125271
0.256000000000000 1.000000000000285 0.500000000000144 0.000000000000247 299.996883256853039 1.499984416107085
0.256100000000000 1.000000000000284 0.500000000000144 0.000000000000252 299.996883256852641 1.499984416088101
0.256200000000000 1.000000000000286 0.500000000000144 0.000000000000255 299.996883256852243 1.499984416068376
0.256300000000000 1.000000000000285 0.500000000000143 0.000000000000259 299.996883256852982 1.499984416048010
0.256400000000000 1.000000000000285 0.500000000000144 0.000000000000263 299.996883256852357 1.499984416026948
0.256500000000000 1.000000000000286 0.500000000000145 0.000000000000265 299.996883256853380 1.499984416005357
0.256600000000000 1.000000000000287 0.500000000000145 0.000000000000267 299.996883256852357 1.499984415983312
0.256700000000000 1.000000000000284 0.500000000000145 0.000000000000270 299.996883256853152 1.499984415960868
0.256800000000000 1.000000000000285 0.500000000000145 0.000000000000273 299.996883256852357 1.499984415938138
0.256900000000000 1.000000000000286 0.500000000000145 0.000000000000275 299.996883256852470 1.499984415915182
0.257000000000000 1.000000000000287 0.500000000000145 0.000000000000279 299.996883256853437 1.499984415892168
0.257100000000000 1.000000000000287 0.500000000000145 0.000000000000280 299.996883256852811 1.499984415869121
0.257200000000000 1.000000000000286 0.500000000000146 0.000000000000282 299.996883256853266 1.499984415846064
0.257300000000000 1.000000000000288 0.500000000000145 0.000000000000284 299.996883256853096 1.499984415823308
0.257400000000000 1.000000000000288 0.500000000000145 0.000000000000286 299.996883256853323 1.499984415800753
0.257500000000000 1.000000000000287 0.500000000000146 0.000000000000288 299.996883256853494 1.499984415778593
0.257600000000000 1.000000000000287 0.500000000000146 0.000000000000292 299.996883256853380 1.499984415756951
0.257700000000000 1.000000000000287 0.500000000000146 0.000000000000293 299.996883256853039 1.499984415735824
0.257800000000000 1.000000000000288 0.500000000000146 0.000000000000294 299.996883256853039 1.499984415715367
0.257900000000000 1.000000000000289 0.500000000000146 0.000000000000296 299.996883256853494 1.499984415695700
0.258000000000000 1.000000000000286 0.500000000000147 0.000000000000298 299.996883256853380 1.499984415676867
0.258100000000000 1.000000000000288 0.500000000000146 0.000000000000299 299.996883256853437 1.499984415658968
0.258200000000000 1.000000000000287 0.500000000000146 0.000000000000299 299.996883256853380 1.499984415642073
0.258300000000000 1.000000000000287 0.500000000000146 0.000000000000299 299.996883256853266 1.499984415626277
0.258400000000000 1.000000000000287 0.500000000000146 0.000000000000300 299.996883256853494 1.499984415611699
0.258500000000000 1.000000000000288 0.500000000000147 0.000000000000302 299.996883256853380 1.499984415598314
0.258600000000000 1.000000000000290 0.500000000000147 0.000000000000303 299.996883256853380 1.499984415586260
0.258700000000000 1.000000000000288 0.500000000000147 0.000000000000305 299.996883256853607 1.499984415575560
0.258800000000000 1.000000000000289 0.500000000000147 0.000000000000307 299.996883256853948 1.499984415566243
0.258900000000000 1.000000000000289 0.500000000000147 0.000000000000306 299.996883256853380 1.499984415558375
0.259000000000000 1.000000000000288 0.500000000000147 0.000000000000307 299.996883256853891 1.499984415552047
0.259100000000000 1.000000000000289 0.500000000000147 0.000000000000308 299.996883256853835 1.499984415547192
0.259200000000000 1.000000000000288 0.500000000000147 0.000000000000309 299.996883256853664 1.499984415543927
0.259300000000000 1.000000000000288 0.500000000000147 0.000000000000310 299.996883256853835 1.499984415542221
0.259400000000000 1.000000000000290 0.500000000000148 0.000000000000308 299.996883256854062 1.499984415542036
0.259500000000000 1.000000000000288 0.500000000000148 0.000000000000310 299.996883256853891 1.499984415543392
0.259600000000000 1.000000000000289 0.500000000000148 0.000000000000309 299.996883256853778 1.499984415546427
0.259700000000000 1.000000000000288 0.500000000000147 0.000000000000310 299.996883256853494 1.499984415550961
0.259800000000000 1.000000000000290 0.500000000000148 0.000000000000311 299.996883256853948 1.499984415557039
0.259900000000000 1.000000000000288 0.500000000000148 0.000000000000310 299.996883256853835 1.499984415564577
0.260000000000000 1.000000000000290 0.500000000000148 0.000000000000310 299.996883256853721 1.499984415573578
0.260100000000000 1.000000000000289 0.500000000000148 0.000000000000309 299.996883256854062 1.499984415583998
0.260200000000000 1.000000000000288 0.500000000000149 0.000000000000307 299.996883256854062 1.499984415595767
0.260300000000000 1.000000000000291 0.500000000000148 0.000000000000307 299.996883256854176 1.499984415608927
0.260400000000000 1.000000000000290 0.500000000000148 0.000000000000304 299.996883256853721 1.499984415623284
0.260500000000000 1.000000000000290 0.500000000000149 0.000000000000301 299.996883256854517 1.499984415638826
0.260600000000000 1.000000000000291 0.500000000000149 0.000000000000300 299.996883256854062 1.499984415655496
0.260700000000000 1.000000000000291 0.500000000000149 0.000000000000297 299.996883256854346 1.499984415673178
0.260800000000000 1.000000000000291 0.500000000000149 0.000000000000295 299.996883256854062 1.499984415691813
0.260900000000000 1.000000000000290 0.500000000000148 0.000000000000293 299.996883256854062 1.499984415711401
0.261000000000000 1.000000000000290 0.500000000000150 0.000000000000291 299.996883256854858 1.499984415731672
0.261100000000000 1.000000000000291 0.500000000000150 0.000000000000288 299.996883256854005 1.499984415752570
0.261200000000000 1.000000000000292 0.500000000000149 0.000000000000286 299.996883256854630 1.499984415774227
0.261300000000000 1.000000000000291 0.500000000000150 0.000000000000283 299.996883256854517 1.499984415796264
0.261400000000000 1.000000000000292 0.500000000000151 0.000000000000280 299.996883256855483 1.499984415818677
0.261500000000000 1.000000000000291 0.500000000000150 0.000000000000279 299.996883256855369 1.499984415841486
0.261600000000000 1.000000000000293 0.500000000000151 0.000000000000275 299.996883256853948 1.499984415864429
0.261700000000000 1.000000000000292 0.500000000000150 0.000000000000273 299.996883256854460 1.499984415887496
0.261800000000000 1.000000000000294 0.500000000000150 0.000000000000270 299.996883256853835 1.499984415910573
0.261900000000000 1.000000000000293 0.500000000000150 0.000000000000268 299.996883256854289 1.499984415933550
0.262000000000000 1.000000000000292 0.500000000000150 0.000000000000265 299.996883256854858 1.499984415956333
0.262100000000000 1.000000000000293 0.500000000000151 0.000000000000262 299.996883256855426 1.499984415978807
0.262200000000000 1.000000000000292 0.500000000000152 0.000000000000261 299.996883256854403 1.499984416000914
0.262300000000000 1.000000000000293 0.500000000000152 0.000000000000257 299.996883256854915 1.499984416022588
0.262400000000000 1.000000000000291 0.500000000000152 0.000000000000254 299.996883256854801 1.499984416043752
0.262500000000000 1.000000000000293 0.500000000000152 0.000000000000252 299.996883256855085 1.499984416064290
0.262600000000000 1.000000000000294 0.500000000000151 0.000000000000248 299.996883256855085 1.499984416084176
0.262700000000000 1.000000000000294 0.500000000000152 0.000000000000245 299.996883256855313 1.499984416103287
0.262800000000000 1.000000000000294 0.500000000000151 0.000000000000239 299.996883256855426 1.499984416121603
0.262900000000000 1.000000000000293 0.500000000000152 0.000000000000235 299.996883256855142 1.499984416139046
0.263000000000000 1.000000000000293 0.500000000000152 0.000000000000233 299.996883256855085 1.499984416155575
0.263100000000000 1.000000000000294 0.500000000000152 0.000000000000229 299.996883256855199 1.499984416171139
0.263200000000000 1.000000000000292 0.500000000000152 0.000000000000226 299.996883256855199 1.499984416185723
0.263300000000000 1.000000000000293 0.500000000000152 0.000000000000219 299.996883256855256 1.499984416199263
0.263400000000000 1.000000000000294 0.500000000000153 0.000000000000217 299.996883256855085 1.499984416211794
0.263500000000000 1.000000000000297 0.500000000000153 0.000000000000212 299.996883256855767 1.499984416223225
0.263600000000000 1.000000000000295 0.500000000000152 0.000000000000209 299.996883256855142 1.499984416233624
0.263700000000000 1.000000000000295 0.500000000000153 0.000000000000204 299.996883256855028 1.499984416242889
0.263800000000000 1.000000000000295 0.500000000000153 0.000000000000199 299.996883256855369 1.499984416251135
0.263900000000000 1.000000000000295 0.500000000000153 0.000000000000196 299.996883256855313 1.499984416258291
0.264000000000000 1.000000000000296 0.500000000000154 0.000000000000191 299.996883256855938 1.499984416264381
0.264100000000000 1.000000000000297 0.500000000000154 0.000000000000188 299.996883256855597 1.499984416269425
0.264200000000000 1.000000000000295 0.500000000000154 0.000000000000185 299.996883256855824 1.499984416273517
0.264300000000000 1.000000000000297 0.500000000000153 0.000000000000180 299.996883256855483 1.499984416276642
0.264400000000000 1.000000000000296 0.500000000000154 0.000000000000175 299.996883256855654 1.499984416278797
0.264500000000000 1.000000000000296 0.500000000000153 0.000000000000171 299.996883256855767 1.499984416280141
0.264600000000000 1.000000000000296 0.500000000000153 0.000000000000166 299.996883256856052 1.499984416280585
0.264700000000000 1.000000000000297 0.500000000000154 0.000000000000160 299.996883256855426 1.499984416280195
0.264800000000000 1.000000000000296 0.500000000000154 0.000000000000156 299.996883256855654 1.499984416279196
0.264900000000000 1.000000000000296 0.500000000000154 0.000000000000150 299.996883256856052 1.499984416277488
0.265000000000000 1.000000000000297 0.500000000000154 0.000000000000145 299.996883256855995 1.499984416275125
0.265100000000000 1.000000000000296 0.500000000000154 0.000000000000140 299.996883256855995 1.499984416272257
0.265200000000000 1.000000000000296 0.500000000000154 0.000000000000135 299.996883256855597 1.499984416268925
0.265300000000000 1.000000000000297 0.500000000000153 0.000000000000130 299.996883256855995 1.499984416265173
0.265400000000000 1.000000000000297 0.500000000000154 0.000000000000124 299.996883256856052 1.499984416261050
0.265500000000000 1.000000000000296 0.500000000000154 0.000000000000118 299.996883256855824 1.499984416256682
0.265600000000000 1.000000000000297 0.500000000000154 0.000000000000112 299.996883256855995 1.499984416252109
0.265700000000000 1.000000000000297 0.500000000000155 0.000000000000106 299.996883256856052 1.499984416247379
0.265800000000000 1.000000000000299 0.500000000000155 0.000000000000101 299.996883256856449 1.499984416242590
0.265900000000000 1.000000000000297 0.500000000000155 0.000000000000097 299.996883256856108 1.499984416237831
0.266000000000000 1.000000000000298 0.500000000000155 0.000000000000091 299.996883256856336 1.499984416233108
0.266100000000000 1.000000000000298 0.500000000000155 0.000000000000086 299.996883256855881 1.499984416228485
0.266200000000000 1.000000000000298 0.500000000000155 0.000000000000081 299.996883256855767 1.499984416224080
0.266300000000000 1.000000000000297 0.500000000000154 0.000000000000074 299.996883256856393 1.499984416219921
0.266400000000000 1.000000000000298 0.500000000000155 0.000000000000068 299.996883256856449 1.499984416216001
0.266500000000000 1.000000000000297 0.500000000000155 0.000000000000061 299.996883256856563 1.499984416212428
0.266600000000000 1.000000000000297 0.500000000000156 0.000000000000056 299.996883256856677 1.499984416209189
0.266700000000000 1.000000000000299 0.500000000000155 0.000000000000051 299.996883256857132 1.499984416206459
0.266800000000000 1.000000000000298 0.500000000000155 0.000000000000046 299.996883256856279 1.499984416204168
0.266900000000000 1.000000000000298 0.500000000000155 0.000000000000040 299.996883256856222 1.499984416202242
0.267000000000000 1.000000000000300 0.500000000000155 0.000000000000034 299.996883256856449 1.499984416200878
0.267100000000000 1.000000000000300 0.500000000000155 0.000000000000027 299.996883256856279 1.499984416200052
0.267200000000000 1.000000000000297 0.500000000000155 0.000000000000021 299.996883256856677 1.499984416199657
0.267300000000000 1.000000000000298 0.500000000000155 0.000000000000017 299.996883256857018 1.499984416199829
0.267400000000000 1.000000000000299 0.500000000000155 0.000000000000011 299.996883256856620 1.499984416200495
0.267500000000000 1.000000000000299 0.500000000000156 0.000000000000006 299.996883256857018 1.499984416201666
0.267600000000000 1.000000000000299 0.500000000000156 0.000000000000000 299.996883256856734 1.499984416203297
0.267700000000000 1.000000000000300 0.500000000000155 -0.000000000000006 299.996883256856563 1.499984416205497
0.267800000000000 1.000000000000300 0.500000000000156 -0.000000000000010 299.996883256857018 1.499984416208137
0.267900000000000 1.000000000000301 0.500000000000156 -0.000000000000017 299.996883256856847 1.499984416211163
0.268000000000000 1.000000000000300 0.500000000000156 -0.000000000000022 299.996883256857075 1.499984416214557
0.268100000000000 1.000000000000300 0.500000000000156 -0.000000000000027 299.996883256857018 1.499984416218340
0.268200000000000 1.000000000000299 0.500000000000156 -0.000000000000033 299.996883256857132 1.499984416222379
0.268300000000000 1.000000000000299 0.500000000000156 -0.000000000000039 299.996883256856563 1.499984416226760
0.268400000000000 1.000000000000301 0.500000000000157 -0.000000000000044 299.996883256857359 1.499984416231293
0.268500000000000 1.000000000000301 0.500000000000156 -0.000000000000050 299.996883256857245 1.499984416235959
0.268600000000000 1.000000000000300 0.500000000000156 -0.000000000000058 299.996883256856904 1.499984416240690
0.268700000000000 1.000000000000299 0.500000000000156 -0.000000000000063 299.996883256857359 1.499984416245522
0.268800000000000 1.000000000000299 0.500000000000156 -0.000000000000068 299.996883256857586 1.499984416250239
0.268900000000000 1.000000000000302 0.500000000000156 -0.000000000000073 299.996883256857302 1.499984416254872
0.269000000000000 1.000000000000302 0.500000000000156 -0.000000000000078 299.996883256856790 1.499984416259348
0.269100000000000 1.000000000000301 0.500000000000156 -0.000000000000083 299.996883256857245 1.499984416263568
0.269200000000000 1.000000000000299 0.500000000000156 -0.000000000000088 299.996883256857359 1.499984416267424
0.269300000000000 1.000000000000301 0.500000000000156 -0.000000000000092 299.996883256857302 1.499984416270948
0.269400000000000 1.000000000000301 0.500000000000156 -0.000000000000098 299.996883256857416 1.499984416274025
0.269500000000000 1.000000000000301 0.500000000000156 -0.000000000000102 299.996883256857700 1.499984416276550
0.269600000000000 1.000000000000302 0.500000000000156 -0.000000000000107 299.996883256857302 1.499984416278587
0.269700000000000 1.000000000000302 0.500000000000157 -0.000000000000111 299.996883256856904 1.499984416279833
0.269800000000000 1.000000000000302 0.500000000000156 -0.000000000000116 299.996883256858041 1.499984416280493
0.269900000000000 1.000000000000302 0.500000000000157 -0.000000000000120 299.996883256857586 1.499984416280317
0.270000000000000 1.000000000000300 0.500000000000156 -0.000000000000126 299.996883256857700 1.499984416279392
0.270100000000000 1.000000000000303 0.500000000000156 -0.000000000000130 299.996883256857132 1.499984416277551
0.270200000000000 1.000000000000302 0.500000000000156 -0.000000000000134 299.996883256857586 1.499984416274831
0.270300000000000 1.000000000000302 0.500000000000157 -0.000000000000139 299.996883256857700 1.499984416271048
0.270400000000000 1.000000000000301 0.500000000000157 -0.000000000000143 299.996883256857700 1.499984416266399
0.270500000000000 1.000000000000302 0.500000000000157 -0.000000000000147 299.996883256857927 1.499984416260678
0.270600000000000 1.000000000000302 0.500000000000157 -0.000000000000151 299.996883256858268 1.499984416253932
0.270700000000000 1.000000000000302 0.500000000000157 -0.000000000000156 299.996883256857586 1.499984416246126
0.270800000000000 1.000000000000302 0.500000000000156 -0.000000000000159 299.996883256858212 1.499984416237271
0.270900000000000 1.000000000000301 0.500000000000157 -0.000000000000164 299.996883256857473 1.499984416227235
0.271000000000000 1.000000000000304 0.500000000000156 -0.000000000000168 299.996883256857814 1.499984416216258
0.271100000000000 1.000000000000302 0.500000000000156 -0.000000000000170 299.996883256857529 1.499984416204160
0.271200000000000 1.000000000000302 0.500000000000157 -0.000000000000173 299.996883256857586 1.499984416190969
0.271300000000000 1.000000000000302 0.500000000000156 -0.000000000000177 299.996883256857814 1.499984416176813
0.271400000000000 1.000000000000302 0.500000000000157 -0.000000000000181 299.996883256857927 1.499984416161653
0.271500000000000 1.000000000000304 0.500000000000156 -0.000000000000185 299.996883256857814 1.499984416145456
0.271600000000000 1.000000000000304 0.500000000000156 -0.000000000000189 299.996883256857927 1.499984416128327
0.271700000000000 1.000000000000303 0.500000000000156 -0.000000000000193 299.996883256858439 1.499984416110376
0.271800000000000 1.000000000000303 0.500000000000157 -0.000000000000196 299.996883256857700 1.499984416091535
0.271900000000000 1.000000000000301 0.500000000000156 -0.000000000000200 299.996883256858212 1.499984416072003
0.272000000000000 1.000000000000303 0.500000000000157 -0.000000000000204 299.996883256858609 1.499984416051654
0.272100000000000 1.000000000000302 0.500000000000156 -0.000000000000207 299.996883256859007 1.499984416030770
0.272200000000000 1.000000000000302 0.500000000000156 -0.000000000000210 299.996883256857757 1.499984416009280
0.272300000000000 1.000000000000304 0.500000000000156 -0.000000000000214 299.996883256858098 1.499984415987275
0.272400000000000 1.000000000000303 0.500000000000156 -0.000000000000217 299.996883256858837 1.499984415964945
0.272500000000000 1.000000000000302 0.500000000000156 -0.000000000000222 299.996883256858496 1.499984415942249
0.272600000000000 1.000000000000303 0.500000000000156 -0.000000000000224 299.996883256858723 1.499984415919346
0.272700000000000 1.000000000000305 0.500000000000157 -0.000000000000228 299.996883256858155 1.499984415896269
0.272800000000000 1.000000000000304 0.500000000000156 -0.000000000000229 299.996883256858496 1.499984415873243
0.272900000000000 1.000000000000304 0.500000000000156 -0.000000000000231 299.996883256858155 1.499984415850222
0.273000000000000 1.000000000000305 0.500000000000156 -0.000000000000235 299.996883256858041 1.499984415827367
0.273100000000000 1.000000000000305 0.500000000000157 -0.000000000000236 299.996883256858837 1.499984415804768
0.273200000000000 1.000000000000305 0.500000000000157 -0.000000000000238 299.996883256858041 1.499984415782520
0.273300000000000 1.000000000000305 0.500000000000157 -0.000000000000240 299.996883256858951 1.499984415760765
0.273400000000000 1.000000000000304 0.500000000000157 -0.000000000000241 299.996883256858723 1.499984415739535
0.273500000000000 1.000000000000304 0.500000000000157 -0.000000000000243 299.996883256858951 1.499984415718918
0.273600000000000 1.000000000000303 0.500000000000157 -0.000000000000248 299.996883256858439 1.499984415699125
0.273700000000000 1.000000000000306 0.500000000000157 -0.000000000000249 299.996883256858837 1.499984415680100
0.273800000000000 1.000000000000306 0.500000000000157 -0.000000000000251 299.996883256858837 1.499984415662007
0.273900000000000 1.000000000000305 0.500000000000157 -0.000000000000252 299.996883256859064 1.499984415644971
0.274000000000000 1.000000000000306 0.500000000000157 -0.000000000000253 299.996883256859064 1.499984415628958
0.274100000000000 1.000000000000307 0.500000000000157 -0.000000000000254 299.996883256859178 1.499984415614135
0.274200000000000 1.000000000000307 0.500000000000157 -0.000000000000255 299.996883256859007 1.499984415600504
0.274300000000000 1.000000000000307 0.500000000000157 -0.000000000000257 299.996883256859178 1.499984415588236
0.274400000000000 1.000000000000308 0.500000000000157 -0.000000000000258 299.996883256859633 1.499984415577242
0.274500000000000 1.000000000000307 0.500000000000157 -0.000000000000258 299.996883256859235 1.499984415567647
0.274600000000000 1.000000000000307 0.500000000000157 -0.000000000000257 299.996883256858837 1.499984415559544
0.274700000000000 1.000000000000308 0.500000000000158 -0.000000000000257 299.996883256859348 1.499984415552896
0.274800000000000 1.000000000000306 0.500000000000158 -0.000000000000258 299.996883256859064 1.499984415547751
0.274900000000000 1.000000000000308 0.500000000000157 -0.000000000000259 299.996883256859292 1.499984415544184
0.275000000000000 1.000000000000306 0.500000000000158 -0.000000000000258 299.996883256859064 1.499984415542142
0.275100000000000 1.000000000000309 0.500000000000156 -0.000000000000260 299.996883256859405 1.499984415541766
0.275200000000000 1.000000000000308 0.500000000000157 -0.000000000000259 299.996883256859462 1.499984415542858
0.275300000000000 1.000000000000309 0.500000000000158 -0.000000000000260 299.996883256859292 1.499984415545500
0.275400000000000 1.000000000000310 0.500000000000157 -0.000000000000258 299.996883256859633 1.499984415549747
0.275500000000000 1.000000000000309 0.500000000000158 -0.000000000000257 299.996883256859746 1.499984415555490
0.275600000000000 1.000000000000309 0.500000000000158 -0.000000000000258 299.996883256859860 1.499984415562811
0.275700000000000 1.000000000000309 0.500000000000157 -0.000000000000258 299.996883256859405 1.499984415571525
0.275800000000000 1.000000000000310 0.500000000000158 -0.000000000000256 299.996883256859974 1.499984415581685
0.275900000000000 1.000000000000310 0.500000000000157 -0.000000000000256 299.996883256860031 1.499984415593276
0.276000000000000 1.000000000000311 0.500000000000158 -0.000000000000256 299.996883256859746 1.499984415606165
0.276100000000000 1.000000000000310 0.500000000000157 -0.000000000000254 299.996883256859974 1.499984415620301
0.276200000000000 1.000000000000310 0.500000000000157 -0.000000000000253 299.996883256860428 1.499984415635618
0.276300000000000 1.000000000000311 0.500000000000158 -0.000000000000253 299.996883256860599 1.499984415652076
0.276400000000000 1.000000000000311 0.500000000000158 -0.000000000000251 299.996883256860201 1.499984415669552
0.276500000000000 1.000000000000310 0.500000000000158 -0.000000000000248 299.996883256860372 1.499984415688074
0.276600000000000 1.000000000000310 0.500000000000157 -0.000000000000246 299.996883256860428 1.499984415707426
0.276700000000000 1.000000000000309 0.500000000000157 -0.000000000000246 299.996883256860315 1.499984415727574
0.276800000000000 1.000000000000310 0.500000000000157 -0.000000000000244 299.996883256860031 1.499984415748468
0.276900000000000 1.000000000000311 0.500000000000158 -0.000000000000243 299.996883256860542 1.499984415769902
0.277000000000000 1.000000000000311 0.500000000000157 -0.000000000000240 299.996883256859064 1.499984415791928
0.277100000000000 1.000000000000310 0.500000000000158 -0.000000000000239 299.996883256860428 1.499984415814234
0.277200000000000 1.000000000000310 0.500000000000158 -0.000000000000237 299.996883256860201 1.499984415836969
0.277300000000000 1.000000000000311 0.500000000000158 -0.000000000000235 299.996883256860542 1.499984415859898
0.277400000000000 1.000000000000311 0.500000000000158 -0.000000000000232 299.996883256860656 1.499984415882930
0.277500000000000 1.000000000000311 0.500000000000158 -0.000000000000230 299.996883256860542 1.499984415905992
0.277600000000000 1.000000000000312 0.500000000000157 -0.000000000000228 299.996883256860997 1.499984415929036
0.277700000000000 1.000000000000311 0.500000000000158 -0.000000000000225 299.996883256860428 1.499984415951820
0.277800000000000 1.000000000000312 0.500000000000158 -0.000000000000221 299.996883256860713 1.499984415974358
0.277900000000000 1.000000000000311 0.500000000000157 -0.000000000000218 299.996883256860883 1.499984415996612
0.278000000000000 1.000000000000312 0.500000000000158 -0.000000000000214 299.996883256860428 1.499984416018396
0.278100000000000 1.000000000000312 0.500000000000158 -0.000000000000212 299.996883256860656 1.499984416039609
0.278200000000000 1.000000000000312 0.500000000000157 -0.000000000000209 299.996883256860713 1.499984416060313
0.278300000000000 1.000000000000312 0.500000000000158 -0.000000000000206 299.996883256860656 1.499984416080268
0.278400000000000 1.000000000000313 0.500000000000158 -0.000000000000203 299.996883256860542 1.499984416099547
0.278500000000000 1.000000000000312 0.500000000000158 -0.000000000000199 299.996883256860656 1.499984416118041
0.278600000000000 1.000000000000311 0.500000000000158 -0.000000000000193 299.996883256860656 1.499984416135641
0.278700000000000 1.000000000000313 0.500000000000158 -0.000000000000189 299.996883256861395 1.499984416152317
0.278800000000000 1.000000000000314 0.500000000000158 -0.000000000000185 299.996883256861395 1.499984416168079
0.278900000000000 1.000000000000314 0.500000000000158 -0.000000000000181 299.996883256860883 1.499984416182876
0.279000000000000 1.000000000000313 0.500000000000158 -0.000000000000177 299.996883256860713 1.499984416196636
0.279100000000000 1.000000000000314 0.500000000000158 -0.000000000000174 299.996883256861224 1.499984416209287
0.279200000000000 1.000000000000312 0.500000000000158 -0.000000000000169 299.996883256861224 1.499984416221003
0.279300000000000 1.000000000000315 0.500000000000158 -0.000000000000165 299.996883256861338 1.499984416231541
0.279400000000000 1.000000000000314 0.500000000000158 -0.000000000000159 299.996883256861167 1.499984416241007
0.279500000000000 1.000000000000315 0.500000000000158 -0.000000000000156 299.996883256861679 1.499984416249468
0.279600000000000 1.000000000000314 0.500000000000159 -0.000000000000150 299.996883256861565 1.499984416256799
0.279700000000000 1.000000000000314 0.500000000000158 -0.000000000000147 299.996883256861906 1.499984416263129
0.279800000000000 1.000000000000315 0.500000000000158 -0.000000000000143 299.996883256861338 1.499984416268357
0.279900000000000 1.000000000000314 0.500000000000158 -0.000000000000139 299.996883256861679 1.499984416272628
0.280000000000000 1.000000000000314 0.500000000000157 -0.000000000000134 299.996883256860940 1.499984416275974
0.280100000000000 1.000000000000315 0.500000000000158 -0.000000000000130 299.996883256860940 1.499984416278290
0.280200000000000 1.000000000000315 0.500000000000158 -0.000000000000126 299.996883256861906 1.499984416279797
0.280300000000000 1.000000000000315 0.500000000000158 -0.000000000000122 299.996883256861622 1.499984416280322
0.280400000000000 1.000000000000314 0.500000000000158 -0.000000000000116 299.996883256860997 1.499984416280185
0.280500000000000 1.000000000000316 0.500000000000158 -0.000000000000112 299.996883256861111 1.499984416279264
0.280600000000000 1.000000000000316 0.500000000000159 -0.000000000000108 299.996883256861906 1.499984416277616
0.280700000000000 1.000000000000315 0.500000000000158 -0.000000000000104 299.996883256861736 1.499984416275408
0.280800000000000 1.000000000000315 0.500000000000158 -0.000000000000098 299.996883256861793 1.499984416272655
0.280900000000000 1.000000000000316 0.500000000000158 -0.000000000000092 299.996883256860940 1.499984416269364
0.281000000000000 1.000000000000314 0.500000000000158 -0.000000000000088 299.996883256861793 1.499984416265662
0.281100000000000 1.000000000000315 0.500000000000158 -0.000000000000082 299.996883256861224 1.499984416261635
0.281200000000000 1.000000000000316 0.500000000000159 -0.000000000000076 299.996883256861679 1.499984416257274
0.281300000000000 1.000000000000316 0.500000000000159 -0.000000000000075 299.996883256861906 1.499984416252742
0.281400000000000 1.000000000000317 0.500000000000159 -0.000000000000070 299.996883256861679 1.499984416248074
0.281500000000000 1.000000000000317 0.500000000000159 -0.000000000000065 299.996883256861793 1.499984416243250
0.281600000000000 1.000000000000315 0.500000000000159 -0.000000000000060 299.996883256861793 1.499984416238517
0.281700000000000 1.000000000000317 0.500000000000158 -0.000000000000056 299.996883256861793 1.499984416233799
0.281800000000000 1.000000000000315 0.500000000000158 -0.000000000000050 299.996883256861963 1.499984416229186
0.281900000000000 1.000000000000316 0.500000000000159 -0.000000000000045 299.996883256862304 1.499984416224678
0.282000000000000 1.000000000000316 0.500000000000159 -0.000000000000037 299.996883256862077 1.499984416220486
0.282100000000000 1.000000000000316 0.500000000000158 -0.000000000000032 299.996883256861395 1.499984416216561
0.282200000000000 1.000000000000318 0.500000000000159 -0.000000000000026 299.996883256860770 1.499984416212874
0.282300000000000 1.000000000000317 0.500000000000159 -0.000000000000020 299.996883256861963 1.499984416209614
0.282400000000000 1.000000000000316 0.500000000000158 -0.000000000000014 299.996883256862418 1.499984416206795
0.282500000000000 1.000000000000317 0.500000000000159 -0.000000000000008 299.996883256862134 1.499984416204351
0.282600000000000 1.000000000000315 0.500000000000159 -0.000000000000002 299.996883256862077 1.499984416202386
0.282700000000000 1.000000000000318 0.500000000000159 0.000000000000004 299.996883256862247 1.499984416200881
0.282800000000000 1.000000000000317 0.500000000000159 0.000000000000009 299.996883256861679 1.499984416199898
0.282900000000000 1.000000000000317 0.500000000000158 0.000000000000014 299.996883256862588 1.499984416199496
0.283000000000000 1.000000000000318 0.500000000000159 0.000000000000021 299.996883256861906 1.499984416199542
0.283100000000000 1.000000000000317 0.500000000000159 0.000000000000027 299.996883256862020 1.499984416200121
0.283200000000000 1.000000000000318 0.500000000000159 0.000000000000032 299.996883256862930 1.499984416201207
0.283300000000000 1.000000000000318 0.500000000000159 0.000000000000037 299.996883256862020 1.499984416202764
0.283400000000000 1.000000000000318 0.500000000000159 0.000000000000043 299.996883256862986 1.499984416204890
0.283500000000000 1.000000000000318 0.500000000000160 0.000000000000048 299.996883256862475 1.499984416207404
0.283600000000000 1.000000000000318 0.500000000000160 0.000000000000054 299.996883256862588 1.499984416210324
0.283700000000000 1.000000000000318 0.500000000000159 0.000000000000058 299.996883256861793 1.499984416213705
0.283800000000000 1.000000000000319 0.500000000000159 0.000000000000065 299.996883256862816 1.499984416217450
0.283900000000000 1.000000000000320 0.500000000000160 0.000000000000070 299.996883256862702 1.499984416221406
0.284000000000000 1.000000000000318 0.500000000000160 0.000000000000075 299.996883256862702 1.499984416225701
0.284100000000000 1.000000000000319 0.500000000000160 0.000000000000082 299.996883256863043 1.499984416230184
0.284200000000000 1.000000000000320 0.500000000000160 0.000000000000089 299.996883256863157 1.499984416234855
0.284300000000000 1.000000000000319 0.500000000000159 0.000000000000095 299.996883256862532 1.499984416239655
0.284400000000000 1.000000000000317 0.500000000000160 0.000000000000100 299.996883256862816 1.499984416244361
0.284500000000000 1.000000000000320 0.500000000000160 0.000000000000105 299.996883256863271 1.499984416249157
0.284600000000000 1.000000000000320 0.500000000000160 0.000000000000112 299.996883256862930 1.499984416253800
0.284700000000000 1.000000000000318 0.500000000000161 0.000000000000117 299.996883256863157 1.499984416258310
0.284800000000000 1.000000000000319 0.500000000000160 0.000000000000121 299.996883256863157 1.499984416262592
0.284900000000000 1.000000000000320 0.500000000000161 0.000000000000128 299.996883256862532 1.499984416266506
0.285000000000000 1.000000000000320 0.500000000000160 0.000000000000131 299.996883256863725 1.499984416270156
0.285100000000000 1.000000000000318 0.500000000000161 0.000000000000136 299.996883256862759 1.499984416273262
0.285200000000000 1.000000000000320 0.500000000000161 0.000000000000141 299.996883256863157 1.499984416275929
0.285300000000000 1.000000000000319 0.500000000000160 0.000000000000146 299.996883256863782 1.499984416278008
0.285400000000000 1.000000000000320 0.500000000000161 0.000000000000152 299.996883256863441 1.499984416279429
0.285500000000000 1.000000000000321 0.500000000000161 0.000000000000159 299.996883256863043 1.499984416280210
0.285600000000000 1.000000000000320 0.500000000000160 0.000000000000162 299.996883256862986 1.499984416280260
0.285700000000000 1.000000000000320 0.500000000000161 0.000000000000167 299.996883256862930 1.499984416279410
0.285800000000000 1.000000000000321 0.500000000000161 0.000000000000171 299.996883256862986 1.499984416277707
0.285900000000000 1.000000000000321 0.500000000000161 0.000000000000175 299.996883256862816 1.499984416275175
0.286000000000000 1.000000000000321 0.500000000000161 0.000000000000182 299.996883256863384 1.499984416271666
0.286100000000000 1.000000000000322 0.500000000000162 0.000000000000188 299.996883256863384 1.499984416267078
0.286200000000000 1.000000000000322 0.500000000000161 0.000000000000192 299.996883256863157 1.499984416261630
0.286300000000000 1.000000000000321 0.500000000000161 0.000000000000198 299.996883256862986 1.499984416255116
0.286400000000000 1.000000000000324 0.500000000000161 0.000000000000200 299.996883256863157 1.499984416247514
0.286500000000000 1.000000000000322 0.500000000000161 0.000000000000205 299.996883256862930 1.499984416238808
0.286600000000000 1.000000000000320 0.500000000000162 0.000000000000209 299.996883256863327 1.499984416229051
0.286700000000000 1.000000000000322 0.500000000000161 0.000000000000213 299.996883256863498 1.499984416218236
0.286800000000000 1.000000000000321 0.500000000000161 0.000000000000217 299.996883256863214 1.499984416206327
0.286900000000000 1.000000000000321 0.500000000000162 0.000000000000222 299.996883256863839 1.499984416193353
0.287000000000000 1.000000000000322 0.500000000000162 0.000000000000225 299.996883256863384 1.499984416179330
0.287100000000000 1.000000000000321 0.500000000000162 0.000000000000229 299.996883256863214 1.499984416164350
0.287200000000000 1.000000000000321 0.500000000000163 0.000000000000233 299.996883256863100 1.499984416148338
0.287300000000000 1.000000000000322 0.500000000000162 0.000000000000237 299.996883256864010 1.499984416131414
0.287400000000000 1.000000000000321 0.500000000000162 0.000000000000241 299.996883256862816 1.499984416113602
0.287500000000000 1.000000000000324 0.500000000000162 0.000000000000245 299.996883256863498 1.499984416094917
0.287600000000000 1.000000000000321 0.500000000000162 0.000000000000250 299.996883256863669 1.499984416075496
0.287700000000000 1.000000000000322 0.500000000000163 0.000000000000253 299.996883256864066 1.499984416055307
0.287800000000000 1.000000000000322 0.500000000000163 0.000000000000255 299.996883256864066 1.499984416034501
0.287900000000000 1.000000000000324 0.500000000000163 0.000000000000258 299.996883256864294 1.499984416013118
0.288000000000000 1.000000000000322 0.500000000000164 0.000000000000261 299.996883256863725 1.499984415991221
0.288100000000000 1.000000000000324 0.500000000000164 0.000000000000264 299.996883256864351 1.499984415968890
0.288200000000000 1.000000000000324 0.500000000000162 0.000000000000266 299.996883256864123 1.499984415946343
0.288300000000000 1.000000000000324 0.500000000000164 0.000000000000269 299.996883256864066 1.499984415923413
0.288400000000000 1.000000000000324 0.500000000000163 0.000000000000272 299.996883256864294 1.499984415900399
0.288500000000000 1.000000000000325 0.500000000000164 0.000000000000276 299.996883256864180 1.499984415877306
0.288600000000000 1.000000000000326 0.500000000000163 0.000000000000279 299.996883256864294 1.499984415854307
0.288700000000000 1.000000000000324 0.500000000000164 0.000000000000283 299.996883256864237 1.499984415831417
0.288800000000000 1.000000000000325 0.500000000000164 0.000000000000283 299.996883256864351 1.499984415808718
0.288900000000000 1.000000000000323 0.500000000000164 0.000000000000285 299.996883256864351 1.499984415786485
0.289000000000000 1.000000000000324 0.500000000000164 0.000000000000289 299.996883256864521 1.499984415764584
0.289100000000000 1.000000000000324 0.500000000000164 0.000000000000293 299.996883256864010 1.499984415743266
0.289200000000000 1.000000000000324 0.500000000000164 0.000000000000297 299.996883256864294 1.499984415722583
0.289300000000000 1.000000000000326 0.500000000000165 0.000000000000300 299.996883256864578 1.499984415702529
0.289400000000000 1.000000000000324 0.500000000000165 0.000000000000301 299.996883256864749 1.499984415683384
0.289500000000000 1.000000000000326 0.500000000000165 0.000000000000303 299.996883256864976 1.499984415665124
0.289600000000000 1.000000000000325 0.500000000000165 0.000000000000306 299.996883256864407 1.499984415647867
0.289700000000000 1.000000000000325 0.500000000000165 0.000000000000309 299.996883256864805 1.499984415631683
0.289800000000000 1.000000000000326 0.500000000000165 0.000000000000309 299.996883256864464 1.499984415616623
0.289900000000000 1.000000000000326 0.500000000000165 0.000000000000312 299.996883256864635 1.499984415602758
0.290000000000000 1.000000000000326 0.500000000000164 0.000000000000314 299.996883256864407 1.499984415590263
0.290100000000000 1.000000000000325 0.500000000000166 0.000000000000317 299.996883256864862 1.499984415578968
0.290200000000000 1.000000000000325 0.500000000000166 0.000000000000316 299.996883256864862 1.499984415569126
0.290300000000000 1.000000000000325 0.500000000000165 0.000000000000318 299.996883256864749 1.499984415560763
0.290400000000000 1.000000000000325 0.500000000000165 0.000000000000317 299.996883256865146 1.499984415553866
0.290500000000000 1.000000000000326 0.500000000000166 0.000000000000317 299.996883256865431 1.499984415548402
0.290600000000000 1.000000000000325 0.500000000000166 0.000000000000318 299.996883256865090 1.499984415544571
0.290700000000000 1.000000000000327 0.500000000000166 0.000000000000319 299.996883256865203 1.499984415542223
0.290800000000000 1.000000000000325 0.500000000000166 0.000000000000321 299.996883256864749 1.499984415541458
0.290900000000000 1.000000000000327 0.500000000000167 0.000000000000323 299.996883256864635 1.499984415542295
0.291000000000000 1.000000000000326 0.500000000000166 0.000000000000322 299.996883256865317 1.499984415544722
0.291100000000000 1.000000000000326 0.500000000000167 0.000000000000323 299.996883256865488 1.499984415548617
0.291200000000000 1.000000000000327 0.500000000000166 0.000000000000321 299.996883256865090 1.499984415554136
0.291300000000000 1.000000000000328 0.500000000000167 0.000000000000320 299.996883256865317 1.499984415561129
0.291400000000000 1.000000000000328 0.500000000000167 0.000000000000320 299.996883256865317 1.499984415569596
0.291500000000000 1.000000000000327 0.500000000000167 0.000000000000319 299.996883256865203 1.499984415579508
0.291600000000000 1.000000000000327 0.500000000000167 0.000000000000317 299.996883256864976 1.499984415590811
0.291700000000000 1.000000000000328 0.500000000000167 0.000000000000317 299.996883256865658 1.499984415603406
0.291800000000000 1.000000000000326 0.500000000000168 0.000000000000316 299.996883256864805 1.499984415617307
0.291900000000000 1.000000000000329 0.500000000000168 0.000000000000315 299.996883256864919 1.499984415632428
0.292000000000000 1.000000000000326 0.500000000000167 0.000000000000315 299.996883256865431 1.499984415648688
0.292100000000000 1.000000000000327 0.500000000000168 0.000000000000315 299.996883256864862 1.499984415665993
0.292200000000000 1.000000000000328 0.500000000000168 0.000000000000315 299.996883256864919 1.499984415684320
0.292300000000000 1.000000000000328 0.500000000000168 0.000000000000315 299.996883256865317 1.499984415703534
0.292400000000000 1.000000000000328 0.500000000000167 0.000000000000314 299.996883256865203 1.499984415723599
0.292500000000000 1.000000000000326 0.500000000000168 0.000000000000312 299.996883256865885 1.499984415744247
0.292600000000000 1.000000000000328 0.500000000000168 0.000000000000308 299.996883256865658 1.499984415765641
0.292700000000000 1.000000000000328 0.500000000000168 0.000000000000306 299.996883256864862 1.499984415787496
0.292800000000000 1.000000000000328 0.500000000000168 0.000000000000304 299.996883256865658 1.499984415809870
0.292900000000000 1.000000000000328 0.500000000000168 0.000000000000302 299.996883256865090 1.499984415832522
0.293000000000000 1.000000000000329 0.500000000000168 0.000000000000299 299.996883256864521 1.499984415855413
0.293100000000000 1.000000000000328 0.500000000000169 0.000000000000295 299.996883256865146 1.499984415878415
0.293200000000000 1.000000000000328 0.500000000000168 0.000000000000294 299.996883256865203 1.499984415901523
0.293300000000000 1.000000000000328 0.500000000000169 0.000000000000292 299.996883256865999 1.499984415924539
0.293400000000000 1.000000000000327 0.500000000000169 0.000000000000289 299.996883256866113 1.499984415947347
0.293500000000000 1.000000000000328 0.500000000000169 0.000000000000288 299.996883256865772 1.499984415969987
0.293600000000000 1.000000000000329 0.500000000000169 0.000000000000286 299.996883256865885 1.499984415992243
0.293700000000000 1.000000000000331 0.500000000000170 0.000000000000283 299.996883256865829 1.499984416014108
0.293800000000000 1.000000000000330 0.500000000000169 0.000000000000279 299.996883256865885 1.499984416035503
0.293900000000000 1.000000000000330 0.500000000000169 0.000000000000276 299.996883256866397 1.499984416056279
0.294000000000000 1.000000000000330 0.500000000000169 0.000000000000273 299.996883256866113 1.499984416076421
0.294100000000000 1.000000000000331 0.500000000000169 0.000000000000271 299.996883256866340 1.499984416095845
0.294200000000000 1.000000000000330 0.500000000000169 0.000000000000267 299.996883256866113 1.499984416114413
0.294300000000000 1.000000000000330 0.500000000000170 0.000000000000266 299.996883256866226 1.499984416132192
0.294400000000000 1.000000000000330 0.500000000000170 0.000000000000262 299.996883256866454 1.499984416149079
0.294500000000000 1.000000000000332 0.500000000000170 0.000000000000258 299.996883256866226 1.499984416164995
0.294600000000000 1.000000000000329 0.500000000000170 0.000000000000255 299.996883256865772 1.499984416179967
0.294700000000000 1.000000000000331 0.500000000000170 0.000000000000253 299.996883256866113 1.499984416193900
0.294800000000000 1.000000000000330 0.500000000000170 0.000000000000248 299.996883256866681 1.499984416206860
0.294900000000000 1.000000000000331 0.500000000000170 0.000000000000243 299.996883256866568 1.499984416218640
0.295000000000000 1.000000000000329 0.500000000000170 0.000000000000240 299.996883256866226 1.499984416229430
0.295100000000000 1.000000000000332 0.500000000000170 0.000000000000236 299.996883256866795 1.499984416239132
0.295200000000000 1.000000000000330 0.500000000000171 0.000000000000233 299.996883256866909 1.499984416247730
0.295300000000000 1.000000000000330 0.500000000000170 0.000000000000228 299.996883256866226 1.499984416255343
0.295400000000000 1.000000000000330 0.500000000000170 0.000000000000224 299.996883256866113 1.499984416261831
0.295500000000000 1.000000000000330 0.500000000000171 0.000000000000221 299.996883256866226 1.499984416267295
0.295600000000000 1.000000000000333 0.500000000000171 0.000000000000216 299.996883256866454 1.499984416271730
0.295700000000000 1.000000000000330 0.500000000000171 0.000000000000213 299.996883256866738 1.499984416275190
0.295800000000000 1.000000000000331 0.500000000000171 0.000000000000207 299.996883256866226 1.499984416277724
0.295900000000000 1.000000000000332 0.500000000000171 0.000000000000201 299.996883256866795 1.499984416279359
0.296000000000000 1.000000000000332 0.500000000000171 0.000000000000197 299.996883256866397 1.499984416280089
0.296100000000000 1.000000000000332 0.500000000000171 0.000000000000192 299.996883256866170 1.499984416280079
0.296200000000000 1.000000000000332 0.500000000000172 0.000000000000187 299.996883256866113 1.499984416279265
0.296300000000000 1.000000000000331 0.500000000000171 0.000000000000181 299.996883256866909 1.499984416277789
0.296400000000000 1.000000000000333 0.500000000000171 0.000000000000175 299.996883256866681 1.499984416275734
0.296500000000000 1.000000000000332 0.500000000000171 0.000000000000170 299.996883256866795 1.499984416273018
0.296600000000000 1.000000000000331 0.500000000000171 0.000000000000165 299.996883256866681 1.499984416269829
0.296700000000000 1.000000000000333 0.500000000000172 0.000000000000159 299.996883256866511 1.499984416266215
0.296800000000000 1.000000000000332 0.500000000000172 0.000000000000152 299.996883256866909 1.499984416262185
0.296900000000000 1.000000000000332 0.500000000000172 0.000000000000148 299.996883256866681 1.499984416257950
0.297000000000000 1.000000000000332 0.500000000000172 0.000000000000142 299.996883256866624 1.499984416253435
0.297100000000000 1.000000000000332 0.500000000000172 0.000000000000138 299.996883256866965 1.499984416248755
0.297200000000000 1.000000000000332 0.500000000000172 0.000000000000132 299.996883256866795 1.499984416244028
0.297300000000000 1.000000000000334 0.500000000000172 0.000000000000126 299.996883256867022 1.499984416239243
0.297400000000000 1.000000000000332 0.500000000000172 0.000000000000121 299.996883256866795 1.499984416234510
0.297500000000000 1.000000000000332 0.500000000000172 0.000000000000116 299.996883256867477 1.499984416229843
0.297600000000000 1.000000000000333 0.500000000000173 0.000000000000111 299.996883256866795 1.499984416225325
0.297700000000000 1.000000000000333 0.500000000000172 0.000000000000107 299.996883256866909 1.499984416221104
0.297800000000000 1.000000000000332 0.500000000000172 0.000000000000101 299.996883256866681 1.499984416217078
0.297900000000000 1.000000000000332 0.500000000000172 0.000000000000098 299.996883256867022 1.499984416213386
0.298000000000000 1.000000000000334 0.500000000000173 0.000000000000093 299.996883256866397 1.499984416210027
0.298100000000000 1.000000000000334 0.500000000000172 0.000000000000088 299.996883256867648 1.499984416207094
0.298200000000000 1.000000000000334 0.500000000000172 0.000000000000083 299.996883256867363 1.499984416204574
0.298300000000000 1.000000000000334 0.500000000000173 0.000000000000077 299.996883256867363 1.499984416202517
0.298400000000000 1.000000000000332 0.500000000000173 0.000000000000070 299.996883256867420 1.499984416200947
0.298500000000000 1.000000000000332 0.500000000000173 0.000000000000064 299.996883256867306 1.499984416199893
0.298600000000000 1.000000000000334 0.500000000000173 0.000000000000058 299.996883256866795 1.499984416199315
0.298700000000000 1.000000000000333 0.500000000000173 0.000000000000053 299.996883256866795 1.499984416199291
0.298800000000000 1.000000000000333 0.500000000000173 0.000000000000048 299.996883256867363 1.499984416199778
0.298900000000000 1.000000000000334 0.500000000000173 0.000000000000043 299.996883256867136 1.499984416200788
0.299000000000000 1.000000000000335 0.500000000000172 0.000000000000038 299.996883256867534 1.499984416202291
0.299100000000000 1.000000000000334 0.500000000000173 0.000000000000035 299.996883256867250 1.499984416204272
0.299200000000000 1.000000000000334 0.500000000000173 0.000000000000029 299.996883256867250 1.499984416206687
0.299300000000000 1.000000000000335 0.500000000000173 0.000000000000024 299.996883256867818 1.499984416209583
0.299400000000000 1.000000000000334 0.500000000000173 0.000000000000020 299.996883256867306 1.499984416212895
0.299500000000000 1.000000000000334 0.500000000000173 0.000000000000015 299.996883256867136 1.499984416216500
0.299600000000000 1.000000000000335 0.500000000000174 0.000000000000009 299.996883256867591 1.499984416220435
0.299700000000000 1.000000000000334 0.500000000000173 0.000000000000003 299.996883256867420 1.499984416224713
0.299800000000000 1.000000000000335 0.500000000000174 -0.000000000000002 299.996883256867477 1.499984416229175
0.299900000000000 1.000000000000334 0.500000000000173 -0.000000000000006 299.996883256867363 1.499984416233824
0.300000000000000 1.000000000000335 0.500000000000174 -0.000000000000013 299.996883256867477 1.499984416238557
0.300100000000000 1.000000000000336 0.500000000000173 -0.000000000000018 299.996883256867534 1.499984416243338
0.300200000000000 1.000000000000334 0.500000000000174 -0.000000000000024 299.996883256867591 1.499984416248072
0.300300000000000 1.000000000000336 0.500000000000173 -0.000000000000028 299.996883256867591 1.499984416252819
0.300400000000000 1.000000000000336 0.500000000000174 -0.000000000000034 299.996883256868159 1.499984416257301
0.300500000000000 1.000000000000336 0.500000000000173 -0.000000000000039 299.996883256867818 1.499984416261612
0.300600000000000 1.000000000000335 0.500000000000173 -0.000000000000044 299.996883256867477 1.499984416265651
0.300700000000000 1.000000000000337 0.500000000000174 -0.000000000000048 299.996883256868159 1.499984416269297
0.300800000000000 1.000000000000335 0.500000000000174 -0.000000000000053 299.996883256867932 1.499984416272531
0.300900000000000 1.000000000000338 0.500000000000173 -0.000000000000057 299.996883256868102 1.499984416275328
0.301000000000000 1.000000000000336 0.500000000000174 -0.000000000000063 299.996883256867534 1.499984416277504
0.301100000000000 1.000000000000336 0.500000000000174 -0.000000000000069 299.996883256867875 1.499984416279046
0.301200000000000 1.000000000000336 0.500000000000174 -0.000000000000072 299.996883256868102 1.499984416279933
0.301300000000000 1.000000000000337 0.500000000000174 -0.000000000000077 299.996883256867932 1.499984416280113
0.301400000000000 1.000000000000337 0.500000000000174 -0.000000000000084 299.996883256868273 1.499984416279413
0.301500000000000 1.000000000000337 0.500000000000174 -0.000000000000087 299.996883256868216 1.499984416277942
0.301600000000000 1.000000000000337 0.500000000000174 -0.000000000000093 299.996883256868330 1.499984416275546
0.301700000000000 1.000000000000338 0.500000000000175 -0.000000000000098 299.996883256868387 1.499984416272162
0.301800000000000 1.000000000000338 0.500000000000174 -0.000000000000104 299.996883256868443 1.499984416267881
0.301900000000000 1.000000000000338 0.500000000000174 -0.000000000000108 299.996883256868614 1.499984416262566
0.302000000000000 1.000000000000339 0.500000000000174 -0.000000000000113 299.996883256868273 1.499984416256251
0.302100000000000 1.000000000000340 0.500000000000174 -0.000000000000118 299.996883256868387 1.499984416248805
0.302200000000000 1.000000000000338 0.500000000000175 -0.000000000000123 299.996883256868273 1.499984416240312
0.302300000000000 1.000000000000337 0.500000000000174 -0.000000000000126 299.996883256868159 1.499984416230769
0.302400000000000 1.000000000000338 0.500000000000175 -0.000000000000132 299.996883256868045 1.499984416220119
0.302500000000000 1.000000000000338 0.500000000000175 -0.000000000000135 299.996883256868557 1.499984416208434
0.302600000000000 1.000000000000337 0.500000000000175 -0.000000000000141 299.996883256868841 1.499984416195631
0.302700000000000 1.000000000000338 0.500000000000175 -0.000000000000145 299.996883256868500 1.499984416181835
0.302800000000000 1.000000000000338 0.500000000000174 -0.000000000000149 299.996883256868614 1.499984416167033
0.302900000000000 1.000000000000340 0.500000000000174 -0.000000000000155 299.996883256869296 1.499984416151256
0.303000000000000 1.000000000000338 0.500000000000175 -0.000000000000158 299.996883256868159 1.499984416134474
0.303100000000000 1.000000000000339 0.500000000000174 -0.000000000000161 299.996883256868614 1.499984416116832
0.303200000000000 1.000000000000339 0.500000000000174 -0.000000000000164 299.996883256868216 1.499984416098340
0.303300000000000 1.000000000000340 0.500000000000175 -0.000000000000168 299.996883256868614 1.499984416078998
0.303400000000000 1.000000000000341 0.500000000000174 -0.000000000000172 299.996883256869069 1.499984416059007
0.303500000000000 1.000000000000339 0.500000000000174 -0.000000000000176 299.996883256868387 1.499984416038320
0.303600000000000 1.000000000000340 0.500000000000175 -0.000000000000179 299.996883256868159 1.499984416017006
0.303700000000000 1.000000000000340 0.500000000000175 -0.000000000000183 299.996883256869296 1.499984415995226
0.303800000000000 1.000000000000338 0.500000000000175 -0.000000000000186 299.996883256868387 1.499984415972952
0.303900000000000 1.000000000000341 0.500000000000175 -0.000000000000189 299.996883256868273 1.499984415950391
0.304000000000000 1.000000000000341 0.500000000000175 -0.000000000000193 299.996883256869751 1.499984415927546
0.304100000000000 1.000000000000339 0.500000000000174 -0.000000000000197 299.996883256868671 1.499984415904583
0.304200000000000 1.000000000000341 0.500000000000174 -0.000000000000201 299.996883256869353 1.499984415881516
0.304300000000000 1.000000000000341 0.500000000000175 -0.000000000000203 299.996883256869296 1.499984415858444
0.304400000000000 1.000000000000340 0.500000000000175 -0.000000000000205 299.996883256869182 1.499984415835538
0.304500000000000 1.000000000000340 0.500000000000174 -0.000000000000207 299.996883256868728 1.499984415812852
0.304600000000000 1.000000000000342 0.500000000000174 -0.000000000000211 299.996883256869182 1.499984415790442
0.304700000000000 1.000000000000341 0.500000000000175 -0.000000000000212 299.996883256869751 1.499984415768487
0.304800000000000 1.000000000000341 0.500000000000174 -0.000000000000214 299.996883256869239 1.499984415747073
0.304900000000000 1.000000000000342 0.500000000000174 -0.000000000000217 299.996883256869182 1.499984415726214
0.305000000000000 1.000000000000342 0.500000000000175 -0.000000000000218 299.996883256869182 1.499984415706064
0.305100000000000 1.000000000000341 0.500000000000175 -0.000000000000220 299.996883256869182 1.499984415686752
0.305200000000000 1.000000000000343 0.500000000000175 -0.000000000000223 299.996883256869751 1.499984415668314
0.305300000000000 1.000000000000342 0.500000000000174 -0.000000000000225 299.996883256869637 1.499984415650901
0.305400000000000 1.000000000000341 0.500000000000174 -0.000000000000227 299.996883256868955 1.499984415634476
0.305500000000000 1.000000000000340 0.500000000000175 -0.000000000000229 299.996883256869353 1.499984415619168
0.305600000000000 1.000000000000342 0.500000000000175 -0.000000000000230 299.996883256869637 1.499984415605133
0.305700000000000 1.000000000000342 0.500000000000175 -0.000000000000232 299.996883256869467 1.499984415592293
0.305800000000000 1.000000000000342 0.500000000000175 -0.000000000000234 299.996883256869637 1.499984415580778
0.305900000000000 1.000000000000342 0.500000000000175 -0.000000000000235 299.996883256869864 1.499984415570696
0.306000000000000 1.000000000000343 0.500000000000175 -0.000000000000236 299.996883256869523 1.499984415562037
0.306100000000000 1.000000000000343 0.500000000000176 -0.000000000000236 299.996883256869182 1.499984415554794
0.306200000000000 1.000000000000344 0.500000000000176 -0.000000000000236 299.996883256869921 1.499984415549124
0.306300000000000 1.000000000000343 0.500000000000175 -0.000000000000237 299.996883256869864 1.499984415544955
0.306400000000000 1.000000000000344 0.500000000000175 -0.000000000000238 299.996883256870490 1.499984415542367
0.306500000000000 1.000000000000342 0.500000000000175 -0.000000000000239 299.996883256870433 1.499984415541303
0.306600000000000 1.000000000000345 0.500000000000175 -0.000000000000239 299.996883256870433 1.499984415541874
0.306700000000000 1.000000000000345 0.500000000000176 -0.000000000000240 299.996883256870092 1.499984415543948
0.306800000000000 1.000000000000345 0.500000000000176 -0.000000000000240 299.996883256870206 1.499984415547586
0.306900000000000 1.000000000000346 0.500000000000176 -0.000000000000240 299.996883256870717 1.499984415552758
0.307000000000000 1.000000000000346 0.500000000000175 -0.000000000000240 299.996883256870433 1.499984415559524
0.307100000000000 1.000000000000344 0.500000000000176 -0.000000000000237 299.996883256870490 1.499984415567674
0.307200000000000 1.000000000000345 0.500000000000176 -0.000000000000236 299.996883256870376 1.499984415577292
0.307300000000000 1.000000000000346 0.500000000000175 -0.000000000000236 299.996883256870319 1.499984415588347
0.307400000000000 1.000000000000346 0.500000000000176 -0.000000000000237 299.996883256870376 1.499984415600718
0.307500000000000 1.000000000000347 0.500000000000176 -0.000000000000237 299.996883256871058 1.499984415614376
0.307600000000000 1.000000000000347 0.500000000000176 -0.000000000000235 299.996883256870831 1.499984415629275
0.307700000000000 1.000000000000345 0.500000000000176 -0.000000000000236 299.996883256870774 1.499984415645325
0.307800000000000 1.000000000000347 0.500000000000176 -0.000000000000235 299.996883256871001 1.499984415662505
0.307900000000000 1.000000000000346 0.500000000000176 -0.000000000000235 299.996883256871058 1.499984415680591
0.308000000000000 1.000000000000346 0.500000000000176 -0.000000000000233 299.996883256870888 1.499984415699603
0.308100000000000 1.000000000000348 0.500000000000176 -0.000000000000231 299.996883256870831 1.499984415719497
0.308200000000000 1.000000000000347 0.500000000000176 -0.000000000000230 299.996883256871570 1.499984415740107
0.308300000000000 1.000000000000348 0.500000000000177 -0.000000000000227 299.996883256871456 1.499984415761344
0.308400000000000 1.000000000000349 0.500000000000175 -0.000000000000228 299.996883256871342 1.499984415783197
0.308500000000000 1.000000000000348 0.500000000000177 -0.000000000000227 299.996883256870660 1.499984415805396
0.308600000000000 1.000000000000347 0.500000000000175 -0.000000000000226 299.996883256871456 1.499984415828028
0.308700000000000 1.000000000000347 0.500000000000175 -0.000000000000224 299.996883256871911 1.499984415850894
0.308800000000000 1.000000000000349 0.500000000000176 -0.000000000000221 299.996883256870888 1.499984415873882
0.308900000000000 1.000000000000348 0.500000000000176 -0.000000000000219 299.996883256872138 1.499984415896944
0.309000000000000 1.000000000000347 0.500000000000176 -0.000000000000217 299.996883256871115 1.499984415919958
0.309100000000000 1.000000000000347 0.500000000000176 -0.000000000000214 299.996883256871342 1.499984415942914
0.309200000000000 1.000000000000349 0.500000000000176 -0.000000000000212 299.996883256871797 1.499984415965574
0.309300000000000 1.000000000000349 0.500000000000177 -0.000000000000209 299.996883256871229 1.499984415987861
0.309400000000000 1.000000000000348 0.500000000000175 -0.000000000000206 299.996883256871229 1.499984416009876
0.309500000000000 1.000000000000347 0.500000000000176 -0.000000000000203 299.996883256871456 1.499984416031275
0.309600000000000 1.000000000000348 0.500000000000175 -0.000000000000200 299.996883256871342 1.499984416052277
0.309700000000000 1.000000000000347 0.500000000000176 -0.000000000000197 299.996883256872025 1.499984416072506
0.309800000000000 1.000000000000349 0.500000000000176 -0.000000000000194 299.996883256871229 1.499984416092018
0.309900000000000 1.000000000000348 0.500000000000176 -0.000000000000192 299.996883256871570 1.499984416110772
0.310000000000000 1.000000000000350 0.500000000000176 -0.000000000000188 299.996883256871229 1.499984416128715
0.310100000000000 1.000000000000349 0.500000000000176 -0.000000000000185 299.996883256871456 1.499984416145745
0.310200000000000 1.000000000000350 0.500000000000176 -0.000000000000184 299.996883256871513 1.499984416161875
0.310300000000000 1.000000000000349 0.500000000000176 -0.000000000000180 299.996883256871627 1.499984416177038
0.310400000000000 1.000000000000349 0.500000000000176 -0.000000000000177 299.996883256872138 1.499984416191182
0.310500000000000 1.000000000000348 0.500000000000176 -0.000000000000174 299.996883256871570 1.499984416204251
0.310600000000000 1.000000000000349 0.500000000000176 -0.000000000000170 299.996883256871797 1.499984416216334
0.310700000000000 1.000000000000349 0.500000000000176 -0.000000000000167 299.996883256872252 1.499984416227318
0.310800000000000 1.000000000000350 0.500000000000176 -0.000000000000165 299.996883256872195 1.499984416237198
0.310900000000000 1.000000000000350 0.500000000000177 -0.000000000000161 299.996883256871570 1.499984416245996
0.311000000000000 1.000000000000350 0.500000000000176 -0.000000000000156 299.996883256872138 1.499984416253778
0.311100000000000 1.000000000000349 0.500000000000176 -0.000000000000154 299.996883256871570 1.499984416260467
0.311200000000000 1.000000000000350 0.500000000000176 -0.000000000000148 299.996883256872252 1.499984416266165
0.311300000000000 1.000000000000349 0.500000000000176 -0.000000000000144 299.996883256872138 1.499984416270764
0.311400000000000 1.000000000000350 0.500000000000176 -0.000000000000140 299.996883256872252 1.499984416274407
0.311500000000000 1.000000000000351 0.500000000000176 -0.000000000000135 299.996883256872195 1.499984416277139
0.311600000000000 1.000000000000349 0.500000000000176 -0.000000000000132 299.996883256871854 1.499984416278927
0.311700000000000 1.000000000000351 0.500000000000177 -0.000000000000128 299.996883256872252 1.499984416279794
0.311800000000000 1.000000000000350 0.500000000000177 -0.000000000000123 299.996883256872593 1.499984416279905
0.311900000000000 1.000000000000353 0.500000000000177 -0.000000000000118 299.996883256872366 1.499984416279253
0.312000000000000 1.000000000000351 0.500000000000176 -0.000000000000112 299.996883256872536 1.499984416277939
0.312100000000000 1.000000000000352 0.500000000000177 -0.000000000000105 299.996883256872479 1.499984416275912
0.312200000000000 1.000000000000352 0.500000000000176 -0.000000000000100 299.996883256872707 1.499984416273340
0.312300000000000 1.000000000000352 0.500000000000176 -0.000000000000095 299.996883256872707 1.499984416270256
0.312400000000000 1.000000000000353 0.500000000000177 -0.000000000000093 299.996883256872138 1.499984416266719
0.312500000000000 1.000000000000350 0.500000000000177 -0.000000000000088 299.996883256872195 1.499984416262750
0.312600000000000 1.000000000000353 0.500000000000177 -0.000000000000082 299.996883256872707 1.499984416258501
0.312700000000000 1.000000000000354 0.500000000000178 -0.000000000000077 299.996883256872820 1.499984416254058
0.312800000000000 1.000000000000352 0.500000000000177 -0.000000000000072 299.996883256873332 1.499984416249459
0.312900000000000 1.000000000000352 0.500000000000178 -0.000000000000065 299.996883256873048 1.499984416244663
0.313000000000000 1.000000000000353 0.500000000000177 -0.000000000000059 299.996883256873389 1.499984416239941
0.313100000000000 1.000000000000353 0.500000000000177 -0.000000000000053 299.996883256873105 1.499984416235171
0.313200000000000 1.000000000000353 0.500000000000177 -0.000000000000047 299.996883256872820 1.499984416230481
0.313300000000000 1.000000000000355 0.500000000000178 -0.000000000000042 299.996883256873048 1.499984416225904
0.313400000000000 1.000000000000354 0.500000000000178 -0.000000000000037 299.996883256873161 1.499984416221626
0.313500000000000 1.000000000000353 0.500000000000177 -0.000000000000032 299.996883256872991 1.499984416217597
0.313600000000000 1.000000000000354 0.500000000000177 -0.000000000000027 299.996883256872479 1.499984416213839
0.313700000000000 1.000000000000353 0.500000000000177 -0.000000000000021 299.996883256873389 1.499984416210433
0.313800000000000 1.000000000000354 0.500000000000177 -0.000000000000017 299.996883256872479 1.499984416207427
0.313900000000000 1.000000000000355 0.500000000000178 -0.000000000000011 299.996883256872593 1.499984416204782
0.314000000000000 1.000000000000352 0.500000000000177 -0.000000000000006 299.996883256873502 1.499984416202641
0.314100000000000 1.000000000000355 0.500000000000178 -0.000000000000001 299.996883256873275 1.499984416200974
0.314200000000000 1.000000000000353 0.500000000000178 0.000000000000005 299.996883256873446 1.499984416199809
0.314300000000000 1.000000000000354 0.500000000000178 0.000000000000009 299.996883256872820 1.499984416199165
0.314400000000000 1.000000000000355 0.500000000000178 0.000000000000014 299.996883256873389 1.499984416199057
0.314500000000000 1.000000000000354 0.500000000000178 0.000000000000021 299.996883256873843 1.499984416199437
0.314600000000000 1.000000000000355 0.500000000000179 0.000000000000027 299.996883256873332 1.499984416200302
0.314700000000000 1.000000000000356 0.500000000000178 0.000000000000033 299.996883256874071 1.499984416201735
0.314800000000000 1.000000000000356 0.500000000000178 0.000000000000039 299.996883256873843 1.499984416203646
0.314900000000000 1.000000000000355 0.500000000000178 0.000000000000044 299.996883256873275 1.499984416205998
0.315000000000000 1.000000000000356 0.500000000000178 0.000000000000049 299.996883256873616 1.499984416208794
0.315100000000000 1.000000000000357 0.500000000000178 0.000000000000055 299.996883256873787 1.499984416211999
0.315200000000000 1.000000000000355 0.500000000000178 0.000000000000061 299.996883256874071 1.499984416215590
0.315300000000000 1.000000000000355 0.500000000000178 0.000000000000067 299.996883256873843 1.499984416219502
0.315400000000000 1.000000000000356 0.500000000000179 0.000000000000072 299.996883256873616 1.499984416223639
0.315500000000000 1.000000000000356 0.500000000000179 0.000000000000077 299.996883256873957 1.499984416228124
0.315600000000000 1.000000000000356 0.500000000000178 0.000000000000082 299.996883256874014 1.499984416232725
0.315700000000000 1.000000000000358 0.500000000000179 0.000000000000089 299.996883256874526 1.499984416237401
0.315800000000000 1.000000000000358 0.500000000000180 0.000000000000095 299.996883256873957 1.499984416242143
0.315900000000000 1.000000000000357 0.500000000000179 0.000000000000101 299.996883256874298 1.499984416246943
0.316000000000000 1.000000000000357 0.500000000000179 0.000000000000106 299.996883256874298 1.499984416251652
0.316100000000000 1.000000000000358 0.500000000000180 0.000000000000110 299.996883256874526 1.499984416256195
0.316200000000000 1.000000000000359 0.500000000000180 0.000000000000116 299.996883256874185 1.499984416260552
0.316300000000000 1.000000000000358 0.500000000000180 0.000000000000121 299.996883256874241 1.499984416264649
0.316400000000000 1.000000000000358 0.500000000000180 0.000000000000127 299.996883256874469 1.499984416268415
0.316500000000000 1.000000000000359 0.500000000000180 0.000000000000130 299.996883256874753 1.499984416271734
0.316600000000000 1.000000000000359 0.500000000000181 0.000000000000136 299.996883256874412 1.499984416274555
0.316700000000000 1.000000000000357 0.500000000000180 0.000000000000140 299.996883256874355 1.499984416276887
0.316800000000000 1.000000000000359 0.500000000000180 0.000000000000143 299.996883256874753 1.499984416278626
0.316900000000000 1.000000000000358 0.500000000000180 0.000000000000146 299.996883256874469 1.499984416279594
0.317000000000000 1.000000000000359 0.500000000000181 0.000000000000151 299.996883256874753 1.499984416279865
0.317100000000000 1.000000000000359 0.500000000000180 0.000000000000154 299.996883256874298 1.499984416279417
0.317200000000000 1.000000000000359 0.500000000000180 0.000000000000159 299.996883256874980 1.499984416278022
0.317300000000000 1.000000000000359 0.500000000000180 0.000000000000162 299.996883256874867 1.499984416275801
0.317400000000000 1.000000000000358 0.500000000000180 0.000000000000166 299.996883256874412 1.499984416272677
0.317500000000000 1.000000000000360 0.500000000000181 0.000000000000170 299.996883256875094 1.499984416268528
0.317600000000000 1.000000000000360 0.500000000000181 0.000000000000175 299.996883256874526 1.499984416263381
0.317700000000000 1.000000000000359 0.500000000000181 0.000000000000181 299.996883256874469 1.499984416257245
0.317800000000000 1.000000000000358 0.500000000000181 0.000000000000185 299.996883256874526 1.499984416250032
0.317900000000000 1.000000000000361 0.500000000000181 0.000000000000188 299.996883256875151 1.499984416241751
0.318000000000000 1.000000000000360 0.500000000000181 0.000000000000193 299.996883256874753 1.499984416232402
0.318100000000000 1.000000000000360 0.500000000000180 0.000000000000196 299.996883256874867 1.499984416222017
0.318200000000000 1.000000000000360 0.500000000000181 0.000000000000200 299.996883256874639 1.499984416210435
0.318300000000000 1.000000000000361 0.500000000000181 0.000000000000205 299.996883256875094 1.499984416197937
0.318400000000000 1.000000000000360 0.500000000000180 0.000000000000207 299.996883256874867 1.499984416184357
0.318500000000000 1.000000000000360 0.500000000000181 0.000000000000213 299.996883256874639 1.499984416169707
0.318600000000000 1.000000000000360 0.500000000000182 0.000000000000215 299.996883256875208 1.499984416154040
0.318700000000000 1.000000000000360 0.500000000000181 0.000000000000219 299.996883256875321 1.499984416137473
0.318800000000000 1.000000000000359 0.500000000000182 0.000000000000222 299.996883256875151 1.499984416119928
0.318900000000000 1.000000000000361 0.500000000000181 0.000000000000226 299.996883256875094 1.499984416101634
0.319000000000000 1.000000000000360 0.500000000000181 0.000000000000228 299.996883256875662 1.499984416082476
0.319100000000000 1.000000000000360 0.500000000000181 0.000000000000233 299.996883256875037 1.499984416062580
0.319200000000000 1.000000000000360 0.500000000000182 0.000000000000237 299.996883256874810 1.499984416041960
0.319300000000000 1.000000000000360 0.500000000000182 0.000000000000239 299.996883256875549 1.499984416020791
0.319400000000000 1.000000000000361 0.500000000000182 0.000000000000242 299.996883256876345 1.499984415999095
0.319500000000000 1.000000000000361 0.500000000000182 0.000000000000246 299.996883256874412 1.499984415976969
0.319600000000000 1.000000000000360 0.500000000000183 0.000000000000247 299.996883256874867 1.499984415954390
0.319700000000000 1.000000000000360 0.500000000000182 0.000000000000250 299.996883256875890 1.499984415931617
0.319800000000000 1.000000000000361 0.500000000000182 0.000000000000252 299.996883256875321 1.499984415908643
0.319900000000000 1.000000000000361 0.500000000000183 0.000000000000256 299.996883256875776 1.499984415885571
0.320000000000000 1.000000000000361 0.500000000000182 0.000000000000258 299.996883256874696 1.499984415862539
0.320100000000000 1.000000000000361 0.500000000000182 0.000000000000261 299.996883256875776 1.499984415839597
0.320200000000000 1.000000000000362 0.500000000000183 0.000000000000263 299.996883256875435 1.499984415816838
0.320300000000000 1.000000000000362 0.500000000000183 0.000000000000265 299.996883256875606 1.499984415794367
0.320400000000000 1.000000000000362 0.500000000000183 0.000000000000267 299.996883256876117 1.499984415772333
0.320500000000000 1.000000000000363 0.500000000000183 0.000000000000269 299.996883256875662 1.499984415750795
0.320600000000000 1.000000000000361 0.500000000000184 0.000000000000269 299.996883256875662 1.499984415729818
0.320700000000000 1.000000000000363 0.500000000000183 0.000000000000270 299.996883256875776 1.499984415709605
0.320800000000000 1.000000000000361 0.500000000000183 0.000000000000272 299.996883256875549 1.499984415690099
0.320900000000000 1.000000000000364 0.500000000000183 0.000000000000275 299.996883256876231 1.499984415671511
0.321000000000000 1.000000000000363 0.500000000000184 0.000000000000280 299.996883256875435 1.499984415653868
0.321100000000000 1.000000000000363 0.500000000000184 0.000000000000281 299.996883256875321 1.499984415637251
0.321200000000000 1.000000000000362 0.500000000000184 0.000000000000282 299.996883256875890 1.499984415621722
0.321300000000000 1.000000000000363 0.500000000000184 0.000000000000281 299.996883256876231 1.499984415607407
0.321400000000000 1.000000000000363 0.500000000000184 0.000000000000283 299.996883256876004 1.499984415594360
0.321500000000000 1.000000000000363 0.500000000000184 0.000000000000285 299.996883256876401 1.499984415582670
0.321600000000000 1.000000000000364 0.500000000000184 0.000000000000287 299.996883256876060 1.499984415572250
0.321700000000000 1.000000000000363 0.500000000000184 0.000000000000289 299.996883256876401 1.499984415563346
0.321800000000000 1.000000000000365 0.500000000000185 0.000000000000289 299.996883256876572 1.499984415555854
0.321900000000000 1.000000000000364 0.500000000000185 0.000000000000290 299.996883256876686 1.499984415549880
0.322000000000000 1.000000000000364 0.500000000000185 0.000000000000290 299.996883256875719 1.499984415545424
0.322100000000000 1.000000000000364 0.500000000000185 0.000000000000292 299.996883256876572 1.499984415542492
0.322200000000000 1.000000000000365 0.500000000000185 0.000000000000294 299.996883256876345 1.499984415541228
0.322300000000000 1.000000000000365 0.500000000000185 0.000000000000292 299.996883256876345 1.499984415541406
0.322400000000000 1.000000000000364 0.500000000000186 0.000000000000293 299.996883256876231 1.499984415543192
0.322500000000000 1.000000000000364 0.500000000000186 0.000000000000292 299.996883256876231 1.499984415546588
0.322600000000000 1.000000000000364 0.500000000000185 0.000000000000290 299.996883256875947 1.499984415551500
0.322700000000000 1.000000000000366 0.500000000000186 0.000000000000289 299.996883256876345 1.499984415557881
0.322800000000000 1.000000000000364 0.500000000000186 0.000000000000288 299.996883256875890 1.499984415565786
0.322900000000000 1.000000000000365 0.500000000000186 0.000000000000289 299.996883256876345 1.499984415575190
0.323000000000000 1.000000000000366 0.500000000000187 0.000000000000288 299.996883256876686 1.499984415585917
0.323100000000000 1.000000000000366 0.500000000000187 0.000000000000287 299.996883256877027 1.499984415598052
0.323200000000000 1.000000000000366 0.500000000000186 0.000000000000287 299.996883256876856 1.499984415611522
0.323300000000000 1.000000000000364 0.500000000000187 0.000000000000287 299.996883256877254 1.499984415626178
0.323400000000000 1.000000000000365 0.500000000000187 0.000000000000284 299.996883256877084 1.499984415642011
0.323500000000000 1.000000000000366 0.500000000000187 0.000000000000282 299.996883256876970 1.499984415658955
0.323600000000000 1.000000000000365 0.500000000000187 0.000000000000281 299.996883256876913 1.499984415676909
0.323700000000000 1.000000000000365 0.500000000000187 0.000000000000279 299.996883256876686 1.499984415695720
0.323800000000000 1.000000000000366 0.500000000000187 0.000000000000278 299.996883256876799 1.499984415715514
0.323900000000000 1.000000000000366 0.500000000000187 0.000000000000277 299.996883256877027 1.499984415736003
0.324000000000000 1.000000000000367 0.500000000000188 0.000000000000276 299.996883256876913 1.499984415757071
0.324100000000000 1.000000000000367 0.500000000000188 0.000000000000273 299.996883256878050 1.499984415778799
0.324200000000000 1.000000000000367 0.500000000000188 0.000000000000271 299.996883256875549 1.499984415800985
0.324300000000000 1.000000000000367 0.500000000000188 0.000000000000269 299.996883256876401 1.499984415823555
0.324400000000000 1.000000000000367 0.500000000000187 0.000000000000267 299.996883256876572 1.499984415846362
0.324500000000000 1.000000000000368 0.500000000000188 0.000000000000265 299.996883256876799 1.499984415869345
0.324600000000000 1.000000000000368 0.500000000000188 0.000000000000262 299.996883256877368 1.499984415892424
0.324700000000000 1.000000000000368 0.500000000000188 0.000000000000261 299.996883256877368 1.499984415915488
0.324800000000000 1.000000000000367 0.500000000000188 0.000000000000259 299.996883256877140 1.499984415938384
0.324900000000000 1.000000000000368 0.500000000000188 0.000000000000256 299.996883256877481 1.499984415961104
0.325000000000000 1.000000000000368 0.500000000000188 0.000000000000255 299.996883256877481 1.499984415983552
0.325100000000000 1.000000000000369 0.500000000000189 0.000000000000253 299.996883256877140 1.499984416005533
0.325200000000000 1.000000000000368 0.500000000000189 0.000000000000249 299.996883256877823 1.499984416027115
0.325300000000000 1.000000000000367 0.500000000000189 0.000000000000247 299.996883256877538 1.499984416048116
0.325400000000000 1.000000000000369 0.500000000000188 0.000000000000244 299.996883256877254 1.499984416068510
0.325500000000000 1.000000000000368 0.500000000000189 0.000000000000240 299.996883256877936 1.499984416088190
0.325600000000000 1.000000000000370 0.500000000000189 0.000000000000237 299.996883256877595 1.499984416107079
0.325700000000000 1.000000000000368 0.500000000000189 0.000000000000235 299.996883256877368 1.499984416125224
0.325800000000000 1.000000000000369 0.500000000000189 0.000000000000232 299.996883256877595 1.499984416142409
0.325900000000000 1.000000000000367 0.500000000000188 0.000000000000230 299.996883256877595 1.499984416158750
0.326000000000000 1.000000000000367 0.500000000000189 0.000000000000227 299.996883256877766 1.499984416174086
0.326100000000000 1.000000000000370 0.500000000000189 0.000000000000223 299.996883256877936 1.499984416188388
0.326200000000000 1.000000000000370 0.500000000000189 0.000000000000220 299.996883256877652 1.499984416201676
0.326300000000000 1.000000000000369 0.500000000000189 0.000000000000215 299.996883256877595 1.499984416213959
0.326400000000000 1.000000000000368 0.500000000000190 0.000000000000209 299.996883256878050 1.499984416225121
0.326500000000000 1.000000000000368 0.500000000000189 0.000000000000205 299.996883256877823 1.499984416235225
0.326600000000000 1.000000000000369 0.500000000000190 0.000000000000201 299.996883256877766 1.499984416244248
0.326700000000000 1.000000000000369 0.500000000000190 0.000000000000198 299.996883256877936 1.499984416252145
0.326800000000000 1.000000000000370 0.500000000000190 0.000000000000192 299.996883256877879 1.499984416259065
0.326900000000000 1.000000000000370 0.500000000000190 0.000000000000187 299.996883256878050 1.499984416264946
0.327000000000000 1.000000000000370 0.500000000000191 0.000000000000182 299.996883256877538 1.499984416269752
0.327100000000000 1.000000000000370 0.500000000000190 0.000000000000178 299.996883256877709 1.499984416273601
0.327200000000000 1.000000000000370 0.500000000000191 0.000000000000173 299.996883256877936 1.499984416276423
0.327300000000000 1.000000000000370 0.500000000000191 0.000000000000169 299.996883256878391 1.499984416278384
0.327400000000000 1.000000000000369 0.500000000000191 0.000000000000164 299.996883256877936 1.499984416279458
0.327500000000000 1.000000000000370 0.500000000000191 0.000000000000159 299.996883256878164 1.499984416279720
0.327600000000000 1.000000000000371 0.500000000000191 0.000000000000155 299.996883256877936 1.499984416279227
0.327700000000000 1.000000000000370 0.500000000000190 0.000000000000150 299.996883256878220 1.499984416278041
0.327800000000000 1.000000000000371 0.500000000000191 0.000000000000146 299.996883256878220 1.499984416276134
0.327900000000000 1.000000000000371 0.500000000000191 0.000000000000142 299.996883256878277 1.499984416273666
0.328000000000000 1.000000000000371 0.500000000000191 0.000000000000136 299.996883256878277 1.499984416270647
0.328100000000000 1.000000000000371 0.500000000000191 0.000000000000132 299.996883256878618 1.499984416267231
0.328200000000000 1.000000000000371 0.500000000000192 0.000000000000128 299.996883256878277 1.499984416263304
0.328300000000000 1.000000000000372 0.500000000000191 0.000000000000121 299.996883256878164 1.499984416259162
0.328400000000000 1.000000000000371 0.500000000000191 0.000000000000115 299.996883256878505 1.499984416254713
0.328500000000000 1.000000000000373 0.500000000000191 0.000000000000109 299.996883256878846 1.499984416250122
0.328600000000000 1.000000000000371 0.500000000000192 0.000000000000105 299.996883256878277 1.499984416245345
0.328700000000000 1.000000000000371 0.500000000000192 0.000000000000100 299.996883256878391 1.499984416240580
0.328800000000000 1.000000000000371 0.500000000000191 0.000000000000096 299.996883256878277 1.499984416235829
0.328900000000000 1.000000000000373 0.500000000000192 0.000000000000091 299.996883256879300 1.499984416231097
0.329000000000000 1.000000000000372 0.500000000000191 0.000000000000087 299.996883256878505 1.499984416226574
0.329100000000000 1.000000000000372 0.500000000000192 0.000000000000082 299.996883256878959 1.499984416222191
0.329200000000000 1.000000000000372 0.500000000000192 0.000000000000077 299.996883256878505 1.499984416218090
0.329300000000000 1.000000000000372 0.500000000000193 0.000000000000072 299.996883256878277 1.499984416214233
0.329400000000000 1.000000000000372 0.500000000000192 0.000000000000068 299.996883256878561 1.499984416210812
0.329500000000000 1.000000000000371 0.500000000000192 0.000000000000064 299.996883256878846 1.499984416207712
0.329600000000000 1.000000000000373 0.500000000000193 0.000000000000058 299.996883256878959 1.499984416204998
0.329700000000000 1.000000000000372 0.500000000000191 0.000000000000051 299.996883256878505 1.499984416202855
0.329800000000000 1.000000000000372 0.500000000000193 0.000000000000045 299.996883256879187 1.499984416200974
0.329900000000000 1.000000000000372 0.500000000000192 0.000000000000039 299.996883256878391 1.499984416199753
0.330000000000000 1.000000000000373 0.500000000000192 0.000000000000034 299.996883256878561 1.499984416199069
0.330100000000000 1.000000000000372 0.500000000000192 0.000000000000027 299.996883256879585 1.499984416198853
0.330200000000000 1.000000000000373 0.500000000000192 0.000000000000021 299.996883256878505 1.499984416199129
0.330300000000000 1.000000000000371 0.500000000000192 0.000000000000014 299.996883256879130 1.499984416199912
0.330400000000000 1.000000000000373 0.500000000000192 0.000000000000009 299.996883256879073 1.499984416201250
0.330500000000000 1.000000000000373 0.500000000000192 0.000000000000002 299.996883256879073 1.499984416203027
0.330600000000000 1.000000000000373 0.500000000000193 -0.000000000000002 299.996883256879073 1.499984416205273
0.330700000000000 1.000000000000375 0.500000000000192 -0.000000000000007 299.996883256879755 1.499984416208053
0.330800000000000 1.000000000000374 0.500000000000193 -0.000000000000012 299.996883256879357 1.499984416211140
0.330900000000000 1.000000000000372 0.500000000000192 -0.000000000000016 299.996883256878959 1.499984416214677
0.331000000000000 1.000000000000375 0.500000000000193 -0.000000000000020 299.996883256879244 1.499984416218509
0.331100000000000 1.000000000000375 0.500000000000192 -0.000000000000025 299.996883256879300 1.499984416222690
0.331200000000000 1.000000000000374 0.500000000000193 -0.000000000000031 299.996883256879983 1.499984416227057
0.331300000000000 1.000000000000375 0.500000000000193 -0.000000000000036 299.996883256878846 1.499984416231607
0.331400000000000 1.000000000000373 0.500000000000193 -0.000000000000041 299.996883256879187 1.499984416236270
0.331500000000000 1.000000000000374 0.500000000000193 -0.000000000000047 299.996883256879755 1.499984416241061
0.331600000000000 1.000000000000374 0.500000000000193 -0.000000000000052 299.996883256879585 1.499984416245873
0.331700000000000 1.000000000000376 0.500000000000193 -0.000000000000057 299.996883256879869 1.499984416250600
0.331800000000000 1.000000000000374 0.500000000000193 -0.000000000000062 299.996883256879698 1.499984416255175
0.331900000000000 1.000000000000374 0.500000000000193 -0.000000000000066 299.996883256879812 1.499984416259571
0.332000000000000 1.000000000000375 0.500000000000194 -0.000000000000071 299.996883256879869 1.499984416263699
0.332100000000000 1.000000000000377 0.500000000000193 -0.000000000000076 299.996883256879300 1.499984416267541
0.332200000000000 1.000000000000375 0.500000000000193 -0.000000000000081 299.996883256878959 1.499984416270986
0.332300000000000 1.000000000000375 0.500000000000193 -0.000000000000085 299.996883256879755 1.499984416273904
0.332400000000000 1.000000000000375 0.500000000000193 -0.000000000000091 299.996883256879528 1.499984416276297
0.332500000000000 1.000000000000375 0.500000000000193 -0.000000000000095 299.996883256879471 1.499984416278105
0.332600000000000 1.000000000000376 0.500000000000193 -0.000000000000101 299.996883256879983 1.499984416279297
0.332700000000000 1.000000000000375 0.500000000000194 -0.000000000000105 299.996883256879926 1.499984416279673
0.332800000000000 1.000000000000376 0.500000000000193 -0.000000000000108 299.996883256879414 1.499984416279389
0.332900000000000 1.000000000000377 0.500000000000193 -0.000000000000112 299.996883256879869 1.499984416278205
0.333000000000000 1.000000000000376 0.500000000000193 -0.000000000000117 299.996883256879983 1.499984416276122
0.333100000000000 1.000000000000377 0.500000000000193 -0.000000000000122 299.996883256879642 1.499984416273140
0.333200000000000 1.000000000000377 0.500000000000193 -0.000000000000128 299.996883256879642 1.499984416269203
0.333300000000000 1.000000000000376 0.500000000000194 -0.000000000000132 299.996883256879926 1.499984416264248
0.333400000000000 1.000000000000376 0.500000000000193 -0.000000000000136 299.996883256879528 1.499984416258323
0.333500000000000 1.000000000000377 0.500000000000193 -0.000000000000140 299.996883256880324 1.499984416251319
0.333600000000000 1.000000000000376 0.500000000000194 -0.000000000000145 299.996883256880096 1.499984416243209
0.333700000000000 1.000000000000375 0.500000000000193 -0.000000000000150 299.996883256880096 1.499984416234046
0.333800000000000 1.000000000000377 0.500000000000194 -0.000000000000153 299.996883256880096 1.499984416223820
0.333900000000000 1.000000000000377 0.500000000000194 -0.000000000000157 299.996883256880324 1.499984416212491
0.334000000000000 1.000000000000377 0.500000000000193 -0.000000000000162 299.996883256879755 1.499984416200190
0.334100000000000 1.000000000000378 0.500000000000193 -0.000000000000167 299.996883256879926 1.499984416186765
0.334200000000000 1.000000000000377 0.500000000000193 -0.000000000000170 299.996883256880153 1.499984416172349
0.334300000000000 1.000000000000378 0.500000000000193 -0.000000000000174 299.996883256879642 1.499984416156878
0.334400000000000 1.000000000000377 0.500000000000194 -0.000000000000176 299.996883256880039 1.499984416140454
0.334500000000000 1.000000000000376 0.500000000000194 -0.000000000000179 299.996883256880437 1.499984416123141
0.334600000000000 1.000000000000377 0.500000000000194 -0.000000000000183 299.996883256880267 1.499984416104921
0.334700000000000 1.000000000000376 0.500000000000194 -0.000000000000186 299.996883256880210 1.499984416085923
0.334800000000000 1.000000000000377 0.500000000000193 -0.000000000000189 299.996883256881119 1.499984416066183
0.334900000000000 1.000000000000377 0.500000000000194 -0.000000000000192 299.996883256880267 1.499984416045716
0.335000000000000 1.000000000000377 0.500000000000194 -0.000000000000195 299.996883256879755 1.499984416024589
0.335100000000000 1.000000000000378 0.500000000000193 -0.000000000000198 299.996883256881233 1.499984416003036
0.335200000000000 1.000000000000377 0.500000000000193 -0.000000000000199 299.996883256880437 1.499984415980948
0.335300000000000 1.000000000000378 0.500000000000193 -0.000000000000201 299.996883256880608 1.499984415958468
0.335400000000000 1.000000000000379 0.500000000000194 -0.000000000000204 299.996883256880324 1.499984415935709
0.335500000000000 1.000000000000378 0.500000000000194 -0.000000000000208 299.996883256880551 1.499984415912784
0.335600000000000 1.000000000000377 0.500000000000193 -0.000000000000213 299.996883256880324 1.499984415889726
0.335700000000000 1.000000000000377 0.500000000000193 -0.000000000000215 299.996883256880722 1.499984415866684
0.335800000000000 1.000000000000377 0.500000000000193 -0.000000000000216 299.996883256880324 1.499984415843698
0.335900000000000 1.000000000000377 0.500000000000193 -0.000000000000219 299.996883256880665 1.499984415820943
0.336000000000000 1.000000000000379 0.500000000000194 -0.000000000000221 299.996883256880210 1.499984415798371
0.336100000000000 1.000000000000378 0.500000000000193 -0.000000000000223 299.996883256880324 1.499984415776266
0.336200000000000 1.000000000000379 0.500000000000193 -0.000000000000226 299.996883256880551 1.499984415754646
0.336300000000000 1.000000000000377 0.500000000000193 -0.000000000000227 299.996883256879869 1.499984415733550
0.336400000000000 1.000000000000378 0.500000000000193 -0.000000000000228 299.996883256880722 1.499984415713216
0.336500000000000 1.000000000000379 0.500000000000193 -0.000000000000228 299.996883256880892 1.499984415693528
0.336600000000000 1.000000000000379 0.500000000000193 -0.000000000000229 299.996883256880608 1.499984415674744
0.336700000000000 1.000000000000378 0.500000000000193 -0.000000000000231 299.996883256880778 1.499984415656900
0.336800000000000 1.000000000000380 0.500000000000193 -0.000000000000231 299.996883256880437 1.499984415640092
0.336900000000000 1.000000000000378 0.500000000000193 -0.000000000000232 299.996883256880380 1.499984415624382
0.337000000000000 1.000000000000379 0.500000000000193 -0.000000000000233 299.996883256880437 1.499984415609811
0.337100000000000 1.000000000000380 0.500000000000193 -0.000000000000234 299.996883256880665 1.499984415596544
0.337200000000000 1.000000000000380 0.500000000000194 -0.000000000000235 299.996883256880892 1.499984415584532
0.337300000000000 1.000000000000379 0.500000000000193 -0.000000000000236 299.996883256881290 1.499984415573948
0.337400000000000 1.000000000000380 0.500000000000193 -0.000000000000236 299.996883256880722 1.499984415564700
0.337500000000000 1.000000000000380 0.500000000000193 -0.000000000000236 299.996883256881006 1.499984415556967
0.337600000000000 1.000000000000380 0.500000000000194 -0.000000000000238 299.996883256881347 1.499984415550670
0.337700000000000 1.000000000000380 0.500000000000193 -0.000000000000239 299.996883256881063 1.499984415545953
0.337800000000000 1.000000000000379 0.500000000000193 -0.000000000000240 299.996883256880835 1.499984415542754
0.337900000000000 1.000000000000380 0.500000000000194 -0.000000000000240 299.996883256881063 1.499984415541138
0.338000000000000 1.000000000000380 0.500000000000193 -0.000000000000242 299.996883256881233 1.499984415541122
0.338100000000000 1.000000000000380 0.500000000000194 -0.000000000000241 299.996883256881119 1.499984415542559
0.338200000000000 1.000000000000380 0.500000000000193 -0.000000000000240 299.996883256881461 1.499984415545638
0.338300000000000 1.000000000000380 0.500000000000193 -0.000000000000239 299.996883256881574 1.499984415550274
0.338400000000000 1.000000000000382 0.500000000000193 -0.000000000000238 299.996883256881631 1.499984415556449
0.338500000000000 1.000000000000381 0.500000000000193 -0.000000000000237 299.996883256881517 1.499984415564037
0.338600000000000 1.000000000000381 0.500000000000193 -0.000000000000238 299.996883256881233 1.499984415573139
0.338700000000000 1.000000000000382 0.500000000000193 -0.000000000000237 299.996883256881119 1.499984415583644
0.338800000000000 1.000000000000382 0.500000000000194 -0.000000000000235 299.996883256881461 1.499984415595553
0.338900000000000 1.000000000000380 0.500000000000194 -0.000000000000233 299.996883256881233 1.499984415608705
0.339000000000000 1.000000000000381 0.500000000000193 -0.000000000000231 299.996883256882143 1.499984415623197
0.339100000000000 1.000000000000383 0.500000000000193 -0.000000000000231 299.996883256881574 1.499984415638775
0.339200000000000 1.000000000000381 0.500000000000194 -0.000000000000228 299.996883256881972 1.499984415655534
0.339300000000000 1.000000000000382 0.500000000000194 -0.000000000000225 299.996883256881404 1.499984415673276
0.339400000000000 1.000000000000382 0.500000000000194 -0.000000000000224 299.996883256881688 1.499984415691962
0.339500000000000 1.000000000000382 0.500000000000193 -0.000000000000222 299.996883256881858 1.499984415711529
0.339600000000000 1.000000000000382 0.500000000000194 -0.000000000000218 299.996883256882370 1.499984415731878
0.339700000000000 1.000000000000383 0.500000000000194 -0.000000000000215 299.996883256881858 1.499984415752896
0.339800000000000 1.000000000000383 0.500000000000193 -0.000000000000213 299.996883256881688 1.499984415774525
0.339900000000000 1.000000000000383 0.500000000000193 -0.000000000000211 299.996883256882199 1.499984415796613
0.340000000000000 1.000000000000384 0.500000000000194 -0.000000000000210 299.996883256881631 1.499984415819084
0.340100000000000 1.000000000000383 0.500000000000193 -0.000000000000206 299.996883256883223 1.499984415841899
0.340200000000000 1.000000000000383 0.500000000000194 -0.000000000000202 299.996883256881233 1.499984415864827
0.340300000000000 1.000000000000384 0.500000000000194 -0.000000000000200 299.996883256882484 1.499984415887887
0.340400000000000 1.000000000000383 0.500000000000193 -0.000000000000198 299.996883256882711 1.499984415910981
0.340500000000000 1.000000000000384 0.500000000000194 -0.000000000000195 299.996883256882256 1.499984415933885
0.340600000000000 1.000000000000384 0.500000000000193 -0.000000000000193 299.996883256882029 1.499984415956706
0.340700000000000 1.000000000000384 0.500000000000194 -0.000000000000191 299.996883256882313 1.499984415979153
0.340800000000000 1.000000000000384 0.500000000000194 -0.000000000000187 299.996883256882256 1.499984416001264
0.340900000000000 1.000000000000383 0.500000000000194 -0.000000000000184 299.996883256882199 1.499984416022945
0.341000000000000 1.000000000000385 0.500000000000193 -0.000000000000181 299.996883256882370 1.499984416044054
0.341100000000000 1.000000000000384 0.500000000000194 -0.000000000000178 299.996883256882484 1.499984416064537
0.341200000000000 1.000000000000385 0.500000000000193 -0.000000000000174 299.996883256882938 1.499984416084370
0.341300000000000 1.000000000000385 0.500000000000194 -0.000000000000171 299.996883256882256 1.499984416103444
0.341400000000000 1.000000000000384 0.500000000000194 -0.000000000000168 299.996883256882370 1.499984416121682
0.341500000000000 1.000000000000384 0.500000000000193 -0.000000000000164 299.996883256882825 1.499984416139099
0.341600000000000 1.000000000000384 0.500000000000194 -0.000000000000159 299.996883256882825 1.499984416155549
0.341700000000000 1.000000000000386 0.500000000000194 -0.000000000000157 299.996883256882711 1.499984416171079
0.341800000000000 1.000000000000386 0.500000000000194 -0.000000000000154 299.996883256882427 1.499984416185547
0.341900000000000 1.000000000000387 0.500000000000194 -0.000000000000151 299.996883256882995 1.499984416199052
0.342000000000000 1.000000000000385 0.500000000000193 -0.000000000000147 299.996883256882597 1.499984416211551
0.342100000000000 1.000000000000385 0.500000000000194 -0.000000000000143 299.996883256882541 1.499984416222920
0.342200000000000 1.000000000000386 0.500000000000194 -0.000000000000138 299.996883256882768 1.499984416233195
0.342300000000000 1.000000000000386 0.500000000000194 -0.000000000000134 299.996883256883052 1.499984416242452
0.342400000000000 1.000000000000387 0.500000000000194 -0.000000000000131 299.996883256882938 1.499984416250543
0.342500000000000 1.000000000000387 0.500000000000194 -0.000000000000127 299.996883256883052 1.499984416257677
0.342600000000000 1.000000000000387 0.500000000000193 -0.000000000000123 299.996883256883280 1.499984416263757
0.342700000000000 1.000000000000386 0.500000000000195 -0.000000000000119 299.996883256883336 1.499984416268708
0.342800000000000 1.000000000000386 0.500000000000194 -0.000000000000115 299.996883256882825 1.499984416272725
0.342900000000000 1.000000000000384 0.500000000000194 -0.000000000000111 299.996883256882882 1.499984416275787
0.343000000000000 1.000000000000385 0.500000000000194 -0.000000000000107 299.996883256883280 1.499984416277939
0.343100000000000 1.000000000000387 0.500000000000194 -0.000000000000103 299.996883256882597 1.499984416279137
0.343200000000000 1.000000000000386 0.500000000000194 -0.000000000000097 299.996883256882938 1.499984416279565
0.343300000000000 1.000000000000386 0.500000000000195 -0.000000000000093 299.996883256883280 1.499984416279182
0.343400000000000 1.000000000000387 0.500000000000194 -0.000000000000088 299.996883256882882 1.499984416278116
0.343500000000000 1.000000000000386 0.500000000000194 -0.000000000000081 299.996883256882995 1.499984416276323
0.343600000000000 1.000000000000387 0.500000000000194 -0.000000000000075 299.996883256883393 1.499984416273966
0.343700000000000 1.000000000000386 0.500000000000195 -0.000000000000070 299.996883256883791 1.499984416271072
0.343800000000000 1.000000000000387 0.500000000000195 -0.000000000000065 299.996883256883791 1.499984416267669
0.343900000000000 1.000000000000388 0.500000000000195 -0.000000000000062 299.996883256883791 1.499984416263901
0.344000000000000 1.000000000000389 0.500000000000194 -0.000000000000057 299.996883256883280 1.499984416259799
0.344100000000000 1.000000000000386 0.500000000000195 -0.000000000000051 299.996883256883393 1.499984416255374
0.344200000000000 1.000000000000388 0.500000000000195 -0.000000000000046 299.996883256883450 1.499984416250842
0.344300000000000 1.000000000000389 0.500000000000195 -0.000000000000041 299.996883256883621 1.499984416246070
0.344400000000000 1.000000000000389 0.500000000000195 -0.000000000000036 299.996883256883507 1.499984416241292
0.344500000000000 1.000000000000387 0.500000000000195 -0.000000000000032 299.996883256883450 1.499984416236516
0.344600000000000 1.000000000000388 0.500000000000195 -0.000000000000028 299.996883256883962 1.499984416231803
0.344700000000000 1.000000000000388 0.500000000000195 -0.000000000000022 299.996883256883734 1.499984416227246
0.344800000000000 1.000000000000389 0.500000000000195 -0.000000000000018 299.996883256883962 1.499984416222817
0.344900000000000 1.000000000000389 0.500000000000195 -0.000000000000013 299.996883256883848 1.499984416218667
0.345000000000000 1.000000000000389 0.500000000000195 -0.000000000000007 299.996883256884985 1.499984416214805
0.345100000000000 1.000000000000390 0.500000000000195 -0.000000000000000 299.996883256884075 1.499984416211259
0.345200000000000 1.000000000000390 0.500000000000195 0.000000000000006 299.996883256884814 1.499984416208118
0.345300000000000 1.000000000000390 0.500000000000195 0.000000000000012 299.996883256885098 1.499984416205331
0.345400000000000 1.000000000000390 0.500000000000196 0.000000000000018 299.996883256885553 1.499984416203013
0.345500000000000 1.000000000000391 0.500000000000195 0.000000000000022 299.996883256885440 1.499984416201178
0.345600000000000 1.000000000000392 0.500000000000196 0.000000000000028 299.996883256882711 1.499984416199790
0.345700000000000 1.000000000000391 0.500000000000196 0.000000000000034 299.996883256884189 1.499984416198977
0.345800000000000 1.000000000000389 0.500000000000196 0.000000000000038 299.996883256882370 1.499984416198600
0.345900000000000 1.000000000000391 0.500000000000196 0.000000000000044 299.996883256883962 1.499984416198835
0.346000000000000 1.000000000000391 0.500000000000196 0.000000000000050 299.996883256884530 1.499984416199545
0.346100000000000 1.000000000000390 0.500000000000196 0.000000000000055 299.996883256884189 1.499984416200770
0.346200000000000 1.000000000000391 0.500000000000196 0.000000000000063 299.996883256884644 1.499984416202429
0.346300000000000 1.000000000000391 0.500000000000196 0.000000000000068 299.996883256884303 1.499984416204668
0.346400000000000 1.000000000000391 0.500000000000197 0.000000000000073 299.996883256884530 1.499984416207261
0.346500000000000 1.000000000000390 0.500000000000196 0.000000000000078 299.996883256884303 1.499984416210323
0.346600000000000 1.000000000000391 0.500000000000197 0.000000000000082 299.996883256884189 1.499984416213761
0.346700000000000 1.000000000000391 0.500000000000196 0.000000000000089 299.996883256884530 1.499984416217623
0.346800000000000 1.000000000000392 0.500000000000196 0.000000000000095 299.996883256884530 1.499984416221678
0.346900000000000 1.000000000000391 0.500000000000196 0.000000000000100 299.996883256884530 1.499984416226048
0.347000000000000 1.000000000000392 0.500000000000196 0.000000000000106 299.996883256884075 1.499984416230554
0.347100000000000 1.000000000000393 0.500000000000196 0.000000000000109 299.996883256884246 1.499984416235254
0.347200000000000 1.000000000000391 0.500000000000196 0.000000000000114 299.996883256884075 1.499984416240028
0.347300000000000 1.000000000000390 0.500000000000196 0.000000000000119 299.996883256884416 1.499984416244798
0.347400000000000 1.000000000000391 0.500000000000197 0.000000000000122 299.996883256884871 1.499984416249525
0.347500000000000 1.000000000000392 0.500000000000197 0.000000000000129 299.996883256884303 1.499984416254148
0.347600000000000 1.000000000000391 0.500000000000197 0.000000000000132 299.996883256884473 1.499984416258571
0.347700000000000 1.000000000000391 0.500000000000197 0.000000000000137 299.996883256884303 1.499984416262809
0.347800000000000 1.000000000000391 0.500000000000197 0.000000000000142 299.996883256884530 1.499984416266637
0.347900000000000 1.000000000000391 0.500000000000196 0.000000000000146 299.996883256884757 1.499984416270204
0.348000000000000 1.000000000000391 0.500000000000196 0.000000000000153 299.996883256884132 1.499984416273269
0.348100000000000 1.000000000000392 0.500000000000198 0.000000000000156 299.996883256885098 1.499984416275637
0.348200000000000 1.000000000000393 0.500000000000197 0.000000000000158 299.996883256884871 1.499984416277625
0.348300000000000 1.000000000000392 0.500000000000197 0.000000000000162 299.996883256884303 1.499984416278941
0.348400000000000 1.000000000000392 0.500000000000197 0.000000000000165 299.996883256884701 1.499984416279498
0.348500000000000 1.000000000000392 0.500000000000198 0.000000000000167 299.996883256885212 1.499984416279284
0.348600000000000 1.000000000000393 0.500000000000197 0.000000000000170 299.996883256884928 1.499984416278254
0.348700000000000 1.000000000000393 0.500000000000197 0.000000000000173 299.996883256884985 1.499984416276416
0.348800000000000 1.000000000000391 0.500000000000197 0.000000000000176 299.996883256884871 1.499984416273603
0.348900000000000 1.000000000000392 0.500000000000197 0.000000000000179 299.996883256884644 1.499984416269863
0.349000000000000 1.000000000000391 0.500000000000198 0.000000000000182 299.996883256884928 1.499984416265070
0.349100000000000 1.000000000000392 0.500000000000198 0.000000000000185 299.996883256884644 1.499984416259342
0.349200000000000 1.000000000000393 0.500000000000198 0.000000000000189 299.996883256885326 1.499984416252498
0.349300000000000 1.000000000000394 0.500000000000198 0.000000000000194 299.996883256885440 1.499984416244633
0.349400000000000 1.000000000000392 0.500000000000197 0.000000000000196 299.996883256884985 1.499984416235682
0.349500000000000 1.000000000000394 0.500000000000198 0.000000000000201 299.996883256884928 1.499984416225647
0.349600000000000 1.000000000000393 0.500000000000198 0.000000000000204 299.996883256884985 1.499984416214578
0.349700000000000 1.000000000000394 0.500000000000198 0.000000000000206 299.996883256884757 1.499984416202396
0.349800000000000 1.000000000000393 0.500000000000198 0.000000000000210 299.996883256885383 1.499984416189167
0.349900000000000 1.000000000000393 0.500000000000198 0.000000000000213 299.996883256884701 1.499984416174956
0.350000000000000 1.000000000000395 0.500000000000199 0.000000000000216 299.996883256884701 1.499984416159620
0.350100000000000 1.000000000000395 0.500000000000198 0.000000000000219 299.996883256884757 1.499984416143458
0.350200000000000 1.000000000000393 0.500000000000199 0.000000000000220 299.996883256885098 1.499984416126248
0.350300000000000 1.000000000000393 0.500000000000199 0.000000000000223 299.996883256885496 1.499984416108217
0.350400000000000 1.000000000000394 0.500000000000199 0.000000000000226 299.996883256884530 1.499984416089402
0.350500000000000 1.000000000000394 0.500000000000198 0.000000000000228 299.996883256886292 1.499984416069809
0.350600000000000 1.000000000000394 0.500000000000199 0.000000000000232 299.996883256884757 1.499984416049421
0.350700000000000 1.000000000000394 0.500000000000198 0.000000000000235 299.996883256885781 1.499984416028473
0.350800000000000 1.000000000000395 0.500000000000199 0.000000000000240 299.996883256885212 1.499984416006933
0.350900000000000 1.000000000000396 0.500000000000200 0.000000000000244 299.996883256886576 1.499984415984945
0.351000000000000 1.000000000000395 0.500000000000199 0.000000000000245 299.996883256884530 1.499984415962550
0.351100000000000 1.000000000000395 0.500000000000200 0.000000000000248 299.996883256885440 1.499984415939844
0.351200000000000 1.000000000000395 0.500000000000200 0.000000000000250 299.996883256885326 1.499984415916906
0.351300000000000 1.000000000000396 0.500000000000200 0.000000000000252 299.996883256885155 1.499984415893907
0.351400000000000 1.000000000000394 0.500000000000200 0.000000000000253 299.996883256885894 1.499984415870811
0.351500000000000 1.000000000000396 0.500000000000200 0.000000000000255 299.996883256885326 1.499984415847791
0.351600000000000 1.000000000000396 0.500000000000201 0.000000000000257 299.996883256885667 1.499984415824967
0.351700000000000 1.000000000000394 0.500000000000201 0.000000000000258 299.996883256885553 1.499984415802394
0.351800000000000 1.000000000000395 0.500000000000201 0.000000000000261 299.996883256885781 1.499984415780182
0.351900000000000 1.000000000000396 0.500000000000201 0.000000000000262 299.996883256885837 1.499984415758458
0.352000000000000 1.000000000000396 0.500000000000201 0.000000000000262 299.996883256885610 1.499984415737271
0.352100000000000 1.000000000000397 0.500000000000201 0.000000000000264 299.996883256886122 1.499984415716711
0.352200000000000 1.000000000000397 0.500000000000201 0.000000000000264 299.996883256886008 1.499984415696945
0.352300000000000 1.000000000000396 0.500000000000201 0.000000000000266 299.996883256885894 1.499984415677998
0.352400000000000 1.000000000000396 0.500000000000201 0.000000000000265 299.996883256885894 1.499984415659995
0.352500000000000 1.000000000000396 0.500000000000201 0.000000000000267 299.996883256886065 1.499984415642978
0.352600000000000 1.000000000000398 0.500000000000201 0.000000000000268 299.996883256885781 1.499984415627047
0.352700000000000 1.000000000000396 0.500000000000201 0.000000000000268 299.996883256886008 1.499984415612295
0.352800000000000 1.000000000000397 0.500000000000202 0.000000000000266 299.996883256886349 1.499984415598727
0.352900000000000 1.000000000000397 0.500000000000201 0.000000000000266 299.996883256886463 1.499984415586521
0.353000000000000 1.000000000000398 0.500000000000202 0.000000000000267 299.996883256885951 1.499984415575590
0.353100000000000 1.000000000000397 0.500000000000202 0.000000000000264 299.996883256885894 1.499984415566138
0.353200000000000 1.000000000000398 0.500000000000202 0.000000000000265 299.996883256886917 1.499984415558151
0.353300000000000 1.000000000000397 0.500000000000202 0.000000000000264 299.996883256886804 1.499984415551566
0.353400000000000 1.000000000000397 0.500000000000202 0.000000000000266 299.996883256886463 1.499984415546511
0.353500000000000 1.000000000000397 0.500000000000202 0.000000000000264 299.996883256886463 1.499984415543050
0.353600000000000 1.000000000000398 0.500000000000204 0.000000000000265 299.996883256886463 1.499984415541052
0.353700000000000 1.000000000000399 0.500000000000203 0.000000000000263 299.996883256886861 1.499984415540771
0.353800000000000 1.000000000000399 0.500000000000202 0.000000000000262 299.996883256886349 1.499984415541999
0.353900000000000 1.000000000000398 0.500000000000203 0.000000000000260 299.996883256886917 1.499984415544777
0.354000000000000 1.000000000000399 0.500000000000203 0.000000000000259 299.996883256886179 1.499984415549080
0.354100000000000 1.000000000000399 0.500000000000202 0.000000000000258 299.996883256886917 1.499984415554982
0.354200000000000 1.000000000000399 0.500000000000203 0.000000000000257 299.996883256886520 1.499984415562294
0.354300000000000 1.000000000000399 0.500000000000203 0.000000000000257 299.996883256886463 1.499984415571131
0.354400000000000 1.000000000000399 0.500000000000203 0.000000000000257 299.996883256886861 1.499984415581378
0.354500000000000 1.000000000000400 0.500000000000204 0.000000000000253 299.996883256886804 1.499984415592956
0.354600000000000 1.000000000000399 0.500000000000204 0.000000000000250 299.996883256886861 1.499984415605985
0.354700000000000 1.000000000000400 0.500000000000204 0.000000000000250 299.996883256886576 1.499984415620143
0.354800000000000 1.000000000000400 0.500000000000204 0.000000000000248 299.996883256886974 1.499984415635553
0.354900000000000 1.000000000000401 0.500000000000204 0.000000000000247 299.996883256886804 1.499984415652132
0.355000000000000 1.000000000000400 0.500000000000204 0.000000000000244 299.996883256887259 1.499984415669646
0.355100000000000 1.000000000000400 0.500000000000204 0.000000000000240 299.996883256887031 1.499984415688201
0.355200000000000 1.000000000000401 0.500000000000204 0.000000000000239 299.996883256887031 1.499984415707651
0.355300000000000 1.000000000000400 0.500000000000204 0.000000000000237 299.996883256887031 1.499984415727861
0.355400000000000 1.000000000000399 0.500000000000204 0.000000000000235 299.996883256887031 1.499984415748739
0.355500000000000 1.000000000000401 0.500000000000204 0.000000000000234 299.996883256886349 1.499984415770206
0.355600000000000 1.000000000000400 0.500000000000204 0.000000000000232 299.996883256887600 1.499984415792244
0.355700000000000 1.000000000000401 0.500000000000204 0.000000000000230 299.996883256887031 1.499984415814669
0.355800000000000 1.000000000000400 0.500000000000204 0.000000000000227 299.996883256886008 1.499984415837384
0.355900000000000 1.000000000000400 0.500000000000204 0.000000000000224 299.996883256887600 1.499984415860361
0.356000000000000 1.000000000000400 0.500000000000204 0.000000000000222 299.996883256887088 1.499984415883373
0.356100000000000 1.000000000000401 0.500000000000205 0.000000000000220 299.996883256887941 1.499984415906452
0.356200000000000 1.000000000000401 0.500000000000205 0.000000000000215 299.996883256888054 1.499984415929410
0.356300000000000 1.000000000000400 0.500000000000205 0.000000000000213 299.996883256887941 1.499984415952202
0.356400000000000 1.000000000000400 0.500000000000205 0.000000000000211 299.996883256887372 1.499984415974755
0.356500000000000 1.000000000000401 0.500000000000205 0.000000000000207 299.996883256887600 1.499984415996988
0.356600000000000 1.000000000000402 0.500000000000206 0.000000000000204 299.996883256887884 1.499984416018695
0.356700000000000 1.000000000000402 0.500000000000206 0.000000000000199 299.996883256887941 1.499984416039928
0.356800000000000 1.000000000000401 0.500000000000205 0.000000000000197 299.996883256887600 1.499984416060572
0.356900000000000 1.000000000000400 0.500000000000205 0.000000000000193 299.996883256887543 1.499984416080528
0.357000000000000 1.000000000000402 0.500000000000206 0.000000000000190 299.996883256887315 1.499984416099714
0.357100000000000 1.000000000000401 0.500000000000206 0.000000000000187 299.996883256887770 1.499984416118096
0.357200000000000 1.000000000000401 0.500000000000205 0.000000000000182 299.996883256887600 1.499984416135748
0.357300000000000 1.000000000000402 0.500000000000206 0.000000000000177 299.996883256887372 1.499984416152295
0.357400000000000 1.000000000000402 0.500000000000206 0.000000000000173 299.996883256887941 1.499984416168025
0.357500000000000 1.000000000000403 0.500000000000206 0.000000000000169 299.996883256887713 1.499984416182757
0.357600000000000 1.000000000000402 0.500000000000206 0.000000000000165 299.996883256887486 1.499984416196406
0.357700000000000 1.000000000000402 0.500000000000207 0.000000000000162 299.996883256887770 1.499984416209042
0.357800000000000 1.000000000000401 0.500000000000207 0.000000000000160 299.996883256887429 1.499984416220648
0.357900000000000 1.000000000000402 0.500000000000206 0.000000000000156 299.996883256887600 1.499984416231175
0.358000000000000 1.000000000000402 0.500000000000206 0.000000000000151 299.996883256887600 1.499984416240588
0.358100000000000 1.000000000000403 0.500000000000207 0.000000000000147 299.996883256887600 1.499984416248932
0.358200000000000 1.000000000000404 0.500000000000206 0.000000000000144 299.996883256888168 1.499984416256284
0.358300000000000 1.000000000000403 0.500000000000207 0.000000000000141 299.996883256888054 1.499984416262472
0.358400000000000 1.000000000000403 0.500000000000207 0.000000000000137 299.996883256888452 1.499984416267688
0.358500000000000 1.000000000000403 0.500000000000207 0.000000000000132 299.996883256887884 1.499984416271914
0.358600000000000 1.000000000000403 0.500000000000207 0.000000000000126 299.996883256887713 1.499984416275133
0.358700000000000 1.000000000000404 0.500000000000207 0.000000000000121 299.996883256887884 1.499984416277434
0.358800000000000 1.000000000000403 0.500000000000206 0.000000000000115 299.996883256887884 1.499984416278870
0.358900000000000 1.000000000000403 0.500000000000207 0.000000000000111 299.996883256888452 1.499984416279387
0.359000000000000 1.000000000000404 0.500000000000207 0.000000000000108 299.996883256888339 1.499984416279153
0.359100000000000 1.000000000000404 0.500000000000207 0.000000000000101 299.996883256889078 1.499984416278194
0.359200000000000 1.000000000000406 0.500000000000208 0.000000000000098 299.996883256888282 1.499984416276525
0.359300000000000 1.000000000000405 0.500000000000208 0.000000000000092 299.996883256888395 1.499984416274254
0.359400000000000 1.000000000000404 0.500000000000208 0.000000000000088 299.996883256888168 1.499984416271441
0.359500000000000 1.000000000000404 0.500000000000207 0.000000000000084 299.996883256888282 1.499984416268159
0.359600000000000 1.000000000000406 0.500000000000208 0.000000000000079 299.996883256888736 1.499984416264456
0.359700000000000 1.000000000000405 0.500000000000208 0.000000000000076 299.996883256888282 1.499984416260408
0.359800000000000 1.000000000000405 0.500000000000208 0.000000000000071 299.996883256888850 1.499984416256064
0.359900000000000 1.000000000000405 0.500000000000208 0.000000000000068 299.996883256888566 1.499984416251494
0.360000000000000 1.000000000000407 0.500000000000207 0.000000000000065 299.996883256888566 1.499984416246823
0.360100000000000 1.000000000000408 0.500000000000208 0.000000000000061 299.996883256888964 1.499984416241990
0.360200000000000 1.000000000000407 0.500000000000208 0.000000000000057 299.996883256888680 1.499984416237221
0.360300000000000 1.000000000000407 0.500000000000208 0.000000000000053 299.996883256888736 1.499984416232502
0.360400000000000 1.000000000000406 0.500000000000208 0.000000000000047 299.996883256888680 1.499984416227904
0.360500000000000 1.000000000000406 0.500000000000208 0.000000000000044 299.996883256889134 1.499984416223441
0.360600000000000 1.000000000000406 0.500000000000208 0.000000000000041 299.996883256888736 1.499984416219247
0.360700000000000 1.000000000000406 0.500000000000208 0.000000000000037 299.996883256888282 1.499984416215321
0.360800000000000 1.000000000000407 0.500000000000208 0.000000000000033 299.996883256888964 1.499984416211713
0.360900000000000 1.000000000000406 0.500000000000208 0.000000000000028 299.996883256888623 1.499984416208489
0.361000000000000 1.000000000000408 0.500000000000208 0.000000000000022 299.996883256889419 1.499984416205626
0.361100000000000 1.000000000000407 0.500000000000208 0.000000000000017 299.996883256889191 1.499984416203231
0.361200000000000 1.000000000000407 0.500000000000208 0.000000000000013 299.996883256888907 1.499984416201311
0.361300000000000 1.000000000000407 0.500000000000209 0.000000000000009 299.996883256889646 1.499984416199848
0.361400000000000 1.000000000000407 0.500000000000209 0.000000000000005 299.996883256888850 1.499984416198865
0.361500000000000 1.000000000000407 0.500000000000209 -0.000000000000000 299.996883256889078 1.499984416198477
0.361600000000000 1.000000000000407 0.500000000000208 -0.000000000000003 299.996883256888964 1.499984416198586
0.361700000000000 1.000000000000407 0.500000000000209 -0.000000000000007 299.996883256889305 1.499984416199186
0.361800000000000 1.000000000000407 0.500000000000209 -0.000000000000012 299.996883256888964 1.499984416200283
0.361900000000000 1.000000000000407 0.500000000000209 -0.000000000000016 299.996883256889362 1.499984416201932
0.362000000000000 1.000000000000407 0.500000000000209 -0.000000000000019 299.996883256889532 1.499984416204040
0.362100000000000 1.000000000000407 0.500000000000208 -0.000000000000025 299.996883256888964 1.499984416206598
0.362200000000000 1.000000000000407 0.500000000000209 -0.000000000000028 299.996883256889532 1.499984416209567
0.362300000000000 1.000000000000408 0.500000000000209 -0.000000000000033 299.996883256889646 1.499984416212940
0.362400000000000 1.000000000000408 0.500000000000209 -0.000000000000037 299.996883256889248 1.499984416216679
0.362500000000000 1.000000000000407 0.500000000000209 -0.000000000000040 299.996883256889305 1.499984416220715
0.362600000000000 1.000000000000407 0.500000000000209 -0.000000000000044 299.996883256889873 1.499984416225007
0.362700000000000 1.000000000000407 0.500000000000209 -0.000000000000049 299.996883256889305 1.499984416229514
0.362800000000000 1.000000000000410 0.500000000000209 -0.000000000000052 299.996883256889191 1.499984416234163
0.362900000000000 1.000000000000409 0.500000000000209 -0.000000000000055 299.996883256889305 1.499984416238921
0.363000000000000 1.000000000000408 0.500000000000210 -0.000000000000057 299.996883256889191 1.499984416243674
0.363100000000000 1.000000000000408 0.500000000000208 -0.000000000000060 299.996883256889362 1.499984416248474
0.363200000000000 1.000000000000409 0.500000000000210 -0.000000000000065 299.996883256889532 1.499984416253080
0.363300000000000 1.000000000000409 0.500000000000209 -0.000000000000068 299.996883256889305 1.499984416257577
0.363400000000000 1.000000000000409 0.500000000000209 -0.000000000000072 299.996883256889419 1.499984416261854
0.363500000000000 1.000000000000408 0.500000000000209 -0.000000000000076 299.996883256889646 1.499984416265800
0.363600000000000 1.000000000000407 0.500000000000209 -0.000000000000079 299.996883256889873 1.499984416269381
0.363700000000000 1.000000000000409 0.500000000000209 -0.000000000000084 299.996883256889078 1.499984416272477
0.363800000000000 1.000000000000408 0.500000000000209 -0.000000000000089 299.996883256889760 1.499984416275139
0.363900000000000 1.000000000000409 0.500000000000209 -0.000000000000091 299.996883256889646 1.499984416277146
0.364000000000000 1.000000000000408 0.500000000000209 -0.000000000000095 299.996883256889816 1.499984416278594
0.364100000000000 1.000000000000409 0.500000000000208 -0.000000000000098 299.996883256889987 1.499984416279318
0.364200000000000 1.000000000000410 0.500000000000209 -0.000000000000100 299.996883256889760 1.499984416279232
0.364300000000000 1.000000000000408 0.500000000000208 -0.000000000000103 299.996883256889646 1.499984416278381
0.364400000000000 1.000000000000408 0.500000000000209 -0.000000000000104 299.996883256889532 1.499984416276673
0.364500000000000 1.000000000000408 0.500000000000209 -0.000000000000107 299.996883256889760 1.499984416274026
0.364600000000000 1.000000000000409 0.500000000000209 -0.000000000000110 299.996883256889078 1.499984416270444
0.364700000000000 1.000000000000411 0.500000000000209 -0.000000000000112 299.996883256889362 1.499984416265870
0.364800000000000 1.000000000000410 0.500000000000209 -0.000000000000116 299.996883256890101 1.499984416260324
0.364900000000000 1.000000000000408 0.500000000000209 -0.000000000000120 299.996883256889873 1.499984416253685
0.365000000000000 1.000000000000409 0.500000000000209 -0.000000000000121 299.996883256889987 1.499984416246028
0.365100000000000 1.000000000000409 0.500000000000210 -0.000000000000123 299.996883256889873 1.499984416237239
0.365200000000000 1.000000000000409 0.500000000000210 -0.000000000000125 299.996883256889589 1.499984416227422
0.365300000000000 1.000000000000411 0.500000000000210 -0.000000000000127 299.996883256889475 1.499984416216546
0.365400000000000 1.000000000000409 0.500000000000210 -0.000000000000131 299.996883256890328 1.499984416204550
0.365500000000000 1.000000000000412 0.500000000000210 -0.000000000000133 299.996883256889646 1.499984416191497
0.365600000000000 1.000000000000410 0.500000000000209 -0.000000000000136 299.996883256889419 1.499984416177496
0.365700000000000 1.000000000000409 0.500000000000211 -0.000000000000138 299.996883256889760 1.499984416162366
0.365800000000000 1.000000000000411 0.500000000000209 -0.000000000000140 299.996883256890214 1.499984416146384
0.365900000000000 1.000000000000410 0.500000000000209 -0.000000000000143 299.996883256890214 1.499984416129449
0.366000000000000 1.000000000000410 0.500000000000209 -0.000000000000146 299.996883256889703 1.499984416111509
0.366100000000000 1.000000000000412 0.500000000000209 -0.000000000000149 299.996883256890158 1.499984416092856
0.366200000000000 1.000000000000409 0.500000000000209 -0.000000000000151 299.996883256889646 1.499984416073337
0.366300000000000 1.000000000000410 0.500000000000210 -0.000000000000151 299.996883256889987 1.499984416053134
0.366400000000000 1.000000000000410 0.500000000000209 -0.000000000000153 299.996883256890214 1.499984416032248
0.366500000000000 1.000000000000412 0.500000000000210 -0.000000000000156 299.996883256890328 1.499984416010846
0.366600000000000 1.000000000000411 0.500000000000210 -0.000000000000157 299.996883256890555 1.499984415988946
0.366700000000000 1.000000000000409 0.500000000000209 -0.000000000000158 299.996883256890442 1.499984415966614
0.366800000000000 1.000000000000411 0.500000000000209 -0.000000000000160 299.996883256889703 1.499984415943965
0.366900000000000 1.000000000000410 0.500000000000210 -0.000000000000162 299.996883256890101 1.499984415921072
0.367000000000000 1.000000000000411 0.500000000000210 -0.000000000000162 299.996883256890555 1.499984415898024
0.367100000000000 1.000000000000411 0.500000000000209 -0.000000000000165 299.996883256890669 1.499984415874952
0.367200000000000 1.000000000000413 0.500000000000210 -0.000000000000166 299.996883256890101 1.499984415851922
0.367300000000000 1.000000000000411 0.500000000000210 -0.000000000000168 299.996883256890499 1.499984415829044
0.367400000000000 1.000000000000411 0.500000000000209 -0.000000000000168 299.996883256890385 1.499984415806445
0.367500000000000 1.000000000000411 0.500000000000210 -0.000000000000169 299.996883256890840 1.499984415784156
0.367600000000000 1.000000000000410 0.500000000000210 -0.000000000000170 299.996883256890328 1.499984415762312
0.367700000000000 1.000000000000413 0.500000000000209 -0.000000000000171 299.996883256890953 1.499984415741020
0.367800000000000 1.000000000000412 0.500000000000209 -0.000000000000171 299.996883256890783 1.499984415720384
0.367900000000000 1.000000000000411 0.500000000000210 -0.000000000000174 299.996883256890499 1.499984415700437
0.368000000000000 1.000000000000413 0.500000000000210 -0.000000000000174 299.996883256890442 1.499984415681288
0.368100000000000 1.000000000000414 0.500000000000210 -0.000000000000175 299.996883256891067 1.499984415663119
0.368200000000000 1.000000000000413 0.500000000000209 -0.000000000000177 299.996883256891238 1.499984415645913
0.368300000000000 1.000000000000414 0.500000000000210 -0.000000000000179 299.996883256890953 1.499984415629765
0.368400000000000 1.000000000000413 0.500000000000210 -0.000000000000179 299.996883256891124 1.499984415614765
0.368500000000000 1.000000000000412 0.500000000000210 -0.000000000000181 299.996883256890783 1.499984415600994
0.368600000000000 1.000000000000413 0.500000000000210 -0.000000000000182 299.996883256891294 1.499984415588504
0.368700000000000 1.000000000000414 0.500000000000210 -0.000000000000182 299.996883256891465 1.499984415577392
0.368800000000000 1.000000000000413 0.500000000000210 -0.000000000000181 299.996883256891238 1.499984415567636
0.368900000000000 1.000000000000413 0.500000000000210 -0.000000000000181 299.996883256890840 1.499984415559343
0.369000000000000 1.000000000000413 0.500000000000209 -0.000000000000181 299.996883256891294 1.499984415552542
0.369100000000000 1.000000000000413 0.500000000000210 -0.000000000000182 299.996883256891522 1.499984415547191
0.369200000000000 1.000000000000414 0.500000000000210 -0.000000000000180 299.996883256891351 1.499984415543407
0.369300000000000 1.000000000000415 0.500000000000209 -0.000000000000180 299.996883256891010 1.499984415541226
0.369400000000000 1.000000000000415 0.500000000000210 -0.000000000000179 299.996883256891181 1.499984415540573
0.369500000000000 1.000000000000413 0.500000000000210 -0.000000000000178 299.996883256891181 1.499984415541435
0.369600000000000 1.000000000000415 0.500000000000210 -0.000000000000176 299.996883256891238 1.499984415543955
0.369700000000000 1.000000000000414 0.500000000000210 -0.000000000000176 299.996883256891465 1.499984415547978
0.369800000000000 1.000000000000415 0.500000000000210 -0.000000000000174 299.996883256891067 1.499984415553536
0.369900000000000 1.000000000000413 0.500000000000210 -0.000000000000173 299.996883256890897 1.499984415560607
0.370000000000000 1.000000000000414 0.500000000000210 -0.000000000000172 299.996883256891351 1.499984415569187
0.370100000000000 1.000000000000416 0.500000000000211 -0.000000000000171 299.996883256891579 1.499984415579150
0.370200000000000 1.000000000000414 0.500000000000210 -0.000000000000171 299.996883256891522 1.499984415590503
0.370300000000000 1.000000000000416 0.500000000000210 -0.000000000000170 299.996883256891806 1.499984415603232
0.370400000000000 1.000000000000415 0.500000000000210 -0.000000000000168 299.996883256892090 1.499984415617223
0.370500000000000 1.000000000000415 0.500000000000210 -0.000000000000165 299.996883256891920 1.499984415632413
0.370600000000000 1.000000000000416 0.500000000000210 -0.000000000000164 299.996883256891635 1.499984415648709
0.370700000000000 1.000000000000416 0.500000000000210 -0.000000000000161 299.996883256892033 1.499984415666145
0.370800000000000 1.000000000000416 0.500000000000210 -0.000000000000160 299.996883256892033 1.499984415684504
0.370900000000000 1.000000000000415 0.500000000000210 -0.000000000000159 299.996883256891863 1.499984415703740
0.371000000000000 1.000000000000416 0.500000000000211 -0.000000000000157 299.996883256892033 1.499984415723755
0.371100000000000 1.000000000000416 0.500000000000210 -0.000000000000154 299.996883256891920 1.499984415744566
0.371200000000000 1.000000000000418 0.500000000000210 -0.000000000000153 299.996883256892033 1.499984415765984
0.371300000000000 1.000000000000414 0.500000000000211 -0.000000000000151 299.996883256891579 1.499984415787889
0.371400000000000 1.000000000000416 0.500000000000211 -0.000000000000149 299.996883256891635 1.499984415810214
0.371500000000000 1.000000000000415 0.500000000000210 -0.000000000000147 299.996883256891920 1.499984415832930
0.371600000000000 1.000000000000417 0.500000000000210 -0.000000000000143 299.996883256891806 1.499984415855851
0.371700000000000 1.000000000000417 0.500000000000211 -0.000000000000140 299.996883256892829 1.499984415878860
0.371800000000000 1.000000000000418 0.500000000000210 -0.000000000000138 299.996883256891579 1.499984415901907
0.371900000000000 1.000000000000417 0.500000000000210 -0.000000000000136 299.996883256892374 1.499984415924949
0.372000000000000 1.000000000000418 0.500000000000210 -0.000000000000133 299.996883256892090 1.499984415947816
0.372100000000000 1.000000000000418 0.500000000000210 -0.000000000000132 299.996883256892090 1.499984415970381
0.372200000000000 1.000000000000417 0.500000000000210 -0.000000000000130 299.996883256892033 1.499984415992701
0.372300000000000 1.000000000000417 0.500000000000210 -0.000000000000127 299.996883256892716 1.499984416014502
0.372400000000000 1.000000000000418 0.500000000000210 -0.000000000000124 299.996883256892147 1.499984416035804
0.372500000000000 1.000000000000417 0.500000000000210 -0.000000000000120 299.996883256892488 1.499984416056567
0.372600000000000 1.000000000000419 0.500000000000210 -0.000000000000118 299.996883256892374 1.499984416076642
0.372700000000000 1.000000000000417 0.500000000000211 -0.000000000000116 299.996883256892602 1.499984416096007
0.372800000000000 1.000000000000419 0.500000000000211 -0.000000000000114 299.996883256892374 1.499984416114581
0.372900000000000 1.000000000000418 0.500000000000211 -0.000000000000110 299.996883256892772 1.499984416132276
0.373000000000000 1.000000000000419 0.500000000000211 -0.000000000000108 299.996883256892716 1.499984416149098
0.373100000000000 1.000000000000419 0.500000000000211 -0.000000000000106 299.996883256892772 1.499984416164991
0.373200000000000 1.000000000000419 0.500000000000211 -0.000000000000103 299.996883256892374 1.499984416179887
0.373300000000000 1.000000000000419 0.500000000000211 -0.000000000000099 299.996883256892374 1.499984416193760
0.373400000000000 1.000000000000419 0.500000000000211 -0.000000000000097 299.996883256892829 1.499984416206600
0.373500000000000 1.000000000000420 0.500000000000212 -0.000000000000093 299.996883256892716 1.499984416218374
0.373600000000000 1.000000000000420 0.500000000000212 -0.000000000000091 299.996883256893284 1.499984416229077
0.373700000000000 1.000000000000420 0.500000000000212 -0.000000000000088 299.996883256892716 1.499984416238692
0.373800000000000 1.000000000000420 0.500000000000212 -0.000000000000086 299.996883256893284 1.499984416247257
0.373900000000000 1.000000000000419 0.500000000000212 -0.000000000000083 299.996883256893511 1.499984416254753
0.374000000000000 1.000000000000421 0.500000000000212 -0.000000000000079 299.996883256893511 1.499984416261195
0.374100000000000 1.000000000000421 0.500000000000211 -0.000000000000078 299.996883256892716 1.499984416266597
0.374200000000000 1.000000000000421 0.500000000000212 -0.000000000000073 299.996883256893284 1.499984416270979
0.374300000000000 1.000000000000421 0.500000000000211 -0.000000000000070 299.996883256893057 1.499984416274399
0.374400000000000 1.000000000000420 0.500000000000212 -0.000000000000065 299.996883256892829 1.499984416276818
0.374500000000000 1.000000000000422 0.500000000000211 -0.000000000000062 299.996883256893966 1.499984416278478
0.374600000000000 1.000000000000422 0.500000000000212 -0.000000000000058 299.996883256893341 1.499984416279131
0.374700000000000 1.000000000000422 0.500000000000212 -0.000000000000056 299.996883256893852 1.499984416279082
0.374800000000000 1.000000000000420 0.500000000000212 -0.000000000000053 299.996883256893739 1.499984416278241
0.374900000000000 1.000000000000423 0.500000000000213 -0.000000000000051 299.996883256893398 1.499984416276669
0.375000000000000 1.000000000000422 0.500000000000212 -0.000000000000045 299.996883256893852 1.499984416274537
0.375100000000000 1.000000000000423 0.500000000000212 -0.000000000000042 299.996883256893625 1.499984416271833
0.375200000000000 1.000000000000423 0.500000000000212 -0.000000000000039 299.996883256893625 1.499984416268679
0.375300000000000 1.000000000000421 0.500000000000212 -0.000000000000035 299.996883256894080 1.499984416264961
0.375400000000000 1.000000000000422 0.500000000000212 -0.000000000000031 299.996883256893852 1.499984416261007
0.375500000000000 1.000000000000423 0.500000000000212 -0.000000000000029 299.996883256894193 1.499984416256682
0.375600000000000 1.000000000000422 0.500000000000212 -0.000000000000025 299.996883256893398 1.499984416252178
0.375700000000000 1.000000000000424 0.500000000000213 -0.000000000000024 299.996883256893966 1.499984416247476
0.375800000000000 1.000000000000423 0.500000000000213 -0.000000000000020 299.996883256893966 1.499984416242702
0.375900000000000 1.000000000000423 0.500000000000213 -0.000000000000015 299.996883256894193 1.499984416237935
0.376000000000000 1.000000000000423 0.500000000000212 -0.000000000000010 299.996883256893966 1.499984416233196
0.376100000000000 1.000000000000424 0.500000000000212 -0.000000000000004 299.996883256893852 1.499984416228576
0.376200000000000 1.000000000000424 0.500000000000213 -0.000000000000000 299.996883256894307 1.499984416224065
0.376300000000000 1.000000000000423 0.500000000000213 0.000000000000004 299.996883256894307 1.499984416219810
0.376400000000000 1.000000000000425 0.500000000000213 0.000000000000008 299.996883256893739 1.499984416215821
0.376500000000000 1.000000000000423 0.500000000000213 0.000000000000013 299.996883256894364 1.499984416212176
0.376600000000000 1.000000000000423 0.500000000000213 0.000000000000018 299.996883256893852 1.499984416208868
0.376700000000000 1.000000000000423 0.500000000000213 0.000000000000022 299.996883256893966 1.499984416205898
0.376800000000000 1.000000000000424 0.500000000000213 0.000000000000026 299.996883256894762 1.499984416203408
0.376900000000000 1.000000000000424 0.500000000000213 0.000000000000031 299.996883256895217 1.499984416201446
0.377000000000000 1.000000000000423 0.500000000000213 0.000000000000035 299.996883256896012 1.499984416199899
0.377100000000000 1.000000000000424 0.500000000000213 0.000000000000039 299.996883256894193 1.499984416198804
0.377200000000000 1.000000000000423 0.500000000000213 0.000000000000043 299.996883256894534 1.499984416198287
0.377300000000000 1.000000000000424 0.500000000000213 0.000000000000048 299.996883256894534 1.499984416198323
0.377400000000000 1.000000000000423 0.500000000000214 0.000000000000051 299.996883256894193 1.499984416198802
0.377500000000000 1.000000000000424 0.500000000000213 0.000000000000053 299.996883256894876 1.499984416199832
0.377600000000000 1.000000000000425 0.500000000000213 0.000000000000056 299.996883256894762 1.499984416201423
0.377700000000000 1.000000000000426 0.500000000000214 0.000000000000061 299.996883256894421 1.499984416203400
0.377800000000000 1.000000000000423 0.500000000000214 0.000000000000064 299.996883256894137 1.499984416205847
0.377900000000000 1.000000000000424 0.500000000000213 0.000000000000069 299.996883256894307 1.499984416208783
0.378000000000000 1.000000000000425 0.500000000000214 0.000000000000074 299.996883256894648 1.499984416212098
0.378100000000000 1.000000000000425 0.500000000000214 0.000000000000079 299.996883256894534 1.499984416215746
0.378200000000000 1.000000000000425 0.500000000000213 0.000000000000084 299.996883256894648 1.499984416219749
0.378300000000000 1.000000000000426 0.500000000000213 0.000000000000086 299.996883256894762 1.499984416223991
0.378400000000000 1.000000000000425 0.500000000000213 0.000000000000091 299.996883256894307 1.499984416228475
0.378500000000000 1.000000000000425 0.500000000000213 0.000000000000094 299.996883256894307 1.499984416233125
0.378600000000000 1.000000000000425 0.500000000000214 0.000000000000098 299.996883256894534 1.499984416237856
0.378700000000000 1.000000000000425 0.500000000000214 0.000000000000101 299.996883256894876 1.499984416242597
0.378800000000000 1.000000000000424 0.500000000000214 0.000000000000105 299.996883256894762 1.499984416247388
0.378900000000000 1.000000000000425 0.500000000000214 0.000000000000109 299.996883256894648 1.499984416252075
0.379000000000000 1.000000000000426 0.500000000000214 0.000000000000111 299.996883256895103 1.499984416256590
0.379100000000000 1.000000000000427 0.500000000000214 0.000000000000115 299.996883256894762 1.499984416260862
0.379200000000000 1.000000000000426 0.500000000000215 0.000000000000119 299.996883256894876 1.499984416264863
0.379300000000000 1.000000000000426 0.500000000000215 0.000000000000121 299.996883256894421 1.499984416268526
0.379400000000000 1.000000000000426 0.500000000000214 0.000000000000126 299.996883256894250 1.499984416271771
0.379500000000000 1.000000000000426 0.500000000000215 0.000000000000128 299.996883256894989 1.499984416274438
0.379600000000000 1.000000000000427 0.500000000000214 0.000000000000131 299.996883256894989 1.499984416276623
0.379700000000000 1.000000000000427 0.500000000000215 0.000000000000134 299.996883256895103 1.499984416278111
0.379800000000000 1.000000000000426 0.500000000000215 0.000000000000137 299.996883256895103 1.499984416278935
0.379900000000000 1.000000000000426 0.500000000000215 0.000000000000138 299.996883256895103 1.499984416279100
0.380000000000000 1.000000000000428 0.500000000000215 0.000000000000141 299.996883256895103 1.499984416278380
0.380100000000000 1.000000000000427 0.500000000000215 0.000000000000145 299.996883256895217 1.499984416276786
0.380200000000000 1.000000000000427 0.500000000000216 0.000000000000147 299.996883256895444 1.499984416274366
0.380300000000000 1.000000000000427 0.500000000000216 0.000000000000148 299.996883256895217 1.499984416270933
0.380400000000000 1.000000000000426 0.500000000000215 0.000000000000150 299.996883256895501 1.499984416266633
0.380500000000000 1.000000000000427 0.500000000000215 0.000000000000152 299.996883256895103 1.499984416261273
0.380600000000000 1.000000000000428 0.500000000000216 0.000000000000153 299.996883256895046 1.499984416254788
0.380700000000000 1.000000000000427 0.500000000000215 0.000000000000156 299.996883256895273 1.499984416247355
0.380800000000000 1.000000000000427 0.500000000000216 0.000000000000160 299.996883256895671 1.499984416238776
0.380900000000000 1.000000000000428 0.500000000000216 0.000000000000163 299.996883256895444 1.499984416229132
0.381000000000000 1.000000000000428 0.500000000000215 0.000000000000167 299.996883256895217 1.499984416218470
0.381100000000000 1.000000000000428 0.500000000000215 0.000000000000169 299.996883256896012 1.499984416206735
0.381200000000000 1.000000000000428 0.500000000000215 0.000000000000172 299.996883256895387 1.499984416193899
0.381300000000000 1.000000000000428 0.500000000000216 0.000000000000175 299.996883256895103 1.499984416180014
0.381400000000000 1.000000000000429 0.500000000000216 0.000000000000177 299.996883256895785 1.499984416165115
0.381500000000000 1.000000000000427 0.500000000000216 0.000000000000179 299.996883256895899 1.499984416149278
0.381600000000000 1.000000000000428 0.500000000000216 0.000000000000180 299.996883256895558 1.499984416132476
0.381700000000000 1.000000000000429 0.500000000000216 0.000000000000183 299.996883256895785 1.499984416114751
0.381800000000000 1.000000000000426 0.500000000000215 0.000000000000186 299.996883256895558 1.499984416096220
0.381900000000000 1.000000000000428 0.500000000000216 0.000000000000189 299.996883256895558 1.499984416076845
0.382000000000000 1.000000000000427 0.500000000000217 0.000000000000193 299.996883256895842 1.499984416056710
0.382100000000000 1.000000000000429 0.500000000000216 0.000000000000195 299.996883256896012 1.499984416036043
0.382200000000000 1.000000000000428 0.500000000000217 0.000000000000196 299.996883256896353 1.499984416014729
0.382300000000000 1.000000000000429 0.500000000000216 0.000000000000198 299.996883256895273 1.499984415992878
0.382400000000000 1.000000000000429 0.500000000000216 0.000000000000201 299.996883256896353 1.499984415970655
0.382500000000000 1.000000000000429 0.500000000000217 0.000000000000202 299.996883256895103 1.499984415948022
0.382600000000000 1.000000000000428 0.500000000000217 0.000000000000202 299.996883256895444 1.499984415925155
0.382700000000000 1.000000000000430 0.500000000000217 0.000000000000204 299.996883256895899 1.499984415902176
0.382800000000000 1.000000000000430 0.500000000000217 0.000000000000206 299.996883256896126 1.499984415879122
0.382900000000000 1.000000000000431 0.500000000000217 0.000000000000208 299.996883256895728 1.499984415856087
0.383000000000000 1.000000000000429 0.500000000000217 0.000000000000209 299.996883256896353 1.499984415833135
0.383100000000000 1.000000000000431 0.500000000000217 0.000000000000210 299.996883256895671 1.499984415810489
0.383200000000000 1.000000000000428 0.500000000000217 0.000000000000211 299.996883256896012 1.499984415788130
0.383300000000000 1.000000000000430 0.500000000000218 0.000000000000215 299.996883256896297 1.499984415766170
0.383400000000000 1.000000000000430 0.500000000000218 0.000000000000215 299.996883256895671 1.499984415744780
0.383500000000000 1.000000000000430 0.500000000000218 0.000000000000217 299.996883256896410 1.499984415723981
0.383600000000000 1.000000000000431 0.500000000000217 0.000000000000217 299.996883256896126 1.499984415703953
0.383700000000000 1.000000000000431 0.500000000000218 0.000000000000218 299.996883256896240 1.499984415684644
0.383800000000000 1.000000000000428 0.500000000000218 0.000000000000219 299.996883256895899 1.499984415666241
0.383900000000000 1.000000000000430 0.500000000000219 0.000000000000219 299.996883256896240 1.499984415648805
0.384000000000000 1.000000000000429 0.500000000000218 0.000000000000219 299.996883256896240 1.499984415632503
0.384100000000000 1.000000000000431 0.500000000000218 0.000000000000222 299.996883256895899 1.499984415617329
0.384200000000000 1.000000000000431 0.500000000000218 0.000000000000222 299.996883256895558 1.499984415603301
0.384300000000000 1.000000000000431 0.500000000000218 0.000000000000220 299.996883256895785 1.499984415590598
0.384400000000000 1.000000000000430 0.500000000000218 0.000000000000220 299.996883256896126 1.499984415579154
0.384500000000000 1.000000000000431 0.500000000000218 0.000000000000218 299.996883256896126 1.499984415569164
0.384600000000000 1.000000000000431 0.500000000000218 0.000000000000219 299.996883256896922 1.499984415560574
0.384700000000000 1.000000000000432 0.500000000000218 0.000000000000219 299.996883256896695 1.499984415553490
0.384800000000000 1.000000000000430 0.500000000000219 0.000000000000218 299.996883256895899 1.499984415547858
0.384900000000000 1.000000000000432 0.500000000000219 0.000000000000217 299.996883256896581 1.499984415543820
0.385000000000000 1.000000000000431 0.500000000000219 0.000000000000218 299.996883256896808 1.499984415541284
0.385100000000000 1.000000000000432 0.500000000000219 0.000000000000218 299.996883256896865 1.499984415540343
0.385200000000000 1.000000000000432 0.500000000000219 0.000000000000217 299.996883256896581 1.499984415540963
0.385300000000000 1.000000000000432 0.500000000000219 0.000000000000217 299.996883256896353 1.499984415543169
0.385400000000000 1.000000000000431 0.500000000000219 0.000000000000216 299.996883256896467 1.499984415546932
0.385500000000000 1.000000000000432 0.500000000000219 0.000000000000217 299.996883256896297 1.499984415552193
0.385600000000000 1.000000000000431 0.500000000000219 0.000000000000218 299.996883256896808 1.499984415559016
0.385700000000000 1.000000000000431 0.500000000000219 0.000000000000218 299.996883256896695 1.499984415567265
0.385800000000000 1.000000000000432 0.500000000000219 0.000000000000219 299.996883256896581 1.499984415577009
0.385900000000000 1.000000000000432 0.500000000000219 0.000000000000219 299.996883256897092 1.499984415588156
0.386000000000000 1.000000000000432 0.500000000000220 0.000000000000219 299.996883256897036 1.499984415600577
0.386100000000000 1.000000000000433 0.500000000000220 0.000000000000218 299.996883256896751 1.499984415614302
0.386200000000000 1.000000000000432 0.500000000000220 0.000000000000218 299.996883256896751 1.499984415629281
0.386300000000000 1.000000000000432 0.500000000000220 0.000000000000218 299.996883256896922 1.499984415645424
0.386400000000000 1.000000000000433 0.500000000000221 0.000000000000217 299.996883256896808 1.499984415662569
0.386500000000000 1.000000000000432 0.500000000000220 0.000000000000216 299.996883256897377 1.499984415680780
0.386600000000000 1.000000000000433 0.500000000000220 0.000000000000214 299.996883256897149 1.499984415699864
0.386700000000000 1.000000000000434 0.500000000000220 0.000000000000211 299.996883256896410 1.499984415719823
0.386800000000000 1.000000000000434 0.500000000000221 0.000000000000211 299.996883256897036 1.499984415740414
0.386900000000000 1.000000000000433 0.500000000000220 0.000000000000209 299.996883256896410 1.499984415761754
0.387000000000000 1.000000000000432 0.500000000000220 0.000000000000209 299.996883256898286 1.499984415783607
0.387100000000000 1.000000000000434 0.500000000000221 0.000000000000208 299.996883256897945 1.499984415805825
0.387200000000000 1.000000000000434 0.500000000000221 0.000000000000205 299.996883256897036 1.499984415828466
0.387300000000000 1.000000000000433 0.500000000000222 0.000000000000203 299.996883256898286 1.499984415851275
0.387400000000000 1.000000000000435 0.500000000000221 0.000000000000200 299.996883256898514 1.499984415874361
0.387500000000000 1.000000000000435 0.500000000000220 0.000000000000198 299.996883256896467 1.499984415897424
0.387600000000000 1.000000000000435 0.500000000000221 0.000000000000194 299.996883256898116 1.499984415920441
0.387700000000000 1.000000000000435 0.500000000000221 0.000000000000192 299.996883256896240 1.499984415943306
0.387800000000000 1.000000000000434 0.500000000000222 0.000000000000191 299.996883256898172 1.499984415965934
0.387900000000000 1.000000000000435 0.500000000000222 0.000000000000189 299.996883256897149 1.499984415988297
0.388000000000000 1.000000000000435 0.500000000000221 0.000000000000186 299.996883256897604 1.499984416010216
0.388100000000000 1.000000000000435 0.500000000000222 0.000000000000184 299.996883256897263 1.499984416031610
0.388200000000000 1.000000000000435 0.500000000000222 0.000000000000183 299.996883256897775 1.499984416052511
0.388300000000000 1.000000000000435 0.500000000000222 0.000000000000180 299.996883256898286 1.499984416072719
0.388400000000000 1.000000000000437 0.500000000000223 0.000000000000179 299.996883256898059 1.499984416092186
0.388500000000000 1.000000000000436 0.500000000000222 0.000000000000177 299.996883256898229 1.499984416110932
0.388600000000000 1.000000000000437 0.500000000000223 0.000000000000175 299.996883256897945 1.499984416128799
0.388700000000000 1.000000000000436 0.500000000000222 0.000000000000173 299.996883256897604 1.499984416145814
0.388800000000000 1.000000000000436 0.500000000000223 0.000000000000170 299.996883256897377 1.499984416161869
0.388900000000000 1.000000000000437 0.500000000000223 0.000000000000168 299.996883256898002 1.499984416176941
0.389000000000000 1.000000000000436 0.500000000000223 0.000000000000165 299.996883256897831 1.499984416191035
0.389100000000000 1.000000000000436 0.500000000000223 0.000000000000161 299.996883256897718 1.499984416204090
0.389200000000000 1.000000000000437 0.500000000000223 0.000000000000158 299.996883256898059 1.499984416216059
0.389300000000000 1.000000000000437 0.500000000000223 0.000000000000155 299.996883256898059 1.499984416226983
0.389400000000000 1.000000000000437 0.500000000000223 0.000000000000153 299.996883256898400 1.499984416236801
0.389500000000000 1.000000000000437 0.500000000000223 0.000000000000150 299.996883256898514 1.499984416245583
0.389600000000000 1.000000000000436 0.500000000000223 0.000000000000146 299.996883256897945 1.499984416253278
0.389700000000000 1.000000000000437 0.500000000000223 0.000000000000143 299.996883256898059 1.499984416259895
0.389800000000000 1.000000000000436 0.500000000000223 0.000000000000139 299.996883256897945 1.499984416265472
0.389900000000000 1.000000000000437 0.500000000000224 0.000000000000136 299.996883256898514 1.499984416270054
0.390000000000000 1.000000000000437 0.500000000000223 0.000000000000133 299.996883256898172 1.499984416273651
0.390100000000000 1.000000000000436 0.500000000000223 0.000000000000131 299.996883256898059 1.499984416276263
0.390200000000000 1.000000000000439 0.500000000000224 0.000000000000129 299.996883256898400 1.499984416278008
0.390300000000000 1.000000000000438 0.500000000000224 0.000000000000126 299.996883256898400 1.499984416278871
0.390400000000000 1.000000000000439 0.500000000000224 0.000000000000122 299.996883256898514 1.499984416278960
0.390500000000000 1.000000000000438 0.500000000000224 0.000000000000118 299.996883256898286 1.499984416278245
0.390600000000000 1.000000000000437 0.500000000000224 0.000000000000116 299.996883256898457 1.499984416276862
0.390700000000000 1.000000000000438 0.500000000000223 0.000000000000113 299.996883256898570 1.499984416274817
0.390800000000000 1.000000000000439 0.500000000000224 0.000000000000110 299.996883256898343 1.499984416272195
0.390900000000000 1.000000000000439 0.500000000000224 0.000000000000106 299.996883256898968 1.499984416269093
0.391000000000000 1.000000000000437 0.500000000000225 0.000000000000102 299.996883256898855 1.499984416265518
0.391100000000000 1.000000000000438 0.500000000000224 0.000000000000097 299.996883256898741 1.499984416261551
0.391200000000000 1.000000000000439 0.500000000000225 0.000000000000094 299.996883256898570 1.499984416257314
0.391300000000000 1.000000000000438 0.500000000000225 0.000000000000090 299.996883256898570 1.499984416252835
0.391400000000000 1.000000000000440 0.500000000000224 0.000000000000085 299.996883256898514 1.499984416248240
0.391500000000000 1.000000000000440 0.500000000000224 0.000000000000080 299.996883256898457 1.499984416243478
0.391600000000000 1.000000000000440 0.500000000000225 0.000000000000076 299.996883256898627 1.499984416238649
0.391700000000000 1.000000000000439 0.500000000000225 0.000000000000072 299.996883256898855 1.499984416233910
0.391800000000000 1.000000000000440 0.500000000000225 0.000000000000068 299.996883256898968 1.499984416229201
0.391900000000000 1.000000000000440 0.500000000000226 0.000000000000065 299.996883256899082 1.499984416224722
0.392000000000000 1.000000000000439 0.500000000000225 0.000000000000061 299.996883256898968 1.499984416220446
0.392100000000000 1.000000000000441 0.500000000000225 0.000000000000057 299.996883256899764 1.499984416216351
0.392200000000000 1.000000000000441 0.500000000000225 0.000000000000053 299.996883256898798 1.499984416212679
0.392300000000000 1.000000000000441 0.500000000000226 0.000000000000049 299.996883256900048 1.499984416209223
0.392400000000000 1.000000000000441 0.500000000000226 0.000000000000044 299.996883256899082 1.499984416206231
0.392500000000000 1.000000000000441 0.500000000000225 0.000000000000040 299.996883256899196 1.499984416203728
0.392600000000000 1.000000000000441 0.500000000000226 0.000000000000036 299.996883256899991 1.499984416201561
0.392700000000000 1.000000000000441 0.500000000000225 0.000000000000032 299.996883256899650 1.499984416199942
0.392800000000000 1.000000000000441 0.500000000000226 0.000000000000027 299.996883256898400 1.499984416198791
0.392900000000000 1.000000000000442 0.500000000000225 0.000000000000024 299.996883256899650 1.499984416198235
0.393000000000000 1.000000000000441 0.500000000000226 0.000000000000020 299.996883256899309 1.499984416198046
0.393100000000000 1.000000000000441 0.500000000000226 0.000000000000015 299.996883256899650 1.499984416198523
0.393200000000000 1.000000000000441 0.500000000000226 0.000000000000011 299.996883256899537 1.499984416199431
0.393300000000000 1.000000000000442 0.500000000000226 0.000000000000007 299.996883256899707 1.499984416200861
0.393400000000000 1.000000000000442 0.500000000000226 0.000000000000003 299.996883256899878 1.499984416202798
0.393500000000000 1.000000000000442 0.500000000000226 -0.000000000000001 299.996883256899878 1.499984416205210
0.393600000000000 1.000000000000443 0.500000000000227 -0.000000000000006 299.996883256899935 1.499984416207993
0.393700000000000 1.000000000000440 0.500000000000226 -0.000000000000010 299.996883256899878 1.499984416211265
0.393800000000000 1.000000000000441 0.500000000000226 -0.000000000000014 299.996883256899594 1.499984416214870
0.393900000000000 1.000000000000442 0.500000000000226 -0.000000000000018 299.996883256899878 1.499984416218793
0.394000000000000 1.000000000000442 0.500000000000227 -0.000000000000023 299.996883256900105 1.499984416222956
0.394100000000000 1.000000000000444 0.500000000000227 -0.000000000000028 299.996883256899764 1.499984416227388
0.394200000000000 1.000000000000443 0.500000000000227 -0.000000000000032 299.996883256900105 1.499984416231994
0.394300000000000 1.000000000000445 0.500000000000228 -0.000000000000037 299.996883256900219 1.499984416236735
0.394400000000000 1.000000000000446 0.500000000000227 -0.000000000000042 299.996883256899991 1.499984416241546
0.394500000000000 1.000000000000445 0.500000000000228 -0.000000000000046 299.996883256900105 1.499984416246263
0.394600000000000 1.000000000000445 0.500000000000227 -0.000000000000052 299.996883256900787 1.499984416251016
0.394700000000000 1.000000000000443 0.500000000000227 -0.000000000000058 299.996883256900503 1.499984416255559
0.394800000000000 1.000000000000443 0.500000000000227 -0.000000000000061 299.996883256899650 1.499984416259918
0.394900000000000 1.000000000000444 0.500000000000227 -0.000000000000064 299.996883256900105 1.499984416263979
0.395000000000000 1.000000000000445 0.500000000000227 -0.000000000000067 299.996883256900333 1.499984416267681
0.395100000000000 1.000000000000444 0.500000000000227 -0.000000000000071 299.996883256900503 1.499984416270967
0.395200000000000 1.000000000000446 0.500000000000227 -0.000000000000077 299.996883256900446 1.499984416273801
0.395300000000000 1.000000000000445 0.500000000000227 -0.000000000000082 299.996883256899878 1.499984416276086
0.395400000000000 1.000000000000445 0.500000000000227 -0.000000000000086 299.996883256900560 1.499984416277681
0.395500000000000 1.000000000000445 0.500000000000227 -0.000000000000091 299.996883256900503 1.499984416278709
0.395600000000000 1.000000000000443 0.500000000000228 -0.000000000000095 299.996883256900162 1.499984416278894
0.395700000000000 1.000000000000445 0.500000000000228 -0.000000000000101 299.996883256900446 1.499984416278357
0.395800000000000 1.000000000000444 0.500000000000227 -0.000000000000106 299.996883256900787 1.499984416277002
0.395900000000000 1.000000000000445 0.500000000000227 -0.000000000000110 299.996883256900219 1.499984416274739
0.396000000000000 1.000000000000445 0.500000000000227 -0.000000000000114 299.996883256900730 1.499984416271503
0.396100000000000 1.000000000000445 0.500000000000227 -0.000000000000117 299.996883256901128 1.499984416267314
0.396200000000000 1.000000000000445 0.500000000000227 -0.000000000000119 299.996883256900446 1.499984416262115
0.396300000000000 1.000000000000445 0.500000000000228 -0.000000000000124 299.996883256900730 1.499984416255880
0.396400000000000 1.000000000000445 0.500000000000228 -0.000000000000127 299.996883256900674 1.499984416248598
0.396500000000000 1.000000000000445 0.500000000000227 -0.000000000000130 299.996883256900333 1.499984416240273
0.396600000000000 1.000000000000445 0.500000000000228 -0.000000000000134 299.996883256901128 1.499984416230824
0.396700000000000 1.000000000000446 0.500000000000228 -0.000000000000137 299.996883256900787 1.499984416220351
0.396800000000000 1.000000000000446 0.500000000000227 -0.000000000000138 299.996883256900560 1.499984416208779
0.396900000000000 1.000000000000445 0.500000000000227 -0.000000000000141 299.996883256900730 1.499984416196184
0.397000000000000 1.000000000000446 0.500000000000227 -0.000000000000145 299.996883256901299 1.499984416182479
0.397100000000000 1.000000000000447 0.500000000000228 -0.000000000000147 299.996883256900844 1.499984416167784
0.397200000000000 1.000000000000448 0.500000000000227 -0.000000000000148 299.996883256901356 1.499984416152120
0.397300000000000 1.000000000000447 0.500000000000228 -0.000000000000150 299.996883256901128 1.499984416135499
0.397400000000000 1.000000000000446 0.500000000000228 -0.000000000000150 299.996883256900787 1.499984416117910
0.397500000000000 1.000000000000447 0.500000000000228 -0.000000000000154 299.996883256900787 1.499984416099515
0.397600000000000 1.000000000000448 0.500000000000227 -0.000000000000157 299.996883256899082 1.499984416080345
0.397700000000000 1.000000000000447 0.500000000000228 -0.000000000000159 299.996883256900674 1.499984416060387
0.397800000000000 1.000000000000447 0.500000000000229 -0.000000000000162 299.996883256901469 1.499984416039736
0.397900000000000 1.000000000000447 0.500000000000228 -0.000000000000164 299.996883256901128 1.499984416018566
0.398000000000000 1.000000000000448 0.500000000000228 -0.000000000000168 299.996883256901128 1.499984415996776
0.398100000000000 1.000000000000449 0.500000000000228 -0.000000000000170 299.996883256901526 1.499984415974614
0.398200000000000 1.000000000000448 0.500000000000228 -0.000000000000170 299.996883256901242 1.499984415952059
0.398300000000000 1.000000000000448 0.500000000000227 -0.000000000000172 299.996883256901810 1.499984415929288
0.398400000000000 1.000000000000449 0.500000000000228 -0.000000000000171 299.996883256902038 1.499984415906321
0.398500000000000 1.000000000000447 0.500000000000228 -0.000000000000172 299.996883256902038 1.499984415883265
0.398600000000000 1.000000000000449 0.500000000000228 -0.000000000000175 299.996883256901469 1.499984415860166
0.398700000000000 1.000000000000448 0.500000000000228 -0.000000000000176 299.996883256901697 1.499984415837210
0.398800000000000 1.000000000000449 0.500000000000228 -0.000000000000177 299.996883256901128 1.499984415814498
0.398900000000000 1.000000000000449 0.500000000000228 -0.000000000000177 299.996883256901526 1.499984415792078
0.399000000000000 1.000000000000448 0.500000000000227 -0.000000000000179 299.996883256901356 1.499984415770085
0.399100000000000 1.000000000000448 0.500000000000228 -0.000000000000179 299.996883256901583 1.499984415748525
0.399200000000000 1.000000000000448 0.500000000000228 -0.000000000000181 299.996883256901526 1.499984415727658
0.399300000000000 1.000000000000448 0.500000000000227 -0.000000000000180 299.996883256901469 1.499984415707455
0.399400000000000 1.000000000000448 0.500000000000228 -0.000000000000181 299.996883256901867 1.499984415687986
0.399500000000000 1.000000000000448 0.500000000000227 -0.000000000000181 299.996883256901583 1.499984415669442
0.399600000000000 1.000000000000447 0.500000000000228 -0.000000000000182 299.996883256901242 1.499984415651825
0.399700000000000 1.000000000000448 0.500000000000228 -0.000000000000183 299.996883256901867 1.499984415635279
0.399800000000000 1.000000000000448 0.500000000000228 -0.000000000000183 299.996883256901924 1.499984415619859
0.399900000000000 1.000000000000448 0.500000000000227 -0.000000000000184 299.996883256901754 1.499984415605673
0.400000000000000 1.000000000000448 0.500000000000228 -0.000000000000185 299.996883256901469 1.499984415592655
0.400100000000000 1.000000000000449 0.500000000000227 -0.000000000000184 299.996883256901469 1.499984415581056
0.400200000000000 1.000000000000449 0.500000000000227 -0.000000000000184 299.996883256901924 1.499984415570720
0.400300000000000 1.000000000000448 0.500000000000228 -0.000000000000184 299.996883256901810 1.499984415561882
0.400400000000000 1.000000000000448 0.500000000000228 -0.000000000000184 299.996883256901697 1.499984415554468
0.400500000000000 1.000000000000448 0.500000000000228 -0.000000000000184 299.996883256901924 1.499984415548595
0.400600000000000 1.000000000000450 0.500000000000228 -0.000000000000183 299.996883256901867 1.499984415544241
0.400700000000000 1.000000000000449 0.500000000000228 -0.000000000000184 299.996883256901526 1.499984415541456
0.400800000000000 1.000000000000449 0.500000000000228 -0.000000000000185 299.996883256901924 1.499984415540183
0.400900000000000 1.000000000000449 0.500000000000228 -0.000000000000182 299.996883256901924 1.499984415540528
0.401000000000000 1.000000000000449 0.500000000000228 -0.000000000000182 299.996883256902095 1.499984415542426
0.401100000000000 1.000000000000451 0.500000000000228 -0.000000000000183 299.996883256902322 1.499984415545879
0.401200000000000 1.000000000000451 0.500000000000229 -0.000000000000182 299.996883256902152 1.499984415550848
0.401300000000000 1.000000000000451 0.500000000000228 -0.000000000000180 299.996883256902436 1.499984415557422
0.401400000000000 1.000000000000453 0.500000000000228 -0.000000000000178 299.996883256902152 1.499984415565388
0.401500000000000 1.000000000000451 0.500000000000228 -0.000000000000177 299.996883256902606 1.499984415574919
0.401600000000000 1.000000000000451 0.500000000000229 -0.000000000000177 299.996883256902493 1.499984415585695
0.401700000000000 1.000000000000451 0.500000000000228 -0.000000000000175 299.996883256902493 1.499984415597936
0.401800000000000 1.000000000000452 0.500000000000228 -0.000000000000175 299.996883256902777 1.499984415611432
0.401900000000000 1.000000000000452 0.500000000000228 -0.000000000000172 299.996883256902834 1.499984415626209
0.402000000000000 1.000000000000452 0.500000000000228 -0.000000000000171 299.996883256902549 1.499984415642122
0.402100000000000 1.000000000000452 0.500000000000228 -0.000000000000170 299.996883256902379 1.499984415659088
0.402200000000000 1.000000000000452 0.500000000000228 -0.000000000000168 299.996883256902208 1.499984415677092
0.402300000000000 1.000000000000452 0.500000000000228 -0.000000000000166 299.996883256902663 1.499984415696017
0.402400000000000 1.000000000000452 0.500000000000228 -0.000000000000164 299.996883256902663 1.499984415715794
0.402500000000000 1.000000000000453 0.500000000000228 -0.000000000000165 299.996883256903061 1.499984415736274
0.402600000000000 1.000000000000452 0.500000000000229 -0.000000000000165 299.996883256902322 1.499984415757454
0.402700000000000 1.000000000000453 0.500000000000229 -0.000000000000162 299.996883256902947 1.499984415779159
0.402800000000000 1.000000000000452 0.500000000000228 -0.000000000000163 299.996883256902663 1.499984415801430
0.402900000000000 1.000000000000454 0.500000000000229 -0.000000000000161 299.996883256902890 1.499984415823954
0.403000000000000 1.000000000000454 0.500000000000228 -0.000000000000160 299.996883256903800 1.499984415846799
0.403100000000000 1.000000000000454 0.500000000000229 -0.000000000000158 299.996883256902720 1.499984415869752
0.403200000000000 1.000000000000452 0.500000000000228 -0.000000000000155 299.996883256903743 1.499984415892869
0.403300000000000 1.000000000000453 0.500000000000229 -0.000000000000152 299.996883256902720 1.499984415915872
0.403400000000000 1.000000000000452 0.500000000000228 -0.000000000000150 299.996883256902947 1.499984415938806
0.403500000000000 1.000000000000453 0.500000000000229 -0.000000000000148 299.996883256902834 1.499984415961463
0.403600000000000 1.000000000000453 0.500000000000228 -0.000000000000146 299.996883256903175 1.499984415983950
0.403700000000000 1.000000000000453 0.500000000000229 -0.000000000000146 299.996883256903061 1.499984416005900
0.403800000000000 1.000000000000453 0.500000000000229 -0.000000000000143 299.996883256903629 1.499984416027442
0.403900000000000 1.000000000000455 0.500000000000229 -0.000000000000141 299.996883256902834 1.499984416048404
0.404000000000000 1.000000000000456 0.500000000000229 -0.000000000000136 299.996883256903061 1.499984416068768
0.404100000000000 1.000000000000454 0.500000000000228 -0.000000000000133 299.996883256903288 1.499984416088414
0.404200000000000 1.000000000000456 0.500000000000229 -0.000000000000132 299.996883256903345 1.499984416107268
0.404300000000000 1.000000000000454 0.500000000000229 -0.000000000000128 299.996883256903516 1.499984416125344
0.404400000000000 1.000000000000453 0.500000000000228 -0.000000000000126 299.996883256903004 1.499984416142526
0.404500000000000 1.000000000000455 0.500000000000229 -0.000000000000123 299.996883256903402 1.499984416158719
0.404600000000000 1.000000000000455 0.500000000000229 -0.000000000000119 299.996883256903345 1.499984416174009
0.404700000000000 1.000000000000455 0.500000000000230 -0.000000000000116 299.996883256903345 1.499984416188215
0.404800000000000 1.000000000000455 0.500000000000229 -0.000000000000112 299.996883256903516 1.499984416201460
0.404900000000000 1.000000000000457 0.500000000000229 -0.000000000000109 299.996883256903288 1.499984416213669
0.405000000000000 1.000000000000456 0.500000000000229 -0.000000000000105 299.996883256903629 1.499984416224799
0.405100000000000 1.000000000000455 0.500000000000228 -0.000000000000102 299.996883256903573 1.499984416234874
0.405200000000000 1.000000000000455 0.500000000000229 -0.000000000000099 299.996883256903743 1.499984416243827
0.405300000000000 1.000000000000456 0.500000000000229 -0.000000000000094 299.996883256903914 1.499984416251710
0.405400000000000 1.000000000000455 0.500000000000229 -0.000000000000090 299.996883256903516 1.499984416258527
0.405500000000000 1.000000000000455 0.500000000000229 -0.000000000000087 299.996883256903971 1.499984416264275
0.405600000000000 1.000000000000457 0.500000000000229 -0.000000000000083 299.996883256903857 1.499984416269029
0.405700000000000 1.000000000000457 0.500000000000229 -0.000000000000079 299.996883256903743 1.499984416272856
0.405800000000000 1.000000000000458 0.500000000000229 -0.000000000000075 299.996883256903971 1.499984416275653
0.405900000000000 1.000000000000456 0.500000000000230 -0.000000000000071 299.996883256904198 1.499984416277547
0.406000000000000 1.000000000000457 0.500000000000229 -0.000000000000069 299.996883256904198 1.499984416278582
0.406100000000000 1.000000000000456 0.500000000000229 -0.000000000000064 299.996883256904084 1.499984416278798
0.406200000000000 1.000000000000457 0.500000000000228 -0.000000000000060 299.996883256904084 1.499984416278277
0.406300000000000 1.000000000000457 0.500000000000229 -0.000000000000055 299.996883256904425 1.499984416276945
0.406400000000000 1.000000000000456 0.500000000000229 -0.000000000000052 299.996883256904312 1.499984416275040
0.406500000000000 1.000000000000456 0.500000000000229 -0.000000000000047 299.996883256903800 1.499984416272540
0.406600000000000 1.000000000000455 0.500000000000230 -0.000000000000043 299.996883256903914 1.499984416269451
0.406700000000000 1.000000000000457 0.500000000000230 -0.000000000000037 299.996883256904084 1.499984416265996
0.406800000000000 1.000000000000457 0.500000000000229 -0.000000000000032 299.996883256903857 1.499984416262149
0.406900000000000 1.000000000000458 0.500000000000229 -0.000000000000027 299.996883256904880 1.499984416257952
0.407000000000000 1.000000000000458 0.500000000000230 -0.000000000000024 299.996883256904425 1.499984416253424
0.407100000000000 1.000000000000458 0.500000000000230 -0.000000000000021 299.996883256903857 1.499984416248832
0.407200000000000 1.000000000000458 0.500000000000230 -0.000000000000018 299.996883256904482 1.499984416244116
0.407300000000000 1.000000000000457 0.500000000000230 -0.000000000000012 299.996883256904198 1.499984416239352
0.407400000000000 1.000000000000458 0.500000000000229 -0.000000000000006 299.996883256904766 1.499984416234618
0.407500000000000 1.000000000000458 0.500000000000230 -0.000000000000002 299.996883256904312 1.499984416229895
0.407600000000000 1.000000000000460 0.500000000000230 0.000000000000002 299.996883256904596 1.499984416225384
0.407700000000000 1.000000000000457 0.500000000000230 0.000000000000007 299.996883256904766 1.499984416221005
0.407800000000000 1.000000000000459 0.500000000000230 0.000000000000012 299.996883256904766 1.499984416216859
0.407900000000000 1.000000000000458 0.500000000000230 0.000000000000016 299.996883256904368 1.499984416213120
0.408000000000000 1.000000000000459 0.500000000000230 0.000000000000018 299.996883256904141 1.499984416209662
0.408100000000000 1.000000000000458 0.500000000000230 0.000000000000023 299.996883256904312 1.499984416206599
0.408200000000000 1.000000000000459 0.500000000000230 0.000000000000025 299.996883256904994 1.499984416203969
0.408300000000000 1.000000000000460 0.500000000000231 0.000000000000031 299.996883256904255 1.499984416201712
0.408400000000000 1.000000000000459 0.500000000000230 0.000000000000035 299.996883256905505 1.499984416200009
0.408500000000000 1.000000000000459 0.500000000000230 0.000000000000041 299.996883256904198 1.499984416198785
0.408600000000000 1.000000000000460 0.500000000000231 0.000000000000045 299.996883256905448 1.499984416198058
0.408700000000000 1.000000000000460 0.500000000000231 0.000000000000050 299.996883256904880 1.499984416197837
0.408800000000000 1.000000000000460 0.500000000000231 0.000000000000054 299.996883256904766 1.499984416198178
0.408900000000000 1.000000000000460 0.500000000000231 0.000000000000060 299.996883256905221 1.499984416198962
0.409000000000000 1.000000000000460 0.500000000000231 0.000000000000065 299.996883256904994 1.499984416200348
0.409100000000000 1.000000000000460 0.500000000000231 0.000000000000069 299.996883256904766 1.499984416202184
0.409200000000000 1.000000000000462 0.500000000000231 0.000000000000074 299.996883256905107 1.499984416204494
0.409300000000000 1.000000000000459 0.500000000000231 0.000000000000079 299.996883256905733 1.499984416207237
0.409400000000000 1.000000000000459 0.500000000000231 0.000000000000084 299.996883256905164 1.499984416210401
0.409500000000000 1.000000000000460 0.500000000000231 0.000000000000088 299.996883256905107 1.499984416213934
0.409600000000000 1.000000000000460 0.500000000000231 0.000000000000092 299.996883256904823 1.499984416217799
0.409700000000000 1.000000000000461 0.500000000000231 0.000000000000096 299.996883256905335 1.499984416221985
0.409800000000000 1.000000000000462 0.500000000000232 0.000000000000101 299.996883256904880 1.499984416226338
0.409900000000000 1.000000000000461 0.500000000000231 0.000000000000105 299.996883256905107 1.499984416230953
0.410000000000000 1.000000000000461 0.500000000000231 0.000000000000108 299.996883256905107 1.499984416235651
0.410100000000000 1.000000000000460 0.500000000000231 0.000000000000112 299.996883256904994 1.499984416240384
0.410200000000000 1.000000000000459 0.500000000000231 0.000000000000117 299.996883256905221 1.499984416245212
0.410300000000000 1.000000000000461 0.500000000000231 0.000000000000119 299.996883256904880 1.499984416249939
0.410400000000000 1.000000000000462 0.500000000000231 0.000000000000123 299.996883256905278 1.499984416254527
0.410500000000000 1.000000000000461 0.500000000000232 0.000000000000127 299.996883256905221 1.499984416258870
0.410600000000000 1.000000000000464 0.500000000000231 0.000000000000131 299.996883256905505 1.499984416263040
0.410700000000000 1.000000000000461 0.500000000000231 0.000000000000135 299.996883256905051 1.499984416266824
0.410800000000000 1.000000000000462 0.500000000000232 0.000000000000140 299.996883256905733 1.499984416270232
0.410900000000000 1.000000000000462 0.500000000000232 0.000000000000143 299.996883256905676 1.499984416273143
0.411000000000000 1.000000000000463 0.500000000000232 0.000000000000146 299.996883256906017 1.499984416275500
0.411100000000000 1.000000000000462 0.500000000000232 0.000000000000148 299.996883256905448 1.499984416277265
0.411200000000000 1.000000000000462 0.500000000000233 0.000000000000151 299.996883256906074 1.499984416278340
0.411300000000000 1.000000000000463 0.500000000000231 0.000000000000155 299.996883256905789 1.499984416278810
0.411400000000000 1.000000000000461 0.500000000000232 0.000000000000159 299.996883256905448 1.499984416278392
0.411500000000000 1.000000000000463 0.500000000000233 0.000000000000163 299.996883256905676 1.499984416277118
0.411600000000000 1.000000000000462 0.500000000000233 0.000000000000166 299.996883256905505 1.499984416274971
0.411700000000000 1.000000000000464 0.500000000000233 0.000000000000170 299.996883256905903 1.499984416271962
0.411800000000000 1.000000000000462 0.500000000000233 0.000000000000173 299.996883256905903 1.499984416267958
0.411900000000000 1.000000000000463 0.500000000000233 0.000000000000178 299.996883256905676 1.499984416262978
0.412000000000000 1.000000000000463 0.500000000000233 0.000000000000180 299.996883256906074 1.499984416256921
0.412100000000000 1.000000000000463 0.500000000000233 0.000000000000184 299.996883256906244 1.499984416249884
0.412200000000000 1.000000000000463 0.500000000000233 0.000000000000187 299.996883256905733 1.499984416241714
0.412300000000000 1.000000000000462 0.500000000000233 0.000000000000189 299.996883256905789 1.499984416232503
0.412400000000000 1.000000000000462 0.500000000000233 0.000000000000192 299.996883256905619 1.499984416222193
0.412500000000000 1.000000000000465 0.500000000000234 0.000000000000195 299.996883256906131 1.499984416210853
0.412600000000000 1.000000000000464 0.500000000000233 0.000000000000198 299.996883256906244 1.499984416198437
0.412700000000000 1.000000000000464 0.500000000000234 0.000000000000199 299.996883256905960 1.499984416184952
0.412800000000000 1.000000000000462 0.500000000000234 0.000000000000203 299.996883256906472 1.499984416170416
0.412900000000000 1.000000000000465 0.500000000000234 0.000000000000207 299.996883256906131 1.499984416154923
0.413000000000000 1.000000000000463 0.500000000000234 0.000000000000210 299.996883256906017 1.499984416138482
0.413100000000000 1.000000000000464 0.500000000000234 0.000000000000213 299.996883256905960 1.499984416121118
0.413200000000000 1.000000000000464 0.500000000000234 0.000000000000216 299.996883256906870 1.499984416102873
0.413300000000000 1.000000000000464 0.500000000000234 0.000000000000220 299.996883256907495 1.499984416083807
0.413400000000000 1.000000000000464 0.500000000000234 0.000000000000222 299.996883256905903 1.499984416063972
0.413500000000000 1.000000000000464 0.500000000000234 0.000000000000224 299.996883256906870 1.499984416043487
0.413600000000000 1.000000000000465 0.500000000000234 0.000000000000226 299.996883256905164 1.499984416022401
0.413700000000000 1.000000000000464 0.500000000000234 0.000000000000229 299.996883256907211 1.499984416000755
0.413800000000000 1.000000000000465 0.500000000000235 0.000000000000230 299.996883256906301 1.499984415978620
0.413900000000000 1.000000000000464 0.500000000000235 0.000000000000231 299.996883256907324 1.499984415956158
0.414000000000000 1.000000000000465 0.500000000000235 0.000000000000232 299.996883256906301 1.499984415933401
0.414100000000000 1.000000000000465 0.500000000000235 0.000000000000234 299.996883256906699 1.499984415910422
0.414200000000000 1.000000000000464 0.500000000000234 0.000000000000235 299.996883256906244 1.499984415887414
0.414300000000000 1.000000000000464 0.500000000000235 0.000000000000236 299.996883256906244 1.499984415864314
0.414400000000000 1.000000000000465 0.500000000000235 0.000000000000237 299.996883256906585 1.499984415841339
0.414500000000000 1.000000000000465 0.500000000000236 0.000000000000237 299.996883256906926 1.499984415818553
0.414600000000000 1.000000000000466 0.500000000000235 0.000000000000238 299.996883256906472 1.499984415796052
0.414700000000000 1.000000000000465 0.500000000000235 0.000000000000240 299.996883256905903 1.499984415773973
0.414800000000000 1.000000000000464 0.500000000000235 0.000000000000241 299.996883256906699 1.499984415752388
0.414900000000000 1.000000000000465 0.500000000000236 0.000000000000242 299.996883256906585 1.499984415731322
0.415000000000000 1.000000000000465 0.500000000000235 0.000000000000244 299.996883256906528 1.499984415711000
0.415100000000000 1.000000000000465 0.500000000000236 0.000000000000244 299.996883256906983 1.499984415691364
0.415200000000000 1.000000000000466 0.500000000000235 0.000000000000245 299.996883256906699 1.499984415672661
0.415300000000000 1.000000000000465 0.500000000000235 0.000000000000245 299.996883256906585 1.499984415654900
0.415400000000000 1.000000000000466 0.500000000000235 0.000000000000245 299.996883256906926 1.499984415638182
0.415500000000000 1.000000000000465 0.500000000000235 0.000000000000244 299.996883256906642 1.499984415622528
0.415600000000000 1.000000000000466 0.500000000000236 0.000000000000244 299.996883256906472 1.499984415608054
0.415700000000000 1.000000000000467 0.500000000000235 0.000000000000246 299.996883256906699 1.499984415594848
0.415800000000000 1.000000000000467 0.500000000000237 0.000000000000244 299.996883256907267 1.499984415582905
0.415900000000000 1.000000000000466 0.500000000000237 0.000000000000244 299.996883256907267 1.499984415572336
0.416000000000000 1.000000000000467 0.500000000000236 0.000000000000243 299.996883256907381 1.499984415563252
0.416100000000000 1.000000000000468 0.500000000000236 0.000000000000243 299.996883256907722 1.499984415555588
0.416200000000000 1.000000000000467 0.500000000000237 0.000000000000243 299.996883256907211 1.499984415549424
0.416300000000000 1.000000000000468 0.500000000000237 0.000000000000244 299.996883256907893 1.499984415544789
0.416400000000000 1.000000000000468 0.500000000000237 0.000000000000245 299.996883256907893 1.499984415541670
0.416500000000000 1.000000000000469 0.500000000000237 0.000000000000245 299.996883256907495 1.499984415540102
0.416600000000000 1.000000000000467 0.500000000000238 0.000000000000245 299.996883256907665 1.499984415540123
0.416700000000000 1.000000000000467 0.500000000000237 0.000000000000243 299.996883256908063 1.499984415541747
0.416800000000000 1.000000000000468 0.500000000000237 0.000000000000242 299.996883256907495 1.499984415544919
0.416900000000000 1.000000000000470 0.500000000000238 0.000000000000243 299.996883256907552 1.499984415549594
0.417000000000000 1.000000000000469 0.500000000000239 0.000000000000244 299.996883256907608 1.499984415555813
0.417100000000000 1.000000000000469 0.500000000000238 0.000000000000244 299.996883256907950 1.499984415563584
0.417200000000000 1.000000000000470 0.500000000000238 0.000000000000245 299.996883256907608 1.499984415572796
0.417300000000000 1.000000000000469 0.500000000000239 0.000000000000243 299.996883256908177 1.499984415583332
0.417400000000000 1.000000000000469 0.500000000000239 0.000000000000242 299.996883256907665 1.499984415595295
0.417500000000000 1.000000000000471 0.500000000000239 0.000000000000241 299.996883256908177 1.499984415608595
0.417600000000000 1.000000000000471 0.500000000000239 0.000000000000238 299.996883256907836 1.499984415623107
0.417700000000000 1.000000000000470 0.500000000000239 0.000000000000238 299.996883256907950 1.499984415638786
0.417800000000000 1.000000000000471 0.500000000000239 0.000000000000237 299.996883256908518 1.499984415655627
0.417900000000000 1.000000000000471 0.500000000000240 0.000000000000236 299.996883256908120 1.499984415673369
0.418000000000000 1.000000000000470 0.500000000000239 0.000000000000235 299.996883256908291 1.499984415692177
0.418100000000000 1.000000000000471 0.500000000000240 0.000000000000234 299.996883256908063 1.499984415711799
0.418200000000000 1.000000000000471 0.500000000000240 0.000000000000231 299.996883256908859 1.499984415732173
0.418300000000000 1.000000000000470 0.500000000000240 0.000000000000230 299.996883256908291 1.499984415753201
0.418400000000000 1.000000000000471 0.500000000000240 0.000000000000228 299.996883256908347 1.499984415774859
0.418500000000000 1.000000000000472 0.500000000000239 0.000000000000225 299.996883256909200 1.499984415797002
0.418600000000000 1.000000000000471 0.500000000000240 0.000000000000223 299.996883256908916 1.499984415819531
0.418700000000000 1.000000000000471 0.500000000000240 0.000000000000221 299.996883256908177 1.499984415842285
0.418800000000000 1.000000000000471 0.500000000000240 0.000000000000218 299.996883256908859 1.499984415865238
0.418900000000000 1.000000000000472 0.500000000000240 0.000000000000216 299.996883256908859 1.499984415888338
0.419000000000000 1.000000000000471 0.500000000000240 0.000000000000215 299.996883256908745 1.499984415911374
0.419100000000000 1.000000000000472 0.500000000000240 0.000000000000214 299.996883256908632 1.499984415934362
0.419200000000000 1.000000000000472 0.500000000000241 0.000000000000212 299.996883256909200 1.499984415957097
0.419300000000000 1.000000000000473 0.500000000000240 0.000000000000209 299.996883256908859 1.499984415979533
0.419400000000000 1.000000000000471 0.500000000000241 0.000000000000207 299.996883256909200 1.499984416001586
0.419500000000000 1.000000000000473 0.500000000000241 0.000000000000204 299.996883256908973 1.499984416023254
0.419600000000000 1.000000000000474 0.500000000000241 0.000000000000201 299.996883256909314 1.499984416044363
0.419700000000000 1.000000000000472 0.500000000000242 0.000000000000198 299.996883256909314 1.499984416064767
0.419800000000000 1.000000000000475 0.500000000000241 0.000000000000194 299.996883256908632 1.499984416084542
0.419900000000000 1.000000000000474 0.500000000000241 0.000000000000190 299.996883256908973 1.499984416103573
0.420000000000000 1.000000000000474 0.500000000000241 0.000000000000187 299.996883256908859 1.499984416121811
0.420100000000000 1.000000000000474 0.500000000000242 0.000000000000185 299.996883256909200 1.499984416139131
0.420200000000000 1.000000000000474 0.500000000000241 0.000000000000184 299.996883256909086 1.499984416155538
0.420300000000000 1.000000000000475 0.500000000000242 0.000000000000181 299.996883256908859 1.499984416170982
0.420400000000000 1.000000000000474 0.500000000000242 0.000000000000177 299.996883256909655 1.499984416185453
0.420500000000000 1.000000000000476 0.500000000000242 0.000000000000174 299.996883256909257 1.499984416198891
0.420600000000000 1.000000000000476 0.500000000000242 0.000000000000170 299.996883256909598 1.499984416211273
0.420700000000000 1.000000000000475 0.500000000000241 0.000000000000165 299.996883256908859 1.499984416222658
0.420800000000000 1.000000000000475 0.500000000000242 0.000000000000162 299.996883256909314 1.499984416232836
0.420900000000000 1.000000000000474 0.500000000000243 0.000000000000159 299.996883256910110 1.499984416241960
0.421000000000000 1.000000000000476 0.500000000000243 0.000000000000156 299.996883256909541 1.499984416250032
0.421100000000000 1.000000000000477 0.500000000000242 0.000000000000151 299.996883256909769 1.499984416257103
0.421200000000000 1.000000000000475 0.500000000000243 0.000000000000147 299.996883256910223 1.499984416263049
0.421300000000000 1.000000000000477 0.500000000000243 0.000000000000143 299.996883256909655 1.499984416268012
0.421400000000000 1.000000000000476 0.500000000000243 0.000000000000139 299.996883256909939 1.499984416271991
0.421500000000000 1.000000000000476 0.500000000000243 0.000000000000136 299.996883256909882 1.499984416275000
0.421600000000000 1.000000000000476 0.500000000000243 0.000000000000133 299.996883256909882 1.499984416277079
0.421700000000000 1.000000000000476 0.500000000000243 0.000000000000129 299.996883256909996 1.499984416278242
0.421800000000000 1.000000000000476 0.500000000000243 0.000000000000125 299.996883256910394 1.499984416278604
0.421900000000000 1.000000000000476 0.500000000000243 0.000000000000122 299.996883256909769 1.499984416278170
0.422000000000000 1.000000000000478 0.500000000000243 0.000000000000118 299.996883256909769 1.499984416277054
0.422100000000000 1.000000000000476 0.500000000000244 0.000000000000116 299.996883256909655 1.499984416275211
0.422200000000000 1.000000000000476 0.500000000000243 0.000000000000112 299.996883256910337 1.499984416272855
0.422300000000000 1.000000000000477 0.500000000000243 0.000000000000110 299.996883256910053 1.499984416269913
0.422400000000000 1.000000000000477 0.500000000000244 0.000000000000105 299.996883256909939 1.499984416266459
0.422500000000000 1.000000000000476 0.500000000000244 0.000000000000102 299.996883256909882 1.499984416262653
0.422600000000000 1.000000000000477 0.500000000000244 0.000000000000098 299.996883256909882 1.499984416258535
0.422700000000000 1.000000000000476 0.500000000000243 0.000000000000094 299.996883256910110 1.499984416254171
0.422800000000000 1.000000000000478 0.500000000000244 0.000000000000090 299.996883256909996 1.499984416249531
0.422900000000000 1.000000000000477 0.500000000000244 0.000000000000086 299.996883256910451 1.499984416244854
0.423000000000000 1.000000000000478 0.500000000000244 0.000000000000082 299.996883256910792 1.499984416240016
0.423100000000000 1.000000000000479 0.500000000000244 0.000000000000078 299.996883256910223 1.499984416235263
0.423200000000000 1.000000000000478 0.500000000000244 0.000000000000073 299.996883256910053 1.499984416230534
0.423300000000000 1.000000000000478 0.500000000000245 0.000000000000069 299.996883256911019 1.499984416225942
0.423400000000000 1.000000000000479 0.500000000000244 0.000000000000064 299.996883256910905 1.499984416221598
0.423500000000000 1.000000000000477 0.500000000000244 0.000000000000061 299.996883256910678 1.499984416217439
0.423600000000000 1.000000000000478 0.500000000000244 0.000000000000057 299.996883256911019 1.499984416213571
0.423700000000000 1.000000000000479 0.500000000000244 0.000000000000053 299.996883256910223 1.499984416210085
0.423800000000000 1.000000000000479 0.500000000000245 0.000000000000048 299.996883256910564 1.499984416206910
0.423900000000000 1.000000000000479 0.500000000000245 0.000000000000041 299.996883256911133 1.499984416204169
0.424000000000000 1.000000000000478 0.500000000000244 0.000000000000039 299.996883256910905 1.499984416201905
0.424100000000000 1.000000000000479 0.500000000000244 0.000000000000034 299.996883256909427 1.499984416200107
0.424200000000000 1.000000000000479 0.500000000000244 0.000000000000029 299.996883256911474 1.499984416198779
0.424300000000000 1.000000000000479 0.500000000000245 0.000000000000024 299.996883256910451 1.499984416197982
0.424400000000000 1.000000000000480 0.500000000000245 0.000000000000020 299.996883256910792 1.499984416197652
0.424500000000000 1.000000000000479 0.500000000000245 0.000000000000017 299.996883256911019 1.499984416197866
0.424600000000000 1.000000000000479 0.500000000000245 0.000000000000013 299.996883256911019 1.499984416198626
0.424700000000000 1.000000000000479 0.500000000000245 0.000000000000009 299.996883256910678 1.499984416199889
0.424800000000000 1.000000000000479 0.500000000000245 0.000000000000005 299.996883256910792 1.499984416201608
0.424900000000000 1.000000000000479 0.500000000000245 0.000000000000002 299.996883256910792 1.499984416203836
0.425000000000000 1.000000000000479 0.500000000000245 -0.000000000000002 299.996883256911133 1.499984416206471
0.425100000000000 1.000000000000481 0.500000000000245 -0.000000000000006 299.996883256910905 1.499984416209541
0.425200000000000 1.000000000000479 0.500000000000245 -0.000000000000008 299.996883256910905 1.499984416213002
0.425300000000000 1.000000000000481 0.500000000000246 -0.000000000000012 299.996883256911133 1.499984416216822
0.425400000000000 1.000000000000481 0.500000000000245 -0.000000000000016 299.996883256911360 1.499984416220943
0.425500000000000 1.000000000000481 0.500000000000245 -0.000000000000019 299.996883256910792 1.499984416225321
0.425600000000000 1.000000000000481 0.500000000000245 -0.000000000000023 299.996883256911701 1.499984416229877
0.425700000000000 1.000000000000480 0.500000000000246 -0.000000000000025 299.996883256911246 1.499984416234499
0.425800000000000 1.000000000000480 0.500000000000246 -0.000000000000028 299.996883256911588 1.499984416239330
0.425900000000000 1.000000000000480 0.500000000000245 -0.000000000000033 299.996883256911588 1.499984416244082
0.426000000000000 1.000000000000483 0.500000000000246 -0.000000000000037 299.996883256911815 1.499984416248783
0.426100000000000 1.000000000000482 0.500000000000246 -0.000000000000041 299.996883256911701 1.499984416253448
0.426200000000000 1.000000000000482 0.500000000000245 -0.000000000000045 299.996883256911474 1.499984416257900
0.426300000000000 1.000000000000480 0.500000000000247 -0.000000000000049 299.996883256911246 1.499984416261999
0.426400000000000 1.000000000000482 0.500000000000246 -0.000000000000053 299.996883256911872 1.499984416265890
0.426500000000000 1.000000000000481 0.500000000000245 -0.000000000000058 299.996883256911133 1.499984416269373
0.426600000000000 1.000000000000480 0.500000000000245 -0.000000000000063 299.996883256911474 1.499984416272413
0.426700000000000 1.000000000000480 0.500000000000246 -0.000000000000068 299.996883256911588 1.499984416274876
0.426800000000000 1.000000000000480 0.500000000000246 -0.000000000000071 299.996883256911303 1.499984416276754
0.426900000000000 1.000000000000480 0.500000000000245 -0.000000000000074 299.996883256911588 1.499984416278025
0.427000000000000 1.000000000000482 0.500000000000245 -0.000000000000076 299.996883256911815 1.499984416278566
0.427100000000000 1.000000000000481 0.500000000000246 -0.000000000000080 299.996883256911246 1.499984416278295
0.427200000000000 1.000000000000483 0.500000000000246 -0.000000000000084 299.996883256911588 1.499984416277191
0.427300000000000 1.000000000000483 0.500000000000246 -0.000000000000088 299.996883256911360 1.499984416275265
0.427400000000000 1.000000000000484 0.500000000000246 -0.000000000000093 299.996883256911360 1.499984416272449
0.427500000000000 1.000000000000482 0.500000000000246 -0.000000000000095 299.996883256911815 1.499984416268609
0.427600000000000 1.000000000000483 0.500000000000246 -0.000000000000097 299.996883256911588 1.499984416263799
0.427700000000000 1.000000000000482 0.500000000000245 -0.000000000000101 299.996883256911929 1.499984416257970
0.427800000000000 1.000000000000483 0.500000000000246 -0.000000000000105 299.996883256910849 1.499984416251027
0.427900000000000 1.000000000000482 0.500000000000246 -0.000000000000108 299.996883256911929 1.499984416243115
0.428000000000000 1.000000000000483 0.500000000000247 -0.000000000000112 299.996883256911531 1.499984416234083
0.428100000000000 1.000000000000483 0.500000000000245 -0.000000000000114 299.996883256911929 1.499984416224081
0.428200000000000 1.000000000000483 0.500000000000246 -0.000000000000118 299.996883256911360 1.499984416212873
0.428300000000000 1.000000000000483 0.500000000000247 -0.000000000000121 299.996883256911815 1.499984416200601
0.428400000000000 1.000000000000483 0.500000000000246 -0.000000000000125 299.996883256912042 1.499984416187345
0.428500000000000 1.000000000000483 0.500000000000246 -0.000000000000126 299.996883256911929 1.499984416173056
0.428600000000000 1.000000000000485 0.500000000000247 -0.000000000000129 299.996883256912383 1.499984416157699
0.428700000000000 1.000000000000484 0.500000000000246 -0.000000000000132 299.996883256912440 1.499984416141429
0.428800000000000 1.000000000000484 0.500000000000246 -0.000000000000135 299.996883256911815 1.499984416124204
0.428900000000000 1.000000000000485 0.500000000000247 -0.000000000000138 299.996883256911588 1.499984416106087
0.429000000000000 1.000000000000485 0.500000000000246 -0.000000000000141 299.996883256912383 1.499984416087227
0.429100000000000 1.000000000000484 0.500000000000246 -0.000000000000144 299.996883256912099 1.499984416067548
0.429200000000000 1.000000000000484 0.500000000000247 -0.000000000000147 299.996883256912042 1.499984416047139
0.429300000000000 1.000000000000484 0.500000000000247 -0.000000000000150 299.996883256911417 1.499984416026156
0.429400000000000 1.000000000000484 0.500000000000247 -0.000000000000155 299.996883256912611 1.499984416004620
0.429500000000000 1.000000000000485 0.500000000000246 -0.000000000000157 299.996883256911929 1.499984415982607
0.429600000000000 1.000000000000486 0.500000000000246 -0.000000000000161 299.996883256911815 1.499984415960153
0.429700000000000 1.000000000000485 0.500000000000247 -0.000000000000164 299.996883256912611 1.499984415937438
0.429800000000000 1.000000000000485 0.500000000000246 -0.000000000000165 299.996883256913179 1.499984415914551
0.429900000000000 1.000000000000485 0.500000000000246 -0.000000000000168 299.996883256912838 1.499984415891505
0.430000000000000 1.000000000000485 0.500000000000247 -0.000000000000171 299.996883256912099 1.499984415868392
0.430100000000000 1.000000000000486 0.500000000000247 -0.000000000000172 299.996883256912952 1.499984415845405
0.430200000000000 1.000000000000485 0.500000000000246 -0.000000000000174 299.996883256913350 1.499984415822633
0.430300000000000 1.000000000000487 0.500000000000247 -0.000000000000176 299.996883256913065 1.499984415800053
0.430400000000000 1.000000000000486 0.500000000000247 -0.000000000000177 299.996883256913293 1.499984415777844
0.430500000000000 1.000000000000487 0.500000000000247 -0.000000000000177 299.996883256913065 1.499984415756128
0.430600000000000 1.000000000000487 0.500000000000248 -0.000000000000178 299.996883256912838 1.499984415734947
0.430700000000000 1.000000000000487 0.500000000000247 -0.000000000000179 299.996883256912611 1.499984415714512
0.430800000000000 1.000000000000486 0.500000000000247 -0.000000000000180 299.996883256913065 1.499984415694740
0.430900000000000 1.000000000000487 0.500000000000247 -0.000000000000180 299.996883256913293 1.499984415675898
0.431000000000000 1.000000000000487 0.500000000000248 -0.000000000000181 299.996883256913634 1.499984415657924
0.431100000000000 1.000000000000488 0.500000000000248 -0.000000000000181 299.996883256913861 1.499984415640936
0.431200000000000 1.000000000000487 0.500000000000247 -0.000000000000183 299.996883256913122 1.499984415625131
0.431300000000000 1.000000000000488 0.500000000000247 -0.000000000000184 299.996883256913179 1.499984415610395
0.431400000000000 1.000000000000488 0.500000000000247 -0.000000000000184 299.996883256913293 1.499984415596990
0.431500000000000 1.000000000000486 0.500000000000247 -0.000000000000185 299.996883256912497 1.499984415584802
0.431600000000000 1.000000000000488 0.500000000000248 -0.000000000000187 299.996883256913179 1.499984415573998
0.431700000000000 1.000000000000488 0.500000000000247 -0.000000000000188 299.996883256913634 1.499984415564598
0.431800000000000 1.000000000000489 0.500000000000247 -0.000000000000190 299.996883256913179 1.499984415556710
0.431900000000000 1.000000000000488 0.500000000000247 -0.000000000000191 299.996883256913577 1.499984415550228
0.432000000000000 1.000000000000489 0.500000000000247 -0.000000000000191 299.996883256913520 1.499984415545274
0.432100000000000 1.000000000000488 0.500000000000247 -0.000000000000191 299.996883256912611 1.499984415541910
0.432200000000000 1.000000000000487 0.500000000000247 -0.000000000000191 299.996883256913634 1.499984415540039
0.432300000000000 1.000000000000488 0.500000000000247 -0.000000000000192 299.996883256912724 1.499984415539769
0.432400000000000 1.000000000000489 0.500000000000248 -0.000000000000193 299.996883256913748 1.499984415541072
0.432500000000000 1.000000000000488 0.500000000000247 -0.000000000000192 299.996883256913691 1.499984415544011
0.432600000000000 1.000000000000488 0.500000000000246 -0.000000000000192 299.996883256913918 1.499984415548442
0.432700000000000 1.000000000000489 0.500000000000247 -0.000000000000191 299.996883256913520 1.499984415554366
0.432800000000000 1.000000000000489 0.500000000000247 -0.000000000000192 299.996883256913122 1.499984415561839
0.432900000000000 1.000000000000488 0.500000000000247 -0.000000000000191 299.996883256913122 1.499984415570756
0.433000000000000 1.000000000000488 0.500000000000246 -0.000000000000190 299.996883256913861 1.499984415581104
0.433100000000000 1.000000000000488 0.500000000000247 -0.000000000000188 299.996883256913748 1.499984415592770
0.433200000000000 1.000000000000489 0.500000000000247 -0.000000000000186 299.996883256913463 1.499984415605832
0.433300000000000 1.000000000000488 0.500000000000247 -0.000000000000184 299.996883256913407 1.499984415620110
0.433400000000000 1.000000000000487 0.500000000000246 -0.000000000000183 299.996883256913748 1.499984415635622
0.433500000000000 1.000000000000487 0.500000000000247 -0.000000000000183 299.996883256914089 1.499984415652170
0.433600000000000 1.000000000000490 0.500000000000247 -0.000000000000181 299.996883256913520 1.499984415669820
0.433700000000000 1.000000000000489 0.500000000000247 -0.000000000000180 299.996883256913861 1.499984415688403
0.433800000000000 1.000000000000489 0.500000000000247 -0.000000000000179 299.996883256913975 1.499984415707858
0.433900000000000 1.000000000000489 0.500000000000247 -0.000000000000177 299.996883256914032 1.499984415728105
0.434000000000000 1.000000000000489 0.500000000000248 -0.000000000000175 299.996883256913861 1.499984415749030
0.434100000000000 1.000000000000489 0.500000000000248 -0.000000000000173 299.996883256913691 1.499984415770554
0.434200000000000 1.000000000000490 0.500000000000247 -0.000000000000173 299.996883256913407 1.499984415792614
0.434300000000000 1.000000000000489 0.500000000000248 -0.000000000000171 299.996883256914998 1.499984415815033
0.434400000000000 1.000000000000490 0.500000000000247 -0.000000000000170 299.996883256913520 1.499984415837796
0.434500000000000 1.000000000000489 0.500000000000247 -0.000000000000168 299.996883256914828 1.499984415860738
0.434600000000000 1.000000000000491 0.500000000000247 -0.000000000000167 299.996883256914941 1.499984415883800
0.434700000000000 1.000000000000491 0.500000000000247 -0.000000000000166 299.996883256914430 1.499984415906827
0.434800000000000 1.000000000000491 0.500000000000248 -0.000000000000164 299.996883256914316 1.499984415929820
0.434900000000000 1.000000000000491 0.500000000000247 -0.000000000000162 299.996883256914202 1.499984415952647
0.435000000000000 1.000000000000490 0.500000000000247 -0.000000000000160 299.996883256914202 1.499984415975130
0.435100000000000 1.000000000000490 0.500000000000247 -0.000000000000159 299.996883256914487 1.499984415997317
0.435200000000000 1.000000000000491 0.500000000000247 -0.000000000000156 299.996883256914430 1.499984416019031
0.435300000000000 1.000000000000490 0.500000000000248 -0.000000000000155 299.996883256914543 1.499984416040188
0.435400000000000 1.000000000000492 0.500000000000247 -0.000000000000153 299.996883256914316 1.499984416060786
0.435500000000000 1.000000000000491 0.500000000000248 -0.000000000000152 299.996883256914202 1.499984416080699
0.435600000000000 1.000000000000492 0.500000000000247 -0.000000000000148 299.996883256914828 1.499984416099877
0.435700000000000 1.000000000000490 0.500000000000248 -0.000000000000144 299.996883256914430 1.499984416118224
0.435800000000000 1.000000000000491 0.500000000000247 -0.000000000000141 299.996883256914771 1.499984416135782
0.435900000000000 1.000000000000491 0.500000000000247 -0.000000000000141 299.996883256914543 1.499984416152354
0.436000000000000 1.000000000000493 0.500000000000247 -0.000000000000137 299.996883256914771 1.499984416167962
0.436100000000000 1.000000000000493 0.500000000000247 -0.000000000000133 299.996883256914771 1.499984416182610
0.436200000000000 1.000000000000494 0.500000000000248 -0.000000000000131 299.996883256914714 1.499984416196230
0.436300000000000 1.000000000000491 0.500000000000247 -0.000000000000128 299.996883256914430 1.499984416208821
0.436400000000000 1.000000000000492 0.500000000000247 -0.000000000000125 299.996883256914884 1.499984416220367
0.436500000000000 1.000000000000492 0.500000000000248 -0.000000000000120 299.996883256914884 1.499984416230802
0.436600000000000 1.000000000000491 0.500000000000248 -0.000000000000117 299.996883256914430 1.499984416240174
0.436700000000000 1.000000000000492 0.500000000000247 -0.000000000000115 299.996883256914657 1.499984416248459
0.436800000000000 1.000000000000492 0.500000000000248 -0.000000000000113 299.996883256914884 1.499984416255659
0.436900000000000 1.000000000000492 0.500000000000248 -0.000000000000110 299.996883256914884 1.499984416261827
0.437000000000000 1.000000000000493 0.500000000000248 -0.000000000000106 299.996883256914998 1.499984416266956
0.437100000000000 1.000000000000494 0.500000000000248 -0.000000000000101 299.996883256915282 1.499984416271119
0.437200000000000 1.000000000000494 0.500000000000248 -0.000000000000099 299.996883256915339 1.499984416274281
0.437300000000000 1.000000000000493 0.500000000000249 -0.000000000000095 299.996883256915055 1.499984416276489
0.437400000000000 1.000000000000493 0.500000000000248 -0.000000000000091 299.996883256914771 1.499984416277884
0.437500000000000 1.000000000000493 0.500000000000247 -0.000000000000088 299.996883256915339 1.499984416278447
0.437600000000000 1.000000000000494 0.500000000000248 -0.000000000000083 299.996883256914771 1.499984416278134
0.437700000000000 1.000000000000493 0.500000000000248 -0.000000000000079 299.996883256914714 1.499984416277083
0.437800000000000 1.000000000000494 0.500000000000248 -0.000000000000076 299.996883256915055 1.499984416275433
0.437900000000000 1.000000000000493 0.500000000000248 -0.000000000000071 299.996883256914884 1.499984416273133
0.438000000000000 1.000000000000494 0.500000000000249 -0.000000000000068 299.996883256915794 1.499984416270269
0.438100000000000 1.000000000000495 0.500000000000248 -0.000000000000063 299.996883256915339 1.499984416266959
0.438200000000000 1.000000000000494 0.500000000000248 -0.000000000000059 299.996883256915226 1.499984416263189
0.438300000000000 1.000000000000495 0.500000000000248 -0.000000000000056 299.996883256915567 1.499984416259166
0.438400000000000 1.000000000000496 0.500000000000248 -0.000000000000052 299.996883256915453 1.499984416254792
0.438500000000000 1.000000000000495 0.500000000000248 -0.000000000000048 299.996883256915567 1.499984416250187
0.438600000000000 1.000000000000494 0.500000000000249 -0.000000000000045 299.996883256915339 1.499984416245517
0.438700000000000 1.000000000000494 0.500000000000248 -0.000000000000042 299.996883256915282 1.499984416240734
0.438800000000000 1.000000000000495 0.500000000000248 -0.000000000000038 299.996883256915453 1.499984416235978
0.438900000000000 1.000000000000495 0.500000000000248 -0.000000000000035 299.996883256915794 1.499984416231229
0.439000000000000 1.000000000000496 0.500000000000248 -0.000000000000033 299.996883256915396 1.499984416226646
0.439100000000000 1.000000000000496 0.500000000000249 -0.000000000000028 299.996883256915226 1.499984416222196
0.439200000000000 1.000000000000496 0.500000000000249 -0.000000000000024 299.996883256915567 1.499984416217987
0.439300000000000 1.000000000000496 0.500000000000249 -0.000000000000019 299.996883256916931 1.499984416214066
0.439400000000000 1.000000000000495 0.500000000000249 -0.000000000000014 299.996883256916249 1.499984416210509
0.439500000000000 1.000000000000495 0.500000000000249 -0.000000000000010 299.996883256914998 1.499984416207264
0.439600000000000 1.000000000000496 0.500000000000250 -0.000000000000006 299.996883256915226 1.499984416204417
0.439700000000000 1.000000000000495 0.500000000000248 -0.000000000000004 299.996883256915623 1.499984416202162
0.439800000000000 1.000000000000497 0.500000000000249 0.000000000000000 299.996883256915282 1.499984416200193
0.439900000000000 1.000000000000496 0.500000000000249 0.000000000000005 299.996883256914998 1.499984416198769
0.440000000000000 1.000000000000497 0.500000000000249 0.000000000000007 299.996883256915567 1.499984416197877
0.440100000000000 1.000000000000496 0.500000000000248 0.000000000000011 299.996883256915794 1.499984416197525
0.440200000000000 1.000000000000495 0.500000000000249 0.000000000000016 299.996883256915908 1.499984416197572
0.440300000000000 1.000000000000497 0.500000000000248 0.000000000000019 299.996883256916021 1.499984416198268
0.440400000000000 1.000000000000497 0.500000000000249 0.000000000000022 299.996883256915908 1.499984416199404
0.440500000000000 1.000000000000497 0.500000000000249 0.000000000000027 299.996883256915794 1.499984416201058
0.440600000000000 1.000000000000497 0.500000000000249 0.000000000000032 299.996883256916249 1.499984416203225
0.440700000000000 1.000000000000497 0.500000000000249 0.000000000000035 299.996883256916192 1.499984416205792
0.440800000000000 1.000000000000497 0.500000000000249 0.000000000000040 299.996883256915908 1.499984416208766
0.440900000000000 1.000000000000497 0.500000000000249 0.000000000000044 299.996883256916021 1.499984416212217
0.441000000000000 1.000000000000497 0.500000000000249 0.000000000000047 299.996883256916021 1.499984416215898
0.441100000000000 1.000000000000497 0.500000000000249 0.000000000000051 299.996883256915453 1.499984416220001
0.441200000000000 1.000000000000496 0.500000000000249 0.000000000000057 299.996883256916647 1.499984416224311
0.441300000000000 1.000000000000498 0.500000000000249 0.000000000000060 299.996883256915737 1.499984416228818
0.441400000000000 1.000000000000498 0.500000000000249 0.000000000000065 299.996883256916135 1.499984416233492
0.441500000000000 1.000000000000496 0.500000000000249 0.000000000000070 299.996883256916135 1.499984416238257
0.441600000000000 1.000000000000497 0.500000000000249 0.000000000000074 299.996883256916078 1.499984416243043
0.441700000000000 1.000000000000498 0.500000000000250 0.000000000000078 299.996883256916703 1.499984416247759
0.441800000000000 1.000000000000497 0.500000000000250 0.000000000000082 299.996883256916419 1.499984416252378
0.441900000000000 1.000000000000498 0.500000000000250 0.000000000000087 299.996883256916135 1.499984416256903
0.442000000000000 1.000000000000497 0.500000000000250 0.000000000000089 299.996883256916135 1.499984416261105
0.442100000000000 1.000000000000497 0.500000000000250 0.000000000000093 299.996883256916476 1.499984416265053
0.442200000000000 1.000000000000498 0.500000000000250 0.000000000000098 299.996883256916419 1.499984416268586
0.442300000000000 1.000000000000499 0.500000000000250 0.000000000000102 299.996883256916476 1.499984416271689
0.442400000000000 1.000000000000497 0.500000000000250 0.000000000000105 299.996883256916249 1.499984416274299
0.442500000000000 1.000000000000498 0.500000000000250 0.000000000000109 299.996883256917158 1.499984416276272
0.442600000000000 1.000000000000498 0.500000000000250 0.000000000000113 299.996883256917101 1.499984416277669
0.442700000000000 1.000000000000499 0.500000000000250 0.000000000000117 299.996883256916817 1.499984416278294
0.442800000000000 1.000000000000498 0.500000000000251 0.000000000000121 299.996883256916476 1.499984416278171
0.442900000000000 1.000000000000498 0.500000000000251 0.000000000000123 299.996883256916533 1.499984416277285
0.443000000000000 1.000000000000498 0.500000000000251 0.000000000000126 299.996883256916760 1.499984416275540
0.443100000000000 1.000000000000498 0.500000000000251 0.000000000000130 299.996883256916703 1.499984416272828
0.443200000000000 1.000000000000500 0.500000000000251 0.000000000000134 299.996883256917329 1.499984416269198
0.443300000000000 1.000000000000500 0.500000000000251 0.000000000000138 299.996883256916647 1.499984416264568
0.443400000000000 1.000000000000499 0.500000000000251 0.000000000000142 299.996883256916590 1.499984416258890
0.443500000000000 1.000000000000500 0.500000000000251 0.000000000000145 299.996883256916988 1.499984416252260
0.443600000000000 1.000000000000499 0.500000000000251 0.000000000000149 299.996883256916988 1.499984416244493
0.443700000000000 1.000000000000499 0.500000000000252 0.000000000000153 299.996883256916249 1.499984416235668
0.443800000000000 1.000000000000500 0.500000000000251 0.000000000000158 299.996883256917272 1.499984416225829
0.443900000000000 1.000000000000499 0.500000000000251 0.000000000000161 299.996883256916874 1.499984416214880
0.444000000000000 1.000000000000499 0.500000000000251 0.000000000000164 299.996883256916874 1.499984416202801
0.444100000000000 1.000000000000501 0.500000000000252 0.000000000000167 299.996883256917044 1.499984416189676
0.444200000000000 1.000000000000500 0.500000000000252 0.000000000000168 299.996883256917215 1.499984416175624
0.444300000000000 1.000000000000501 0.500000000000252 0.000000000000170 299.996883256916931 1.499984416160483
0.444400000000000 1.000000000000501 0.500000000000252 0.000000000000174 299.996883256917613 1.499984416144388
0.444500000000000 1.000000000000500 0.500000000000252 0.000000000000178 299.996883256918409 1.499984416127350
0.444600000000000 1.000000000000502 0.500000000000253 0.000000000000181 299.996883256917272 1.499984416109374
0.444700000000000 1.000000000000502 0.500000000000252 0.000000000000184 299.996883256917840 1.499984416090668
0.444800000000000 1.000000000000500 0.500000000000252 0.000000000000187 299.996883256918181 1.499984416071135
0.444900000000000 1.000000000000502 0.500000000000252 0.000000000000188 299.996883256917215 1.499984416050880
0.445000000000000 1.000000000000502 0.500000000000252 0.000000000000190 299.996883256917215 1.499984416029990
0.445100000000000 1.000000000000503 0.500000000000253 0.000000000000192 299.996883256917442 1.499984416008491
0.445200000000000 1.000000000000501 0.500000000000253 0.000000000000194 299.996883256917954 1.499984415986544
0.445300000000000 1.000000000000502 0.500000000000253 0.000000000000197 299.996883256918522 1.499984415964238
0.445400000000000 1.000000000000504 0.500000000000253 0.000000000000199 299.996883256918409 1.499984415941545
0.445500000000000 1.000000000000502 0.500000000000253 0.000000000000202 299.996883256917840 1.499984415918651
0.445600000000000 1.000000000000503 0.500000000000253 0.000000000000205 299.996883256918181 1.499984415895643
0.445700000000000 1.000000000000502 0.500000000000253 0.000000000000207 299.996883256918068 1.499984415872558
0.445800000000000 1.000000000000504 0.500000000000254 0.000000000000210 299.996883256918409 1.499984415849549
0.445900000000000 1.000000000000503 0.500000000000254 0.000000000000213 299.996883256917840 1.499984415826645
0.446000000000000 1.000000000000504 0.500000000000254 0.000000000000215 299.996883256918181 1.499984415804065
0.446100000000000 1.000000000000504 0.500000000000254 0.000000000000217 299.996883256917954 1.499984415781792
0.446200000000000 1.000000000000503 0.500000000000254 0.000000000000221 299.996883256918636 1.499984415760008
0.446300000000000 1.000000000000503 0.500000000000254 0.000000000000222 299.996883256918011 1.499984415738752
0.446400000000000 1.000000000000504 0.500000000000254 0.000000000000224 299.996883256918636 1.499984415718124
0.446500000000000 1.000000000000505 0.500000000000255 0.000000000000227 299.996883256918863 1.499984415698226
0.446600000000000 1.000000000000504 0.500000000000254 0.000000000000231 299.996883256918295 1.499984415679203
0.446700000000000 1.000000000000506 0.500000000000255 0.000000000000231 299.996883256918409 1.499984415661015
0.446800000000000 1.000000000000505 0.500000000000255 0.000000000000232 299.996883256918522 1.499984415643864
0.446900000000000 1.000000000000506 0.500000000000255 0.000000000000233 299.996883256918295 1.499984415627832
0.447000000000000 1.000000000000506 0.500000000000255 0.000000000000236 299.996883256918522 1.499984415612891
0.447100000000000 1.000000000000506 0.500000000000255 0.000000000000238 299.996883256918181 1.499984415599208
0.447200000000000 1.000000000000505 0.500000000000254 0.000000000000240 299.996883256918522 1.499984415586844
0.447300000000000 1.000000000000505 0.500000000000255 0.000000000000238 299.996883256918352 1.499984415575726
0.447400000000000 1.000000000000505 0.500000000000255 0.000000000000240 299.996883256918068 1.499984415566074
0.447500000000000 1.000000000000505 0.500000000000256 0.000000000000242 299.996883256918750 1.499984415557835
0.447600000000000 1.000000000000507 0.500000000000255 0.000000000000244 299.996883256918409 1.499984415551149
0.447700000000000 1.000000000000505 0.500000000000256 0.000000000000245 299.996883256919091 1.499984415545907
0.447800000000000 1.000000000000506 0.500000000000256 0.000000000000245 299.996883256918920 1.499984415542220
0.447900000000000 1.000000000000505 0.500000000000256 0.000000000000246 299.996883256918352 1.499984415540083
0.448000000000000 1.000000000000505 0.500000000000256 0.000000000000245 299.996883256918750 1.499984415539538
0.448100000000000 1.000000000000506 0.500000000000256 0.000000000000243 299.996883256918466 1.499984415540555
0.448200000000000 1.000000000000505 0.500000000000256 0.000000000000244 299.996883256918352 1.499984415543136
0.448300000000000 1.000000000000507 0.500000000000256 0.000000000000244 299.996883256918522 1.499984415547249
0.448400000000000 1.000000000000505 0.500000000000256 0.000000000000244 299.996883256918693 1.499984415552948
0.448500000000000 1.000000000000506 0.500000000000256 0.000000000000244 299.996883256918977 1.499984415560114
0.448600000000000 1.000000000000507 0.500000000000257 0.000000000000245 299.996883256919034 1.499984415568733
0.448700000000000 1.000000000000506 0.500000000000256 0.000000000000244 299.996883256919205 1.499984415578832
0.448800000000000 1.000000000000505 0.500000000000256 0.000000000000244 299.996883256919034 1.499984415590268
0.448900000000000 1.000000000000506 0.500000000000257 0.000000000000244 299.996883256918636 1.499984415603090
0.449000000000000 1.000000000000506 0.500000000000257 0.000000000000243 299.996883256918750 1.499984415617134
0.449100000000000 1.000000000000507 0.500000000000256 0.000000000000242 299.996883256919546 1.499984415632387
0.449200000000000 1.000000000000507 0.500000000000257 0.000000000000241 299.996883256919034 1.499984415648774
0.449300000000000 1.000000000000507 0.500000000000257 0.000000000000240 299.996883256919205 1.499984415666211
0.449400000000000 1.000000000000507 0.500000000000257 0.000000000000239 299.996883256919205 1.499984415684665
0.449500000000000 1.000000000000506 0.500000000000258 0.000000000000239 299.996883256919659 1.499984415703905
0.449600000000000 1.000000000000508 0.500000000000258 0.000000000000240 299.996883256919375 1.499984415724029
0.449700000000000 1.000000000000508 0.500000000000258 0.000000000000239 299.996883256918863 1.499984415744865
0.449800000000000 1.000000000000509 0.500000000000258 0.000000000000237 299.996883256918863 1.499984415766292
0.449900000000000 1.000000000000509 0.500000000000257 0.000000000000236 299.996883256919091 1.499984415788231
0.450000000000000 1.000000000000509 0.500000000000257 0.000000000000234 299.996883256919432 1.499984415810590
0.450100000000000 1.000000000000509 0.500000000000258 0.000000000000232 299.996883256918863 1.499984415833314
0.450200000000000 1.000000000000508 0.500000000000258 0.000000000000232 299.996883256917840 1.499984415856220
0.450300000000000 1.000000000000508 0.500000000000257 0.000000000000230 299.996883256917954 1.499984415879265
0.450400000000000 1.000000000000508 0.500000000000258 0.000000000000228 299.996883256919944 1.499984415902342
0.450500000000000 1.000000000000508 0.500000000000258 0.000000000000224 299.996883256918977 1.499984415925300
0.450600000000000 1.000000000000507 0.500000000000258 0.000000000000223 299.996883256918920 1.499984415948145
0.450700000000000 1.000000000000508 0.500000000000258 0.000000000000223 299.996883256919659 1.499984415970739
0.450800000000000 1.000000000000509 0.500000000000258 0.000000000000223 299.996883256919318 1.499984415992998
0.450900000000000 1.000000000000509 0.500000000000259 0.000000000000223 299.996883256919432 1.499984416014756
0.451000000000000 1.000000000000508 0.500000000000258 0.000000000000220 299.996883256919432 1.499984416036114
0.451100000000000 1.000000000000509 0.500000000000259 0.000000000000218 299.996883256919432 1.499984416056787
0.451200000000000 1.000000000000508 0.500000000000259 0.000000000000215 299.996883256919830 1.499984416076808
0.451300000000000 1.000000000000507 0.500000000000258 0.000000000000211 299.996883256919318 1.499984416096123
0.451400000000000 1.000000000000508 0.500000000000259 0.000000000000210 299.996883256919432 1.499984416114669
0.451500000000000 1.000000000000509 0.500000000000258 0.000000000000206 299.996883256919773 1.499984416132354
0.451600000000000 1.000000000000509 0.500000000000259 0.000000000000203 299.996883256920000 1.499984416149078
0.451700000000000 1.000000000000509 0.500000000000259 0.000000000000201 299.996883256919887 1.499984416164936
0.451800000000000 1.000000000000510 0.500000000000259 0.000000000000199 299.996883256920000 1.499984416179769
0.451900000000000 1.000000000000508 0.500000000000259 0.000000000000196 299.996883256919602 1.499984416193598
0.452000000000000 1.000000000000510 0.500000000000259 0.000000000000194 299.996883256920455 1.499984416206339
0.452100000000000 1.000000000000509 0.500000000000259 0.000000000000192 299.996883256920341 1.499984416218086
0.452200000000000 1.000000000000510 0.500000000000260 0.000000000000188 299.996883256920114 1.499984416228683
0.452300000000000 1.000000000000510 0.500000000000260 0.000000000000185 299.996883256920341 1.499984416238297
0.452400000000000 1.000000000000511 0.500000000000259 0.000000000000181 299.996883256920341 1.499984416246810
0.452500000000000 1.000000000000510 0.500000000000260 0.000000000000177 299.996883256919659 1.499984416254184
0.452600000000000 1.000000000000509 0.500000000000261 0.000000000000175 299.996883256920341 1.499984416260512
0.452700000000000 1.000000000000511 0.500000000000260 0.000000000000171 299.996883256920512 1.499984416265920
0.452800000000000 1.000000000000510 0.500000000000260 0.000000000000168 299.996883256919944 1.499984416270217
0.452900000000000 1.000000000000510 0.500000000000260 0.000000000000165 299.996883256920171 1.499984416273642
0.453000000000000 1.000000000000511 0.500000000000261 0.000000000000161 299.996883256920796 1.499984416275970
0.453100000000000 1.000000000000512 0.500000000000260 0.000000000000159 299.996883256920512 1.499984416277569
0.453200000000000 1.000000000000511 0.500000000000261 0.000000000000157 299.996883256920455 1.499984416278146
0.453300000000000 1.000000000000512 0.500000000000261 0.000000000000153 299.996883256920569 1.499984416278013
0.453400000000000 1.000000000000511 0.500000000000260 0.000000000000149 299.996883256920228 1.499984416277187
0.453500000000000 1.000000000000512 0.500000000000261 0.000000000000145 299.996883256920455 1.499984416275606
0.453600000000000 1.000000000000511 0.500000000000261 0.000000000000141 299.996883256920796 1.499984416273391
0.453700000000000 1.000000000000511 0.500000000000261 0.000000000000139 299.996883256920228 1.499984416270630
0.453800000000000 1.000000000000511 0.500000000000261 0.000000000000135 299.996883256920114 1.499984416267434
0.453900000000000 1.000000000000512 0.500000000000260 0.000000000000132 299.996883256920228 1.499984416263778
0.454000000000000 1.000000000000510 0.500000000000261 0.000000000000129 299.996883256920512 1.499984416259772
0.454100000000000 1.000000000000512 0.500000000000261 0.000000000000124 299.996883256920512 1.499984416255442
0.454200000000000 1.000000000000512 0.500000000000262 0.000000000000121 299.996883256920455 1.499984416250880
0.454300000000000 1.000000000000512 0.500000000000261 0.000000000000117 299.996883256921024 1.499984416246228
0.454400000000000 1.000000000000513 0.500000000000261 0.000000000000113 299.996883256920967 1.499984416241505
0.454500000000000 1.000000000000512 0.500000000000261 0.000000000000108 299.996883256920341 1.499984416236708
0.454600000000000 1.000000000000513 0.500000000000262 0.000000000000105 299.996883256920967 1.499984416231907
0.454700000000000 1.000000000000514 0.500000000000262 0.000000000000100 299.996883256921308 1.499984416227306
0.454800000000000 1.000000000000512 0.500000000000262 0.000000000000096 299.996883256920682 1.499984416222830
0.454900000000000 1.000000000000514 0.500000000000262 0.000000000000091 299.996883256920285 1.499984416218573
0.455000000000000 1.000000000000513 0.500000000000262 0.000000000000086 299.996883256921365 1.499984416214596
0.455100000000000 1.000000000000513 0.500000000000262 0.000000000000081 299.996883256921080 1.499984416210971
0.455200000000000 1.000000000000514 0.500000000000261 0.000000000000077 299.996883256921592 1.499984416207686
0.455300000000000 1.000000000000514 0.500000000000262 0.000000000000073 299.996883256920569 1.499984416204787
0.455400000000000 1.000000000000514 0.500000000000262 0.000000000000068 299.996883256922047 1.499984416202315
0.455500000000000 1.000000000000514 0.500000000000262 0.000000000000062 299.996883256920341 1.499984416200331
0.455600000000000 1.000000000000514 0.500000000000262 0.000000000000059 299.996883256919432 1.499984416198783
0.455700000000000 1.000000000000514 0.500000000000262 0.000000000000055 299.996883256921819 1.499984416197811
0.455800000000000 1.000000000000516 0.500000000000262 0.000000000000052 299.996883256922786 1.499984416197338
0.455900000000000 1.000000000000512 0.500000000000262 0.000000000000048 299.996883256920682 1.499984416197359
0.456000000000000 1.000000000000514 0.500000000000262 0.000000000000044 299.996883256921478 1.499984416197914
0.456100000000000 1.000000000000514 0.500000000000262 0.000000000000040 299.996883256921478 1.499984416198960
0.456200000000000 1.000000000000513 0.500000000000262 0.000000000000033 299.996883256921478 1.499984416200508
0.456300000000000 1.000000000000514 0.500000000000263 0.000000000000029 299.996883256921649 1.499984416202527
0.456400000000000 1.000000000000514 0.500000000000262 0.000000000000024 299.996883256921478 1.499984416205081
0.456500000000000 1.000000000000515 0.500000000000262 0.000000000000021 299.996883256921478 1.499984416208018
0.456600000000000 1.000000000000514 0.500000000000262 0.000000000000015 299.996883256921990 1.499984416211319
0.456700000000000 1.000000000000515 0.500000000000262 0.000000000000010 299.996883256921365 1.499984416214990
0.456800000000000 1.000000000000514 0.500000000000263 0.000000000000004 299.996883256920910 1.499984416219005
0.456900000000000 1.000000000000514 0.500000000000263 0.000000000000001 299.996883256921137 1.499984416223254
0.457000000000000 1.000000000000516 0.500000000000262 -0.000000000000003 299.996883256921706 1.499984416227794
0.457100000000000 1.000000000000514 0.500000000000264 -0.000000000000007 299.996883256921251 1.499984416232346
0.457200000000000 1.000000000000515 0.500000000000263 -0.000000000000011 299.996883256921706 1.499984416237154
0.457300000000000 1.000000000000515 0.500000000000263 -0.000000000000016 299.996883256921365 1.499984416241880
0.457400000000000 1.000000000000516 0.500000000000263 -0.000000000000020 299.996883256921819 1.499984416246686
0.457500000000000 1.000000000000516 0.500000000000263 -0.000000000000024 299.996883256921478 1.499984416251362
0.457600000000000 1.000000000000515 0.500000000000263 -0.000000000000028 299.996883256921706 1.499984416255852
0.457700000000000 1.000000000000516 0.500000000000263 -0.000000000000031 299.996883256921706 1.499984416260149
0.457800000000000 1.000000000000515 0.500000000000263 -0.000000000000033 299.996883256921535 1.499984416264151
0.457900000000000 1.000000000000516 0.500000000000263 -0.000000000000039 299.996883256921706 1.499984416267764
0.458000000000000 1.000000000000516 0.500000000000263 -0.000000000000043 299.996883256922160 1.499984416270941
0.458100000000000 1.000000000000514 0.500000000000263 -0.000000000000048 299.996883256922104 1.499984416273600
0.458200000000000 1.000000000000516 0.500000000000263 -0.000000000000051 299.996883256921990 1.499984416275797
0.458300000000000 1.000000000000514 0.500000000000263 -0.000000000000056 299.996883256921990 1.499984416277245
0.458400000000000 1.000000000000516 0.500000000000263 -0.000000000000061 299.996883256922104 1.499984416278030
0.458500000000000 1.000000000000516 0.500000000000263 -0.000000000000065 299.996883256921933 1.499984416278100
0.458600000000000 1.000000000000516 0.500000000000263 -0.000000000000070 299.996883256922615 1.499984416277340
0.458700000000000 1.000000000000516 0.500000000000263 -0.000000000000071 299.996883256921819 1.499984416275703
0.458800000000000 1.000000000000516 0.500000000000263 -0.000000000000076 299.996883256922047 1.499984416273258
0.458900000000000 1.000000000000516 0.500000000000263 -0.000000000000081 299.996883256922160 1.499984416269747
0.459000000000000 1.000000000000518 0.500000000000263 -0.000000000000086 299.996883256921592 1.499984416265340
0.459100000000000 1.000000000000517 0.500000000000263 -0.000000000000090 299.996883256922388 1.499984416259874
0.459200000000000 1.000000000000515 0.500000000000264 -0.000000000000092 299.996883256921706 1.499984416253359
0.459300000000000 1.000000000000517 0.500000000000263 -0.000000000000097 299.996883256922331 1.499984416245863
0.459400000000000 1.000000000000516 0.500000000000264 -0.000000000000101 299.996883256922160 1.499984416237226
0.459500000000000 1.000000000000516 0.500000000000263 -0.000000000000106 299.996883256921706 1.499984416227559
0.459600000000000 1.000000000000517 0.500000000000264 -0.000000000000109 299.996883256922047 1.499984416216800
0.459700000000000 1.000000000000516 0.500000000000264 -0.000000000000113 299.996883256922331 1.499984416204944
0.459800000000000 1.000000000000517 0.500000000000263 -0.000000000000117 299.996883256922217 1.499984416192108
0.459900000000000 1.000000000000517 0.500000000000264 -0.000000000000122 299.996883256922729 1.499984416178135
0.460000000000000 1.000000000000519 0.500000000000264 -0.000000000000126 299.996883256922445 1.499984416163172
0.460100000000000 1.000000000000519 0.500000000000264 -0.000000000000128 299.996883256922388 1.499984416147291
0.460200000000000 1.000000000000518 0.500000000000264 -0.000000000000131 299.996883256922729 1.499984416130399
0.460300000000000 1.000000000000518 0.500000000000264 -0.000000000000134 299.996883256922160 1.499984416112637
0.460400000000000 1.000000000000517 0.500000000000264 -0.000000000000137 299.996883256922843 1.499984416094042
0.460500000000000 1.000000000000518 0.500000000000264 -0.000000000000141 299.996883256923127 1.499984416074676
0.460600000000000 1.000000000000518 0.500000000000264 -0.000000000000144 299.996883256922501 1.499984416054511
0.460700000000000 1.000000000000518 0.500000000000264 -0.000000000000147 299.996883256921706 1.499984416033754
0.460800000000000 1.000000000000518 0.500000000000264 -0.000000000000151 299.996883256922672 1.499984416012390
0.460900000000000 1.000000000000517 0.500000000000264 -0.000000000000153 299.996883256921706 1.499984415990531
0.461000000000000 1.000000000000518 0.500000000000264 -0.000000000000158 299.996883256922729 1.499984415968234
0.461100000000000 1.000000000000518 0.500000000000264 -0.000000000000161 299.996883256923297 1.499984415945642
0.461200000000000 1.000000000000517 0.500000000000264 -0.000000000000164 299.996883256922956 1.499984415922799
0.461300000000000 1.000000000000519 0.500000000000264 -0.000000000000169 299.996883256922615 1.499984415899775
0.461400000000000 1.000000000000519 0.500000000000263 -0.000000000000173 299.996883256922615 1.499984415876728
0.461500000000000 1.000000000000519 0.500000000000264 -0.000000000000176 299.996883256922615 1.499984415853703
0.461600000000000 1.000000000000519 0.500000000000264 -0.000000000000179 299.996883256922501 1.499984415830744
0.461700000000000 1.000000000000520 0.500000000000264 -0.000000000000181 299.996883256922843 1.499984415808098
0.461800000000000 1.000000000000519 0.500000000000264 -0.000000000000183 299.996883256923070 1.499984415785792
0.461900000000000 1.000000000000519 0.500000000000265 -0.000000000000185 299.996883256922843 1.499984415763846
0.462000000000000 1.000000000000520 0.500000000000265 -0.000000000000187 299.996883256922956 1.499984415742439
0.462100000000000 1.000000000000518 0.500000000000263 -0.000000000000189 299.996883256922786 1.499984415721783
0.462200000000000 1.000000000000519 0.500000000000264 -0.000000000000189 299.996883256922843 1.499984415701735
0.462300000000000 1.000000000000520 0.500000000000263 -0.000000000000191 299.996883256922615 1.499984415682526
0.462400000000000 1.000000000000520 0.500000000000264 -0.000000000000194 299.996883256922899 1.499984415664176
0.462500000000000 1.000000000000521 0.500000000000264 -0.000000000000196 299.996883256922956 1.499984415646860
0.462600000000000 1.000000000000520 0.500000000000264 -0.000000000000195 299.996883256922729 1.499984415630577
0.462700000000000 1.000000000000521 0.500000000000264 -0.000000000000196 299.996883256923297 1.499984415615466
0.462800000000000 1.000000000000521 0.500000000000264 -0.000000000000198 299.996883256923525 1.499984415601528
0.462900000000000 1.000000000000520 0.500000000000264 -0.000000000000198 299.996883256923525 1.499984415588818
0.463000000000000 1.000000000000520 0.500000000000264 -0.000000000000201 299.996883256922843 1.499984415577512
0.463100000000000 1.000000000000522 0.500000000000264 -0.000000000000202 299.996883256923354 1.499984415567614
0.463200000000000 1.000000000000522 0.500000000000264 -0.000000000000201 299.996883256923184 1.499984415559129
0.463300000000000 1.000000000000522 0.500000000000265 -0.000000000000201 299.996883256923411 1.499984415552080
0.463400000000000 1.000000000000523 0.500000000000264 -0.000000000000200 299.996883256923979 1.499984415546594
0.463500000000000 1.000000000000521 0.500000000000263 -0.000000000000200 299.996883256923184 1.499984415542638
0.463600000000000 1.000000000000522 0.500000000000264 -0.000000000000199 299.996883256923866 1.499984415540187
0.463700000000000 1.000000000000521 0.500000000000265 -0.000000000000199 299.996883256923411 1.499984415539300
0.463800000000000 1.000000000000522 0.500000000000264 -0.000000000000199 299.996883256923297 1.499984415540059
0.463900000000000 1.000000000000524 0.500000000000264 -0.000000000000200 299.996883256923638 1.499984415542379
0.464000000000000 1.000000000000522 0.500000000000264 -0.000000000000199 299.996883256923240 1.499984415546206
0.464100000000000 1.000000000000522 0.500000000000264 -0.000000000000198 299.996883256923752 1.499984415551613
0.464200000000000 1.000000000000524 0.500000000000264 -0.000000000000199 299.996883256923525 1.499984415558454
0.464300000000000 1.000000000000524 0.500000000000264 -0.000000000000199 299.996883256923695 1.499984415566840
0.464400000000000 1.000000000000523 0.500000000000264 -0.000000000000200 299.996883256923866 1.499984415576668
0.464500000000000 1.000000000000522 0.500000000000264 -0.000000000000199 299.996883256923354 1.499984415587862
0.464600000000000 1.000000000000522 0.500000000000264 -0.000000000000199 299.996883256923297 1.499984415600395
0.464700000000000 1.000000000000523 0.500000000000265 -0.000000000000199 299.996883256923923 1.499984415614203
0.464800000000000 1.000000000000523 0.500000000000264 -0.000000000000199 299.996883256923923 1.499984415629268
0.464900000000000 1.000000000000524 0.500000000000264 -0.000000000000198 299.996883256924093 1.499984415645427
0.465000000000000 1.000000000000522 0.500000000000265 -0.000000000000198 299.996883256924434 1.499984415662682
0.465100000000000 1.000000000000524 0.500000000000264 -0.000000000000196 299.996883256924207 1.499984415680931
0.465200000000000 1.000000000000524 0.500000000000264 -0.000000000000195 299.996883256923866 1.499984415700066
0.465300000000000 1.000000000000523 0.500000000000264 -0.000000000000195 299.996883256924207 1.499984415720075
0.465400000000000 1.000000000000524 0.500000000000265 -0.000000000000194 299.996883256923979 1.499984415740710
0.465500000000000 1.000000000000524 0.500000000000265 -0.000000000000193 299.996883256924775 1.499984415762037
0.465600000000000 1.000000000000524 0.500000000000264 -0.000000000000191 299.996883256923752 1.499984415783902
0.465700000000000 1.000000000000524 0.500000000000265 -0.000000000000189 299.996883256923809 1.499984415806133
0.465800000000000 1.000000000000525 0.500000000000265 -0.000000000000189 299.996883256924207 1.499984415828822
0.465900000000000 1.000000000000525 0.500000000000265 -0.000000000000188 299.996883256925003 1.499984415851726
0.466000000000000 1.000000000000526 0.500000000000265 -0.000000000000187 299.996883256923866 1.499984415874700
0.466100000000000 1.000000000000524 0.500000000000264 -0.000000000000187 299.996883256924377 1.499984415897810
0.466200000000000 1.000000000000526 0.500000000000265 -0.000000000000186 299.996883256924662 1.499984415920817
0.466300000000000 1.000000000000526 0.500000000000265 -0.000000000000183 299.996883256925230 1.499984415943663
0.466400000000000 1.000000000000525 0.500000000000265 -0.000000000000182 299.996883256924775 1.499984415966331
0.466500000000000 1.000000000000527 0.500000000000265 -0.000000000000181 299.996883256924093 1.499984415988631
0.466600000000000 1.000000000000524 0.500000000000265 -0.000000000000179 299.996883256924775 1.499984416010563
0.466700000000000 1.000000000000525 0.500000000000265 -0.000000000000178 299.996883256925116 1.499984416031945
0.466800000000000 1.000000000000527 0.500000000000265 -0.000000000000176 299.996883256924548 1.499984416052766
0.466900000000000 1.000000000000527 0.500000000000265 -0.000000000000175 299.996883256924775 1.499984416072944
0.467000000000000 1.000000000000527 0.500000000000265 -0.000000000000172 299.996883256924775 1.499984416092362
0.467100000000000 1.000000000000527 0.500000000000265 -0.000000000000170 299.996883256925344 1.499984416111025
0.467200000000000 1.000000000000525 0.500000000000265 -0.000000000000166 299.996883256924889 1.499984416128866
0.467300000000000 1.000000000000526 0.500000000000265 -0.000000000000162 299.996883256925287 1.499984416145822
0.467400000000000 1.000000000000527 0.500000000000265 -0.000000000000159 299.996883256924775 1.499984416161827
0.467500000000000 1.000000000000528 0.500000000000265 -0.000000000000156 299.996883256925116 1.499984416176847
0.467600000000000 1.000000000000527 0.500000000000265 -0.000000000000153 299.996883256924946 1.499984416190885
0.467700000000000 1.000000000000527 0.500000000000265 -0.000000000000152 299.996883256925003 1.499984416203870
0.467800000000000 1.000000000000527 0.500000000000266 -0.000000000000148 299.996883256925116 1.499984416215716
0.467900000000000 1.000000000000526 0.500000000000265 -0.000000000000144 299.996883256925059 1.499984416226628
0.468000000000000 1.000000000000527 0.500000000000265 -0.000000000000141 299.996883256925230 1.499984416236384
0.468100000000000 1.000000000000528 0.500000000000265 -0.000000000000136 299.996883256924889 1.499984416245045
0.468200000000000 1.000000000000527 0.500000000000265 -0.000000000000134 299.996883256925457 1.499984416252669
0.468300000000000 1.000000000000528 0.500000000000265 -0.000000000000129 299.996883256925003 1.499984416259253
0.468400000000000 1.000000000000528 0.500000000000265 -0.000000000000127 299.996883256925003 1.499984416264785
0.468500000000000 1.000000000000527 0.500000000000266 -0.000000000000123 299.996883256925230 1.499984416269305
0.468600000000000 1.000000000000527 0.500000000000265 -0.000000000000121 299.996883256925003 1.499984416272860
0.468700000000000 1.000000000000526 0.500000000000265 -0.000000000000117 299.996883256925344 1.499984416275430
0.468800000000000 1.000000000000528 0.500000000000266 -0.000000000000112 299.996883256925344 1.499984416277072
0.468900000000000 1.000000000000527 0.500000000000265 -0.000000000000108 299.996883256925685 1.499984416277917
0.469000000000000 1.000000000000528 0.500000000000265 -0.000000000000104 299.996883256925344 1.499984416277931
0.469100000000000 1.000000000000528 0.500000000000265 -0.000000000000099 299.996883256925116 1.499984416277212
0.469200000000000 1.000000000000529 0.500000000000265 -0.000000000000097 299.996883256925798 1.499984416275752
0.469300000000000 1.000000000000528 0.500000000000265 -0.000000000000092 299.996883256925798 1.499984416273694
0.469400000000000 1.000000000000528 0.500000000000266 -0.000000000000087 299.996883256925514 1.499984416271017
0.469500000000000 1.000000000000526 0.500000000000266 -0.000000000000083 299.996883256925855 1.499984416267847
0.469600000000000 1.000000000000527 0.500000000000264 -0.000000000000077 299.996883256925912 1.499984416264353
0.469700000000000 1.000000000000529 0.500000000000266 -0.000000000000071 299.996883256925514 1.499984416260333
0.469800000000000 1.000000000000528 0.500000000000265 -0.000000000000068 299.996883256925287 1.499984416256086
0.469900000000000 1.000000000000529 0.500000000000265 -0.000000000000064 299.996883256925628 1.499984416251587
0.470000000000000 1.000000000000529 0.500000000000265 -0.000000000000058 299.996883256925742 1.499984416246953
0.470100000000000 1.000000000000529 0.500000000000266 -0.000000000000054 299.996883256925798 1.499984416242143
0.470200000000000 1.000000000000530 0.500000000000266 -0.000000000000050 299.996883256925798 1.499984416237384
0.470300000000000 1.000000000000529 0.500000000000265 -0.000000000000045 299.996883256926083 1.499984416232630
0.470400000000000 1.000000000000530 0.500000000000265 -0.000000000000041 299.996883256925912 1.499984416227997
0.470500000000000 1.000000000000530 0.500000000000266 -0.000000000000038 299.996883256926083 1.499984416223469
0.470600000000000 1.000000000000530 0.500000000000266 -0.000000000000033 299.996883256925742 1.499984416219154
0.470700000000000 1.000000000000531 0.500000000000266 -0.000000000000028 299.996883256925628 1.499984416215154
0.470800000000000 1.000000000000532 0.500000000000266 -0.000000000000023 299.996883256926822 1.499984416211431
0.470900000000000 1.000000000000531 0.500000000000266 -0.000000000000018 299.996883256925514 1.499984416208064
0.471000000000000 1.000000000000530 0.500000000000266 -0.000000000000014 299.996883256926594 1.499984416205137
0.471100000000000 1.000000000000531 0.500000000000266 -0.000000000000009 299.996883256926253 1.499984416202552
0.471200000000000 1.000000000000530 0.500000000000267 -0.000000000000005 299.996883256926253 1.499984416200472
0.471300000000000 1.000000000000530 0.500000000000267 0.000000000000001 299.996883256926708 1.499984416198846
0.471400000000000 1.000000000000532 0.500000000000266 0.000000000000005 299.996883256926253 1.499984416197806
0.471500000000000 1.000000000000532 0.500000000000266 0.000000000000012 299.996883256926026 1.499984416197191
0.471600000000000 1.000000000000531 0.500000000000266 0.000000000000015 299.996883256926253 1.499984416197140
0.471700000000000 1.000000000000532 0.500000000000267 0.000000000000021 299.996883256926480 1.499984416197533
0.471800000000000 1.000000000000532 0.500000000000266 0.000000000000025 299.996883256926594 1.499984416198556
0.471900000000000 1.000000000000530 0.500000000000266 0.000000000000028 299.996883256926480 1.499984416200009
0.472000000000000 1.000000000000532 0.500000000000267 0.000000000000035 299.996883256926367 1.499984416201939
0.472100000000000 1.000000000000532 0.500000000000267 0.000000000000039 299.996883256926083 1.499984416204343
0.472200000000000 1.000000000000532 0.500000000000267 0.000000000000044 299.996883256926822 1.499984416207218
0.472300000000000 1.000000000000532 0.500000000000267 0.000000000000047 299.996883256926708 1.499984416210453
0.472400000000000 1.000000000000532 0.500000000000267 0.000000000000052 299.996883256926708 1.499984416214046
0.472500000000000 1.000000000000531 0.500000000000267 0.000000000000057 299.996883256926594 1.499984416218024
0.472600000000000 1.000000000000532 0.500000000000267 0.000000000000061 299.996883256926651 1.499984416222265
0.472700000000000 1.000000000000533 0.500000000000267 0.000000000000066 299.996883256926594 1.499984416226714
0.472800000000000 1.000000000000532 0.500000000000267 0.000000000000069 299.996883256927106 1.499984416231323
0.472900000000000 1.000000000000532 0.500000000000267 0.000000000000075 299.996883256926651 1.499984416236076
0.473000000000000 1.000000000000532 0.500000000000268 0.000000000000079 299.996883256927276 1.499984416240829
0.473100000000000 1.000000000000533 0.500000000000268 0.000000000000082 299.996883256926765 1.499984416245597
0.473200000000000 1.000000000000533 0.500000000000268 0.000000000000087 299.996883256927049 1.499984416250294
0.473300000000000 1.000000000000532 0.500000000000268 0.000000000000092 299.996883256926992 1.499984416254845
0.473400000000000 1.000000000000535 0.500000000000267 0.000000000000096 299.996883256926935 1.499984416259164
0.473500000000000 1.000000000000533 0.500000000000268 0.000000000000100 299.996883256927163 1.499984416263204
0.473600000000000 1.000000000000535 0.500000000000268 0.000000000000105 299.996883256926878 1.499984416266896
0.473700000000000 1.000000000000535 0.500000000000268 0.000000000000110 299.996883256927049 1.499984416270170
0.473800000000000 1.000000000000535 0.500000000000268 0.000000000000115 299.996883256927049 1.499984416272970
0.473900000000000 1.000000000000533 0.500000000000268 0.000000000000119 299.996883256927561 1.499984416275177
0.474000000000000 1.000000000000534 0.500000000000269 0.000000000000124 299.996883256927390 1.499984416276776
0.474100000000000 1.000000000000535 0.500000000000268 0.000000000000129 299.996883256927731 1.499984416277751
0.474200000000000 1.000000000000534 0.500000000000269 0.000000000000134 299.996883256927504 1.499984416277913
0.474300000000000 1.000000000000535 0.500000000000268 0.000000000000139 299.996883256927731 1.499984416277371
0.474400000000000 1.000000000000535 0.500000000000269 0.000000000000142 299.996883256927390 1.499984416275859
0.474500000000000 1.000000000000535 0.500000000000269 0.000000000000145 299.996883256927958 1.499984416273539
0.474600000000000 1.000000000000535 0.500000000000269 0.000000000000151 299.996883256927731 1.499984416270270
0.474700000000000 1.000000000000534 0.500000000000269 0.000000000000156 299.996883256927390 1.499984416266023
0.474800000000000 1.000000000000536 0.500000000000269 0.000000000000161 299.996883256928186 1.499984416260786
0.474900000000000 1.000000000000535 0.500000000000268 0.000000000000166 299.996883256927219 1.499984416254522
0.475000000000000 1.000000000000535 0.500000000000268 0.000000000000168 299.996883256927106 1.499984416247152
0.475100000000000 1.000000000000535 0.500000000000269 0.000000000000171 299.996883256927845 1.499984416238754
0.475200000000000 1.000000000000535 0.500000000000269 0.000000000000174 299.996883256927617 1.499984416229274
0.475300000000000 1.000000000000534 0.500000000000270 0.000000000000177 299.996883256928072 1.499984416218710
0.475400000000000 1.000000000000536 0.500000000000269 0.000000000000181 299.996883256927447 1.499984416207089
0.475500000000000 1.000000000000536 0.500000000000270 0.000000000000185 299.996883256927617 1.499984416194357
0.475600000000000 1.000000000000536 0.500000000000269 0.000000000000188 299.996883256927958 1.499984416180662
0.475700000000000 1.000000000000536 0.500000000000270 0.000000000000194 299.996883256927390 1.499984416165861
0.475800000000000 1.000000000000536 0.500000000000270 0.000000000000196 299.996883256928413 1.499984416150131
0.475900000000000 1.000000000000536 0.500000000000270 0.000000000000199 299.996883256928868 1.499984416133467
0.476000000000000 1.000000000000536 0.500000000000271 0.000000000000202 299.996883256927731 1.499984416115816
0.476100000000000 1.000000000000536 0.500000000000270 0.000000000000205 299.996883256928641 1.499984416097355
0.476200000000000 1.000000000000536 0.500000000000270 0.000000000000209 299.996883256927731 1.499984416078148
0.476300000000000 1.000000000000537 0.500000000000270 0.000000000000213 299.996883256928641 1.499984416058151
0.476400000000000 1.000000000000538 0.500000000000270 0.000000000000215 299.996883256928527 1.499984416037496
0.476500000000000 1.000000000000538 0.500000000000271 0.000000000000217 299.996883256928356 1.499984416016274
0.476600000000000 1.000000000000538 0.500000000000271 0.000000000000219 299.996883256928413 1.499984415994462
0.476700000000000 1.000000000000539 0.500000000000271 0.000000000000220 299.996883256928584 1.499984415972264
0.476800000000000 1.000000000000539 0.500000000000271 0.000000000000222 299.996883256928527 1.499984415949722
0.476900000000000 1.000000000000540 0.500000000000271 0.000000000000225 299.996883256928299 1.499984415926890
0.477000000000000 1.000000000000538 0.500000000000271 0.000000000000226 299.996883256928470 1.499984415903901
0.477100000000000 1.000000000000538 0.500000000000271 0.000000000000229 299.996883256928982 1.499984415880811
0.477200000000000 1.000000000000537 0.500000000000271 0.000000000000230 299.996883256928868 1.499984415857772
0.477300000000000 1.000000000000539 0.500000000000272 0.000000000000232 299.996883256928072 1.499984415834861
0.477400000000000 1.000000000000539 0.500000000000272 0.000000000000235 299.996883256928584 1.499984415812135
0.477500000000000 1.000000000000539 0.500000000000272 0.000000000000237 299.996883256928868 1.499984415789707
0.477600000000000 1.000000000000540 0.500000000000273 0.000000000000238 299.996883256928982 1.499984415767732
0.477700000000000 1.000000000000540 0.500000000000272 0.000000000000240 299.996883256928868 1.499984415746259
0.477800000000000 1.000000000000538 0.500000000000272 0.000000000000242 299.996883256928811 1.499984415725407
0.477900000000000 1.000000000000538 0.500000000000273 0.000000000000241 299.996883256929038 1.499984415705202
0.478000000000000 1.000000000000540 0.500000000000272 0.000000000000243 299.996883256928868 1.499984415685841
0.478100000000000 1.000000000000539 0.500000000000272 0.000000000000245 299.996883256928811 1.499984415667376
0.478200000000000 1.000000000000538 0.500000000000273 0.000000000000245 299.996883256929095 1.499984415649840
0.478300000000000 1.000000000000540 0.500000000000273 0.000000000000246 299.996883256929436 1.499984415633339
0.478400000000000 1.000000000000541 0.500000000000272 0.000000000000248 299.996883256929493 1.499984415617997
0.478500000000000 1.000000000000541 0.500000000000273 0.000000000000248 299.996883256929436 1.499984415603839
0.478600000000000 1.000000000000541 0.500000000000273 0.000000000000249 299.996883256928697 1.499984415590901
0.478700000000000 1.000000000000541 0.500000000000273 0.000000000000251 299.996883256928868 1.499984415579348
0.478800000000000 1.000000000000541 0.500000000000273 0.000000000000252 299.996883256928754 1.499984415569190
0.478900000000000 1.000000000000541 0.500000000000273 0.000000000000252 299.996883256929948 1.499984415560376
0.479000000000000 1.000000000000540 0.500000000000274 0.000000000000252 299.996883256929493 1.499984415553067
0.479100000000000 1.000000000000542 0.500000000000274 0.000000000000252 299.996883256929777 1.499984415547280
0.479200000000000 1.000000000000540 0.500000000000274 0.000000000000253 299.996883256929209 1.499984415543041
0.479300000000000 1.000000000000541 0.500000000000274 0.000000000000254 299.996883256929664 1.499984415540272
0.479400000000000 1.000000000000542 0.500000000000274 0.000000000000256 299.996883256929550 1.499984415539160
0.479500000000000 1.000000000000541 0.500000000000274 0.000000000000257 299.996883256929777 1.499984415539610
0.479600000000000 1.000000000000543 0.500000000000274 0.000000000000256 299.996883256929834 1.499984415541601
0.479700000000000 1.000000000000542 0.500000000000274 0.000000000000256 299.996883256929891 1.499984415545139
0.479800000000000 1.000000000000542 0.500000000000274 0.000000000000257 299.996883256929323 1.499984415550242
0.479900000000000 1.000000000000542 0.500000000000275 0.000000000000256 299.996883256930062 1.499984415556828
0.480000000000000 1.000000000000542 0.500000000000275 0.000000000000256 299.996883256929777 1.499984415564914
0.480100000000000 1.000000000000542 0.500000000000275 0.000000000000254 299.996883256930118 1.499984415574492
0.480200000000000 1.000000000000542 0.500000000000275 0.000000000000254 299.996883256929607 1.499984415585403
0.480300000000000 1.000000000000543 0.500000000000275 0.000000000000251 299.996883256929550 1.499984415597704
0.480400000000000 1.000000000000545 0.500000000000275 0.000000000000251 299.996883256930062 1.499984415611314
0.480500000000000 1.000000000000543 0.500000000000275 0.000000000000249 299.996883256930232 1.499984415626117
0.480600000000000 1.000000000000543 0.500000000000276 0.000000000000248 299.996883256930118 1.499984415642090
0.480700000000000 1.000000000000542 0.500000000000275 0.000000000000246 299.996883256929891 1.499984415659143
0.480800000000000 1.000000000000545 0.500000000000275 0.000000000000243 299.996883256929834 1.499984415677235
0.480900000000000 1.000000000000545 0.500000000000275 0.000000000000240 299.996883256930232 1.499984415696214
0.481000000000000 1.000000000000544 0.500000000000276 0.000000000000237 299.996883256930005 1.499984415716009
0.481100000000000 1.000000000000544 0.500000000000275 0.000000000000236 299.996883256930062 1.499984415736606
0.481200000000000 1.000000000000544 0.500000000000276 0.000000000000234 299.996883256929891 1.499984415757771
0.481300000000000 1.000000000000544 0.500000000000276 0.000000000000232 299.996883256929664 1.499984415779565
0.481400000000000 1.000000000000544 0.500000000000276 0.000000000000232 299.996883256928868 1.499984415801746
0.481500000000000 1.000000000000544 0.500000000000276 0.000000000000232 299.996883256930573 1.499984415824346
0.481600000000000 1.000000000000546 0.500000000000277 0.000000000000229 299.996883256931483 1.499984415847177
0.481700000000000 1.000000000000545 0.500000000000277 0.000000000000227 299.996883256930857 1.499984415870201
0.481800000000000 1.000000000000546 0.500000000000277 0.000000000000224 299.996883256930687 1.499984415893275
0.481900000000000 1.000000000000544 0.500000000000277 0.000000000000222 299.996883256931255 1.499984415916264
0.482000000000000 1.000000000000545 0.500000000000277 0.000000000000221 299.996883256930118 1.499984415939176
0.482100000000000 1.000000000000545 0.500000000000277 0.000000000000220 299.996883256930914 1.499984415961905
0.482200000000000 1.000000000000546 0.500000000000277 0.000000000000217 299.996883256930744 1.499984415984259
0.482300000000000 1.000000000000547 0.500000000000277 0.000000000000214 299.996883256930801 1.499984416006256
0.482400000000000 1.000000000000546 0.500000000000278 0.000000000000212 299.996883256931142 1.499984416027736
0.482500000000000 1.000000000000547 0.500000000000277 0.000000000000210 299.996883256930914 1.499984416048735
0.482600000000000 1.000000000000546 0.500000000000278 0.000000000000208 299.996883256930687 1.499984416068939
0.482700000000000 1.000000000000546 0.500000000000278 0.000000000000205 299.996883256931369 1.499984416088528
0.482800000000000 1.000000000000547 0.500000000000278 0.000000000000198 299.996883256930857 1.499984416107387
0.482900000000000 1.000000000000547 0.500000000000278 0.000000000000194 299.996883256930914 1.499984416125375
0.483000000000000 1.000000000000547 0.500000000000278 0.000000000000191 299.996883256930801 1.499984416142494
0.483100000000000 1.000000000000546 0.500000000000278 0.000000000000187 299.996883256931142 1.499984416158693
0.483200000000000 1.000000000000548 0.500000000000278 0.000000000000185 299.996883256930914 1.499984416173856
0.483300000000000 1.000000000000547 0.500000000000279 0.000000000000182 299.996883256931312 1.499984416188093
0.483400000000000 1.000000000000547 0.500000000000279 0.000000000000180 299.996883256931255 1.499984416201233
0.483500000000000 1.000000000000548 0.500000000000279 0.000000000000175 299.996883256932108 1.499984416213375
0.483600000000000 1.000000000000546 0.500000000000279 0.000000000000173 299.996883256931596 1.499984416224418
0.483700000000000 1.000000000000547 0.500000000000279 0.000000000000169 299.996883256931483 1.499984416234366
0.483800000000000 1.000000000000548 0.500000000000279 0.000000000000166 299.996883256931483 1.499984416243294
0.483900000000000 1.000000000000547 0.500000000000279 0.000000000000161 299.996883256931028 1.499984416251104
0.484000000000000 1.000000000000547 0.500000000000279 0.000000000000157 299.996883256931255 1.499984416257891
0.484100000000000 1.000000000000548 0.500000000000279 0.000000000000153 299.996883256930914 1.499984416263580
0.484200000000000 1.000000000000547 0.500000000000279 0.000000000000149 299.996883256931483 1.499984416268315
0.484300000000000 1.000000000000547 0.500000000000279 0.000000000000144 299.996883256931028 1.499984416272022
0.484400000000000 1.000000000000547 0.500000000000278 0.000000000000138 299.996883256931369 1.499984416274805
0.484500000000000 1.000000000000549 0.500000000000278 0.000000000000137 299.996883256931483 1.499984416276689
0.484600000000000 1.000000000000547 0.500000000000279 0.000000000000132 299.996883256931653 1.499984416277613
0.484700000000000 1.000000000000548 0.500000000000279 0.000000000000128 299.996883256931483 1.499984416277765
0.484800000000000 1.000000000000548 0.500000000000279 0.000000000000125 299.996883256931028 1.499984416277170
0.484900000000000 1.000000000000547 0.500000000000279 0.000000000000123 299.996883256931596 1.499984416275852
0.485000000000000 1.000000000000547 0.500000000000279 0.000000000000119 299.996883256931142 1.499984416273943
0.485100000000000 1.000000000000548 0.500000000000280 0.000000000000117 299.996883256931312 1.499984416271366
0.485200000000000 1.000000000000548 0.500000000000279 0.000000000000112 299.996883256931653 1.499984416268316
0.485300000000000 1.000000000000548 0.500000000000279 0.000000000000106 299.996883256931994 1.499984416264817
0.485400000000000 1.000000000000549 0.500000000000280 0.000000000000100 299.996883256931199 1.499984416260896
0.485500000000000 1.000000000000549 0.500000000000279 0.000000000000097 299.996883256931653 1.499984416256693
0.485600000000000 1.000000000000550 0.500000000000280 0.000000000000092 299.996883256931710 1.499984416252239
0.485700000000000 1.000000000000549 0.500000000000279 0.000000000000088 299.996883256931710 1.499984416247636
0.485800000000000 1.000000000000550 0.500000000000280 0.000000000000082 299.996883256932449 1.499984416242819
0.485900000000000 1.000000000000549 0.500000000000280 0.000000000000078 299.996883256931596 1.499984416238077
0.486000000000000 1.000000000000549 0.500000000000280 0.000000000000075 299.996883256931540 1.499984416233313
0.486100000000000 1.000000000000550 0.500000000000280 0.000000000000070 299.996883256931767 1.499984416228601
0.486200000000000 1.000000000000550 0.500000000000280 0.000000000000066 299.996883256931881 1.499984416224096
0.486300000000000 1.000000000000549 0.500000000000281 0.000000000000062 299.996883256932165 1.499984416219717
0.486400000000000 1.000000000000550 0.500000000000280 0.000000000000057 299.996883256931483 1.499984416215673
0.486500000000000 1.000000000000550 0.500000000000281 0.000000000000052 299.996883256931710 1.499984416211873
0.486600000000000 1.000000000000550 0.500000000000280 0.000000000000048 299.996883256931824 1.499984416208442
0.486700000000000 1.000000000000549 0.500000000000280 0.000000000000043 299.996883256931596 1.499984416205399
0.486800000000000 1.000000000000549 0.500000000000280 0.000000000000039 299.996883256931312 1.499984416202812
0.486900000000000 1.000000000000550 0.500000000000281 0.000000000000033 299.996883256932279 1.499984416200640
0.487000000000000 1.000000000000550 0.500000000000280 0.000000000000029 299.996883256933131 1.499984416198953
0.487100000000000 1.000000000000550 0.500000000000281 0.000000000000024 299.996883256932279 1.499984416197731
0.487200000000000 1.000000000000550 0.500000000000280 0.000000000000021 299.996883256932563 1.499984416197048
0.487300000000000 1.000000000000552 0.500000000000281 0.000000000000017 299.996883256932506 1.499984416196871
0.487400000000000 1.000000000000552 0.500000000000280 0.000000000000013 299.996883256932279 1.499984416197234
0.487500000000000 1.000000000000550 0.500000000000281 0.000000000000010 299.996883256932051 1.499984416198103
0.487600000000000 1.000000000000550 0.500000000000282 0.000000000000005 299.996883256932506 1.499984416199389
0.487700000000000 1.000000000000553 0.500000000000282 0.000000000000001 299.996883256932620 1.499984416201308
0.487800000000000 1.000000000000552 0.500000000000282 -0.000000000000004 299.996883256932961 1.499984416203600
0.487900000000000 1.000000000000552 0.500000000000281 -0.000000000000009 299.996883256932335 1.499984416206439
0.488000000000000 1.000000000000553 0.500000000000282 -0.000000000000014 299.996883256932165 1.499984416209603
0.488100000000000 1.000000000000552 0.500000000000281 -0.000000000000019 299.996883256932733 1.499984416213164
0.488200000000000 1.000000000000554 0.500000000000283 -0.000000000000024 299.996883256932961 1.499984416216967
0.488300000000000 1.000000000000553 0.500000000000282 -0.000000000000028 299.996883256933017 1.499984416221207
0.488400000000000 1.000000000000552 0.500000000000282 -0.000000000000033 299.996883256932733 1.499984416225608
0.488500000000000 1.000000000000553 0.500000000000282 -0.000000000000038 299.996883256932620 1.499984416230261
0.488600000000000 1.000000000000554 0.500000000000282 -0.000000000000042 299.996883256932847 1.499984416234945
0.488700000000000 1.000000000000553 0.500000000000283 -0.000000000000046 299.996883256933415 1.499984416239683
0.488800000000000 1.000000000000553 0.500000000000282 -0.000000000000049 299.996883256933074 1.499984416244459
0.488900000000000 1.000000000000554 0.500000000000283 -0.000000000000055 299.996883256933017 1.499984416249181
0.489000000000000 1.000000000000554 0.500000000000281 -0.000000000000061 299.996883256933643 1.499984416253797
0.489100000000000 1.000000000000554 0.500000000000282 -0.000000000000066 299.996883256933074 1.499984416258143
0.489200000000000 1.000000000000554 0.500000000000283 -0.000000000000068 299.996883256933074 1.499984416262246
0.489300000000000 1.000000000000554 0.500000000000282 -0.000000000000074 299.996883256933302 1.499984416266041
0.489400000000000 1.000000000000555 0.500000000000282 -0.000000000000077 299.996883256932790 1.499984416269384
0.489500000000000 1.000000000000554 0.500000000000283 -0.000000000000080 299.996883256933359 1.499984416272237
0.489600000000000 1.000000000000555 0.500000000000283 -0.000000000000086 299.996883256933302 1.499984416274590
0.489700000000000 1.000000000000555 0.500000000000282 -0.000000000000090 299.996883256933359 1.499984416276338
0.489800000000000 1.000000000000556 0.500000000000283 -0.000000000000093 299.996883256933074 1.499984416277381
0.489900000000000 1.000000000000554 0.500000000000283 -0.000000000000097 299.996883256933415 1.499984416277739
0.490000000000000 1.000000000000555 0.500000000000283 -0.000000000000099 299.996883256933700 1.499984416277303
0.490100000000000 1.000000000000554 0.500000000000283 -0.000000000000103 299.996883256933870 1.499984416275979
0.490200000000000 1.000000000000556 0.500000000000282 -0.000000000000108 299.996883256933927 1.499984416273837
0.490300000000000 1.000000000000557 0.500000000000282 -0.000000000000113 299.996883256934098 1.499984416270747
0.490400000000000 1.000000000000556 0.500000000000283 -0.000000000000117 299.996883256933984 1.499984416266676
0.490500000000000 1.000000000000555 0.500000000000282 -0.000000000000119 299.996883256934098 1.499984416261616
0.490600000000000 1.000000000000556 0.500000000000283 -0.000000000000123 299.996883256933302 1.499984416255501
0.490700000000000 1.000000000000556 0.500000000000283 -0.000000000000125 299.996883256933700 1.499984416248416
0.490800000000000 1.000000000000557 0.500000000000284 -0.000000000000129 299.996883256933756 1.499984416240133
0.490900000000000 1.000000000000556 0.500000000000284 -0.000000000000132 299.996883256934098 1.499984416230882
0.491000000000000 1.000000000000557 0.500000000000284 -0.000000000000135 299.996883256934154 1.499984416220549
0.491100000000000 1.000000000000556 0.500000000000283 -0.000000000000139 299.996883256933984 1.499984416209104
0.491200000000000 1.000000000000556 0.500000000000283 -0.000000000000143 299.996883256934325 1.499984416196619
0.491300000000000 1.000000000000556 0.500000000000283 -0.000000000000147 299.996883256933700 1.499984416183069
0.491400000000000 1.000000000000556 0.500000000000283 -0.000000000000151 299.996883256933700 1.499984416168499
0.491500000000000 1.000000000000558 0.500000000000283 -0.000000000000154 299.996883256933984 1.499984416152932
0.491600000000000 1.000000000000557 0.500000000000283 -0.000000000000157 299.996883256933472 1.499984416136430
0.491700000000000 1.000000000000558 0.500000000000283 -0.000000000000161 299.996883256935575 1.499984416118977
0.491800000000000 1.000000000000558 0.500000000000283 -0.000000000000165 299.996883256934268 1.499984416100720
0.491900000000000 1.000000000000558 0.500000000000283 -0.000000000000165 299.996883256933984 1.499984416081629
0.492000000000000 1.000000000000557 0.500000000000283 -0.000000000000169 299.996883256935007 1.499984416061738
0.492100000000000 1.000000000000557 0.500000000000284 -0.000000000000171 299.996883256934780 1.499984416041166
0.492200000000000 1.000000000000558 0.500000000000283 -0.000000000000173 299.996883256934268 1.499984416020052
0.492300000000000 1.000000000000559 0.500000000000283 -0.000000000000177 299.996883256933756 1.499984415998358
0.492400000000000 1.000000000000556 0.500000000000283 -0.000000000000178 299.996883256935007 1.499984415976271
0.492500000000000 1.000000000000558 0.500000000000282 -0.000000000000180 299.996883256934609 1.499984415953819
0.492600000000000 1.000000000000559 0.500000000000283 -0.000000000000182 299.996883256934325 1.499984415930981
0.492700000000000 1.000000000000558 0.500000000000283 -0.000000000000186 299.996883256934325 1.499984415908032
0.492800000000000 1.000000000000558 0.500000000000283 -0.000000000000189 299.996883256934325 1.499984415884985
0.492900000000000 1.000000000000558 0.500000000000283 -0.000000000000191 299.996883256934325 1.499984415861900
0.493000000000000 1.000000000000558 0.500000000000283 -0.000000000000193 299.996883256934780 1.499984415838930
0.493100000000000 1.000000000000558 0.500000000000283 -0.000000000000194 299.996883256934439 1.499984415816199
0.493200000000000 1.000000000000559 0.500000000000283 -0.000000000000194 299.996883256934893 1.499984415793702
0.493300000000000 1.000000000000558 0.500000000000283 -0.000000000000195 299.996883256934609 1.499984415771646
0.493400000000000 1.000000000000559 0.500000000000283 -0.000000000000196 299.996883256935064 1.499984415750054
0.493500000000000 1.000000000000559 0.500000000000284 -0.000000000000198 299.996883256934780 1.499984415729032
0.493600000000000 1.000000000000559 0.500000000000283 -0.000000000000200 299.996883256934893 1.499984415708737
0.493700000000000 1.000000000000560 0.500000000000284 -0.000000000000201 299.996883256935178 1.499984415689181
0.493800000000000 1.000000000000561 0.500000000000283 -0.000000000000204 299.996883256935064 1.499984415670550
0.493900000000000 1.000000000000560 0.500000000000283 -0.000000000000207 299.996883256935689 1.499984415652827
0.494000000000000 1.000000000000562 0.500000000000284 -0.000000000000208 299.996883256935348 1.499984415636148
0.494100000000000 1.000000000000560 0.500000000000284 -0.000000000000209 299.996883256935348 1.499984415620571
0.494200000000000 1.000000000000561 0.500000000000283 -0.000000000000211 299.996883256935234 1.499984415606171
0.494300000000000 1.000000000000560 0.500000000000283 -0.000000000000214 299.996883256935405 1.499984415593021
0.494400000000000 1.000000000000561 0.500000000000284 -0.000000000000213 299.996883256935234 1.499984415581161
0.494500000000000 1.000000000000560 0.500000000000284 -0.000000000000213 299.996883256934666 1.499984415570748
0.494600000000000 1.000000000000560 0.500000000000283 -0.000000000000213 299.996883256935348 1.499984415561705
0.494700000000000 1.000000000000561 0.500000000000283 -0.000000000000214 299.996883256935348 1.499984415554170
0.494800000000000 1.000000000000562 0.500000000000285 -0.000000000000213 299.996883256935121 1.499984415548008
0.494900000000000 1.000000000000561 0.500000000000284 -0.000000000000213 299.996883256935348 1.499984415543501
0.495000000000000 1.000000000000560 0.500000000000284 -0.000000000000214 299.996883256935348 1.499984415540490
0.495100000000000 1.000000000000561 0.500000000000283 -0.000000000000215 299.996883256935234 1.499984415539095
0.495200000000000 1.000000000000561 0.500000000000284 -0.000000000000216 299.996883256935689 1.499984415539163
0.495300000000000 1.000000000000561 0.500000000000284 -0.000000000000215 299.996883256935348 1.499984415540862
0.495400000000000 1.000000000000561 0.500000000000284 -0.000000000000215 299.996883256935234 1.499984415544134
0.495500000000000 1.000000000000561 0.500000000000284 -0.000000000000214 299.996883256935348 1.499984415548963
0.495600000000000 1.000000000000561 0.500000000000284 -0.000000000000215 299.996883256935121 1.499984415555265
0.495700000000000 1.000000000000562 0.500000000000284 -0.000000000000214 299.996883256935462 1.499984415563098
0.495800000000000 1.000000000000563 0.500000000000284 -0.000000000000213 299.996883256935519 1.499984415572378
0.495900000000000 1.000000000000562 0.500000000000283 -0.000000000000212 299.996883256935462 1.499984415583081
0.496000000000000 1.000000000000563 0.500000000000283 -0.000000000000212 299.996883256935007 1.499984415595111
0.496100000000000 1.000000000000562 0.500000000000283 -0.000000000000212 299.996883256935632 1.499984415608479
0.496200000000000 1.000000000000563 0.500000000000283 -0.000000000000210 299.996883256935462 1.499984415623051
0.496300000000000 1.000000000000561 0.500000000000283 -0.000000000000212 299.996883256935575 1.499984415638797
0.496400000000000 1.000000000000562 0.500000000000284 -0.000000000000211 299.996883256935291 1.499984415655647
0.496500000000000 1.000000000000562 0.500000000000283 -0.000000000000209 299.996883256935803 1.499984415673554
0.496600000000000 1.000000000000562 0.500000000000284 -0.000000000000208 299.996883256935689 1.499984415692338
0.496700000000000 1.000000000000561 0.500000000000283 -0.000000000000206 299.996883256935689 1.499984415712033
0.496800000000000 1.000000000000561 0.500000000000284 -0.000000000000205 299.996883256935973 1.499984415732454
0.496900000000000 1.000000000000563 0.500000000000284 -0.000000000000203 299.996883256935007 1.499984415753546
0.497000000000000 1.000000000000564 0.500000000000284 -0.000000000000202 299.996883256936371 1.499984415775193
0.497100000000000 1.000000000000560 0.500000000000283 -0.000000000000199 299.996883256935860 1.499984415797384
0.497200000000000 1.000000000000562 0.500000000000284 -0.000000000000199 299.996883256936258 1.499984415819877
0.497300000000000 1.000000000000563 0.500000000000283 -0.000000000000196 299.996883256934439 1.499984415842679
0.497400000000000 1.000000000000562 0.500000000000285 -0.000000000000193 299.996883256936371 1.499984415865611
0.497500000000000 1.000000000000562 0.500000000000283 -0.000000000000192 299.996883256936599 1.499984415888758
0.497600000000000 1.000000000000564 0.500000000000284 -0.000000000000188 299.996883256936485 1.499984415911804
0.497700000000000 1.000000000000563 0.500000000000284 -0.000000000000186 299.996883256935917 1.499984415934690
0.497800000000000 1.000000000000564 0.500000000000283 -0.000000000000184 299.996883256935803 1.499984415957466
0.497900000000000 1.000000000000564 0.500000000000283 -0.000000000000181 299.996883256936087 1.499984415979908
0.498000000000000 1.000000000000565 0.500000000000283 -0.000000000000179 299.996883256936030 1.499984416001988
0.498100000000000 1.000000000000564 0.500000000000284 -0.000000000000175 299.996883256936030 1.499984416023520
0.498200000000000 1.000000000000562 0.500000000000283 -0.000000000000172 299.996883256936144 1.499984416044584
0.498300000000000 1.000000000000564 0.500000000000283 -0.000000000000170 299.996883256936599 1.499984416065045
0.498400000000000 1.000000000000565 0.500000000000283 -0.000000000000164 299.996883256936030 1.499984416084813
0.498500000000000 1.000000000000564 0.500000000000284 -0.000000000000160 299.996883256936144 1.499984416103697
0.498600000000000 1.000000000000564 0.500000000000283 -0.000000000000156 299.996883256936030 1.499984416121898
0.498700000000000 1.000000000000565 0.500000000000283 -0.000000000000150 299.996883256936599 1.499984416139183
0.498800000000000 1.000000000000563 0.500000000000284 -0.000000000000149 299.996883256936655 1.499984416155501
0.498900000000000 1.000000000000563 0.500000000000284 -0.000000000000146 299.996883256936712 1.499984416170884
0.499000000000000 1.000000000000564 0.500000000000283 -0.000000000000143 299.996883256936314 1.499984416185325
0.499100000000000 1.000000000000565 0.500000000000284 -0.000000000000140 299.996883256936144 1.499984416198667
0.499200000000000 1.000000000000565 0.500000000000284 -0.000000000000136 299.996883256936826 1.499984416210996
0.499300000000000 1.000000000000564 0.500000000000284 -0.000000000000133 299.996883256936485 1.499984416222236
0.499400000000000 1.000000000000566 0.500000000000284 -0.000000000000129 299.996883256936542 1.499984416232375
0.499500000000000 1.000000000000565 0.500000000000284 -0.000000000000125 299.996883256936826 1.499984416241506
0.499600000000000 1.000000000000566 0.500000000000284 -0.000000000000123 299.996883256936712 1.499984416249538
0.499700000000000 1.000000000000565 0.500000000000284 -0.000000000000119 299.996883256936940 1.499984416256509
0.499800000000000 1.000000000000565 0.500000000000284 -0.000000000000117 299.996883256936712 1.499984416262418
0.499900000000000 1.000000000000567 0.500000000000284 -0.000000000000113 299.996883256937281 1.499984416267315
0.500000000000000 1.000000000000566 0.500000000000284 -0.000000000000110 299.996883256936655 1.499984416271207
